date,original_url,wayback_timestamp,wayback_fetch_url
2021-12-13,http://old.dghs.gov.bd/images/docs/vpr/20211213_dengue_all.pdf,20250528163420,https://web.archive.org/web/20250528163420id_/http://old.dghs.gov.bd/images/docs/vpr/20211213_dengue_all.pdf
2021-12-14,http://old.dghs.gov.bd/images/docs/vpr/20211214_dengue_all.pdf,20250528164030,https://web.archive.org/web/20250528164030id_/http://old.dghs.gov.bd/images/docs/vpr/20211214_dengue_all.pdf
2021-12-15,http://old.dghs.gov.bd/images/docs/vpr/20211215_dengue_all.pdf,20250528163652,https://web.archive.org/web/20250528163652id_/http://old.dghs.gov.bd/images/docs/vpr/20211215_dengue_all.pdf
2021-12-16,http://old.dghs.gov.bd/images/docs/vpr/20211216_dengue_all.pdf,20250528163525,https://web.archive.org/web/20250528163525id_/http://old.dghs.gov.bd/images/docs/vpr/20211216_dengue_all.pdf
2021-12-17,http://old.dghs.gov.bd/images/docs/vpr/20211217_dengue_all.pdf,20250528163438,https://web.archive.org/web/20250528163438id_/http://old.dghs.gov.bd/images/docs/vpr/20211217_dengue_all.pdf
2021-12-18,http://old.dghs.gov.bd/images/docs/vpr/20211218_dengue_all.pdf,20250528163601,https://web.archive.org/web/20250528163601id_/http://old.dghs.gov.bd/images/docs/vpr/20211218_dengue_all.pdf
2021-12-19,http://old.dghs.gov.bd/images/docs/vpr/20211219_dengue_all.pdf,20250528163523,https://web.archive.org/web/20250528163523id_/http://old.dghs.gov.bd/images/docs/vpr/20211219_dengue_all.pdf
2021-12-20,http://old.dghs.gov.bd/images/docs/vpr/20211220_dengue_all.pdf,20250528163620,https://web.archive.org/web/20250528163620id_/http://old.dghs.gov.bd/images/docs/vpr/20211220_dengue_all.pdf
2021-12-21,http://old.dghs.gov.bd/images/docs/vpr/20211221_dengue_all.pdf,20250528163512,https://web.archive.org/web/20250528163512id_/http://old.dghs.gov.bd/images/docs/vpr/20211221_dengue_all.pdf
2021-12-22,http://old.dghs.gov.bd/images/docs/vpr/20211222_dengue_all.pdf,20250528163535,https://web.archive.org/web/20250528163535id_/http://old.dghs.gov.bd/images/docs/vpr/20211222_dengue_all.pdf
2021-12-23,http://old.dghs.gov.bd/images/docs/vpr/20211223_dengue_all.pdf,20250528163442,https://web.archive.org/web/20250528163442id_/http://old.dghs.gov.bd/images/docs/vpr/20211223_dengue_all.pdf
2021-12-24,http://old.dghs.gov.bd/images/docs/vpr/20211224_dengue_all.pdf,20250528164041,https://web.archive.org/web/20250528164041id_/http://old.dghs.gov.bd/images/docs/vpr/20211224_dengue_all.pdf
2021-12-25,http://old.dghs.gov.bd/images/docs/vpr/20211225_dengue_all.pdf,20250528163601,https://web.archive.org/web/20250528163601id_/http://old.dghs.gov.bd/images/docs/vpr/20211225_dengue_all.pdf
2021-12-26,http://old.dghs.gov.bd/images/docs/vpr/20211226_dengue_all.pdf,20250528163503,https://web.archive.org/web/20250528163503id_/http://old.dghs.gov.bd/images/docs/vpr/20211226_dengue_all.pdf
2021-12-27,http://old.dghs.gov.bd/images/docs/vpr/20211227_dengue_all.pdf,20250528163527,https://web.archive.org/web/20250528163527id_/http://old.dghs.gov.bd/images/docs/vpr/20211227_dengue_all.pdf
2021-12-28,http://old.dghs.gov.bd/images/docs/vpr/20211228_dengue_all.pdf,20250528163502,https://web.archive.org/web/20250528163502id_/http://old.dghs.gov.bd/images/docs/vpr/20211228_dengue_all.pdf
2021-12-29,http://old.dghs.gov.bd/images/docs/vpr/20211229_dengue_all.pdf,20250528163503,https://web.archive.org/web/20250528163503id_/http://old.dghs.gov.bd/images/docs/vpr/20211229_dengue_all.pdf
2021-12-30,http://old.dghs.gov.bd/images/docs/vpr/20211230_dengue_all.pdf,20250528163511,https://web.archive.org/web/20250528163511id_/http://old.dghs.gov.bd/images/docs/vpr/20211230_dengue_all.pdf
2021-12-31,https://old.dghs.gov.bd/images/docs/vpr/20211231_dengue_all.pdf,20220814194330,https://web.archive.org/web/20220814194330id_/https://old.dghs.gov.bd/images/docs/vpr/20211231_dengue_all.pdf
2022-01-01,http://old.dghs.gov.bd/images/docs/vpr/20220101_dengue_all.pdf,20250528163949,https://web.archive.org/web/20250528163949id_/http://old.dghs.gov.bd/images/docs/vpr/20220101_dengue_all.pdf
2022-01-02,http://old.dghs.gov.bd/images/docs/vpr/20220102_dengue_all.pdf,20250528163603,https://web.archive.org/web/20250528163603id_/http://old.dghs.gov.bd/images/docs/vpr/20220102_dengue_all.pdf
2022-01-03,http://old.dghs.gov.bd/images/docs/vpr/20220103_dengue_all.pdf,20250528163813,https://web.archive.org/web/20250528163813id_/http://old.dghs.gov.bd/images/docs/vpr/20220103_dengue_all.pdf
2022-01-04,http://old.dghs.gov.bd/images/docs/vpr/20220104_dengue_all.pdf,20250528163411,https://web.archive.org/web/20250528163411id_/http://old.dghs.gov.bd/images/docs/vpr/20220104_dengue_all.pdf
2022-01-05,http://old.dghs.gov.bd/images/docs/vpr/20220105_dengue_all.pdf,20250528163546,https://web.archive.org/web/20250528163546id_/http://old.dghs.gov.bd/images/docs/vpr/20220105_dengue_all.pdf
2022-01-06,http://old.dghs.gov.bd/images/docs/vpr/20220106_dengue_all.pdf,20250528163647,https://web.archive.org/web/20250528163647id_/http://old.dghs.gov.bd/images/docs/vpr/20220106_dengue_all.pdf
2022-01-07,http://old.dghs.gov.bd/images/docs/vpr/20220107_dengue_all.pdf,20250528163506,https://web.archive.org/web/20250528163506id_/http://old.dghs.gov.bd/images/docs/vpr/20220107_dengue_all.pdf
2022-01-08,http://old.dghs.gov.bd/images/docs/vpr/20220108_dengue_all.pdf,20250528163727,https://web.archive.org/web/20250528163727id_/http://old.dghs.gov.bd/images/docs/vpr/20220108_dengue_all.pdf
2022-01-09,http://old.dghs.gov.bd/images/docs/vpr/20220109_dengue_all.pdf,20250528163823,https://web.archive.org/web/20250528163823id_/http://old.dghs.gov.bd/images/docs/vpr/20220109_dengue_all.pdf
2022-01-10,http://old.dghs.gov.bd/images/docs/vpr/20220110_dengue_all.pdf,20250528163521,https://web.archive.org/web/20250528163521id_/http://old.dghs.gov.bd/images/docs/vpr/20220110_dengue_all.pdf
2022-01-11,http://old.dghs.gov.bd/images/docs/vpr/20220111_dengue_all.pdf,20250528163441,https://web.archive.org/web/20250528163441id_/http://old.dghs.gov.bd/images/docs/vpr/20220111_dengue_all.pdf
2022-01-12,http://old.dghs.gov.bd/images/docs/vpr/20220112_dengue_all.pdf,20250528163534,https://web.archive.org/web/20250528163534id_/http://old.dghs.gov.bd/images/docs/vpr/20220112_dengue_all.pdf
2022-01-13,http://old.dghs.gov.bd/images/docs/vpr/20220113_dengue_all.pdf,20250528163419,https://web.archive.org/web/20250528163419id_/http://old.dghs.gov.bd/images/docs/vpr/20220113_dengue_all.pdf
2022-01-14,http://old.dghs.gov.bd/images/docs/vpr/20220114_dengue_all.pdf,20250528163506,https://web.archive.org/web/20250528163506id_/http://old.dghs.gov.bd/images/docs/vpr/20220114_dengue_all.pdf
2022-01-15,http://old.dghs.gov.bd/images/docs/vpr/20220115_dengue_all.pdf,20250528163537,https://web.archive.org/web/20250528163537id_/http://old.dghs.gov.bd/images/docs/vpr/20220115_dengue_all.pdf
2022-01-16,http://old.dghs.gov.bd/images/docs/vpr/20220116_dengue_all.pdf,20250528163500,https://web.archive.org/web/20250528163500id_/http://old.dghs.gov.bd/images/docs/vpr/20220116_dengue_all.pdf
2022-01-17,http://old.dghs.gov.bd/images/docs/vpr/20220117_dengue_all.pdf,20250528163520,https://web.archive.org/web/20250528163520id_/http://old.dghs.gov.bd/images/docs/vpr/20220117_dengue_all.pdf
2022-01-18,http://old.dghs.gov.bd/images/docs/vpr/20220118_dengue_all.pdf,20250528210013,https://web.archive.org/web/20250528210013id_/http://old.dghs.gov.bd/images/docs/vpr/20220118_dengue_all.pdf
2022-01-19,http://old.dghs.gov.bd/images/docs/vpr/20220119_dengue_all.pdf,20250528163454,https://web.archive.org/web/20250528163454id_/http://old.dghs.gov.bd/images/docs/vpr/20220119_dengue_all.pdf
2022-01-20,http://old.dghs.gov.bd/images/docs/vpr/20220120_dengue_all.pdf,20250528163503,https://web.archive.org/web/20250528163503id_/http://old.dghs.gov.bd/images/docs/vpr/20220120_dengue_all.pdf
2022-01-21,http://old.dghs.gov.bd/images/docs/vpr/20220121_dengue_all.pdf,20250528163458,https://web.archive.org/web/20250528163458id_/http://old.dghs.gov.bd/images/docs/vpr/20220121_dengue_all.pdf
2022-01-22,http://old.dghs.gov.bd/images/docs/vpr/20220122_dengue_all.pdf,20250528163512,https://web.archive.org/web/20250528163512id_/http://old.dghs.gov.bd/images/docs/vpr/20220122_dengue_all.pdf
2022-01-23,http://old.dghs.gov.bd/images/docs/vpr/20220123_dengue_all.pdf,20250528164215,https://web.archive.org/web/20250528164215id_/http://old.dghs.gov.bd/images/docs/vpr/20220123_dengue_all.pdf
2022-01-24,http://old.dghs.gov.bd/images/docs/vpr/20220124_dengue_all.pdf,20250528163535,https://web.archive.org/web/20250528163535id_/http://old.dghs.gov.bd/images/docs/vpr/20220124_dengue_all.pdf
2022-01-25,http://old.dghs.gov.bd/images/docs/vpr/20220125_dengue_all.pdf,20250528164454,https://web.archive.org/web/20250528164454id_/http://old.dghs.gov.bd/images/docs/vpr/20220125_dengue_all.pdf
2022-01-26,http://old.dghs.gov.bd/images/docs/vpr/20220126_dengue_all.pdf,20250528163520,https://web.archive.org/web/20250528163520id_/http://old.dghs.gov.bd/images/docs/vpr/20220126_dengue_all.pdf
2022-01-27,http://old.dghs.gov.bd/images/docs/vpr/20220127_dengue_all.pdf,20250528163455,https://web.archive.org/web/20250528163455id_/http://old.dghs.gov.bd/images/docs/vpr/20220127_dengue_all.pdf
2022-01-28,http://old.dghs.gov.bd/images/docs/vpr/20220128_dengue_all.pdf,20250528163608,https://web.archive.org/web/20250528163608id_/http://old.dghs.gov.bd/images/docs/vpr/20220128_dengue_all.pdf
2022-01-29,http://old.dghs.gov.bd/images/docs/vpr/20220129_dengue_all.pdf,20250529073010,https://web.archive.org/web/20250529073010id_/http://old.dghs.gov.bd/images/docs/vpr/20220129_dengue_all.pdf
2022-01-30,http://old.dghs.gov.bd/images/docs/vpr/20220130_dengue_all.pdf,20250528163611,https://web.archive.org/web/20250528163611id_/http://old.dghs.gov.bd/images/docs/vpr/20220130_dengue_all.pdf
2022-01-31,http://old.dghs.gov.bd/images/docs/vpr/20220131_dengue_all.pdf,20250528163639,https://web.archive.org/web/20250528163639id_/http://old.dghs.gov.bd/images/docs/vpr/20220131_dengue_all.pdf
2022-02-01,http://old.dghs.gov.bd/images/docs/vpr/20220201_dengue_all.pdf,20250530005413,https://web.archive.org/web/20250530005413id_/http://old.dghs.gov.bd/images/docs/vpr/20220201_dengue_all.pdf
2022-02-02,http://old.dghs.gov.bd/images/docs/vpr/20220202_dengue_all.pdf,20250528163638,https://web.archive.org/web/20250528163638id_/http://old.dghs.gov.bd/images/docs/vpr/20220202_dengue_all.pdf
2022-02-03,http://old.dghs.gov.bd/images/docs/vpr/20220203_dengue_all.pdf,20250528163451,https://web.archive.org/web/20250528163451id_/http://old.dghs.gov.bd/images/docs/vpr/20220203_dengue_all.pdf
2022-02-04,http://old.dghs.gov.bd/images/docs/vpr/20220204_dengue_all.pdf,20250528164311,https://web.archive.org/web/20250528164311id_/http://old.dghs.gov.bd/images/docs/vpr/20220204_dengue_all.pdf
2022-02-05,http://old.dghs.gov.bd/images/docs/vpr/20220205_dengue_all.pdf,20250528163700,https://web.archive.org/web/20250528163700id_/http://old.dghs.gov.bd/images/docs/vpr/20220205_dengue_all.pdf
2022-02-06,http://old.dghs.gov.bd/images/docs/vpr/20220206_dengue_all.pdf,20250528163721,https://web.archive.org/web/20250528163721id_/http://old.dghs.gov.bd/images/docs/vpr/20220206_dengue_all.pdf
2022-02-07,http://old.dghs.gov.bd/images/docs/vpr/20220207_dengue_all.pdf,20250528163443,https://web.archive.org/web/20250528163443id_/http://old.dghs.gov.bd/images/docs/vpr/20220207_dengue_all.pdf
2022-02-08,http://old.dghs.gov.bd/images/docs/vpr/20220208_dengue_all.pdf,20250528164036,https://web.archive.org/web/20250528164036id_/http://old.dghs.gov.bd/images/docs/vpr/20220208_dengue_all.pdf
2022-02-09,http://old.dghs.gov.bd/images/docs/vpr/20220209_dengue_all.pdf,20250528163936,https://web.archive.org/web/20250528163936id_/http://old.dghs.gov.bd/images/docs/vpr/20220209_dengue_all.pdf
2022-02-10,http://old.dghs.gov.bd/images/docs/vpr/20220210_dengue_all.pdf,20250528163621,https://web.archive.org/web/20250528163621id_/http://old.dghs.gov.bd/images/docs/vpr/20220210_dengue_all.pdf
2022-02-11,http://old.dghs.gov.bd/images/docs/vpr/20220211_dengue_all.pdf,20250528163410,https://web.archive.org/web/20250528163410id_/http://old.dghs.gov.bd/images/docs/vpr/20220211_dengue_all.pdf
2022-02-12,http://old.dghs.gov.bd/images/docs/vpr/20220212_dengue_all.pdf,20250528163604,https://web.archive.org/web/20250528163604id_/http://old.dghs.gov.bd/images/docs/vpr/20220212_dengue_all.pdf
2022-02-13,http://old.dghs.gov.bd/images/docs/vpr/20220213_dengue_all.pdf,20250528163428,https://web.archive.org/web/20250528163428id_/http://old.dghs.gov.bd/images/docs/vpr/20220213_dengue_all.pdf
2022-02-14,http://old.dghs.gov.bd/images/docs/vpr/20220214_dengue_all.pdf,20250528163552,https://web.archive.org/web/20250528163552id_/http://old.dghs.gov.bd/images/docs/vpr/20220214_dengue_all.pdf
2022-02-15,http://old.dghs.gov.bd/images/docs/vpr/20220215_dengue_all.pdf,20250528163441,https://web.archive.org/web/20250528163441id_/http://old.dghs.gov.bd/images/docs/vpr/20220215_dengue_all.pdf
2022-02-16,http://old.dghs.gov.bd/images/docs/vpr/20220216_dengue_all.pdf,20250528163448,https://web.archive.org/web/20250528163448id_/http://old.dghs.gov.bd/images/docs/vpr/20220216_dengue_all.pdf
2022-02-17,http://old.dghs.gov.bd/images/docs/vpr/20220217_dengue_all.pdf,20250528163547,https://web.archive.org/web/20250528163547id_/http://old.dghs.gov.bd/images/docs/vpr/20220217_dengue_all.pdf
2022-02-18,http://old.dghs.gov.bd/images/docs/vpr/20220218_dengue_all.pdf,20250528163920,https://web.archive.org/web/20250528163920id_/http://old.dghs.gov.bd/images/docs/vpr/20220218_dengue_all.pdf
2022-02-19,http://old.dghs.gov.bd/images/docs/vpr/20220219_dengue_all.pdf,20250528163514,https://web.archive.org/web/20250528163514id_/http://old.dghs.gov.bd/images/docs/vpr/20220219_dengue_all.pdf
2022-02-20,http://old.dghs.gov.bd/images/docs/vpr/20220220_dengue_all.pdf,20250528163506,https://web.archive.org/web/20250528163506id_/http://old.dghs.gov.bd/images/docs/vpr/20220220_dengue_all.pdf
2022-02-21,http://old.dghs.gov.bd/images/docs/vpr/20220221_dengue_all.pdf,20250528163440,https://web.archive.org/web/20250528163440id_/http://old.dghs.gov.bd/images/docs/vpr/20220221_dengue_all.pdf
2022-02-22,http://old.dghs.gov.bd/images/docs/vpr/20220222_dengue_all.pdf,20250528163535,https://web.archive.org/web/20250528163535id_/http://old.dghs.gov.bd/images/docs/vpr/20220222_dengue_all.pdf
2022-02-23,http://old.dghs.gov.bd/images/docs/vpr/20220223_dengue_all.pdf,20250528163431,https://web.archive.org/web/20250528163431id_/http://old.dghs.gov.bd/images/docs/vpr/20220223_dengue_all.pdf
2022-02-24,http://old.dghs.gov.bd/images/docs/vpr/20220224_dengue_all.pdf,20250528163413,https://web.archive.org/web/20250528163413id_/http://old.dghs.gov.bd/images/docs/vpr/20220224_dengue_all.pdf
2022-02-25,http://old.dghs.gov.bd/images/docs/vpr/20220225_dengue_all.pdf,20250528163618,https://web.archive.org/web/20250528163618id_/http://old.dghs.gov.bd/images/docs/vpr/20220225_dengue_all.pdf
2022-02-26,http://old.dghs.gov.bd/images/docs/vpr/20220226_dengue_all.pdf,20250528163410,https://web.archive.org/web/20250528163410id_/http://old.dghs.gov.bd/images/docs/vpr/20220226_dengue_all.pdf
2022-02-27,http://old.dghs.gov.bd/images/docs/vpr/20220227_dengue_all.pdf,20250528163426,https://web.archive.org/web/20250528163426id_/http://old.dghs.gov.bd/images/docs/vpr/20220227_dengue_all.pdf
2022-02-28,http://old.dghs.gov.bd/images/docs/vpr/20220228_dengue_all.pdf,20250528163712,https://web.archive.org/web/20250528163712id_/http://old.dghs.gov.bd/images/docs/vpr/20220228_dengue_all.pdf
2022-03-01,http://old.dghs.gov.bd/images/docs/vpr/20220301_dengue_all.pdf,20250528163603,https://web.archive.org/web/20250528163603id_/http://old.dghs.gov.bd/images/docs/vpr/20220301_dengue_all.pdf
2022-03-02,http://old.dghs.gov.bd/images/docs/vpr/20220302_dengue_all.pdf,20250528163428,https://web.archive.org/web/20250528163428id_/http://old.dghs.gov.bd/images/docs/vpr/20220302_dengue_all.pdf
2022-03-03,http://old.dghs.gov.bd/images/docs/vpr/20220303_dengue_all.pdf,20250528163522,https://web.archive.org/web/20250528163522id_/http://old.dghs.gov.bd/images/docs/vpr/20220303_dengue_all.pdf
2022-03-04,http://old.dghs.gov.bd/images/docs/vpr/20220304_dengue_all.pdf,20250528163411,https://web.archive.org/web/20250528163411id_/http://old.dghs.gov.bd/images/docs/vpr/20220304_dengue_all.pdf
2022-03-05,http://old.dghs.gov.bd/images/docs/vpr/20220305_dengue_all.pdf,20250528163526,https://web.archive.org/web/20250528163526id_/http://old.dghs.gov.bd/images/docs/vpr/20220305_dengue_all.pdf
2022-03-06,http://old.dghs.gov.bd/images/docs/vpr/20220306_dengue_all.pdf,20250528163550,https://web.archive.org/web/20250528163550id_/http://old.dghs.gov.bd/images/docs/vpr/20220306_dengue_all.pdf
2022-03-07,http://old.dghs.gov.bd/images/docs/vpr/20220307_dengue_all.pdf,20250528163625,https://web.archive.org/web/20250528163625id_/http://old.dghs.gov.bd/images/docs/vpr/20220307_dengue_all.pdf
2022-03-08,http://old.dghs.gov.bd/images/docs/vpr/20220308_dengue_all.pdf,20250528163442,https://web.archive.org/web/20250528163442id_/http://old.dghs.gov.bd/images/docs/vpr/20220308_dengue_all.pdf
2022-03-09,http://old.dghs.gov.bd/images/docs/vpr/20220309_dengue_all.pdf,20250528163518,https://web.archive.org/web/20250528163518id_/http://old.dghs.gov.bd/images/docs/vpr/20220309_dengue_all.pdf
2022-03-10,http://old.dghs.gov.bd/images/docs/vpr/20220310_dengue_all.pdf,20250528163459,https://web.archive.org/web/20250528163459id_/http://old.dghs.gov.bd/images/docs/vpr/20220310_dengue_all.pdf
2022-03-11,http://old.dghs.gov.bd/images/docs/vpr/20220311_dengue_all.pdf,20250528163702,https://web.archive.org/web/20250528163702id_/http://old.dghs.gov.bd/images/docs/vpr/20220311_dengue_all.pdf
2022-03-12,http://old.dghs.gov.bd/images/docs/vpr/20220312_dengue_all.pdf,20250528163548,https://web.archive.org/web/20250528163548id_/http://old.dghs.gov.bd/images/docs/vpr/20220312_dengue_all.pdf
2022-03-13,http://old.dghs.gov.bd/images/docs/vpr/20220313_dengue_all.pdf,20250528163456,https://web.archive.org/web/20250528163456id_/http://old.dghs.gov.bd/images/docs/vpr/20220313_dengue_all.pdf
2022-03-14,http://old.dghs.gov.bd/images/docs/vpr/20220314_dengue_all.pdf,20250528163445,https://web.archive.org/web/20250528163445id_/http://old.dghs.gov.bd/images/docs/vpr/20220314_dengue_all.pdf
2022-03-15,http://old.dghs.gov.bd/images/docs/vpr/20220315_dengue_all.pdf,20250528163741,https://web.archive.org/web/20250528163741id_/http://old.dghs.gov.bd/images/docs/vpr/20220315_dengue_all.pdf
2022-03-16,http://old.dghs.gov.bd/images/docs/vpr/20220316_dengue_all.pdf,20250528163415,https://web.archive.org/web/20250528163415id_/http://old.dghs.gov.bd/images/docs/vpr/20220316_dengue_all.pdf
2022-03-17,http://old.dghs.gov.bd/images/docs/vpr/20220317_dengue_all.pdf,20250528163528,https://web.archive.org/web/20250528163528id_/http://old.dghs.gov.bd/images/docs/vpr/20220317_dengue_all.pdf
2022-03-18,http://old.dghs.gov.bd/images/docs/vpr/20220318_dengue_all.pdf,20250528163551,https://web.archive.org/web/20250528163551id_/http://old.dghs.gov.bd/images/docs/vpr/20220318_dengue_all.pdf
2022-03-19,http://old.dghs.gov.bd/images/docs/vpr/20220319_dengue_all.pdf,20250528163430,https://web.archive.org/web/20250528163430id_/http://old.dghs.gov.bd/images/docs/vpr/20220319_dengue_all.pdf
2022-03-20,http://old.dghs.gov.bd/images/docs/vpr/20220320_dengue_all.pdf,20250528163412,https://web.archive.org/web/20250528163412id_/http://old.dghs.gov.bd/images/docs/vpr/20220320_dengue_all.pdf
2022-03-21,http://old.dghs.gov.bd/images/docs/vpr/20220321_dengue_all.pdf,20250528163444,https://web.archive.org/web/20250528163444id_/http://old.dghs.gov.bd/images/docs/vpr/20220321_dengue_all.pdf
2022-03-22,http://old.dghs.gov.bd/images/docs/vpr/20220322_dengue_all.pdf,20250528163740,https://web.archive.org/web/20250528163740id_/http://old.dghs.gov.bd/images/docs/vpr/20220322_dengue_all.pdf
2022-03-23,http://old.dghs.gov.bd/images/docs/vpr/20220323_dengue_all.pdf,20250528163758,https://web.archive.org/web/20250528163758id_/http://old.dghs.gov.bd/images/docs/vpr/20220323_dengue_all.pdf
2022-03-24,http://old.dghs.gov.bd/images/docs/vpr/20220324_dengue_all.pdf,20250528163557,https://web.archive.org/web/20250528163557id_/http://old.dghs.gov.bd/images/docs/vpr/20220324_dengue_all.pdf
2022-03-25,http://old.dghs.gov.bd/images/docs/vpr/20220325_dengue_all.pdf,20250528163457,https://web.archive.org/web/20250528163457id_/http://old.dghs.gov.bd/images/docs/vpr/20220325_dengue_all.pdf
2022-03-26,http://old.dghs.gov.bd/images/docs/vpr/20220326_dengue_all.pdf,20250528163426,https://web.archive.org/web/20250528163426id_/http://old.dghs.gov.bd/images/docs/vpr/20220326_dengue_all.pdf
2022-03-27,http://old.dghs.gov.bd/images/docs/vpr/20220327_dengue_all.pdf,20250528163532,https://web.archive.org/web/20250528163532id_/http://old.dghs.gov.bd/images/docs/vpr/20220327_dengue_all.pdf
2022-03-28,http://old.dghs.gov.bd/images/docs/vpr/20220328_dengue_all.pdf,20250528163523,https://web.archive.org/web/20250528163523id_/http://old.dghs.gov.bd/images/docs/vpr/20220328_dengue_all.pdf
2022-03-29,http://old.dghs.gov.bd/images/docs/vpr/20220329_dengue_all.pdf,20250528163555,https://web.archive.org/web/20250528163555id_/http://old.dghs.gov.bd/images/docs/vpr/20220329_dengue_all.pdf
2022-03-30,http://old.dghs.gov.bd/images/docs/vpr/20220330_dengue_all.pdf,20250528163727,https://web.archive.org/web/20250528163727id_/http://old.dghs.gov.bd/images/docs/vpr/20220330_dengue_all.pdf
2022-03-31,http://old.dghs.gov.bd/images/docs/vpr/20220331_dengue_all.pdf,20250528163522,https://web.archive.org/web/20250528163522id_/http://old.dghs.gov.bd/images/docs/vpr/20220331_dengue_all.pdf
2022-04-01,http://old.dghs.gov.bd/images/docs/vpr/20220401_dengue_all.pdf,20250528163501,https://web.archive.org/web/20250528163501id_/http://old.dghs.gov.bd/images/docs/vpr/20220401_dengue_all.pdf
2022-04-02,http://old.dghs.gov.bd/images/docs/vpr/20220402_dengue_all.pdf,20250528163705,https://web.archive.org/web/20250528163705id_/http://old.dghs.gov.bd/images/docs/vpr/20220402_dengue_all.pdf
2022-04-03,http://old.dghs.gov.bd/images/docs/vpr/20220403_dengue_all.pdf,20250528163900,https://web.archive.org/web/20250528163900id_/http://old.dghs.gov.bd/images/docs/vpr/20220403_dengue_all.pdf
2022-04-04,http://old.dghs.gov.bd/images/docs/vpr/20220404_dengue_all.pdf,20250528163458,https://web.archive.org/web/20250528163458id_/http://old.dghs.gov.bd/images/docs/vpr/20220404_dengue_all.pdf
2022-04-05,http://old.dghs.gov.bd/images/docs/vpr/20220405_dengue_all.pdf,20250528163530,https://web.archive.org/web/20250528163530id_/http://old.dghs.gov.bd/images/docs/vpr/20220405_dengue_all.pdf
2022-04-06,http://old.dghs.gov.bd/images/docs/vpr/20220406_dengue_all.pdf,20250528163447,https://web.archive.org/web/20250528163447id_/http://old.dghs.gov.bd/images/docs/vpr/20220406_dengue_all.pdf
2022-04-07,http://old.dghs.gov.bd/images/docs/vpr/20220407_dengue_all.pdf,20250528163450,https://web.archive.org/web/20250528163450id_/http://old.dghs.gov.bd/images/docs/vpr/20220407_dengue_all.pdf
2022-04-08,http://old.dghs.gov.bd/images/docs/vpr/20220408_dengue_all.pdf,20250528163820,https://web.archive.org/web/20250528163820id_/http://old.dghs.gov.bd/images/docs/vpr/20220408_dengue_all.pdf
2022-04-09,http://old.dghs.gov.bd/images/docs/vpr/20220409_dengue_all.pdf,20250528163538,https://web.archive.org/web/20250528163538id_/http://old.dghs.gov.bd/images/docs/vpr/20220409_dengue_all.pdf
2022-04-10,http://old.dghs.gov.bd/images/docs/vpr/20220410_dengue_all.pdf,20250528163602,https://web.archive.org/web/20250528163602id_/http://old.dghs.gov.bd/images/docs/vpr/20220410_dengue_all.pdf
2022-04-11,http://old.dghs.gov.bd/images/docs/vpr/20220411_dengue_all.pdf,20250528163641,https://web.archive.org/web/20250528163641id_/http://old.dghs.gov.bd/images/docs/vpr/20220411_dengue_all.pdf
2022-04-12,http://old.dghs.gov.bd/images/docs/vpr/20220412_dengue_all.pdf,20250528163450,https://web.archive.org/web/20250528163450id_/http://old.dghs.gov.bd/images/docs/vpr/20220412_dengue_all.pdf
2022-04-13,http://old.dghs.gov.bd/images/docs/vpr/20220413_dengue_all.pdf,20250528163813,https://web.archive.org/web/20250528163813id_/http://old.dghs.gov.bd/images/docs/vpr/20220413_dengue_all.pdf
2022-04-14,http://old.dghs.gov.bd/images/docs/vpr/20220414_dengue_all.pdf,20250528163617,https://web.archive.org/web/20250528163617id_/http://old.dghs.gov.bd/images/docs/vpr/20220414_dengue_all.pdf
2022-04-15,http://old.dghs.gov.bd/images/docs/vpr/20220415_dengue_all.pdf,20250529073445,https://web.archive.org/web/20250529073445id_/http://old.dghs.gov.bd/images/docs/vpr/20220415_dengue_all.pdf
2022-04-16,http://old.dghs.gov.bd/images/docs/vpr/20220416_dengue_all.pdf,20250528163527,https://web.archive.org/web/20250528163527id_/http://old.dghs.gov.bd/images/docs/vpr/20220416_dengue_all.pdf
2022-04-17,http://old.dghs.gov.bd/images/docs/vpr/20220417_dengue_all.pdf,20250528163902,https://web.archive.org/web/20250528163902id_/http://old.dghs.gov.bd/images/docs/vpr/20220417_dengue_all.pdf
2022-04-18,http://old.dghs.gov.bd/images/docs/vpr/20220418_dengue_all.pdf,20250528163444,https://web.archive.org/web/20250528163444id_/http://old.dghs.gov.bd/images/docs/vpr/20220418_dengue_all.pdf
2022-04-19,http://old.dghs.gov.bd/images/docs/vpr/20220419_dengue_all.pdf,20250528163443,https://web.archive.org/web/20250528163443id_/http://old.dghs.gov.bd/images/docs/vpr/20220419_dengue_all.pdf
2022-04-20,http://old.dghs.gov.bd/images/docs/vpr/20220420_dengue_all.pdf,20250528163410,https://web.archive.org/web/20250528163410id_/http://old.dghs.gov.bd/images/docs/vpr/20220420_dengue_all.pdf
2022-04-21,http://old.dghs.gov.bd/images/docs/vpr/20220421_dengue_all.pdf,20250528163417,https://web.archive.org/web/20250528163417id_/http://old.dghs.gov.bd/images/docs/vpr/20220421_dengue_all.pdf
2022-04-22,http://old.dghs.gov.bd/images/docs/vpr/20220422_dengue_all.pdf,20250528163457,https://web.archive.org/web/20250528163457id_/http://old.dghs.gov.bd/images/docs/vpr/20220422_dengue_all.pdf
2022-04-23,http://old.dghs.gov.bd/images/docs/vpr/20220423_dengue_all.pdf,20250528163454,https://web.archive.org/web/20250528163454id_/http://old.dghs.gov.bd/images/docs/vpr/20220423_dengue_all.pdf
2022-04-24,http://old.dghs.gov.bd/images/docs/vpr/20220424_dengue_all.pdf,20250528163530,https://web.archive.org/web/20250528163530id_/http://old.dghs.gov.bd/images/docs/vpr/20220424_dengue_all.pdf
2022-04-25,http://old.dghs.gov.bd/images/docs/vpr/20220425_dengue_all.pdf,20250528164125,https://web.archive.org/web/20250528164125id_/http://old.dghs.gov.bd/images/docs/vpr/20220425_dengue_all.pdf
2022-04-26,http://old.dghs.gov.bd/images/docs/vpr/20220426_dengue_all.pdf,20250528163518,https://web.archive.org/web/20250528163518id_/http://old.dghs.gov.bd/images/docs/vpr/20220426_dengue_all.pdf
2022-04-27,http://old.dghs.gov.bd/images/docs/vpr/20220427_dengue_all.pdf,20250528163617,https://web.archive.org/web/20250528163617id_/http://old.dghs.gov.bd/images/docs/vpr/20220427_dengue_all.pdf
2022-04-28,http://old.dghs.gov.bd/images/docs/vpr/20220428_dengue_all.pdf,20250528163728,https://web.archive.org/web/20250528163728id_/http://old.dghs.gov.bd/images/docs/vpr/20220428_dengue_all.pdf
2022-04-29,http://old.dghs.gov.bd/images/docs/vpr/20220429_dengue_all.pdf,20250528163558,https://web.archive.org/web/20250528163558id_/http://old.dghs.gov.bd/images/docs/vpr/20220429_dengue_all.pdf
2022-04-30,http://old.dghs.gov.bd/images/docs/vpr/20220430_dengue_all.pdf,20250528163433,https://web.archive.org/web/20250528163433id_/http://old.dghs.gov.bd/images/docs/vpr/20220430_dengue_all.pdf
2022-05-01,http://old.dghs.gov.bd/images/docs/vpr/20220501_dengue_all.pdf,20250528163432,https://web.archive.org/web/20250528163432id_/http://old.dghs.gov.bd/images/docs/vpr/20220501_dengue_all.pdf
2022-05-02,http://old.dghs.gov.bd/images/docs/vpr/20220502_dengue_all.pdf,20250528163522,https://web.archive.org/web/20250528163522id_/http://old.dghs.gov.bd/images/docs/vpr/20220502_dengue_all.pdf
2022-05-03,http://old.dghs.gov.bd/images/docs/vpr/20220503_dengue_all.pdf,20250528163832,https://web.archive.org/web/20250528163832id_/http://old.dghs.gov.bd/images/docs/vpr/20220503_dengue_all.pdf
2022-05-04,http://old.dghs.gov.bd/images/docs/vpr/20220504_dengue_all.pdf,20250528163428,https://web.archive.org/web/20250528163428id_/http://old.dghs.gov.bd/images/docs/vpr/20220504_dengue_all.pdf
2022-05-05,http://old.dghs.gov.bd/images/docs/vpr/20220505_dengue_all.pdf,20250528164024,https://web.archive.org/web/20250528164024id_/http://old.dghs.gov.bd/images/docs/vpr/20220505_dengue_all.pdf
2022-05-06,http://old.dghs.gov.bd/images/docs/vpr/20220506_dengue_all.pdf,20250528163540,https://web.archive.org/web/20250528163540id_/http://old.dghs.gov.bd/images/docs/vpr/20220506_dengue_all.pdf
2022-05-07,http://old.dghs.gov.bd/images/docs/vpr/20220507_dengue_all.pdf,20250528163436,https://web.archive.org/web/20250528163436id_/http://old.dghs.gov.bd/images/docs/vpr/20220507_dengue_all.pdf
2022-05-08,http://old.dghs.gov.bd/images/docs/vpr/20220508_dengue_all.pdf,20250528163454,https://web.archive.org/web/20250528163454id_/http://old.dghs.gov.bd/images/docs/vpr/20220508_dengue_all.pdf
2022-05-09,http://old.dghs.gov.bd/images/docs/vpr/20220509_dengue_all.pdf,20250528163614,https://web.archive.org/web/20250528163614id_/http://old.dghs.gov.bd/images/docs/vpr/20220509_dengue_all.pdf
2022-05-10,http://old.dghs.gov.bd/images/docs/vpr/20220510_dengue_all.pdf,20250528163651,https://web.archive.org/web/20250528163651id_/http://old.dghs.gov.bd/images/docs/vpr/20220510_dengue_all.pdf
2022-05-11,http://old.dghs.gov.bd/images/docs/vpr/20220511_dengue_all.pdf,20250528163432,https://web.archive.org/web/20250528163432id_/http://old.dghs.gov.bd/images/docs/vpr/20220511_dengue_all.pdf
2022-05-12,http://old.dghs.gov.bd/images/docs/vpr/20220512_dengue_all.pdf,20250528163457,https://web.archive.org/web/20250528163457id_/http://old.dghs.gov.bd/images/docs/vpr/20220512_dengue_all.pdf
2022-05-13,http://old.dghs.gov.bd/images/docs/vpr/20220513_dengue_all.pdf,20250528163420,https://web.archive.org/web/20250528163420id_/http://old.dghs.gov.bd/images/docs/vpr/20220513_dengue_all.pdf
2022-05-14,http://old.dghs.gov.bd/images/docs/vpr/20220514_dengue_all.pdf,20250528163543,https://web.archive.org/web/20250528163543id_/http://old.dghs.gov.bd/images/docs/vpr/20220514_dengue_all.pdf
2022-05-15,http://old.dghs.gov.bd/images/docs/vpr/20220515_dengue_all.pdf,20250528163436,https://web.archive.org/web/20250528163436id_/http://old.dghs.gov.bd/images/docs/vpr/20220515_dengue_all.pdf
2022-05-16,http://old.dghs.gov.bd/images/docs/vpr/20220516_dengue_all.pdf,20250528163416,https://web.archive.org/web/20250528163416id_/http://old.dghs.gov.bd/images/docs/vpr/20220516_dengue_all.pdf
2022-05-17,http://old.dghs.gov.bd/images/docs/vpr/20220517_dengue_all.pdf,20250528163729,https://web.archive.org/web/20250528163729id_/http://old.dghs.gov.bd/images/docs/vpr/20220517_dengue_all.pdf
2022-05-18,http://old.dghs.gov.bd/images/docs/vpr/20220518_dengue_all.pdf,20250528163644,https://web.archive.org/web/20250528163644id_/http://old.dghs.gov.bd/images/docs/vpr/20220518_dengue_all.pdf
2022-05-19,http://old.dghs.gov.bd/images/docs/vpr/20220519_dengue_all.pdf,20250528164227,https://web.archive.org/web/20250528164227id_/http://old.dghs.gov.bd/images/docs/vpr/20220519_dengue_all.pdf
2022-05-20,http://old.dghs.gov.bd/images/docs/vpr/20220520_dengue_all.pdf,20250528164022,https://web.archive.org/web/20250528164022id_/http://old.dghs.gov.bd/images/docs/vpr/20220520_dengue_all.pdf
2022-05-21,http://old.dghs.gov.bd/images/docs/vpr/20220521_dengue_all.pdf,20250528163604,https://web.archive.org/web/20250528163604id_/http://old.dghs.gov.bd/images/docs/vpr/20220521_dengue_all.pdf
2022-05-22,http://old.dghs.gov.bd/images/docs/vpr/20220522_dengue_all.pdf,20250528163523,https://web.archive.org/web/20250528163523id_/http://old.dghs.gov.bd/images/docs/vpr/20220522_dengue_all.pdf
2022-05-23,http://old.dghs.gov.bd/images/docs/vpr/20220523_dengue_all.pdf,20250528163535,https://web.archive.org/web/20250528163535id_/http://old.dghs.gov.bd/images/docs/vpr/20220523_dengue_all.pdf
2022-05-24,http://old.dghs.gov.bd/images/docs/vpr/20220524_dengue_all.pdf,20250528163817,https://web.archive.org/web/20250528163817id_/http://old.dghs.gov.bd/images/docs/vpr/20220524_dengue_all.pdf
2022-05-25,http://old.dghs.gov.bd/images/docs/vpr/20220525_dengue_all.pdf,20250528163446,https://web.archive.org/web/20250528163446id_/http://old.dghs.gov.bd/images/docs/vpr/20220525_dengue_all.pdf
2022-05-26,http://old.dghs.gov.bd/images/docs/vpr/20220526_dengue_all.pdf,20250528163538,https://web.archive.org/web/20250528163538id_/http://old.dghs.gov.bd/images/docs/vpr/20220526_dengue_all.pdf
2022-05-27,http://old.dghs.gov.bd/images/docs/vpr/20220527_dengue_all.pdf,20250528163430,https://web.archive.org/web/20250528163430id_/http://old.dghs.gov.bd/images/docs/vpr/20220527_dengue_all.pdf
2022-05-28,http://old.dghs.gov.bd/images/docs/vpr/20220528_dengue_all.pdf,20250528163752,https://web.archive.org/web/20250528163752id_/http://old.dghs.gov.bd/images/docs/vpr/20220528_dengue_all.pdf
2022-05-29,http://old.dghs.gov.bd/images/docs/vpr/20220529_dengue_all.pdf,20250528163518,https://web.archive.org/web/20250528163518id_/http://old.dghs.gov.bd/images/docs/vpr/20220529_dengue_all.pdf
2022-05-30,http://old.dghs.gov.bd/images/docs/vpr/20220530_dengue_all.pdf,20250528163744,https://web.archive.org/web/20250528163744id_/http://old.dghs.gov.bd/images/docs/vpr/20220530_dengue_all.pdf
2022-05-31,http://old.dghs.gov.bd/images/docs/vpr/20220531_dengue_all.pdf,20250528163644,https://web.archive.org/web/20250528163644id_/http://old.dghs.gov.bd/images/docs/vpr/20220531_dengue_all.pdf
2022-06-01,http://old.dghs.gov.bd/images/docs/vpr/20220601_dengue_all.pdf,20250528163622,https://web.archive.org/web/20250528163622id_/http://old.dghs.gov.bd/images/docs/vpr/20220601_dengue_all.pdf
2022-06-02,http://old.dghs.gov.bd/images/docs/vpr/20220602_dengue_all.pdf,20250528163751,https://web.archive.org/web/20250528163751id_/http://old.dghs.gov.bd/images/docs/vpr/20220602_dengue_all.pdf
2022-06-03,http://old.dghs.gov.bd/images/docs/vpr/20220603_dengue_all.pdf,20250528163427,https://web.archive.org/web/20250528163427id_/http://old.dghs.gov.bd/images/docs/vpr/20220603_dengue_all.pdf
2022-06-04,http://old.dghs.gov.bd/images/docs/vpr/20220604_dengue_all.pdf,20250528163614,https://web.archive.org/web/20250528163614id_/http://old.dghs.gov.bd/images/docs/vpr/20220604_dengue_all.pdf
2022-06-05,http://old.dghs.gov.bd/images/docs/vpr/20220605_dengue_all.pdf,20250528163547,https://web.archive.org/web/20250528163547id_/http://old.dghs.gov.bd/images/docs/vpr/20220605_dengue_all.pdf
2022-06-06,http://old.dghs.gov.bd/images/docs/vpr/20220606_dengue_all.pdf,20250528163544,https://web.archive.org/web/20250528163544id_/http://old.dghs.gov.bd/images/docs/vpr/20220606_dengue_all.pdf
2022-06-07,http://old.dghs.gov.bd/images/docs/vpr/20220607_dengue_all.pdf,20250528163701,https://web.archive.org/web/20250528163701id_/http://old.dghs.gov.bd/images/docs/vpr/20220607_dengue_all.pdf
2022-06-08,http://old.dghs.gov.bd/images/docs/vpr/20220608_dengue_all.pdf,20250528163921,https://web.archive.org/web/20250528163921id_/http://old.dghs.gov.bd/images/docs/vpr/20220608_dengue_all.pdf
2022-06-09,http://old.dghs.gov.bd/images/docs/vpr/20220609_dengue_all.pdf,20250528163846,https://web.archive.org/web/20250528163846id_/http://old.dghs.gov.bd/images/docs/vpr/20220609_dengue_all.pdf
2022-06-10,http://old.dghs.gov.bd/images/docs/vpr/20220610_dengue_all.pdf,20250528163519,https://web.archive.org/web/20250528163519id_/http://old.dghs.gov.bd/images/docs/vpr/20220610_dengue_all.pdf
2022-06-11,http://old.dghs.gov.bd/images/docs/vpr/20220611_dengue_all.pdf,20250528163709,https://web.archive.org/web/20250528163709id_/http://old.dghs.gov.bd/images/docs/vpr/20220611_dengue_all.pdf
2022-06-12,http://old.dghs.gov.bd/images/docs/vpr/20220612_dengue_all.pdf,20250528163940,https://web.archive.org/web/20250528163940id_/http://old.dghs.gov.bd/images/docs/vpr/20220612_dengue_all.pdf
2022-06-13,http://old.dghs.gov.bd/images/docs/vpr/20220613_dengue_all.pdf,20250528163552,https://web.archive.org/web/20250528163552id_/http://old.dghs.gov.bd/images/docs/vpr/20220613_dengue_all.pdf
2022-06-14,http://old.dghs.gov.bd/images/docs/vpr/20220614_dengue_all.pdf,20250528163928,https://web.archive.org/web/20250528163928id_/http://old.dghs.gov.bd/images/docs/vpr/20220614_dengue_all.pdf
2022-06-15,http://old.dghs.gov.bd/images/docs/vpr/20220615_dengue_all.pdf,20250528163508,https://web.archive.org/web/20250528163508id_/http://old.dghs.gov.bd/images/docs/vpr/20220615_dengue_all.pdf
2022-06-16,http://old.dghs.gov.bd/images/docs/vpr/20220616_dengue_all.pdf,20250528163459,https://web.archive.org/web/20250528163459id_/http://old.dghs.gov.bd/images/docs/vpr/20220616_dengue_all.pdf
2022-06-17,http://old.dghs.gov.bd/images/docs/vpr/20220617_dengue_all.pdf,20250528163423,https://web.archive.org/web/20250528163423id_/http://old.dghs.gov.bd/images/docs/vpr/20220617_dengue_all.pdf
2022-06-18,http://old.dghs.gov.bd/images/docs/vpr/20220618_dengue_all.pdf,20250528163527,https://web.archive.org/web/20250528163527id_/http://old.dghs.gov.bd/images/docs/vpr/20220618_dengue_all.pdf
2022-06-19,http://old.dghs.gov.bd/images/docs/vpr/20220619_dengue_all.pdf,20250528163516,https://web.archive.org/web/20250528163516id_/http://old.dghs.gov.bd/images/docs/vpr/20220619_dengue_all.pdf
2022-06-20,http://old.dghs.gov.bd/images/docs/vpr/20220620_dengue_all.pdf,20250528163511,https://web.archive.org/web/20250528163511id_/http://old.dghs.gov.bd/images/docs/vpr/20220620_dengue_all.pdf
2022-06-21,http://old.dghs.gov.bd/images/docs/vpr/20220621_dengue_all.pdf,20250528163505,https://web.archive.org/web/20250528163505id_/http://old.dghs.gov.bd/images/docs/vpr/20220621_dengue_all.pdf
2022-06-22,http://old.dghs.gov.bd/images/docs/vpr/20220622_dengue_all.pdf,20250528163448,https://web.archive.org/web/20250528163448id_/http://old.dghs.gov.bd/images/docs/vpr/20220622_dengue_all.pdf
2022-06-23,http://old.dghs.gov.bd/images/docs/vpr/20220623_dengue_all.pdf,20250530102737,https://web.archive.org/web/20250530102737id_/http://old.dghs.gov.bd/images/docs/vpr/20220623_dengue_all.pdf
2022-06-24,http://old.dghs.gov.bd/images/docs/vpr/20220624_dengue_all.pdf,20250528163752,https://web.archive.org/web/20250528163752id_/http://old.dghs.gov.bd/images/docs/vpr/20220624_dengue_all.pdf
2022-06-25,http://old.dghs.gov.bd/images/docs/vpr/20220625_dengue_all.pdf,20250528163557,https://web.archive.org/web/20250528163557id_/http://old.dghs.gov.bd/images/docs/vpr/20220625_dengue_all.pdf
2022-06-26,http://old.dghs.gov.bd/images/docs/vpr/20220626_dengue_all.pdf,20250528163446,https://web.archive.org/web/20250528163446id_/http://old.dghs.gov.bd/images/docs/vpr/20220626_dengue_all.pdf
2022-06-27,http://old.dghs.gov.bd/images/docs/vpr/20220627_dengue_all.pdf,20250528163503,https://web.archive.org/web/20250528163503id_/http://old.dghs.gov.bd/images/docs/vpr/20220627_dengue_all.pdf
2022-06-28,http://old.dghs.gov.bd/images/docs/vpr/20220628_dengue_all.pdf,20250528163424,https://web.archive.org/web/20250528163424id_/http://old.dghs.gov.bd/images/docs/vpr/20220628_dengue_all.pdf
2022-06-29,http://old.dghs.gov.bd/images/docs/vpr/20220629_dengue_all.pdf,20250528163420,https://web.archive.org/web/20250528163420id_/http://old.dghs.gov.bd/images/docs/vpr/20220629_dengue_all.pdf
2022-06-30,http://old.dghs.gov.bd/images/docs/vpr/20220630_dengue_all.pdf,20250528163411,https://web.archive.org/web/20250528163411id_/http://old.dghs.gov.bd/images/docs/vpr/20220630_dengue_all.pdf
2022-07-01,http://old.dghs.gov.bd/images/docs/vpr/20220701_dengue_all.pdf,20250528163502,https://web.archive.org/web/20250528163502id_/http://old.dghs.gov.bd/images/docs/vpr/20220701_dengue_all.pdf
2022-07-02,http://old.dghs.gov.bd/images/docs/vpr/20220702_dengue_all.pdf,20250528163957,https://web.archive.org/web/20250528163957id_/http://old.dghs.gov.bd/images/docs/vpr/20220702_dengue_all.pdf
2022-07-03,http://old.dghs.gov.bd/images/docs/vpr/20220703_dengue_all.pdf,20250528163512,https://web.archive.org/web/20250528163512id_/http://old.dghs.gov.bd/images/docs/vpr/20220703_dengue_all.pdf
2022-07-04,http://old.dghs.gov.bd/images/docs/vpr/20220704_dengue_all.pdf,20250528163420,https://web.archive.org/web/20250528163420id_/http://old.dghs.gov.bd/images/docs/vpr/20220704_dengue_all.pdf
2022-07-05,http://old.dghs.gov.bd/images/docs/vpr/20220705_dengue_all.pdf,20250528163624,https://web.archive.org/web/20250528163624id_/http://old.dghs.gov.bd/images/docs/vpr/20220705_dengue_all.pdf
2022-07-06,http://old.dghs.gov.bd/images/docs/vpr/20220706_dengue_all.pdf,20250528163439,https://web.archive.org/web/20250528163439id_/http://old.dghs.gov.bd/images/docs/vpr/20220706_dengue_all.pdf
2022-07-07,http://old.dghs.gov.bd/images/docs/vpr/20220707_dengue_all.pdf,20250528163415,https://web.archive.org/web/20250528163415id_/http://old.dghs.gov.bd/images/docs/vpr/20220707_dengue_all.pdf
2022-07-08,http://old.dghs.gov.bd/images/docs/vpr/20220708_dengue_all.pdf,20250528163415,https://web.archive.org/web/20250528163415id_/http://old.dghs.gov.bd/images/docs/vpr/20220708_dengue_all.pdf
2022-07-09,http://old.dghs.gov.bd/images/docs/vpr/20220709_dengue_all.pdf,20250528163509,https://web.archive.org/web/20250528163509id_/http://old.dghs.gov.bd/images/docs/vpr/20220709_dengue_all.pdf
2022-07-10,http://old.dghs.gov.bd/images/docs/vpr/20220710_dengue_all.pdf,20250528163521,https://web.archive.org/web/20250528163521id_/http://old.dghs.gov.bd/images/docs/vpr/20220710_dengue_all.pdf
2022-07-11,http://old.dghs.gov.bd/images/docs/vpr/20220711_dengue_all.pdf,20250528163443,https://web.archive.org/web/20250528163443id_/http://old.dghs.gov.bd/images/docs/vpr/20220711_dengue_all.pdf
2022-07-12,http://old.dghs.gov.bd/images/docs/vpr/20220712_dengue_all.pdf,20250528163439,https://web.archive.org/web/20250528163439id_/http://old.dghs.gov.bd/images/docs/vpr/20220712_dengue_all.pdf
2022-07-13,http://old.dghs.gov.bd/images/docs/vpr/20220713_dengue_all.pdf,20250528163516,https://web.archive.org/web/20250528163516id_/http://old.dghs.gov.bd/images/docs/vpr/20220713_dengue_all.pdf
2022-07-14,http://old.dghs.gov.bd/images/docs/vpr/20220714_dengue_all.pdf,20250528163548,https://web.archive.org/web/20250528163548id_/http://old.dghs.gov.bd/images/docs/vpr/20220714_dengue_all.pdf
2022-07-15,http://old.dghs.gov.bd/images/docs/vpr/20220715_dengue_all.pdf,20250528164237,https://web.archive.org/web/20250528164237id_/http://old.dghs.gov.bd/images/docs/vpr/20220715_dengue_all.pdf
2022-07-16,http://old.dghs.gov.bd/images/docs/vpr/20220716_dengue_all.pdf,20250528163635,https://web.archive.org/web/20250528163635id_/http://old.dghs.gov.bd/images/docs/vpr/20220716_dengue_all.pdf
2022-07-17,http://old.dghs.gov.bd/images/docs/vpr/20220717_dengue_all.pdf,20250528163505,https://web.archive.org/web/20250528163505id_/http://old.dghs.gov.bd/images/docs/vpr/20220717_dengue_all.pdf
2022-07-18,http://old.dghs.gov.bd/images/docs/vpr/20220718_dengue_all.pdf,20250528163602,https://web.archive.org/web/20250528163602id_/http://old.dghs.gov.bd/images/docs/vpr/20220718_dengue_all.pdf
2022-07-19,http://old.dghs.gov.bd/images/docs/vpr/20220719_dengue_all.pdf,20250528163427,https://web.archive.org/web/20250528163427id_/http://old.dghs.gov.bd/images/docs/vpr/20220719_dengue_all.pdf
2022-07-20,http://old.dghs.gov.bd/images/docs/vpr/20220720_dengue_all.pdf,20250528163506,https://web.archive.org/web/20250528163506id_/http://old.dghs.gov.bd/images/docs/vpr/20220720_dengue_all.pdf
2022-07-21,http://old.dghs.gov.bd/images/docs/vpr/20220721_dengue_all.pdf,20250528163433,https://web.archive.org/web/20250528163433id_/http://old.dghs.gov.bd/images/docs/vpr/20220721_dengue_all.pdf
2022-07-22,http://old.dghs.gov.bd/images/docs/vpr/20220722_dengue_all.pdf,20250528163751,https://web.archive.org/web/20250528163751id_/http://old.dghs.gov.bd/images/docs/vpr/20220722_dengue_all.pdf
2022-07-23,http://old.dghs.gov.bd/images/docs/vpr/20220723_dengue_all.pdf,20250528163512,https://web.archive.org/web/20250528163512id_/http://old.dghs.gov.bd/images/docs/vpr/20220723_dengue_all.pdf
2022-07-24,http://old.dghs.gov.bd/images/docs/vpr/20220724_dengue_all.pdf,20250528163539,https://web.archive.org/web/20250528163539id_/http://old.dghs.gov.bd/images/docs/vpr/20220724_dengue_all.pdf
2022-07-25,http://old.dghs.gov.bd/images/docs/vpr/20220725_dengue_all.pdf,20250528163454,https://web.archive.org/web/20250528163454id_/http://old.dghs.gov.bd/images/docs/vpr/20220725_dengue_all.pdf
2022-07-26,https://old.dghs.gov.bd/images/docs/vpr/20220726_dengue_all.pdf,20230523194619,https://web.archive.org/web/20230523194619id_/https://old.dghs.gov.bd/images/docs/vpr/20220726_dengue_all.pdf
2022-07-27,http://old.dghs.gov.bd/images/docs/vpr/20220727_dengue_all.pdf,20250528163506,https://web.archive.org/web/20250528163506id_/http://old.dghs.gov.bd/images/docs/vpr/20220727_dengue_all.pdf
2022-07-28,http://old.dghs.gov.bd/images/docs/vpr/20220728_dengue_all.pdf,20250528163437,https://web.archive.org/web/20250528163437id_/http://old.dghs.gov.bd/images/docs/vpr/20220728_dengue_all.pdf
2022-07-29,http://old.dghs.gov.bd/images/docs/vpr/20220729_dengue_all.pdf,20250528163413,https://web.archive.org/web/20250528163413id_/http://old.dghs.gov.bd/images/docs/vpr/20220729_dengue_all.pdf
2022-07-30,http://old.dghs.gov.bd/images/docs/vpr/20220730_dengue_all.pdf,20250528163430,https://web.archive.org/web/20250528163430id_/http://old.dghs.gov.bd/images/docs/vpr/20220730_dengue_all.pdf
2022-07-31,http://old.dghs.gov.bd/images/docs/vpr/20220731_dengue_all.pdf,20250528163554,https://web.archive.org/web/20250528163554id_/http://old.dghs.gov.bd/images/docs/vpr/20220731_dengue_all.pdf
2022-08-01,http://old.dghs.gov.bd/images/docs/vpr/20220801_dengue_all.pdf,20250528163544,https://web.archive.org/web/20250528163544id_/http://old.dghs.gov.bd/images/docs/vpr/20220801_dengue_all.pdf
2022-08-02,http://old.dghs.gov.bd/images/docs/vpr/20220802_dengue_all.pdf,20250528163706,https://web.archive.org/web/20250528163706id_/http://old.dghs.gov.bd/images/docs/vpr/20220802_dengue_all.pdf
2022-08-03,http://old.dghs.gov.bd/images/docs/vpr/20220803_dengue_all.pdf,20250528164049,https://web.archive.org/web/20250528164049id_/http://old.dghs.gov.bd/images/docs/vpr/20220803_dengue_all.pdf
2022-08-04,http://old.dghs.gov.bd/images/docs/vpr/20220804_dengue_all.pdf,20250528163432,https://web.archive.org/web/20250528163432id_/http://old.dghs.gov.bd/images/docs/vpr/20220804_dengue_all.pdf
2022-08-05,http://old.dghs.gov.bd/images/docs/vpr/20220805_dengue_all.pdf,20250528163609,https://web.archive.org/web/20250528163609id_/http://old.dghs.gov.bd/images/docs/vpr/20220805_dengue_all.pdf
2022-08-06,http://old.dghs.gov.bd/images/docs/vpr/20220806_dengue_all.pdf,20250528163606,https://web.archive.org/web/20250528163606id_/http://old.dghs.gov.bd/images/docs/vpr/20220806_dengue_all.pdf
2022-08-07,http://old.dghs.gov.bd/images/docs/vpr/20220807_dengue_all.pdf,20250528163424,https://web.archive.org/web/20250528163424id_/http://old.dghs.gov.bd/images/docs/vpr/20220807_dengue_all.pdf
2022-08-08,http://old.dghs.gov.bd/images/docs/vpr/20220808_dengue_all.pdf,20250528163503,https://web.archive.org/web/20250528163503id_/http://old.dghs.gov.bd/images/docs/vpr/20220808_dengue_all.pdf
2022-08-09,http://old.dghs.gov.bd/images/docs/vpr/20220809_dengue_all.pdf,20250528163534,https://web.archive.org/web/20250528163534id_/http://old.dghs.gov.bd/images/docs/vpr/20220809_dengue_all.pdf
2022-08-10,http://old.dghs.gov.bd/images/docs/vpr/20220810_dengue_all.pdf,20250528163723,https://web.archive.org/web/20250528163723id_/http://old.dghs.gov.bd/images/docs/vpr/20220810_dengue_all.pdf
2022-08-11,http://old.dghs.gov.bd/images/docs/vpr/20220811_dengue_all.pdf,20250528163523,https://web.archive.org/web/20250528163523id_/http://old.dghs.gov.bd/images/docs/vpr/20220811_dengue_all.pdf
2022-08-12,http://old.dghs.gov.bd/images/docs/vpr/20220812_dengue_all.pdf,20250528163500,https://web.archive.org/web/20250528163500id_/http://old.dghs.gov.bd/images/docs/vpr/20220812_dengue_all.pdf
2022-08-13,http://old.dghs.gov.bd/images/docs/vpr/20220813_dengue_all.pdf,20250528163505,https://web.archive.org/web/20250528163505id_/http://old.dghs.gov.bd/images/docs/vpr/20220813_dengue_all.pdf
2022-08-14,http://old.dghs.gov.bd/images/docs/vpr/20220814_dengue_all.pdf,20250528163837,https://web.archive.org/web/20250528163837id_/http://old.dghs.gov.bd/images/docs/vpr/20220814_dengue_all.pdf
2022-08-15,http://old.dghs.gov.bd/images/docs/vpr/20220815_dengue_all.pdf,20250528163513,https://web.archive.org/web/20250528163513id_/http://old.dghs.gov.bd/images/docs/vpr/20220815_dengue_all.pdf
2022-08-16,http://old.dghs.gov.bd/images/docs/vpr/20220816_dengue_all.pdf,20250528163438,https://web.archive.org/web/20250528163438id_/http://old.dghs.gov.bd/images/docs/vpr/20220816_dengue_all.pdf
2022-08-17,http://old.dghs.gov.bd/images/docs/vpr/20220817_dengue_all.pdf,20250528163434,https://web.archive.org/web/20250528163434id_/http://old.dghs.gov.bd/images/docs/vpr/20220817_dengue_all.pdf
2022-08-18,http://old.dghs.gov.bd/images/docs/vpr/20220818_dengue_all.pdf,20250528163555,https://web.archive.org/web/20250528163555id_/http://old.dghs.gov.bd/images/docs/vpr/20220818_dengue_all.pdf
2022-08-19,http://old.dghs.gov.bd/images/docs/vpr/20220819_dengue_all.pdf,20250528163422,https://web.archive.org/web/20250528163422id_/http://old.dghs.gov.bd/images/docs/vpr/20220819_dengue_all.pdf
2022-08-20,http://old.dghs.gov.bd/images/docs/vpr/20220820_dengue_all.pdf,20250528163414,https://web.archive.org/web/20250528163414id_/http://old.dghs.gov.bd/images/docs/vpr/20220820_dengue_all.pdf
2022-08-21,http://old.dghs.gov.bd/images/docs/vpr/20220821_dengue_all.pdf,20250528163510,https://web.archive.org/web/20250528163510id_/http://old.dghs.gov.bd/images/docs/vpr/20220821_dengue_all.pdf
2022-08-22,http://old.dghs.gov.bd/images/docs/vpr/20220822_dengue_all.pdf,20250528163648,https://web.archive.org/web/20250528163648id_/http://old.dghs.gov.bd/images/docs/vpr/20220822_dengue_all.pdf
2022-08-23,http://old.dghs.gov.bd/images/docs/vpr/20220823_dengue_all.pdf,20250528163446,https://web.archive.org/web/20250528163446id_/http://old.dghs.gov.bd/images/docs/vpr/20220823_dengue_all.pdf
2022-08-24,http://old.dghs.gov.bd/images/docs/vpr/20220824_dengue_all.pdf,20250528163414,https://web.archive.org/web/20250528163414id_/http://old.dghs.gov.bd/images/docs/vpr/20220824_dengue_all.pdf
2022-08-25,http://old.dghs.gov.bd/images/docs/vpr/20220825_dengue_all.pdf,20250528163800,https://web.archive.org/web/20250528163800id_/http://old.dghs.gov.bd/images/docs/vpr/20220825_dengue_all.pdf
2022-08-26,http://old.dghs.gov.bd/images/docs/vpr/20220826_dengue_all.pdf,20250528163707,https://web.archive.org/web/20250528163707id_/http://old.dghs.gov.bd/images/docs/vpr/20220826_dengue_all.pdf
2022-08-27,http://old.dghs.gov.bd/images/docs/vpr/20220827_dengue_all.pdf,20250528163511,https://web.archive.org/web/20250528163511id_/http://old.dghs.gov.bd/images/docs/vpr/20220827_dengue_all.pdf
2022-08-28,http://old.dghs.gov.bd/images/docs/vpr/20220828_dengue_all.pdf,20250528163515,https://web.archive.org/web/20250528163515id_/http://old.dghs.gov.bd/images/docs/vpr/20220828_dengue_all.pdf
2022-08-29,http://old.dghs.gov.bd/images/docs/vpr/20220829_dengue_all.pdf,20250528163622,https://web.archive.org/web/20250528163622id_/http://old.dghs.gov.bd/images/docs/vpr/20220829_dengue_all.pdf
2022-08-30,http://old.dghs.gov.bd/images/docs/vpr/20220830_dengue_all.pdf,20250528163528,https://web.archive.org/web/20250528163528id_/http://old.dghs.gov.bd/images/docs/vpr/20220830_dengue_all.pdf
2022-08-31,http://old.dghs.gov.bd/images/docs/vpr/20220831_dengue_all.pdf,20250528164400,https://web.archive.org/web/20250528164400id_/http://old.dghs.gov.bd/images/docs/vpr/20220831_dengue_all.pdf
2022-09-01,http://old.dghs.gov.bd/images/docs/vpr/20220901_dengue_all.pdf,20250528163556,https://web.archive.org/web/20250528163556id_/http://old.dghs.gov.bd/images/docs/vpr/20220901_dengue_all.pdf
2022-09-02,http://old.dghs.gov.bd/images/docs/vpr/20220902_dengue_all.pdf,20250528163524,https://web.archive.org/web/20250528163524id_/http://old.dghs.gov.bd/images/docs/vpr/20220902_dengue_all.pdf
2022-09-03,http://old.dghs.gov.bd/images/docs/vpr/20220903_dengue_all.pdf,20250528163459,https://web.archive.org/web/20250528163459id_/http://old.dghs.gov.bd/images/docs/vpr/20220903_dengue_all.pdf
2022-09-04,http://old.dghs.gov.bd/images/docs/vpr/20220904_dengue_all.pdf,20250528163558,https://web.archive.org/web/20250528163558id_/http://old.dghs.gov.bd/images/docs/vpr/20220904_dengue_all.pdf
2022-09-05,http://old.dghs.gov.bd/images/docs/vpr/20220905_dengue_all.pdf,20250528163522,https://web.archive.org/web/20250528163522id_/http://old.dghs.gov.bd/images/docs/vpr/20220905_dengue_all.pdf
2022-09-06,http://old.dghs.gov.bd/images/docs/vpr/20220906_dengue_all.pdf,20250528163546,https://web.archive.org/web/20250528163546id_/http://old.dghs.gov.bd/images/docs/vpr/20220906_dengue_all.pdf
2022-09-07,http://old.dghs.gov.bd/images/docs/vpr/20220907_dengue_all.pdf,20250528163634,https://web.archive.org/web/20250528163634id_/http://old.dghs.gov.bd/images/docs/vpr/20220907_dengue_all.pdf
2022-09-08,http://old.dghs.gov.bd/images/docs/vpr/20220908_dengue_all.pdf,20250528163448,https://web.archive.org/web/20250528163448id_/http://old.dghs.gov.bd/images/docs/vpr/20220908_dengue_all.pdf
2022-09-09,http://old.dghs.gov.bd/images/docs/vpr/20220909_dengue_all.pdf,20250528163454,https://web.archive.org/web/20250528163454id_/http://old.dghs.gov.bd/images/docs/vpr/20220909_dengue_all.pdf
2022-09-10,http://old.dghs.gov.bd/images/docs/vpr/20220910_dengue_all.pdf,20250528163443,https://web.archive.org/web/20250528163443id_/http://old.dghs.gov.bd/images/docs/vpr/20220910_dengue_all.pdf
2022-09-11,http://old.dghs.gov.bd/images/docs/vpr/20220911_dengue_all.pdf,20250528163732,https://web.archive.org/web/20250528163732id_/http://old.dghs.gov.bd/images/docs/vpr/20220911_dengue_all.pdf
2022-09-12,http://old.dghs.gov.bd/images/docs/vpr/20220912_dengue_all.pdf,20250528163428,https://web.archive.org/web/20250528163428id_/http://old.dghs.gov.bd/images/docs/vpr/20220912_dengue_all.pdf
2022-09-13,http://old.dghs.gov.bd/images/docs/vpr/20220913_dengue_all.pdf,20250528163649,https://web.archive.org/web/20250528163649id_/http://old.dghs.gov.bd/images/docs/vpr/20220913_dengue_all.pdf
2022-09-14,http://old.dghs.gov.bd/images/docs/vpr/20220914_dengue_all.pdf,20250528163435,https://web.archive.org/web/20250528163435id_/http://old.dghs.gov.bd/images/docs/vpr/20220914_dengue_all.pdf
2022-09-15,http://old.dghs.gov.bd/images/docs/vpr/20220915_dengue_all.pdf,20250528163527,https://web.archive.org/web/20250528163527id_/http://old.dghs.gov.bd/images/docs/vpr/20220915_dengue_all.pdf
2022-09-16,http://old.dghs.gov.bd/images/docs/vpr/20220916_dengue_all.pdf,20250528173154,https://web.archive.org/web/20250528173154id_/http://old.dghs.gov.bd/images/docs/vpr/20220916_dengue_all.pdf
2022-09-17,http://old.dghs.gov.bd/images/docs/vpr/20220917_dengue_all.pdf,20250528163540,https://web.archive.org/web/20250528163540id_/http://old.dghs.gov.bd/images/docs/vpr/20220917_dengue_all.pdf
2022-09-18,http://old.dghs.gov.bd/images/docs/vpr/20220918_dengue_all.pdf,20250528163539,https://web.archive.org/web/20250528163539id_/http://old.dghs.gov.bd/images/docs/vpr/20220918_dengue_all.pdf
2022-09-19,http://old.dghs.gov.bd/images/docs/vpr/20220919_dengue_all.pdf,20250528163758,https://web.archive.org/web/20250528163758id_/http://old.dghs.gov.bd/images/docs/vpr/20220919_dengue_all.pdf
2022-09-20,http://old.dghs.gov.bd/images/docs/vpr/20220920_dengue_all.pdf,20250528163739,https://web.archive.org/web/20250528163739id_/http://old.dghs.gov.bd/images/docs/vpr/20220920_dengue_all.pdf
2022-09-21,http://old.dghs.gov.bd/images/docs/vpr/20220921_dengue_all.pdf,20250528163449,https://web.archive.org/web/20250528163449id_/http://old.dghs.gov.bd/images/docs/vpr/20220921_dengue_all.pdf
2022-09-22,http://old.dghs.gov.bd/images/docs/vpr/20220922_dengue_all.pdf,20250528163625,https://web.archive.org/web/20250528163625id_/http://old.dghs.gov.bd/images/docs/vpr/20220922_dengue_all.pdf
2022-09-23,http://old.dghs.gov.bd/images/docs/vpr/20220923_dengue_all.pdf,20250528163422,https://web.archive.org/web/20250528163422id_/http://old.dghs.gov.bd/images/docs/vpr/20220923_dengue_all.pdf
2022-09-24,http://old.dghs.gov.bd/images/docs/vpr/20220924_dengue_all.pdf,20250528163526,https://web.archive.org/web/20250528163526id_/http://old.dghs.gov.bd/images/docs/vpr/20220924_dengue_all.pdf
2022-09-25,http://old.dghs.gov.bd/images/docs/vpr/20220925_dengue_all.pdf,20250528163622,https://web.archive.org/web/20250528163622id_/http://old.dghs.gov.bd/images/docs/vpr/20220925_dengue_all.pdf
2022-09-26,http://old.dghs.gov.bd/images/docs/vpr/20220926_dengue_all.pdf,20250528163433,https://web.archive.org/web/20250528163433id_/http://old.dghs.gov.bd/images/docs/vpr/20220926_dengue_all.pdf
2022-09-27,http://old.dghs.gov.bd/images/docs/vpr/20220927_dengue_all.pdf,20250528163525,https://web.archive.org/web/20250528163525id_/http://old.dghs.gov.bd/images/docs/vpr/20220927_dengue_all.pdf
2022-09-28,http://old.dghs.gov.bd/images/docs/vpr/20220928_dengue_all.pdf,20250528163542,https://web.archive.org/web/20250528163542id_/http://old.dghs.gov.bd/images/docs/vpr/20220928_dengue_all.pdf
2022-09-29,http://old.dghs.gov.bd/images/docs/vpr/20220929_dengue_all.pdf,20250528163500,https://web.archive.org/web/20250528163500id_/http://old.dghs.gov.bd/images/docs/vpr/20220929_dengue_all.pdf
2022-09-30,http://old.dghs.gov.bd/images/docs/vpr/20220930_dengue_all.pdf,20250528163633,https://web.archive.org/web/20250528163633id_/http://old.dghs.gov.bd/images/docs/vpr/20220930_dengue_all.pdf
2022-10-01,http://old.dghs.gov.bd/images/docs/vpr/20221001_dengue_all.pdf,20250528163543,https://web.archive.org/web/20250528163543id_/http://old.dghs.gov.bd/images/docs/vpr/20221001_dengue_all.pdf
2022-10-02,http://old.dghs.gov.bd/images/docs/vpr/20221002_dengue_all.pdf,20250528163443,https://web.archive.org/web/20250528163443id_/http://old.dghs.gov.bd/images/docs/vpr/20221002_dengue_all.pdf
2022-10-03,http://old.dghs.gov.bd/images/docs/vpr/20221003_dengue_all.pdf,20250528163653,https://web.archive.org/web/20250528163653id_/http://old.dghs.gov.bd/images/docs/vpr/20221003_dengue_all.pdf
2022-10-04,http://old.dghs.gov.bd/images/docs/vpr/20221004_dengue_all.pdf,20250528163558,https://web.archive.org/web/20250528163558id_/http://old.dghs.gov.bd/images/docs/vpr/20221004_dengue_all.pdf
2022-10-05,http://old.dghs.gov.bd/images/docs/vpr/20221005_dengue_all.pdf,20250528163610,https://web.archive.org/web/20250528163610id_/http://old.dghs.gov.bd/images/docs/vpr/20221005_dengue_all.pdf
2022-10-06,http://old.dghs.gov.bd/images/docs/vpr/20221006_dengue_all.pdf,20250528163509,https://web.archive.org/web/20250528163509id_/http://old.dghs.gov.bd/images/docs/vpr/20221006_dengue_all.pdf
2022-10-07,http://old.dghs.gov.bd/images/docs/vpr/20221007_dengue_all.pdf,20250528163611,https://web.archive.org/web/20250528163611id_/http://old.dghs.gov.bd/images/docs/vpr/20221007_dengue_all.pdf
2022-10-08,http://old.dghs.gov.bd/images/docs/vpr/20221008_dengue_all.pdf,20250528163518,https://web.archive.org/web/20250528163518id_/http://old.dghs.gov.bd/images/docs/vpr/20221008_dengue_all.pdf
2022-10-09,http://old.dghs.gov.bd/images/docs/vpr/20221009_dengue_all.pdf,20250528163530,https://web.archive.org/web/20250528163530id_/http://old.dghs.gov.bd/images/docs/vpr/20221009_dengue_all.pdf
2022-10-10,http://old.dghs.gov.bd/images/docs/vpr/20221010_dengue_all.pdf,20250528163613,https://web.archive.org/web/20250528163613id_/http://old.dghs.gov.bd/images/docs/vpr/20221010_dengue_all.pdf
2022-10-11,http://old.dghs.gov.bd/images/docs/vpr/20221011_dengue_all.pdf,20250528163631,https://web.archive.org/web/20250528163631id_/http://old.dghs.gov.bd/images/docs/vpr/20221011_dengue_all.pdf
2022-10-12,http://old.dghs.gov.bd/images/docs/vpr/20221012_dengue_all.pdf,20250528163414,https://web.archive.org/web/20250528163414id_/http://old.dghs.gov.bd/images/docs/vpr/20221012_dengue_all.pdf
2022-10-13,http://old.dghs.gov.bd/images/docs/vpr/20221013_dengue_all.pdf,20250528163908,https://web.archive.org/web/20250528163908id_/http://old.dghs.gov.bd/images/docs/vpr/20221013_dengue_all.pdf
2022-10-14,http://old.dghs.gov.bd/images/docs/vpr/20221014_dengue_all.pdf,20250528163630,https://web.archive.org/web/20250528163630id_/http://old.dghs.gov.bd/images/docs/vpr/20221014_dengue_all.pdf
2022-10-15,http://old.dghs.gov.bd/images/docs/vpr/20221015_dengue_all.pdf,20250528163521,https://web.archive.org/web/20250528163521id_/http://old.dghs.gov.bd/images/docs/vpr/20221015_dengue_all.pdf
2022-10-16,http://old.dghs.gov.bd/images/docs/vpr/20221016_dengue_all.pdf,20250528164317,https://web.archive.org/web/20250528164317id_/http://old.dghs.gov.bd/images/docs/vpr/20221016_dengue_all.pdf
2022-10-17,http://old.dghs.gov.bd/images/docs/vpr/20221017_dengue_all.pdf,20250528163439,https://web.archive.org/web/20250528163439id_/http://old.dghs.gov.bd/images/docs/vpr/20221017_dengue_all.pdf
2022-10-18,http://old.dghs.gov.bd/images/docs/vpr/20221018_dengue_all.pdf,20250528163442,https://web.archive.org/web/20250528163442id_/http://old.dghs.gov.bd/images/docs/vpr/20221018_dengue_all.pdf
2022-10-19,http://old.dghs.gov.bd/images/docs/vpr/20221019_dengue_all.pdf,20250528163548,https://web.archive.org/web/20250528163548id_/http://old.dghs.gov.bd/images/docs/vpr/20221019_dengue_all.pdf
2022-10-20,http://old.dghs.gov.bd/images/docs/vpr/20221020_dengue_all.pdf,20250528163812,https://web.archive.org/web/20250528163812id_/http://old.dghs.gov.bd/images/docs/vpr/20221020_dengue_all.pdf
2022-10-21,http://old.dghs.gov.bd/images/docs/vpr/20221021_dengue_all.pdf,20250528163438,https://web.archive.org/web/20250528163438id_/http://old.dghs.gov.bd/images/docs/vpr/20221021_dengue_all.pdf
2022-10-22,http://old.dghs.gov.bd/images/docs/vpr/20221022_dengue_all.pdf,20250528163853,https://web.archive.org/web/20250528163853id_/http://old.dghs.gov.bd/images/docs/vpr/20221022_dengue_all.pdf
2022-10-23,http://old.dghs.gov.bd/images/docs/vpr/20221023_dengue_all.pdf,20250528163412,https://web.archive.org/web/20250528163412id_/http://old.dghs.gov.bd/images/docs/vpr/20221023_dengue_all.pdf
2022-10-24,http://old.dghs.gov.bd/images/docs/vpr/20221024_dengue_all.pdf,20250528163557,https://web.archive.org/web/20250528163557id_/http://old.dghs.gov.bd/images/docs/vpr/20221024_dengue_all.pdf
2022-10-25,http://old.dghs.gov.bd/images/docs/vpr/20221025_dengue_all.pdf,20250528163556,https://web.archive.org/web/20250528163556id_/http://old.dghs.gov.bd/images/docs/vpr/20221025_dengue_all.pdf
2022-10-26,http://old.dghs.gov.bd/images/docs/vpr/20221026_dengue_all.pdf,20250528163527,https://web.archive.org/web/20250528163527id_/http://old.dghs.gov.bd/images/docs/vpr/20221026_dengue_all.pdf
2022-10-27,http://old.dghs.gov.bd/images/docs/vpr/20221027_dengue_all.pdf,20250528163718,https://web.archive.org/web/20250528163718id_/http://old.dghs.gov.bd/images/docs/vpr/20221027_dengue_all.pdf
2022-10-28,http://old.dghs.gov.bd/images/docs/vpr/20221028_dengue_all.pdf,20250528163433,https://web.archive.org/web/20250528163433id_/http://old.dghs.gov.bd/images/docs/vpr/20221028_dengue_all.pdf
2022-10-29,http://old.dghs.gov.bd/images/docs/vpr/20221029_dengue_all.pdf,20250528163557,https://web.archive.org/web/20250528163557id_/http://old.dghs.gov.bd/images/docs/vpr/20221029_dengue_all.pdf
2022-10-30,http://old.dghs.gov.bd/images/docs/vpr/20221030_dengue_all.pdf,20250528163548,https://web.archive.org/web/20250528163548id_/http://old.dghs.gov.bd/images/docs/vpr/20221030_dengue_all.pdf
2022-10-31,http://old.dghs.gov.bd/images/docs/vpr/20221031_dengue_all.pdf,20250528163717,https://web.archive.org/web/20250528163717id_/http://old.dghs.gov.bd/images/docs/vpr/20221031_dengue_all.pdf
2022-11-01,http://old.dghs.gov.bd/images/docs/vpr/20221101_dengue_all.pdf,20250528163646,https://web.archive.org/web/20250528163646id_/http://old.dghs.gov.bd/images/docs/vpr/20221101_dengue_all.pdf
2022-11-02,http://old.dghs.gov.bd/images/docs/vpr/20221102_dengue_all.pdf,20250528163638,https://web.archive.org/web/20250528163638id_/http://old.dghs.gov.bd/images/docs/vpr/20221102_dengue_all.pdf
2022-11-03,http://old.dghs.gov.bd/images/docs/vpr/20221103_dengue_all.pdf,20250528164900,https://web.archive.org/web/20250528164900id_/http://old.dghs.gov.bd/images/docs/vpr/20221103_dengue_all.pdf
2022-11-04,http://old.dghs.gov.bd/images/docs/vpr/20221104_dengue_all.pdf,20250528163501,https://web.archive.org/web/20250528163501id_/http://old.dghs.gov.bd/images/docs/vpr/20221104_dengue_all.pdf
2022-11-05,http://old.dghs.gov.bd/images/docs/vpr/20221105_dengue_all.pdf,20250528163652,https://web.archive.org/web/20250528163652id_/http://old.dghs.gov.bd/images/docs/vpr/20221105_dengue_all.pdf
2022-11-06,http://old.dghs.gov.bd/images/docs/vpr/20221106_dengue_all.pdf,20250528163500,https://web.archive.org/web/20250528163500id_/http://old.dghs.gov.bd/images/docs/vpr/20221106_dengue_all.pdf
2022-11-07,http://old.dghs.gov.bd/images/docs/vpr/20221107_dengue_all.pdf,20250528163521,https://web.archive.org/web/20250528163521id_/http://old.dghs.gov.bd/images/docs/vpr/20221107_dengue_all.pdf
2022-11-08,http://old.dghs.gov.bd/images/docs/vpr/20221108_dengue_all.pdf,20250528163844,https://web.archive.org/web/20250528163844id_/http://old.dghs.gov.bd/images/docs/vpr/20221108_dengue_all.pdf
2022-11-09,http://old.dghs.gov.bd/images/docs/vpr/20221109_dengue_all.pdf,20250528163509,https://web.archive.org/web/20250528163509id_/http://old.dghs.gov.bd/images/docs/vpr/20221109_dengue_all.pdf
2022-11-10,http://old.dghs.gov.bd/images/docs/vpr/20221110_dengue_all.pdf,20250528163604,https://web.archive.org/web/20250528163604id_/http://old.dghs.gov.bd/images/docs/vpr/20221110_dengue_all.pdf
2022-11-11,http://old.dghs.gov.bd/images/docs/vpr/20221111_dengue_all.pdf,20250528163604,https://web.archive.org/web/20250528163604id_/http://old.dghs.gov.bd/images/docs/vpr/20221111_dengue_all.pdf
2022-11-12,http://old.dghs.gov.bd/images/docs/vpr/20221112_dengue_all.pdf,20250528163535,https://web.archive.org/web/20250528163535id_/http://old.dghs.gov.bd/images/docs/vpr/20221112_dengue_all.pdf
2022-11-13,http://old.dghs.gov.bd/images/docs/vpr/20221113_dengue_all.pdf,20250528164638,https://web.archive.org/web/20250528164638id_/http://old.dghs.gov.bd/images/docs/vpr/20221113_dengue_all.pdf
2022-11-14,http://old.dghs.gov.bd/images/docs/vpr/20221114_dengue_all.pdf,20250528163612,https://web.archive.org/web/20250528163612id_/http://old.dghs.gov.bd/images/docs/vpr/20221114_dengue_all.pdf
2022-11-15,http://old.dghs.gov.bd/images/docs/vpr/20221115_dengue_all.pdf,20250528164218,https://web.archive.org/web/20250528164218id_/http://old.dghs.gov.bd/images/docs/vpr/20221115_dengue_all.pdf
2022-11-16,http://old.dghs.gov.bd/images/docs/vpr/20221116_dengue_all.pdf,20250528163524,https://web.archive.org/web/20250528163524id_/http://old.dghs.gov.bd/images/docs/vpr/20221116_dengue_all.pdf
2022-11-17,http://old.dghs.gov.bd/images/docs/vpr/20221117_dengue_all.pdf,20250528163551,https://web.archive.org/web/20250528163551id_/http://old.dghs.gov.bd/images/docs/vpr/20221117_dengue_all.pdf
2022-11-18,http://old.dghs.gov.bd/images/docs/vpr/20221118_dengue_all.pdf,20250528163435,https://web.archive.org/web/20250528163435id_/http://old.dghs.gov.bd/images/docs/vpr/20221118_dengue_all.pdf
2022-11-19,http://old.dghs.gov.bd/images/docs/vpr/20221119_dengue_all.pdf,20250528163415,https://web.archive.org/web/20250528163415id_/http://old.dghs.gov.bd/images/docs/vpr/20221119_dengue_all.pdf
2022-11-20,http://old.dghs.gov.bd/images/docs/vpr/20221120_dengue_all.pdf,20250528163726,https://web.archive.org/web/20250528163726id_/http://old.dghs.gov.bd/images/docs/vpr/20221120_dengue_all.pdf
2022-11-21,http://old.dghs.gov.bd/images/docs/vpr/20221121_dengue_all.pdf,20250528163542,https://web.archive.org/web/20250528163542id_/http://old.dghs.gov.bd/images/docs/vpr/20221121_dengue_all.pdf
2022-11-22,http://old.dghs.gov.bd/images/docs/vpr/20221122_dengue_all.pdf,20250528163413,https://web.archive.org/web/20250528163413id_/http://old.dghs.gov.bd/images/docs/vpr/20221122_dengue_all.pdf
2022-11-23,http://old.dghs.gov.bd/images/docs/vpr/20221123_dengue_all.pdf,20250528163736,https://web.archive.org/web/20250528163736id_/http://old.dghs.gov.bd/images/docs/vpr/20221123_dengue_all.pdf
2022-11-24,http://old.dghs.gov.bd/images/docs/vpr/20221124_dengue_all.pdf,20250528163550,https://web.archive.org/web/20250528163550id_/http://old.dghs.gov.bd/images/docs/vpr/20221124_dengue_all.pdf
2022-11-25,http://old.dghs.gov.bd/images/docs/vpr/20221125_dengue_all.pdf,20250528163716,https://web.archive.org/web/20250528163716id_/http://old.dghs.gov.bd/images/docs/vpr/20221125_dengue_all.pdf
2022-11-26,http://old.dghs.gov.bd/images/docs/vpr/20221126_dengue_all.pdf,20250528163418,https://web.archive.org/web/20250528163418id_/http://old.dghs.gov.bd/images/docs/vpr/20221126_dengue_all.pdf
2022-11-27,http://old.dghs.gov.bd/images/docs/vpr/20221127_dengue_all.pdf,20250528163526,https://web.archive.org/web/20250528163526id_/http://old.dghs.gov.bd/images/docs/vpr/20221127_dengue_all.pdf
2022-11-28,http://old.dghs.gov.bd/images/docs/vpr/20221128_dengue_all.pdf,20250528163550,https://web.archive.org/web/20250528163550id_/http://old.dghs.gov.bd/images/docs/vpr/20221128_dengue_all.pdf
2022-11-29,http://old.dghs.gov.bd/images/docs/vpr/20221129_dengue_all.pdf,20250528163554,https://web.archive.org/web/20250528163554id_/http://old.dghs.gov.bd/images/docs/vpr/20221129_dengue_all.pdf
2022-11-30,http://old.dghs.gov.bd/images/docs/vpr/20221130_dengue_all.pdf,20250528163452,https://web.archive.org/web/20250528163452id_/http://old.dghs.gov.bd/images/docs/vpr/20221130_dengue_all.pdf
2022-12-01,http://old.dghs.gov.bd/images/docs/vpr/20221201_dengue_all.pdf,20250528163645,https://web.archive.org/web/20250528163645id_/http://old.dghs.gov.bd/images/docs/vpr/20221201_dengue_all.pdf
2022-12-02,http://old.dghs.gov.bd/images/docs/vpr/20221202_dengue_all.pdf,20250528163939,https://web.archive.org/web/20250528163939id_/http://old.dghs.gov.bd/images/docs/vpr/20221202_dengue_all.pdf
2022-12-03,http://old.dghs.gov.bd/images/docs/vpr/20221203_dengue_all.pdf,20250528163450,https://web.archive.org/web/20250528163450id_/http://old.dghs.gov.bd/images/docs/vpr/20221203_dengue_all.pdf
2022-12-04,http://old.dghs.gov.bd/images/docs/vpr/20221204_dengue_all.pdf,20250528163625,https://web.archive.org/web/20250528163625id_/http://old.dghs.gov.bd/images/docs/vpr/20221204_dengue_all.pdf
2022-12-05,http://old.dghs.gov.bd/images/docs/vpr/20221205_dengue_all.pdf,20250528163649,https://web.archive.org/web/20250528163649id_/http://old.dghs.gov.bd/images/docs/vpr/20221205_dengue_all.pdf
2022-12-06,http://old.dghs.gov.bd/images/docs/vpr/20221206_dengue_all.pdf,20250528163521,https://web.archive.org/web/20250528163521id_/http://old.dghs.gov.bd/images/docs/vpr/20221206_dengue_all.pdf
2022-12-07,http://old.dghs.gov.bd/images/docs/vpr/20221207_dengue_all.pdf,20250528163422,https://web.archive.org/web/20250528163422id_/http://old.dghs.gov.bd/images/docs/vpr/20221207_dengue_all.pdf
2022-12-08,http://old.dghs.gov.bd/images/docs/vpr/20221208_dengue_all.pdf,20250528163518,https://web.archive.org/web/20250528163518id_/http://old.dghs.gov.bd/images/docs/vpr/20221208_dengue_all.pdf
2022-12-09,http://old.dghs.gov.bd/images/docs/vpr/20221209_dengue_all.pdf,20250528163639,https://web.archive.org/web/20250528163639id_/http://old.dghs.gov.bd/images/docs/vpr/20221209_dengue_all.pdf
2022-12-10,https://old.dghs.gov.bd/images/docs/vpr/20221210_dengue_all.pdf,20230314053118,https://web.archive.org/web/20230314053118id_/https://old.dghs.gov.bd/images/docs/vpr/20221210_dengue_all.pdf
2022-12-11,http://old.dghs.gov.bd/images/docs/vpr/20221211_dengue_all.pdf,20250528163458,https://web.archive.org/web/20250528163458id_/http://old.dghs.gov.bd/images/docs/vpr/20221211_dengue_all.pdf
2022-12-12,http://old.dghs.gov.bd/images/docs/vpr/20221212_dengue_all.pdf,20250528163907,https://web.archive.org/web/20250528163907id_/http://old.dghs.gov.bd/images/docs/vpr/20221212_dengue_all.pdf
2022-12-13,http://old.dghs.gov.bd/images/docs/vpr/20221213_dengue_all.pdf,20250528163452,https://web.archive.org/web/20250528163452id_/http://old.dghs.gov.bd/images/docs/vpr/20221213_dengue_all.pdf
2022-12-14,http://old.dghs.gov.bd/images/docs/vpr/20221214_dengue_all.pdf,20250528163602,https://web.archive.org/web/20250528163602id_/http://old.dghs.gov.bd/images/docs/vpr/20221214_dengue_all.pdf
2022-12-15,http://old.dghs.gov.bd/images/docs/vpr/20221215_dengue_all.pdf,20250528163548,https://web.archive.org/web/20250528163548id_/http://old.dghs.gov.bd/images/docs/vpr/20221215_dengue_all.pdf
2022-12-16,http://old.dghs.gov.bd/images/docs/vpr/20221216_dengue_all.pdf,20250528163513,https://web.archive.org/web/20250528163513id_/http://old.dghs.gov.bd/images/docs/vpr/20221216_dengue_all.pdf
2022-12-17,https://old.dghs.gov.bd/images/docs/vpr/20221217_dengue_all.pdf,20221224051433,https://web.archive.org/web/20221224051433id_/https://old.dghs.gov.bd/images/docs/vpr/20221217_dengue_all.pdf
2022-12-18,http://old.dghs.gov.bd/images/docs/vpr/20221218_dengue_all.pdf,20250528163432,https://web.archive.org/web/20250528163432id_/http://old.dghs.gov.bd/images/docs/vpr/20221218_dengue_all.pdf
2022-12-19,http://old.dghs.gov.bd/images/docs/vpr/20221219_dengue_all.pdf,20250528163533,https://web.archive.org/web/20250528163533id_/http://old.dghs.gov.bd/images/docs/vpr/20221219_dengue_all.pdf
2022-12-20,http://old.dghs.gov.bd/images/docs/vpr/20221220_dengue_all.pdf,20250528163431,https://web.archive.org/web/20250528163431id_/http://old.dghs.gov.bd/images/docs/vpr/20221220_dengue_all.pdf
2022-12-21,http://old.dghs.gov.bd/images/docs/vpr/20221221_dengue_all.pdf,20250528163816,https://web.archive.org/web/20250528163816id_/http://old.dghs.gov.bd/images/docs/vpr/20221221_dengue_all.pdf
2022-12-22,http://old.dghs.gov.bd/images/docs/vpr/20221222_dengue_all.pdf,20250528163453,https://web.archive.org/web/20250528163453id_/http://old.dghs.gov.bd/images/docs/vpr/20221222_dengue_all.pdf
2022-12-23,http://old.dghs.gov.bd/images/docs/vpr/20221223_dengue_all.pdf,20250528163545,https://web.archive.org/web/20250528163545id_/http://old.dghs.gov.bd/images/docs/vpr/20221223_dengue_all.pdf
2022-12-24,http://old.dghs.gov.bd/images/docs/vpr/20221224_dengue_all.pdf,20250528163928,https://web.archive.org/web/20250528163928id_/http://old.dghs.gov.bd/images/docs/vpr/20221224_dengue_all.pdf
2022-12-25,http://old.dghs.gov.bd/images/docs/vpr/20221225_dengue_all.pdf,20250528163514,https://web.archive.org/web/20250528163514id_/http://old.dghs.gov.bd/images/docs/vpr/20221225_dengue_all.pdf
2022-12-26,http://old.dghs.gov.bd/images/docs/vpr/20221226_dengue_all.pdf,20250528163458,https://web.archive.org/web/20250528163458id_/http://old.dghs.gov.bd/images/docs/vpr/20221226_dengue_all.pdf
2022-12-27,http://old.dghs.gov.bd/images/docs/vpr/20221227_dengue_all.pdf,20250528163528,https://web.archive.org/web/20250528163528id_/http://old.dghs.gov.bd/images/docs/vpr/20221227_dengue_all.pdf
2022-12-28,http://old.dghs.gov.bd/images/docs/vpr/20221228_dengue_all.pdf,20250528163628,https://web.archive.org/web/20250528163628id_/http://old.dghs.gov.bd/images/docs/vpr/20221228_dengue_all.pdf
2022-12-29,http://old.dghs.gov.bd/images/docs/vpr/20221229_dengue_all.pdf,20250528164530,https://web.archive.org/web/20250528164530id_/http://old.dghs.gov.bd/images/docs/vpr/20221229_dengue_all.pdf
2022-12-30,http://old.dghs.gov.bd/images/docs/vpr/20221230_dengue_all.pdf,20250528163509,https://web.archive.org/web/20250528163509id_/http://old.dghs.gov.bd/images/docs/vpr/20221230_dengue_all.pdf
2022-12-31,https://old.dghs.gov.bd/images/docs/vpr/20221231_dengue_all.pdf,20230128081755,https://web.archive.org/web/20230128081755id_/https://old.dghs.gov.bd/images/docs/vpr/20221231_dengue_all.pdf
2023-01-01,http://old.dghs.gov.bd/images/docs/vpr/20230101_dengue_all.pdf,20250528163426,https://web.archive.org/web/20250528163426id_/http://old.dghs.gov.bd/images/docs/vpr/20230101_dengue_all.pdf
2023-01-02,http://old.dghs.gov.bd/images/docs/vpr/20230102_dengue_all.pdf,20250528163428,https://web.archive.org/web/20250528163428id_/http://old.dghs.gov.bd/images/docs/vpr/20230102_dengue_all.pdf
2023-01-03,http://old.dghs.gov.bd/images/docs/vpr/20230103_dengue_all.pdf,20250528163751,https://web.archive.org/web/20250528163751id_/http://old.dghs.gov.bd/images/docs/vpr/20230103_dengue_all.pdf
2023-01-04,http://old.dghs.gov.bd/images/docs/vpr/20230104_dengue_all.pdf,20250528163501,https://web.archive.org/web/20250528163501id_/http://old.dghs.gov.bd/images/docs/vpr/20230104_dengue_all.pdf
2023-01-05,http://old.dghs.gov.bd/images/docs/vpr/20230105_dengue_all.pdf,20250528163432,https://web.archive.org/web/20250528163432id_/http://old.dghs.gov.bd/images/docs/vpr/20230105_dengue_all.pdf
2023-01-06,http://old.dghs.gov.bd/images/docs/vpr/20230106_dengue_all.pdf,20250528163429,https://web.archive.org/web/20250528163429id_/http://old.dghs.gov.bd/images/docs/vpr/20230106_dengue_all.pdf
2023-01-07,http://old.dghs.gov.bd/images/docs/vpr/20230107_dengue_all.pdf,20250528163605,https://web.archive.org/web/20250528163605id_/http://old.dghs.gov.bd/images/docs/vpr/20230107_dengue_all.pdf
2023-01-08,http://old.dghs.gov.bd/images/docs/vpr/20230108_dengue_all.pdf,20250528163521,https://web.archive.org/web/20250528163521id_/http://old.dghs.gov.bd/images/docs/vpr/20230108_dengue_all.pdf
2023-01-09,http://old.dghs.gov.bd/images/docs/vpr/20230109_dengue_all.pdf,20250528164324,https://web.archive.org/web/20250528164324id_/http://old.dghs.gov.bd/images/docs/vpr/20230109_dengue_all.pdf
2023-01-10,http://old.dghs.gov.bd/images/docs/vpr/20230110_dengue_all.pdf,20250528163516,https://web.archive.org/web/20250528163516id_/http://old.dghs.gov.bd/images/docs/vpr/20230110_dengue_all.pdf
2023-01-12,http://old.dghs.gov.bd/images/docs/vpr/20230112_dengue_all.pdf,20250528163652,https://web.archive.org/web/20250528163652id_/http://old.dghs.gov.bd/images/docs/vpr/20230112_dengue_all.pdf
2023-01-13,http://old.dghs.gov.bd/images/docs/vpr/20230113_dengue_all.pdf,20250528163434,https://web.archive.org/web/20250528163434id_/http://old.dghs.gov.bd/images/docs/vpr/20230113_dengue_all.pdf
2023-01-14,http://old.dghs.gov.bd/images/docs/vpr/20230114_dengue_all.pdf,20250528163517,https://web.archive.org/web/20250528163517id_/http://old.dghs.gov.bd/images/docs/vpr/20230114_dengue_all.pdf
2023-01-15,http://old.dghs.gov.bd/images/docs/vpr/20230115_dengue_all.pdf,20250528163533,https://web.archive.org/web/20250528163533id_/http://old.dghs.gov.bd/images/docs/vpr/20230115_dengue_all.pdf
2023-01-16,http://old.dghs.gov.bd/images/docs/vpr/20230116_dengue_all.pdf,20250528163535,https://web.archive.org/web/20250528163535id_/http://old.dghs.gov.bd/images/docs/vpr/20230116_dengue_all.pdf
2023-01-17,http://old.dghs.gov.bd/images/docs/vpr/20230117_dengue_all.pdf,20250528163455,https://web.archive.org/web/20250528163455id_/http://old.dghs.gov.bd/images/docs/vpr/20230117_dengue_all.pdf
2023-01-18,http://old.dghs.gov.bd/images/docs/vpr/20230118_dengue_all.pdf,20250528163540,https://web.archive.org/web/20250528163540id_/http://old.dghs.gov.bd/images/docs/vpr/20230118_dengue_all.pdf
2023-01-19,http://old.dghs.gov.bd/images/docs/vpr/20230119_dengue_all.pdf,20250528163636,https://web.archive.org/web/20250528163636id_/http://old.dghs.gov.bd/images/docs/vpr/20230119_dengue_all.pdf
2023-01-20,http://old.dghs.gov.bd/images/docs/vpr/20230120_dengue_all.pdf,20250528163421,https://web.archive.org/web/20250528163421id_/http://old.dghs.gov.bd/images/docs/vpr/20230120_dengue_all.pdf
2023-01-21,http://old.dghs.gov.bd/images/docs/vpr/20230121_dengue_all.pdf,20250528163858,https://web.archive.org/web/20250528163858id_/http://old.dghs.gov.bd/images/docs/vpr/20230121_dengue_all.pdf
2023-01-22,http://old.dghs.gov.bd/images/docs/vpr/20230122_dengue_all.pdf,20250528163548,https://web.archive.org/web/20250528163548id_/http://old.dghs.gov.bd/images/docs/vpr/20230122_dengue_all.pdf
2023-01-23,http://old.dghs.gov.bd/images/docs/vpr/20230123_dengue_all.pdf,20250528164123,https://web.archive.org/web/20250528164123id_/http://old.dghs.gov.bd/images/docs/vpr/20230123_dengue_all.pdf
2023-01-24,http://old.dghs.gov.bd/images/docs/vpr/20230124_dengue_all.pdf,20250528163430,https://web.archive.org/web/20250528163430id_/http://old.dghs.gov.bd/images/docs/vpr/20230124_dengue_all.pdf
2023-01-25,http://old.dghs.gov.bd/images/docs/vpr/20230125_dengue_all.pdf,20250529003028,https://web.archive.org/web/20250529003028id_/http://old.dghs.gov.bd/images/docs/vpr/20230125_dengue_all.pdf
2023-01-27,http://old.dghs.gov.bd/images/docs/vpr/20230127_dengue_all.pdf,20250528163423,https://web.archive.org/web/20250528163423id_/http://old.dghs.gov.bd/images/docs/vpr/20230127_dengue_all.pdf
2023-01-28,http://old.dghs.gov.bd/images/docs/vpr/20230128_dengue_all.pdf,20250528163601,https://web.archive.org/web/20250528163601id_/http://old.dghs.gov.bd/images/docs/vpr/20230128_dengue_all.pdf
2023-01-29,http://old.dghs.gov.bd/images/docs/vpr/20230129_dengue_all.pdf,20250528163412,https://web.archive.org/web/20250528163412id_/http://old.dghs.gov.bd/images/docs/vpr/20230129_dengue_all.pdf
2023-01-30,http://old.dghs.gov.bd/images/docs/vpr/20230130_dengue_all.pdf,20250528163437,https://web.archive.org/web/20250528163437id_/http://old.dghs.gov.bd/images/docs/vpr/20230130_dengue_all.pdf
2023-01-31,http://old.dghs.gov.bd/images/docs/vpr/20230131_dengue_all.pdf,20250528163706,https://web.archive.org/web/20250528163706id_/http://old.dghs.gov.bd/images/docs/vpr/20230131_dengue_all.pdf
2023-02-01,http://old.dghs.gov.bd/images/docs/vpr/20230201_dengue_all.pdf,20250528163440,https://web.archive.org/web/20250528163440id_/http://old.dghs.gov.bd/images/docs/vpr/20230201_dengue_all.pdf
2023-02-02,http://old.dghs.gov.bd/images/docs/vpr/20230202_dengue_all.pdf,20250528163455,https://web.archive.org/web/20250528163455id_/http://old.dghs.gov.bd/images/docs/vpr/20230202_dengue_all.pdf
2023-02-03,http://old.dghs.gov.bd/images/docs/vpr/20230203_dengue_all.pdf,20250528163532,https://web.archive.org/web/20250528163532id_/http://old.dghs.gov.bd/images/docs/vpr/20230203_dengue_all.pdf
2023-02-04,http://old.dghs.gov.bd/images/docs/vpr/20230204_dengue_all.pdf,20250528163638,https://web.archive.org/web/20250528163638id_/http://old.dghs.gov.bd/images/docs/vpr/20230204_dengue_all.pdf
2023-02-05,http://old.dghs.gov.bd/images/docs/vpr/20230205_dengue_all.pdf,20250528163631,https://web.archive.org/web/20250528163631id_/http://old.dghs.gov.bd/images/docs/vpr/20230205_dengue_all.pdf
2023-02-06,http://old.dghs.gov.bd/images/docs/vpr/20230206_dengue_all.pdf,20250528163852,https://web.archive.org/web/20250528163852id_/http://old.dghs.gov.bd/images/docs/vpr/20230206_dengue_all.pdf
2023-02-07,http://old.dghs.gov.bd/images/docs/vpr/20230207_dengue_all.pdf,20250528163531,https://web.archive.org/web/20250528163531id_/http://old.dghs.gov.bd/images/docs/vpr/20230207_dengue_all.pdf
2023-02-08,http://old.dghs.gov.bd/images/docs/vpr/20230208_dengue_all.pdf,20250528163509,https://web.archive.org/web/20250528163509id_/http://old.dghs.gov.bd/images/docs/vpr/20230208_dengue_all.pdf
2023-02-09,http://old.dghs.gov.bd/images/docs/vpr/20230209_dengue_all.pdf,20250528163546,https://web.archive.org/web/20250528163546id_/http://old.dghs.gov.bd/images/docs/vpr/20230209_dengue_all.pdf
2023-02-10,http://old.dghs.gov.bd/images/docs/vpr/20230210_dengue_all.pdf,20250528163508,https://web.archive.org/web/20250528163508id_/http://old.dghs.gov.bd/images/docs/vpr/20230210_dengue_all.pdf
2023-02-11,http://old.dghs.gov.bd/images/docs/vpr/20230211_dengue_all.pdf,20250528163911,https://web.archive.org/web/20250528163911id_/http://old.dghs.gov.bd/images/docs/vpr/20230211_dengue_all.pdf
2023-02-12,http://old.dghs.gov.bd/images/docs/vpr/20230212_dengue_all.pdf,20250528163611,https://web.archive.org/web/20250528163611id_/http://old.dghs.gov.bd/images/docs/vpr/20230212_dengue_all.pdf
2023-02-13,http://old.dghs.gov.bd/images/docs/vpr/20230213_dengue_all.pdf,20250528163518,https://web.archive.org/web/20250528163518id_/http://old.dghs.gov.bd/images/docs/vpr/20230213_dengue_all.pdf
2023-02-14,http://old.dghs.gov.bd/images/docs/vpr/20230214_dengue_all.pdf,20250528163620,https://web.archive.org/web/20250528163620id_/http://old.dghs.gov.bd/images/docs/vpr/20230214_dengue_all.pdf
2023-02-15,http://old.dghs.gov.bd/images/docs/vpr/20230215_dengue_all.pdf,20250528164046,https://web.archive.org/web/20250528164046id_/http://old.dghs.gov.bd/images/docs/vpr/20230215_dengue_all.pdf
2023-02-17,http://old.dghs.gov.bd/images/docs/vpr/20230217_dengue_all.pdf,20250528163823,https://web.archive.org/web/20250528163823id_/http://old.dghs.gov.bd/images/docs/vpr/20230217_dengue_all.pdf
2023-02-18,http://old.dghs.gov.bd/images/docs/vpr/20230218_dengue_all.pdf,20250528163518,https://web.archive.org/web/20250528163518id_/http://old.dghs.gov.bd/images/docs/vpr/20230218_dengue_all.pdf
2023-02-19,http://old.dghs.gov.bd/images/docs/vpr/20230219_dengue_all.pdf,20250528163417,https://web.archive.org/web/20250528163417id_/http://old.dghs.gov.bd/images/docs/vpr/20230219_dengue_all.pdf
2023-02-20,http://old.dghs.gov.bd/images/docs/vpr/20230220_dengue_all.pdf,20250528163506,https://web.archive.org/web/20250528163506id_/http://old.dghs.gov.bd/images/docs/vpr/20230220_dengue_all.pdf
2023-02-21,http://old.dghs.gov.bd/images/docs/vpr/20230221_dengue_all.pdf,20250528163554,https://web.archive.org/web/20250528163554id_/http://old.dghs.gov.bd/images/docs/vpr/20230221_dengue_all.pdf
2023-02-22,http://old.dghs.gov.bd/images/docs/vpr/20230222_dengue_all.pdf,20250528163445,https://web.archive.org/web/20250528163445id_/http://old.dghs.gov.bd/images/docs/vpr/20230222_dengue_all.pdf
2023-02-23,http://old.dghs.gov.bd/images/docs/vpr/20230223_dengue_all.pdf,20250528163531,https://web.archive.org/web/20250528163531id_/http://old.dghs.gov.bd/images/docs/vpr/20230223_dengue_all.pdf
2023-02-24,http://old.dghs.gov.bd/images/docs/vpr/20230224_dengue_all.pdf,20250528164005,https://web.archive.org/web/20250528164005id_/http://old.dghs.gov.bd/images/docs/vpr/20230224_dengue_all.pdf
2023-02-25,http://old.dghs.gov.bd/images/docs/vpr/20230225_dengue_all.pdf,20250528163501,https://web.archive.org/web/20250528163501id_/http://old.dghs.gov.bd/images/docs/vpr/20230225_dengue_all.pdf
2023-02-26,http://old.dghs.gov.bd/images/docs/vpr/20230226_dengue_all.pdf,20250528163552,https://web.archive.org/web/20250528163552id_/http://old.dghs.gov.bd/images/docs/vpr/20230226_dengue_all.pdf
2023-02-27,http://old.dghs.gov.bd/images/docs/vpr/20230227_dengue_all.pdf,20250528163623,https://web.archive.org/web/20250528163623id_/http://old.dghs.gov.bd/images/docs/vpr/20230227_dengue_all.pdf
2023-02-28,http://old.dghs.gov.bd/images/docs/vpr/20230228_dengue_all.pdf,20250528163413,https://web.archive.org/web/20250528163413id_/http://old.dghs.gov.bd/images/docs/vpr/20230228_dengue_all.pdf
2023-03-01,http://old.dghs.gov.bd/images/docs/vpr/20230301_dengue_all.pdf,20250528163441,https://web.archive.org/web/20250528163441id_/http://old.dghs.gov.bd/images/docs/vpr/20230301_dengue_all.pdf
2023-03-02,http://old.dghs.gov.bd/images/docs/vpr/20230302_dengue_all.pdf,20250528163516,https://web.archive.org/web/20250528163516id_/http://old.dghs.gov.bd/images/docs/vpr/20230302_dengue_all.pdf
2023-03-03,http://old.dghs.gov.bd/images/docs/vpr/20230303_dengue_all.pdf,20250528163605,https://web.archive.org/web/20250528163605id_/http://old.dghs.gov.bd/images/docs/vpr/20230303_dengue_all.pdf
2023-03-04,http://old.dghs.gov.bd/images/docs/vpr/20230304_dengue_all.pdf,20250528163519,https://web.archive.org/web/20250528163519id_/http://old.dghs.gov.bd/images/docs/vpr/20230304_dengue_all.pdf
2023-03-05,http://old.dghs.gov.bd/images/docs/vpr/20230305_dengue_all.pdf,20250528163556,https://web.archive.org/web/20250528163556id_/http://old.dghs.gov.bd/images/docs/vpr/20230305_dengue_all.pdf
2023-03-06,http://old.dghs.gov.bd/images/docs/vpr/20230306_dengue_all.pdf,20250528163418,https://web.archive.org/web/20250528163418id_/http://old.dghs.gov.bd/images/docs/vpr/20230306_dengue_all.pdf
2023-03-07,http://old.dghs.gov.bd/images/docs/vpr/20230307_dengue_all.pdf,20250528163546,https://web.archive.org/web/20250528163546id_/http://old.dghs.gov.bd/images/docs/vpr/20230307_dengue_all.pdf
2023-03-08,http://old.dghs.gov.bd/images/docs/vpr/20230308_dengue_all.pdf,20250528163447,https://web.archive.org/web/20250528163447id_/http://old.dghs.gov.bd/images/docs/vpr/20230308_dengue_all.pdf
2023-03-09,http://old.dghs.gov.bd/images/docs/vpr/20230309_dengue_all.pdf,20250528163419,https://web.archive.org/web/20250528163419id_/http://old.dghs.gov.bd/images/docs/vpr/20230309_dengue_all.pdf
2023-03-10,http://old.dghs.gov.bd/images/docs/vpr/20230310_dengue_all.pdf,20250528163546,https://web.archive.org/web/20250528163546id_/http://old.dghs.gov.bd/images/docs/vpr/20230310_dengue_all.pdf
2023-03-11,http://old.dghs.gov.bd/images/docs/vpr/20230311_dengue_all.pdf,20250528163559,https://web.archive.org/web/20250528163559id_/http://old.dghs.gov.bd/images/docs/vpr/20230311_dengue_all.pdf
2023-03-12,http://old.dghs.gov.bd/images/docs/vpr/20230312_dengue_all.pdf,20250528164511,https://web.archive.org/web/20250528164511id_/http://old.dghs.gov.bd/images/docs/vpr/20230312_dengue_all.pdf
2023-03-13,http://old.dghs.gov.bd/images/docs/vpr/20230313_dengue_all.pdf,20250528163628,https://web.archive.org/web/20250528163628id_/http://old.dghs.gov.bd/images/docs/vpr/20230313_dengue_all.pdf
2023-03-14,http://old.dghs.gov.bd/images/docs/vpr/20230314_dengue_all.pdf,20250528163428,https://web.archive.org/web/20250528163428id_/http://old.dghs.gov.bd/images/docs/vpr/20230314_dengue_all.pdf
2023-03-15,http://old.dghs.gov.bd/images/docs/vpr/20230315_dengue_all.pdf,20250528163443,https://web.archive.org/web/20250528163443id_/http://old.dghs.gov.bd/images/docs/vpr/20230315_dengue_all.pdf
2023-03-16,http://old.dghs.gov.bd/images/docs/vpr/20230316_dengue_all.pdf,20250528163427,https://web.archive.org/web/20250528163427id_/http://old.dghs.gov.bd/images/docs/vpr/20230316_dengue_all.pdf
2023-03-17,http://old.dghs.gov.bd/images/docs/vpr/20230317_dengue_all.pdf,20250528163418,https://web.archive.org/web/20250528163418id_/http://old.dghs.gov.bd/images/docs/vpr/20230317_dengue_all.pdf
2023-03-18,http://old.dghs.gov.bd/images/docs/vpr/20230318_dengue_all.pdf,20250528163701,https://web.archive.org/web/20250528163701id_/http://old.dghs.gov.bd/images/docs/vpr/20230318_dengue_all.pdf
2023-03-19,http://old.dghs.gov.bd/images/docs/vpr/20230319_dengue_all.pdf,20250528163538,https://web.archive.org/web/20250528163538id_/http://old.dghs.gov.bd/images/docs/vpr/20230319_dengue_all.pdf
2023-03-20,http://old.dghs.gov.bd/images/docs/vpr/20230320_dengue_all.pdf,20250528163448,https://web.archive.org/web/20250528163448id_/http://old.dghs.gov.bd/images/docs/vpr/20230320_dengue_all.pdf
2023-03-21,http://old.dghs.gov.bd/images/docs/vpr/20230321_dengue_all.pdf,20250528163414,https://web.archive.org/web/20250528163414id_/http://old.dghs.gov.bd/images/docs/vpr/20230321_dengue_all.pdf
2023-03-22,http://old.dghs.gov.bd/images/docs/vpr/20230322_dengue_all.pdf,20250529224811,https://web.archive.org/web/20250529224811id_/http://old.dghs.gov.bd/images/docs/vpr/20230322_dengue_all.pdf
2023-03-23,http://old.dghs.gov.bd/images/docs/vpr/20230323_dengue_all.pdf,20250528163431,https://web.archive.org/web/20250528163431id_/http://old.dghs.gov.bd/images/docs/vpr/20230323_dengue_all.pdf
2023-03-24,http://old.dghs.gov.bd/images/docs/vpr/20230324_dengue_all.pdf,20250528163458,https://web.archive.org/web/20250528163458id_/http://old.dghs.gov.bd/images/docs/vpr/20230324_dengue_all.pdf
2023-03-25,http://old.dghs.gov.bd/images/docs/vpr/20230325_dengue_all.pdf,20250528163414,https://web.archive.org/web/20250528163414id_/http://old.dghs.gov.bd/images/docs/vpr/20230325_dengue_all.pdf
2023-03-26,http://old.dghs.gov.bd/images/docs/vpr/20230326_dengue_all.pdf,20250528163523,https://web.archive.org/web/20250528163523id_/http://old.dghs.gov.bd/images/docs/vpr/20230326_dengue_all.pdf
2023-03-27,http://old.dghs.gov.bd/images/docs/vpr/20230327_dengue_all.pdf,20250528163505,https://web.archive.org/web/20250528163505id_/http://old.dghs.gov.bd/images/docs/vpr/20230327_dengue_all.pdf
2023-03-28,http://old.dghs.gov.bd/images/docs/vpr/20230328_dengue_all.pdf,20250528163447,https://web.archive.org/web/20250528163447id_/http://old.dghs.gov.bd/images/docs/vpr/20230328_dengue_all.pdf
2023-03-29,http://old.dghs.gov.bd/images/docs/vpr/20230329_dengue_all.pdf,20250528164255,https://web.archive.org/web/20250528164255id_/http://old.dghs.gov.bd/images/docs/vpr/20230329_dengue_all.pdf
2023-03-30,http://old.dghs.gov.bd/images/docs/vpr/20230330_dengue_all.pdf,20250528163608,https://web.archive.org/web/20250528163608id_/http://old.dghs.gov.bd/images/docs/vpr/20230330_dengue_all.pdf
2023-03-31,http://old.dghs.gov.bd/images/docs/vpr/20230331_dengue_all.pdf,20250528163501,https://web.archive.org/web/20250528163501id_/http://old.dghs.gov.bd/images/docs/vpr/20230331_dengue_all.pdf
2023-04-01,http://old.dghs.gov.bd/images/docs/vpr/20230401_dengue_all.pdf,20250528163721,https://web.archive.org/web/20250528163721id_/http://old.dghs.gov.bd/images/docs/vpr/20230401_dengue_all.pdf
2023-04-02,http://old.dghs.gov.bd/images/docs/vpr/20230402_dengue_all.pdf,20250528163519,https://web.archive.org/web/20250528163519id_/http://old.dghs.gov.bd/images/docs/vpr/20230402_dengue_all.pdf
2023-04-03,http://old.dghs.gov.bd/images/docs/vpr/20230403_dengue_all.pdf,20250528163542,https://web.archive.org/web/20250528163542id_/http://old.dghs.gov.bd/images/docs/vpr/20230403_dengue_all.pdf
2023-04-04,http://old.dghs.gov.bd/images/docs/vpr/20230404_dengue_all.pdf,20250528163454,https://web.archive.org/web/20250528163454id_/http://old.dghs.gov.bd/images/docs/vpr/20230404_dengue_all.pdf
2023-04-05,http://old.dghs.gov.bd/images/docs/vpr/20230405_dengue_all.pdf,20250528163517,https://web.archive.org/web/20250528163517id_/http://old.dghs.gov.bd/images/docs/vpr/20230405_dengue_all.pdf
2023-04-06,http://old.dghs.gov.bd/images/docs/vpr/20230406_dengue_all.pdf,20250528163529,https://web.archive.org/web/20250528163529id_/http://old.dghs.gov.bd/images/docs/vpr/20230406_dengue_all.pdf
2023-04-07,http://old.dghs.gov.bd/images/docs/vpr/20230407_dengue_all.pdf,20250528163623,https://web.archive.org/web/20250528163623id_/http://old.dghs.gov.bd/images/docs/vpr/20230407_dengue_all.pdf
2023-04-08,http://old.dghs.gov.bd/images/docs/vpr/20230408_dengue_all.pdf,20250528163535,https://web.archive.org/web/20250528163535id_/http://old.dghs.gov.bd/images/docs/vpr/20230408_dengue_all.pdf
2023-04-09,http://old.dghs.gov.bd/images/docs/vpr/20230409_dengue_all.pdf,20250528163525,https://web.archive.org/web/20250528163525id_/http://old.dghs.gov.bd/images/docs/vpr/20230409_dengue_all.pdf
2023-04-10,http://old.dghs.gov.bd/images/docs/vpr/20230410_dengue_all.pdf,20250528163656,https://web.archive.org/web/20250528163656id_/http://old.dghs.gov.bd/images/docs/vpr/20230410_dengue_all.pdf
2023-04-11,http://old.dghs.gov.bd/images/docs/vpr/20230411_dengue_all.pdf,20250528163443,https://web.archive.org/web/20250528163443id_/http://old.dghs.gov.bd/images/docs/vpr/20230411_dengue_all.pdf
2023-04-12,http://old.dghs.gov.bd/images/docs/vpr/20230412_dengue_all.pdf,20250528163444,https://web.archive.org/web/20250528163444id_/http://old.dghs.gov.bd/images/docs/vpr/20230412_dengue_all.pdf
2023-04-13,http://old.dghs.gov.bd/images/docs/vpr/20230413_dengue_all.pdf,20250528163439,https://web.archive.org/web/20250528163439id_/http://old.dghs.gov.bd/images/docs/vpr/20230413_dengue_all.pdf
2023-04-14,http://old.dghs.gov.bd/images/docs/vpr/20230414_dengue_all.pdf,20250528163557,https://web.archive.org/web/20250528163557id_/http://old.dghs.gov.bd/images/docs/vpr/20230414_dengue_all.pdf
2023-04-15,http://old.dghs.gov.bd/images/docs/vpr/20230415_dengue_all.pdf,20250528163500,https://web.archive.org/web/20250528163500id_/http://old.dghs.gov.bd/images/docs/vpr/20230415_dengue_all.pdf
2023-04-16,http://old.dghs.gov.bd/images/docs/vpr/20230416_dengue_all.pdf,20250528163535,https://web.archive.org/web/20250528163535id_/http://old.dghs.gov.bd/images/docs/vpr/20230416_dengue_all.pdf
2023-04-17,http://old.dghs.gov.bd/images/docs/vpr/20230417_dengue_all.pdf,20250528163617,https://web.archive.org/web/20250528163617id_/http://old.dghs.gov.bd/images/docs/vpr/20230417_dengue_all.pdf
2023-04-18,http://old.dghs.gov.bd/images/docs/vpr/20230418_dengue_all.pdf,20250528164313,https://web.archive.org/web/20250528164313id_/http://old.dghs.gov.bd/images/docs/vpr/20230418_dengue_all.pdf
2023-04-19,http://old.dghs.gov.bd/images/docs/vpr/20230419_dengue_all.pdf,20250528163708,https://web.archive.org/web/20250528163708id_/http://old.dghs.gov.bd/images/docs/vpr/20230419_dengue_all.pdf
2023-04-20,http://old.dghs.gov.bd/images/docs/vpr/20230420_dengue_all.pdf,20250528230119,https://web.archive.org/web/20250528230119id_/http://old.dghs.gov.bd/images/docs/vpr/20230420_dengue_all.pdf
2023-04-21,http://old.dghs.gov.bd/images/docs/vpr/20230421_dengue_all.pdf,20250528164034,https://web.archive.org/web/20250528164034id_/http://old.dghs.gov.bd/images/docs/vpr/20230421_dengue_all.pdf
2023-04-22,http://old.dghs.gov.bd/images/docs/vpr/20230422_dengue_all.pdf,20250528163840,https://web.archive.org/web/20250528163840id_/http://old.dghs.gov.bd/images/docs/vpr/20230422_dengue_all.pdf
2023-04-23,http://old.dghs.gov.bd/images/docs/vpr/20230423_dengue_all.pdf,20250528163525,https://web.archive.org/web/20250528163525id_/http://old.dghs.gov.bd/images/docs/vpr/20230423_dengue_all.pdf
2023-04-24,http://old.dghs.gov.bd/images/docs/vpr/20230424_dengue_all.pdf,20250528163553,https://web.archive.org/web/20250528163553id_/http://old.dghs.gov.bd/images/docs/vpr/20230424_dengue_all.pdf
2023-04-25,http://old.dghs.gov.bd/images/docs/vpr/20230425_dengue_all.pdf,20250528163422,https://web.archive.org/web/20250528163422id_/http://old.dghs.gov.bd/images/docs/vpr/20230425_dengue_all.pdf
2023-04-26,http://old.dghs.gov.bd/images/docs/vpr/20230426_dengue_all.pdf,20250528163414,https://web.archive.org/web/20250528163414id_/http://old.dghs.gov.bd/images/docs/vpr/20230426_dengue_all.pdf
2023-04-27,http://old.dghs.gov.bd/images/docs/vpr/20230427_dengue_all.pdf,20250528163635,https://web.archive.org/web/20250528163635id_/http://old.dghs.gov.bd/images/docs/vpr/20230427_dengue_all.pdf
2023-04-28,http://old.dghs.gov.bd/images/docs/vpr/20230428_dengue_all.pdf,20250528163500,https://web.archive.org/web/20250528163500id_/http://old.dghs.gov.bd/images/docs/vpr/20230428_dengue_all.pdf
2023-04-29,http://old.dghs.gov.bd/images/docs/vpr/20230429_dengue_all.pdf,20250528163431,https://web.archive.org/web/20250528163431id_/http://old.dghs.gov.bd/images/docs/vpr/20230429_dengue_all.pdf
2023-04-30,http://old.dghs.gov.bd/images/docs/vpr/20230430_dengue_all.pdf,20250528163433,https://web.archive.org/web/20250528163433id_/http://old.dghs.gov.bd/images/docs/vpr/20230430_dengue_all.pdf
2023-05-01,http://old.dghs.gov.bd/images/docs/vpr/20230501_dengue_all.pdf,20250528163735,https://web.archive.org/web/20250528163735id_/http://old.dghs.gov.bd/images/docs/vpr/20230501_dengue_all.pdf
2023-05-02,http://old.dghs.gov.bd/images/docs/vpr/20230502_dengue_all.pdf,20250528163515,https://web.archive.org/web/20250528163515id_/http://old.dghs.gov.bd/images/docs/vpr/20230502_dengue_all.pdf
2023-05-03,http://old.dghs.gov.bd/images/docs/vpr/20230503_dengue_all.pdf,20250528163439,https://web.archive.org/web/20250528163439id_/http://old.dghs.gov.bd/images/docs/vpr/20230503_dengue_all.pdf
2023-05-04,http://old.dghs.gov.bd/images/docs/vpr/20230504_dengue_all.pdf,20250528163554,https://web.archive.org/web/20250528163554id_/http://old.dghs.gov.bd/images/docs/vpr/20230504_dengue_all.pdf
2023-05-05,http://old.dghs.gov.bd/images/docs/vpr/20230505_dengue_all.pdf,20250528163449,https://web.archive.org/web/20250528163449id_/http://old.dghs.gov.bd/images/docs/vpr/20230505_dengue_all.pdf
2023-05-06,http://old.dghs.gov.bd/images/docs/vpr/20230506_dengue_all.pdf,20250528163616,https://web.archive.org/web/20250528163616id_/http://old.dghs.gov.bd/images/docs/vpr/20230506_dengue_all.pdf
2023-05-07,http://old.dghs.gov.bd/images/docs/vpr/20230507_dengue_all.pdf,20250529205045,https://web.archive.org/web/20250529205045id_/http://old.dghs.gov.bd/images/docs/vpr/20230507_dengue_all.pdf
2023-05-08,http://old.dghs.gov.bd/images/docs/vpr/20230508_dengue_all.pdf,20250528163418,https://web.archive.org/web/20250528163418id_/http://old.dghs.gov.bd/images/docs/vpr/20230508_dengue_all.pdf
2023-05-09,http://old.dghs.gov.bd/images/docs/vpr/20230509_dengue_all.pdf,20250528163451,https://web.archive.org/web/20250528163451id_/http://old.dghs.gov.bd/images/docs/vpr/20230509_dengue_all.pdf
2023-05-10,http://old.dghs.gov.bd/images/docs/vpr/20230510_dengue_all.pdf,20250528163544,https://web.archive.org/web/20250528163544id_/http://old.dghs.gov.bd/images/docs/vpr/20230510_dengue_all.pdf
2023-05-11,http://old.dghs.gov.bd/images/docs/vpr/20230511_dengue_all.pdf,20250528163511,https://web.archive.org/web/20250528163511id_/http://old.dghs.gov.bd/images/docs/vpr/20230511_dengue_all.pdf
2023-05-12,http://old.dghs.gov.bd/images/docs/vpr/20230512_dengue_all.pdf,20250528163434,https://web.archive.org/web/20250528163434id_/http://old.dghs.gov.bd/images/docs/vpr/20230512_dengue_all.pdf
2023-05-13,http://old.dghs.gov.bd/images/docs/vpr/20230513_dengue_all.pdf,20250528164105,https://web.archive.org/web/20250528164105id_/http://old.dghs.gov.bd/images/docs/vpr/20230513_dengue_all.pdf
2023-05-14,http://old.dghs.gov.bd/images/docs/vpr/20230514_dengue_all.pdf,20250528163410,https://web.archive.org/web/20250528163410id_/http://old.dghs.gov.bd/images/docs/vpr/20230514_dengue_all.pdf
2023-05-15,http://old.dghs.gov.bd/images/docs/vpr/20230515_dengue_all.pdf,20250528163623,https://web.archive.org/web/20250528163623id_/http://old.dghs.gov.bd/images/docs/vpr/20230515_dengue_all.pdf
2023-05-16,http://old.dghs.gov.bd/images/docs/vpr/20230516_dengue_all.pdf,20250528163659,https://web.archive.org/web/20250528163659id_/http://old.dghs.gov.bd/images/docs/vpr/20230516_dengue_all.pdf
2023-05-17,http://old.dghs.gov.bd/images/docs/vpr/20230517_dengue_all.pdf,20250528163505,https://web.archive.org/web/20250528163505id_/http://old.dghs.gov.bd/images/docs/vpr/20230517_dengue_all.pdf
2023-05-18,http://old.dghs.gov.bd/images/docs/vpr/20230518_dengue_all.pdf,20250528163428,https://web.archive.org/web/20250528163428id_/http://old.dghs.gov.bd/images/docs/vpr/20230518_dengue_all.pdf
2023-05-19,http://old.dghs.gov.bd/images/docs/vpr/20230519_dengue_all.pdf,20250528163611,https://web.archive.org/web/20250528163611id_/http://old.dghs.gov.bd/images/docs/vpr/20230519_dengue_all.pdf
2023-05-20,http://old.dghs.gov.bd/images/docs/vpr/20230520_dengue_all.pdf,20250528163439,https://web.archive.org/web/20250528163439id_/http://old.dghs.gov.bd/images/docs/vpr/20230520_dengue_all.pdf
2023-05-21,http://old.dghs.gov.bd/images/docs/vpr/20230521_dengue_all.pdf,20250528163540,https://web.archive.org/web/20250528163540id_/http://old.dghs.gov.bd/images/docs/vpr/20230521_dengue_all.pdf
2023-05-22,https://old.dghs.gov.bd/images/docs/vpr/20230522_dengue_all.pdf,20230628002412,https://web.archive.org/web/20230628002412id_/https://old.dghs.gov.bd/images/docs/vpr/20230522_dengue_all.pdf
2023-05-23,http://old.dghs.gov.bd/images/docs/vpr/20230523_dengue_all.pdf,20250528163743,https://web.archive.org/web/20250528163743id_/http://old.dghs.gov.bd/images/docs/vpr/20230523_dengue_all.pdf
2023-05-24,http://old.dghs.gov.bd/images/docs/vpr/20230524_dengue_all.pdf,20250528163510,https://web.archive.org/web/20250528163510id_/http://old.dghs.gov.bd/images/docs/vpr/20230524_dengue_all.pdf
2023-05-25,http://old.dghs.gov.bd/images/docs/vpr/20230525_dengue_all.pdf,20250528163710,https://web.archive.org/web/20250528163710id_/http://old.dghs.gov.bd/images/docs/vpr/20230525_dengue_all.pdf
2023-05-26,http://old.dghs.gov.bd/images/docs/vpr/20230526_dengue_all.pdf,20250528163441,https://web.archive.org/web/20250528163441id_/http://old.dghs.gov.bd/images/docs/vpr/20230526_dengue_all.pdf
2023-05-27,http://old.dghs.gov.bd/images/docs/vpr/20230527_dengue_all.pdf,20250528163720,https://web.archive.org/web/20250528163720id_/http://old.dghs.gov.bd/images/docs/vpr/20230527_dengue_all.pdf
2023-05-28,http://old.dghs.gov.bd/images/docs/vpr/20230528_dengue_all.pdf,20250528163537,https://web.archive.org/web/20250528163537id_/http://old.dghs.gov.bd/images/docs/vpr/20230528_dengue_all.pdf
2023-05-29,http://old.dghs.gov.bd/images/docs/vpr/20230529_dengue_all.pdf,20250528163521,https://web.archive.org/web/20250528163521id_/http://old.dghs.gov.bd/images/docs/vpr/20230529_dengue_all.pdf
2023-05-30,https://old.dghs.gov.bd/images/docs/vpr/20230530_dengue_all.pdf,20230727082131,https://web.archive.org/web/20230727082131id_/https://old.dghs.gov.bd/images/docs/vpr/20230530_dengue_all.pdf
2023-05-31,http://old.dghs.gov.bd/images/docs/vpr/20230531_dengue_all.pdf,20250528163551,https://web.archive.org/web/20250528163551id_/http://old.dghs.gov.bd/images/docs/vpr/20230531_dengue_all.pdf
2023-06-01,http://old.dghs.gov.bd/images/docs/vpr/20230601_dengue_all.pdf,20250528163417,https://web.archive.org/web/20250528163417id_/http://old.dghs.gov.bd/images/docs/vpr/20230601_dengue_all.pdf
2023-06-02,http://old.dghs.gov.bd/images/docs/vpr/20230602_dengue_all.pdf,20250528163453,https://web.archive.org/web/20250528163453id_/http://old.dghs.gov.bd/images/docs/vpr/20230602_dengue_all.pdf
2023-06-03,http://old.dghs.gov.bd/images/docs/vpr/20230603_dengue_all.pdf,20250528163515,https://web.archive.org/web/20250528163515id_/http://old.dghs.gov.bd/images/docs/vpr/20230603_dengue_all.pdf
2023-06-04,http://old.dghs.gov.bd/images/docs/vpr/20230604_dengue_all.pdf,20250528163538,https://web.archive.org/web/20250528163538id_/http://old.dghs.gov.bd/images/docs/vpr/20230604_dengue_all.pdf
2023-06-05,http://old.dghs.gov.bd/images/docs/vpr/20230605_dengue_all.pdf,20250528163423,https://web.archive.org/web/20250528163423id_/http://old.dghs.gov.bd/images/docs/vpr/20230605_dengue_all.pdf
2023-06-06,http://old.dghs.gov.bd/images/docs/vpr/20230606_dengue_all.pdf,20250528163417,https://web.archive.org/web/20250528163417id_/http://old.dghs.gov.bd/images/docs/vpr/20230606_dengue_all.pdf
2023-06-07,http://old.dghs.gov.bd/images/docs/vpr/20230607_dengue_all.pdf,20250528163615,https://web.archive.org/web/20250528163615id_/http://old.dghs.gov.bd/images/docs/vpr/20230607_dengue_all.pdf
2023-06-08,http://old.dghs.gov.bd/images/docs/vpr/20230608_dengue_all.pdf,20250528163612,https://web.archive.org/web/20250528163612id_/http://old.dghs.gov.bd/images/docs/vpr/20230608_dengue_all.pdf
2023-06-09,http://old.dghs.gov.bd/images/docs/vpr/20230609_dengue_all.pdf,20250528163535,https://web.archive.org/web/20250528163535id_/http://old.dghs.gov.bd/images/docs/vpr/20230609_dengue_all.pdf
2023-06-10,http://old.dghs.gov.bd/images/docs/vpr/20230610_dengue_all.pdf,20250528163423,https://web.archive.org/web/20250528163423id_/http://old.dghs.gov.bd/images/docs/vpr/20230610_dengue_all.pdf
2023-06-11,http://old.dghs.gov.bd/images/docs/vpr/20230611_dengue_all.pdf,20250528163438,https://web.archive.org/web/20250528163438id_/http://old.dghs.gov.bd/images/docs/vpr/20230611_dengue_all.pdf
2023-06-12,http://old.dghs.gov.bd/images/docs/vpr/20230612_dengue_all.pdf,20250528163855,https://web.archive.org/web/20250528163855id_/http://old.dghs.gov.bd/images/docs/vpr/20230612_dengue_all.pdf
2023-06-13,http://old.dghs.gov.bd/images/docs/vpr/20230613_dengue_all.pdf,20250528163500,https://web.archive.org/web/20250528163500id_/http://old.dghs.gov.bd/images/docs/vpr/20230613_dengue_all.pdf
2023-06-14,http://old.dghs.gov.bd/images/docs/vpr/20230614_dengue_all.pdf,20250528163443,https://web.archive.org/web/20250528163443id_/http://old.dghs.gov.bd/images/docs/vpr/20230614_dengue_all.pdf
2023-06-15,http://old.dghs.gov.bd/images/docs/vpr/20230615_dengue_all.pdf,20250528163806,https://web.archive.org/web/20250528163806id_/http://old.dghs.gov.bd/images/docs/vpr/20230615_dengue_all.pdf
2023-06-16,http://old.dghs.gov.bd/images/docs/vpr/20230616_dengue_all.pdf,20250528164143,https://web.archive.org/web/20250528164143id_/http://old.dghs.gov.bd/images/docs/vpr/20230616_dengue_all.pdf
2023-06-17,http://old.dghs.gov.bd/images/docs/vpr/20230617_dengue_all.pdf,20250528163432,https://web.archive.org/web/20250528163432id_/http://old.dghs.gov.bd/images/docs/vpr/20230617_dengue_all.pdf
2023-06-18,http://old.dghs.gov.bd/images/docs/vpr/20230618_dengue_all.pdf,20250528163538,https://web.archive.org/web/20250528163538id_/http://old.dghs.gov.bd/images/docs/vpr/20230618_dengue_all.pdf
2023-06-19,http://old.dghs.gov.bd/images/docs/vpr/20230619_dengue_all.pdf,20250528163514,https://web.archive.org/web/20250528163514id_/http://old.dghs.gov.bd/images/docs/vpr/20230619_dengue_all.pdf
2023-06-20,http://old.dghs.gov.bd/images/docs/vpr/20230620_dengue_all.pdf,20250528163554,https://web.archive.org/web/20250528163554id_/http://old.dghs.gov.bd/images/docs/vpr/20230620_dengue_all.pdf
2023-06-21,http://old.dghs.gov.bd/images/docs/vpr/20230621_dengue_all.pdf,20250528163459,https://web.archive.org/web/20250528163459id_/http://old.dghs.gov.bd/images/docs/vpr/20230621_dengue_all.pdf
2023-06-22,http://old.dghs.gov.bd/images/docs/vpr/20230622_dengue_all.pdf,20250528163426,https://web.archive.org/web/20250528163426id_/http://old.dghs.gov.bd/images/docs/vpr/20230622_dengue_all.pdf
2023-06-23,http://old.dghs.gov.bd/images/docs/vpr/20230623_dengue_all.pdf,20250528163906,https://web.archive.org/web/20250528163906id_/http://old.dghs.gov.bd/images/docs/vpr/20230623_dengue_all.pdf
2023-06-24,http://old.dghs.gov.bd/images/docs/vpr/20230624_dengue_all.pdf,20250528163637,https://web.archive.org/web/20250528163637id_/http://old.dghs.gov.bd/images/docs/vpr/20230624_dengue_all.pdf
2023-06-25,https://old.dghs.gov.bd/images/docs/vpr/20230625_dengue_all.pdf,20230727101201,https://web.archive.org/web/20230727101201id_/https://old.dghs.gov.bd/images/docs/vpr/20230625_dengue_all.pdf
2023-06-26,http://old.dghs.gov.bd/images/docs/vpr/20230626_dengue_all.pdf,20250528163529,https://web.archive.org/web/20250528163529id_/http://old.dghs.gov.bd/images/docs/vpr/20230626_dengue_all.pdf
2023-06-27,http://old.dghs.gov.bd/images/docs/vpr/20230627_dengue_all.pdf,20250528163410,https://web.archive.org/web/20250528163410id_/http://old.dghs.gov.bd/images/docs/vpr/20230627_dengue_all.pdf
2023-06-28,http://old.dghs.gov.bd/images/docs/vpr/20230628_dengue_all.pdf,20250529024444,https://web.archive.org/web/20250529024444id_/http://old.dghs.gov.bd/images/docs/vpr/20230628_dengue_all.pdf
2023-06-29,http://old.dghs.gov.bd/images/docs/vpr/20230629_dengue_all.pdf,20250528163726,https://web.archive.org/web/20250528163726id_/http://old.dghs.gov.bd/images/docs/vpr/20230629_dengue_all.pdf
2023-06-30,http://old.dghs.gov.bd/images/docs/vpr/20230630_dengue_all.pdf,20250528163606,https://web.archive.org/web/20250528163606id_/http://old.dghs.gov.bd/images/docs/vpr/20230630_dengue_all.pdf
2023-07-01,http://old.dghs.gov.bd/images/docs/vpr/20230701_dengue_all.pdf,20250528163424,https://web.archive.org/web/20250528163424id_/http://old.dghs.gov.bd/images/docs/vpr/20230701_dengue_all.pdf
2023-07-02,http://old.dghs.gov.bd/images/docs/vpr/20230702_dengue_all.pdf,20250528163530,https://web.archive.org/web/20250528163530id_/http://old.dghs.gov.bd/images/docs/vpr/20230702_dengue_all.pdf
2023-07-03,http://old.dghs.gov.bd/images/docs/vpr/20230703_dengue_all.pdf,20250528163451,https://web.archive.org/web/20250528163451id_/http://old.dghs.gov.bd/images/docs/vpr/20230703_dengue_all.pdf
2023-07-04,http://old.dghs.gov.bd/images/docs/vpr/20230704_dengue_all.pdf,20250528163614,https://web.archive.org/web/20250528163614id_/http://old.dghs.gov.bd/images/docs/vpr/20230704_dengue_all.pdf
2023-07-05,http://old.dghs.gov.bd/images/docs/vpr/20230705_dengue_all.pdf,20250528163516,https://web.archive.org/web/20250528163516id_/http://old.dghs.gov.bd/images/docs/vpr/20230705_dengue_all.pdf
2023-07-06,http://old.dghs.gov.bd/images/docs/vpr/20230706_dengue_all.pdf,20250528163552,https://web.archive.org/web/20250528163552id_/http://old.dghs.gov.bd/images/docs/vpr/20230706_dengue_all.pdf
2023-07-07,http://old.dghs.gov.bd/images/docs/vpr/20230707_dengue_all.pdf,20250528163654,https://web.archive.org/web/20250528163654id_/http://old.dghs.gov.bd/images/docs/vpr/20230707_dengue_all.pdf
2023-07-08,http://old.dghs.gov.bd/images/docs/vpr/20230708_dengue_all.pdf,20250528163431,https://web.archive.org/web/20250528163431id_/http://old.dghs.gov.bd/images/docs/vpr/20230708_dengue_all.pdf
2023-07-09,http://old.dghs.gov.bd/images/docs/vpr/20230709_dengue_all.pdf,20250528163424,https://web.archive.org/web/20250528163424id_/http://old.dghs.gov.bd/images/docs/vpr/20230709_dengue_all.pdf
2023-07-10,http://old.dghs.gov.bd/images/docs/vpr/20230710_dengue_all.pdf,20250528163514,https://web.archive.org/web/20250528163514id_/http://old.dghs.gov.bd/images/docs/vpr/20230710_dengue_all.pdf
2023-07-11,http://old.dghs.gov.bd/images/docs/vpr/20230711_dengue_all.pdf,20250528163722,https://web.archive.org/web/20250528163722id_/http://old.dghs.gov.bd/images/docs/vpr/20230711_dengue_all.pdf
2023-07-12,http://old.dghs.gov.bd/images/docs/vpr/20230712_dengue_all.pdf,20250528163518,https://web.archive.org/web/20250528163518id_/http://old.dghs.gov.bd/images/docs/vpr/20230712_dengue_all.pdf
2023-07-13,http://old.dghs.gov.bd/images/docs/vpr/20230713_dengue_all.pdf,20250528164354,https://web.archive.org/web/20250528164354id_/http://old.dghs.gov.bd/images/docs/vpr/20230713_dengue_all.pdf
2023-07-14,http://old.dghs.gov.bd/images/docs/vpr/20230714_dengue_all.pdf,20250528163602,https://web.archive.org/web/20250528163602id_/http://old.dghs.gov.bd/images/docs/vpr/20230714_dengue_all.pdf
2023-07-15,http://old.dghs.gov.bd/images/docs/vpr/20230715_dengue_all.pdf,20250528163431,https://web.archive.org/web/20250528163431id_/http://old.dghs.gov.bd/images/docs/vpr/20230715_dengue_all.pdf
2023-07-16,http://old.dghs.gov.bd/images/docs/vpr/20230716_dengue_all.pdf,20250528163519,https://web.archive.org/web/20250528163519id_/http://old.dghs.gov.bd/images/docs/vpr/20230716_dengue_all.pdf
2023-07-17,http://old.dghs.gov.bd/images/docs/vpr/20230717_dengue_all.pdf,20250528164015,https://web.archive.org/web/20250528164015id_/http://old.dghs.gov.bd/images/docs/vpr/20230717_dengue_all.pdf
2023-07-18,http://old.dghs.gov.bd/images/docs/vpr/20230718_dengue_all.pdf,20250528163607,https://web.archive.org/web/20250528163607id_/http://old.dghs.gov.bd/images/docs/vpr/20230718_dengue_all.pdf
2023-07-19,http://old.dghs.gov.bd/images/docs/vpr/20230719_dengue_all.pdf,20250528163716,https://web.archive.org/web/20250528163716id_/http://old.dghs.gov.bd/images/docs/vpr/20230719_dengue_all.pdf
2023-07-20,http://old.dghs.gov.bd/images/docs/vpr/20230720_dengue_all.pdf,20250528163521,https://web.archive.org/web/20250528163521id_/http://old.dghs.gov.bd/images/docs/vpr/20230720_dengue_all.pdf
2023-07-21,http://old.dghs.gov.bd/images/docs/vpr/20230721_dengue_all.pdf,20250528163718,https://web.archive.org/web/20250528163718id_/http://old.dghs.gov.bd/images/docs/vpr/20230721_dengue_all.pdf
2023-07-22,http://old.dghs.gov.bd/images/docs/vpr/20230722_dengue_all.pdf,20250528213808,https://web.archive.org/web/20250528213808id_/http://old.dghs.gov.bd/images/docs/vpr/20230722_dengue_all.pdf
2023-07-23,https://old.dghs.gov.bd/images/docs/vpr/20230723_dengue_all.pdf,20230727082126,https://web.archive.org/web/20230727082126id_/https://old.dghs.gov.bd/images/docs/vpr/20230723_dengue_all.pdf
2023-07-24,http://old.dghs.gov.bd/images/docs/vpr/20230724_dengue_all.pdf,20250528163745,https://web.archive.org/web/20250528163745id_/http://old.dghs.gov.bd/images/docs/vpr/20230724_dengue_all.pdf
2023-07-25,http://old.dghs.gov.bd/images/docs/vpr/20230725_dengue_all.pdf,20250528163452,https://web.archive.org/web/20250528163452id_/http://old.dghs.gov.bd/images/docs/vpr/20230725_dengue_all.pdf
2023-07-26,http://old.dghs.gov.bd/images/docs/vpr/20230726_dengue_all.pdf,20250528182756,https://web.archive.org/web/20250528182756id_/http://old.dghs.gov.bd/images/docs/vpr/20230726_dengue_all.pdf
2023-07-27,https://old.dghs.gov.bd/images/docs/vpr/20230727_dengue_all.pdf,20260608104841,https://web.archive.org/web/20260608104841id_/https://old.dghs.gov.bd/images/docs/vpr/20230727_dengue_all.pdf
2023-07-28,https://old.dghs.gov.bd/images/docs/vpr/20230728_dengue_all.pdf,20260608104840,https://web.archive.org/web/20260608104840id_/https://old.dghs.gov.bd/images/docs/vpr/20230728_dengue_all.pdf
2023-07-29,http://old.dghs.gov.bd/images/docs/vpr/20230729_dengue_all.pdf,20250528163540,https://web.archive.org/web/20250528163540id_/http://old.dghs.gov.bd/images/docs/vpr/20230729_dengue_all.pdf
2023-07-30,https://old.dghs.gov.bd/images/docs/vpr/20230730_dengue_all.pdf,20260608104839,https://web.archive.org/web/20260608104839id_/https://old.dghs.gov.bd/images/docs/vpr/20230730_dengue_all.pdf
2023-07-31,https://old.dghs.gov.bd/images/docs/vpr/20230731_dengue_all.pdf,20260608104839,https://web.archive.org/web/20260608104839id_/https://old.dghs.gov.bd/images/docs/vpr/20230731_dengue_all.pdf
2023-08-01,http://old.dghs.gov.bd/images/docs/vpr/20230801_dengue_all.pdf,20250528163915,https://web.archive.org/web/20250528163915id_/http://old.dghs.gov.bd/images/docs/vpr/20230801_dengue_all.pdf
2023-08-02,https://old.dghs.gov.bd/images/docs/vpr/20230802_dengue_all.pdf,20260608104838,https://web.archive.org/web/20260608104838id_/https://old.dghs.gov.bd/images/docs/vpr/20230802_dengue_all.pdf
2023-08-03,http://old.dghs.gov.bd/images/docs/vpr/20230803_dengue_all.pdf,20250528163509,https://web.archive.org/web/20250528163509id_/http://old.dghs.gov.bd/images/docs/vpr/20230803_dengue_all.pdf
2023-08-04,https://old.dghs.gov.bd/images/docs/vpr/20230804_dengue_all.pdf,20260608104837,https://web.archive.org/web/20260608104837id_/https://old.dghs.gov.bd/images/docs/vpr/20230804_dengue_all.pdf
2023-08-05,http://old.dghs.gov.bd/images/docs/vpr/20230805_dengue_all.pdf,20250528163451,https://web.archive.org/web/20250528163451id_/http://old.dghs.gov.bd/images/docs/vpr/20230805_dengue_all.pdf
2023-08-06,https://old.dghs.gov.bd/images/docs/vpr/20230806_dengue_all.pdf,20230815165259,https://web.archive.org/web/20230815165259id_/https://old.dghs.gov.bd/images/docs/vpr/20230806_dengue_all.pdf
2023-08-07,https://old.dghs.gov.bd/images/docs/vpr/20230807_dengue_all.pdf,20260608104835,https://web.archive.org/web/20260608104835id_/https://old.dghs.gov.bd/images/docs/vpr/20230807_dengue_all.pdf
2023-08-08,http://old.dghs.gov.bd/images/docs/vpr/20230808_dengue_all.pdf,20250528163430,https://web.archive.org/web/20250528163430id_/http://old.dghs.gov.bd/images/docs/vpr/20230808_dengue_all.pdf
2023-08-09,http://old.dghs.gov.bd/images/docs/vpr/20230809_dengue_all.pdf,20250528163640,https://web.archive.org/web/20250528163640id_/http://old.dghs.gov.bd/images/docs/vpr/20230809_dengue_all.pdf
2023-08-10,https://old.dghs.gov.bd/images/docs/vpr/20230810_dengue_all.pdf,20260608104833,https://web.archive.org/web/20260608104833id_/https://old.dghs.gov.bd/images/docs/vpr/20230810_dengue_all.pdf
2023-08-11,http://old.dghs.gov.bd/images/docs/vpr/20230811_dengue_all.pdf,20250528163503,https://web.archive.org/web/20250528163503id_/http://old.dghs.gov.bd/images/docs/vpr/20230811_dengue_all.pdf
2023-08-12,http://old.dghs.gov.bd/images/docs/vpr/20230812_dengue_all.pdf,20250528163656,https://web.archive.org/web/20250528163656id_/http://old.dghs.gov.bd/images/docs/vpr/20230812_dengue_all.pdf
2023-08-13,http://old.dghs.gov.bd/images/docs/vpr/20230813_dengue_all.pdf,20250528163619,https://web.archive.org/web/20250528163619id_/http://old.dghs.gov.bd/images/docs/vpr/20230813_dengue_all.pdf
2023-08-14,http://old.dghs.gov.bd/images/docs/vpr/20230814_dengue_all.pdf,20250528163432,https://web.archive.org/web/20250528163432id_/http://old.dghs.gov.bd/images/docs/vpr/20230814_dengue_all.pdf
2023-08-15,https://old.dghs.gov.bd/images/docs/vpr/20230815_dengue_all.pdf,20260608104831,https://web.archive.org/web/20260608104831id_/https://old.dghs.gov.bd/images/docs/vpr/20230815_dengue_all.pdf
2023-08-16,https://old.dghs.gov.bd/images/docs/vpr/20230816_dengue_all.pdf,20260608104831,https://web.archive.org/web/20260608104831id_/https://old.dghs.gov.bd/images/docs/vpr/20230816_dengue_all.pdf
2023-08-17,https://old.dghs.gov.bd/images/docs/vpr/20230817_dengue_all.pdf,20260608104830,https://web.archive.org/web/20260608104830id_/https://old.dghs.gov.bd/images/docs/vpr/20230817_dengue_all.pdf
2023-08-18,https://old.dghs.gov.bd/images/docs/vpr/20230818_dengue_all.pdf,20260608104829,https://web.archive.org/web/20260608104829id_/https://old.dghs.gov.bd/images/docs/vpr/20230818_dengue_all.pdf
2023-08-19,https://old.dghs.gov.bd/images/docs/vpr/20230819_dengue_all.pdf,20260608104829,https://web.archive.org/web/20260608104829id_/https://old.dghs.gov.bd/images/docs/vpr/20230819_dengue_all.pdf
2023-08-20,https://old.dghs.gov.bd/images/docs/vpr/20230820_dengue_all.pdf,20250621211338,https://web.archive.org/web/20250621211338id_/https://old.dghs.gov.bd/images/docs/vpr/20230820_dengue_all.pdf
2023-08-21,http://old.dghs.gov.bd/images/docs/vpr/20230821_dengue_all.pdf,20250528163502,https://web.archive.org/web/20250528163502id_/http://old.dghs.gov.bd/images/docs/vpr/20230821_dengue_all.pdf
2023-08-22,http://old.dghs.gov.bd/images/docs/vpr/20230822_dengue_all.pdf,20250528163512,https://web.archive.org/web/20250528163512id_/http://old.dghs.gov.bd/images/docs/vpr/20230822_dengue_all.pdf
2023-08-23,http://old.dghs.gov.bd/images/docs/vpr/20230823_dengue_all.pdf,20250528163515,https://web.archive.org/web/20250528163515id_/http://old.dghs.gov.bd/images/docs/vpr/20230823_dengue_all.pdf
2023-08-24,https://old.dghs.gov.bd/images/docs/vpr/20230824_dengue_all.pdf,20260608104826,https://web.archive.org/web/20260608104826id_/https://old.dghs.gov.bd/images/docs/vpr/20230824_dengue_all.pdf
2023-08-25,http://old.dghs.gov.bd/images/docs/vpr/20230825_dengue_all.pdf,20250528163513,https://web.archive.org/web/20250528163513id_/http://old.dghs.gov.bd/images/docs/vpr/20230825_dengue_all.pdf
2023-08-26,http://old.dghs.gov.bd/images/docs/vpr/20230826_dengue_all.pdf,20250528163559,https://web.archive.org/web/20250528163559id_/http://old.dghs.gov.bd/images/docs/vpr/20230826_dengue_all.pdf
2023-08-27,https://old.dghs.gov.bd/images/docs/vpr/20230827_dengue_all.pdf,20260608104825,https://web.archive.org/web/20260608104825id_/https://old.dghs.gov.bd/images/docs/vpr/20230827_dengue_all.pdf
2023-08-28,http://old.dghs.gov.bd/images/docs/vpr/20230828_dengue_all.pdf,20250528164030,https://web.archive.org/web/20250528164030id_/http://old.dghs.gov.bd/images/docs/vpr/20230828_dengue_all.pdf
2023-08-29,https://old.dghs.gov.bd/images/docs/vpr/20230829_dengue_all.pdf,20260608104823,https://web.archive.org/web/20260608104823id_/https://old.dghs.gov.bd/images/docs/vpr/20230829_dengue_all.pdf
2023-08-30,http://old.dghs.gov.bd/images/docs/vpr/20230830_dengue_all.pdf,20250528163418,https://web.archive.org/web/20250528163418id_/http://old.dghs.gov.bd/images/docs/vpr/20230830_dengue_all.pdf
2023-08-31,https://old.dghs.gov.bd/images/docs/vpr/20230831_dengue_all.pdf,20260608104822,https://web.archive.org/web/20260608104822id_/https://old.dghs.gov.bd/images/docs/vpr/20230831_dengue_all.pdf
2023-09-01,http://old.dghs.gov.bd/images/docs/vpr/20230901_dengue_all.pdf,20250528163542,https://web.archive.org/web/20250528163542id_/http://old.dghs.gov.bd/images/docs/vpr/20230901_dengue_all.pdf
2023-09-02,http://old.dghs.gov.bd/images/docs/vpr/20230902_dengue_all.pdf,20250528163602,https://web.archive.org/web/20250528163602id_/http://old.dghs.gov.bd/images/docs/vpr/20230902_dengue_all.pdf
2023-09-03,https://old.dghs.gov.bd/images/docs/vpr/20230903_dengue_all.pdf,20250621211333,https://web.archive.org/web/20250621211333id_/https://old.dghs.gov.bd/images/docs/vpr/20230903_dengue_all.pdf
2023-09-04,http://old.dghs.gov.bd/images/docs/vpr/20230904_dengue_all.pdf,20250528163612,https://web.archive.org/web/20250528163612id_/http://old.dghs.gov.bd/images/docs/vpr/20230904_dengue_all.pdf
2023-09-05,http://old.dghs.gov.bd/images/docs/vpr/20230905_dengue_all.pdf,20250528163537,https://web.archive.org/web/20250528163537id_/http://old.dghs.gov.bd/images/docs/vpr/20230905_dengue_all.pdf
2023-09-06,http://old.dghs.gov.bd/images/docs/vpr/20230906_dengue_all.pdf,20250528163558,https://web.archive.org/web/20250528163558id_/http://old.dghs.gov.bd/images/docs/vpr/20230906_dengue_all.pdf
2023-09-07,https://old.dghs.gov.bd/images/docs/vpr/20230907_dengue_all.pdf,20260608104818,https://web.archive.org/web/20260608104818id_/https://old.dghs.gov.bd/images/docs/vpr/20230907_dengue_all.pdf
2023-09-08,http://old.dghs.gov.bd/images/docs/vpr/20230908_dengue_all.pdf,20250528163802,https://web.archive.org/web/20250528163802id_/http://old.dghs.gov.bd/images/docs/vpr/20230908_dengue_all.pdf
2023-09-09,https://old.dghs.gov.bd/images/docs/vpr/20230909_dengue_all.pdf,20260608104817,https://web.archive.org/web/20260608104817id_/https://old.dghs.gov.bd/images/docs/vpr/20230909_dengue_all.pdf
2023-09-10,https://old.dghs.gov.bd/images/docs/vpr/20230910_dengue_all.pdf,20260608104817,https://web.archive.org/web/20260608104817id_/https://old.dghs.gov.bd/images/docs/vpr/20230910_dengue_all.pdf
2023-09-11,http://old.dghs.gov.bd/images/docs/vpr/20230911_dengue_all.pdf,20250528163502,https://web.archive.org/web/20250528163502id_/http://old.dghs.gov.bd/images/docs/vpr/20230911_dengue_all.pdf
2023-09-12,http://old.dghs.gov.bd/images/docs/vpr/20230912_dengue_all.pdf,20250528163543,https://web.archive.org/web/20250528163543id_/http://old.dghs.gov.bd/images/docs/vpr/20230912_dengue_all.pdf
2023-09-13,https://old.dghs.gov.bd/images/docs/vpr/20230913_dengue_all.pdf,20260608104815,https://web.archive.org/web/20260608104815id_/https://old.dghs.gov.bd/images/docs/vpr/20230913_dengue_all.pdf
2023-09-14,https://old.dghs.gov.bd/images/docs/vpr/20230914_dengue_all.pdf,20260608104815,https://web.archive.org/web/20260608104815id_/https://old.dghs.gov.bd/images/docs/vpr/20230914_dengue_all.pdf
2023-09-15,https://old.dghs.gov.bd/images/docs/vpr/20230915_dengue_all.pdf,20260608104814,https://web.archive.org/web/20260608104814id_/https://old.dghs.gov.bd/images/docs/vpr/20230915_dengue_all.pdf
2023-09-16,https://old.dghs.gov.bd/images/docs/vpr/20230916_dengue_all.pdf,20231109125746,https://web.archive.org/web/20231109125746id_/https://old.dghs.gov.bd/images/docs/vpr/20230916_dengue_all.pdf
2023-09-17,https://old.dghs.gov.bd/images/docs/vpr/20230917_dengue_all.pdf,20230928154044,https://web.archive.org/web/20230928154044id_/https://old.dghs.gov.bd/images/docs/vpr/20230917_dengue_all.pdf
2023-09-18,http://old.dghs.gov.bd/images/docs/vpr/20230918_dengue_all.pdf,20250528163640,https://web.archive.org/web/20250528163640id_/http://old.dghs.gov.bd/images/docs/vpr/20230918_dengue_all.pdf
2023-09-19,https://old.dghs.gov.bd/images/docs/vpr/20230919_dengue_all.pdf,20260608104812,https://web.archive.org/web/20260608104812id_/https://old.dghs.gov.bd/images/docs/vpr/20230919_dengue_all.pdf
2023-09-20,https://old.dghs.gov.bd/images/docs/vpr/20230920_dengue_all.pdf,20260608104811,https://web.archive.org/web/20260608104811id_/https://old.dghs.gov.bd/images/docs/vpr/20230920_dengue_all.pdf
2023-09-21,https://old.dghs.gov.bd/images/docs/vpr/20230921_dengue_all.pdf,20260608104811,https://web.archive.org/web/20260608104811id_/https://old.dghs.gov.bd/images/docs/vpr/20230921_dengue_all.pdf
2023-09-22,http://old.dghs.gov.bd/images/docs/vpr/20230922_dengue_all.pdf,20250528163410,https://web.archive.org/web/20250528163410id_/http://old.dghs.gov.bd/images/docs/vpr/20230922_dengue_all.pdf
2023-09-23,https://old.dghs.gov.bd/images/docs/vpr/20230923_dengue_all.pdf,20260608104810,https://web.archive.org/web/20260608104810id_/https://old.dghs.gov.bd/images/docs/vpr/20230923_dengue_all.pdf
2023-09-24,https://old.dghs.gov.bd/images/docs/vpr/20230924_dengue_all.pdf,20260608104809,https://web.archive.org/web/20260608104809id_/https://old.dghs.gov.bd/images/docs/vpr/20230924_dengue_all.pdf
2023-09-25,http://old.dghs.gov.bd/images/docs/vpr/20230925_dengue_all.pdf,20250528163851,https://web.archive.org/web/20250528163851id_/http://old.dghs.gov.bd/images/docs/vpr/20230925_dengue_all.pdf
2023-09-26,https://old.dghs.gov.bd/images/docs/vpr/20230926_dengue_all.pdf,20260608104809,https://web.archive.org/web/20260608104809id_/https://old.dghs.gov.bd/images/docs/vpr/20230926_dengue_all.pdf
2023-09-27,https://old.dghs.gov.bd/images/docs/vpr/20230927_dengue_all.pdf,20260608104808,https://web.archive.org/web/20260608104808id_/https://old.dghs.gov.bd/images/docs/vpr/20230927_dengue_all.pdf
2023-09-28,http://old.dghs.gov.bd/images/docs/vpr/20230928_dengue_all.pdf,20250528163444,https://web.archive.org/web/20250528163444id_/http://old.dghs.gov.bd/images/docs/vpr/20230928_dengue_all.pdf
2023-09-29,https://old.dghs.gov.bd/images/docs/vpr/20230929_dengue_all.pdf,20260608104807,https://web.archive.org/web/20260608104807id_/https://old.dghs.gov.bd/images/docs/vpr/20230929_dengue_all.pdf
2023-09-30,http://old.dghs.gov.bd/images/docs/vpr/20230930_dengue_all.pdf,20250528163649,https://web.archive.org/web/20250528163649id_/http://old.dghs.gov.bd/images/docs/vpr/20230930_dengue_all.pdf
2023-10-01,https://old.dghs.gov.bd/images/docs/vpr/20231001_dengue_all.pdf,20231027163525,https://web.archive.org/web/20231027163525id_/https://old.dghs.gov.bd/images/docs/vpr/20231001_dengue_all.pdf
2023-10-02,https://old.dghs.gov.bd/images/docs/vpr/20231002_dengue_all.pdf,20231010102611,https://web.archive.org/web/20231010102611id_/https://old.dghs.gov.bd/images/docs/vpr/20231002_dengue_all.pdf
2023-10-03,http://old.dghs.gov.bd/images/docs/vpr/20231003_dengue_all.pdf,20250528163559,https://web.archive.org/web/20250528163559id_/http://old.dghs.gov.bd/images/docs/vpr/20231003_dengue_all.pdf
2023-10-04,http://old.dghs.gov.bd/images/docs/vpr/20231004_dengue_all.pdf,20250528163610,https://web.archive.org/web/20250528163610id_/http://old.dghs.gov.bd/images/docs/vpr/20231004_dengue_all.pdf
2023-10-05,https://old.dghs.gov.bd/images/docs/vpr/20231005_dengue_all.pdf,20260608104804,https://web.archive.org/web/20260608104804id_/https://old.dghs.gov.bd/images/docs/vpr/20231005_dengue_all.pdf
2023-10-06,https://old.dghs.gov.bd/images/docs/vpr/20231006_dengue_all.pdf,20260608104804,https://web.archive.org/web/20260608104804id_/https://old.dghs.gov.bd/images/docs/vpr/20231006_dengue_all.pdf
2023-10-07,http://old.dghs.gov.bd/images/docs/vpr/20231007_dengue_all.pdf,20250528164131,https://web.archive.org/web/20250528164131id_/http://old.dghs.gov.bd/images/docs/vpr/20231007_dengue_all.pdf
2023-10-08,https://old.dghs.gov.bd/images/docs/vpr/20231008_dengue_all.pdf,20260608104801,https://web.archive.org/web/20260608104801id_/https://old.dghs.gov.bd/images/docs/vpr/20231008_dengue_all.pdf
2023-10-09,https://old.dghs.gov.bd/images/docs/vpr/20231009_dengue_all.pdf,20260608104801,https://web.archive.org/web/20260608104801id_/https://old.dghs.gov.bd/images/docs/vpr/20231009_dengue_all.pdf
2023-10-10,https://old.dghs.gov.bd/images/docs/vpr/20231010_dengue_all.pdf,20260608104801,https://web.archive.org/web/20260608104801id_/https://old.dghs.gov.bd/images/docs/vpr/20231010_dengue_all.pdf
2023-10-11,http://old.dghs.gov.bd/images/docs/vpr/20231011_dengue_all.pdf,20250528163505,https://web.archive.org/web/20250528163505id_/http://old.dghs.gov.bd/images/docs/vpr/20231011_dengue_all.pdf
2023-10-12,https://old.dghs.gov.bd/images/docs/vpr/20231012_dengue_all.pdf,20260608104801,https://web.archive.org/web/20260608104801id_/https://old.dghs.gov.bd/images/docs/vpr/20231012_dengue_all.pdf
2023-10-13,https://old.dghs.gov.bd/images/docs/vpr/20231013_dengue_all.pdf,20260608104800,https://web.archive.org/web/20260608104800id_/https://old.dghs.gov.bd/images/docs/vpr/20231013_dengue_all.pdf
2023-10-14,https://old.dghs.gov.bd/images/docs/vpr/20231014_dengue_all.pdf,20260608104758,https://web.archive.org/web/20260608104758id_/https://old.dghs.gov.bd/images/docs/vpr/20231014_dengue_all.pdf
2023-10-15,https://old.dghs.gov.bd/images/docs/vpr/20231015_dengue_all.pdf,20260608104757,https://web.archive.org/web/20260608104757id_/https://old.dghs.gov.bd/images/docs/vpr/20231015_dengue_all.pdf
2023-10-16,https://old.dghs.gov.bd/images/docs/vpr/20231016_dengue_all.pdf,20260608104757,https://web.archive.org/web/20260608104757id_/https://old.dghs.gov.bd/images/docs/vpr/20231016_dengue_all.pdf
2023-10-17,http://old.dghs.gov.bd/images/docs/vpr/20231017_dengue_all.pdf,20250528194203,https://web.archive.org/web/20250528194203id_/http://old.dghs.gov.bd/images/docs/vpr/20231017_dengue_all.pdf
2023-10-18,https://old.dghs.gov.bd/images/docs/vpr/20231018_dengue_all.pdf,20260608104756,https://web.archive.org/web/20260608104756id_/https://old.dghs.gov.bd/images/docs/vpr/20231018_dengue_all.pdf
2023-10-19,https://old.dghs.gov.bd/images/docs/vpr/20231019_dengue_all.pdf,20260608104756,https://web.archive.org/web/20260608104756id_/https://old.dghs.gov.bd/images/docs/vpr/20231019_dengue_all.pdf
2023-10-20,https://old.dghs.gov.bd/images/docs/vpr/20231020_dengue_all.pdf,20260608104756,https://web.archive.org/web/20260608104756id_/https://old.dghs.gov.bd/images/docs/vpr/20231020_dengue_all.pdf
2023-10-21,https://old.dghs.gov.bd/images/docs/vpr/20231021_dengue_all.pdf,20260608104754,https://web.archive.org/web/20260608104754id_/https://old.dghs.gov.bd/images/docs/vpr/20231021_dengue_all.pdf
2023-10-22,https://old.dghs.gov.bd/images/docs/vpr/20231022_dengue_all.pdf,20260608104754,https://web.archive.org/web/20260608104754id_/https://old.dghs.gov.bd/images/docs/vpr/20231022_dengue_all.pdf
2023-10-23,https://old.dghs.gov.bd/images/docs/vpr/20231023_dengue_all.pdf,20260608104754,https://web.archive.org/web/20260608104754id_/https://old.dghs.gov.bd/images/docs/vpr/20231023_dengue_all.pdf
2023-10-24,https://old.dghs.gov.bd/images/docs/vpr/20231024_dengue_all.pdf,20260608104753,https://web.archive.org/web/20260608104753id_/https://old.dghs.gov.bd/images/docs/vpr/20231024_dengue_all.pdf
2023-10-25,http://old.dghs.gov.bd/images/docs/vpr/20231025_dengue_all.pdf,20250528163550,https://web.archive.org/web/20250528163550id_/http://old.dghs.gov.bd/images/docs/vpr/20231025_dengue_all.pdf
2023-10-26,https://old.dghs.gov.bd/images/docs/vpr/20231026_dengue_all.pdf,20260608104751,https://web.archive.org/web/20260608104751id_/https://old.dghs.gov.bd/images/docs/vpr/20231026_dengue_all.pdf
2023-10-27,https://old.dghs.gov.bd/images/docs/vpr/20231027_dengue_all.pdf,20260608104751,https://web.archive.org/web/20260608104751id_/https://old.dghs.gov.bd/images/docs/vpr/20231027_dengue_all.pdf
2023-10-28,https://old.dghs.gov.bd/images/docs/vpr/20231028_dengue_all.pdf,20260608104751,https://web.archive.org/web/20260608104751id_/https://old.dghs.gov.bd/images/docs/vpr/20231028_dengue_all.pdf
2023-10-29,https://old.dghs.gov.bd/images/docs/vpr/20231029_dengue_all.pdf,20231203063026,https://web.archive.org/web/20231203063026id_/https://old.dghs.gov.bd/images/docs/vpr/20231029_dengue_all.pdf
2023-10-30,https://old.dghs.gov.bd/images/docs/vpr/20231030_dengue_all.pdf,20260608104750,https://web.archive.org/web/20260608104750id_/https://old.dghs.gov.bd/images/docs/vpr/20231030_dengue_all.pdf
2023-10-31,https://old.dghs.gov.bd/images/docs/vpr/20231031_dengue_all.pdf,20260608104750,https://web.archive.org/web/20260608104750id_/https://old.dghs.gov.bd/images/docs/vpr/20231031_dengue_all.pdf
2023-11-01,https://old.dghs.gov.bd/images/docs/vpr/20231101_dengue_all.pdf,20260608104748,https://web.archive.org/web/20260608104748id_/https://old.dghs.gov.bd/images/docs/vpr/20231101_dengue_all.pdf
2023-11-02,https://old.dghs.gov.bd/images/docs/vpr/20231102_dengue_all.pdf,20260608104748,https://web.archive.org/web/20260608104748id_/https://old.dghs.gov.bd/images/docs/vpr/20231102_dengue_all.pdf
2023-11-03,https://old.dghs.gov.bd/images/docs/vpr/20231103_dengue_all.pdf,20260608104747,https://web.archive.org/web/20260608104747id_/https://old.dghs.gov.bd/images/docs/vpr/20231103_dengue_all.pdf
2023-11-04,https://old.dghs.gov.bd/images/docs/vpr/20231104_dengue_all.pdf,20260608104747,https://web.archive.org/web/20260608104747id_/https://old.dghs.gov.bd/images/docs/vpr/20231104_dengue_all.pdf
2023-11-05,https://old.dghs.gov.bd/images/docs/vpr/20231105_dengue_all.pdf,20260608104746,https://web.archive.org/web/20260608104746id_/https://old.dghs.gov.bd/images/docs/vpr/20231105_dengue_all.pdf
2023-11-06,https://old.dghs.gov.bd/images/docs/vpr/20231106_dengue_all.pdf,20250621211309,https://web.archive.org/web/20250621211309id_/https://old.dghs.gov.bd/images/docs/vpr/20231106_dengue_all.pdf
2023-11-07,https://old.dghs.gov.bd/images/docs/vpr/20231107_dengue_all.pdf,20231215111027,https://web.archive.org/web/20231215111027id_/https://old.dghs.gov.bd/images/docs/vpr/20231107_dengue_all.pdf
2023-11-08,https://old.dghs.gov.bd/images/docs/vpr/20231108_dengue_all.pdf,20260608104744,https://web.archive.org/web/20260608104744id_/https://old.dghs.gov.bd/images/docs/vpr/20231108_dengue_all.pdf
2023-11-09,https://old.dghs.gov.bd/images/docs/vpr/20231109_dengue_all.pdf,20260608104744,https://web.archive.org/web/20260608104744id_/https://old.dghs.gov.bd/images/docs/vpr/20231109_dengue_all.pdf
2023-11-10,https://old.dghs.gov.bd/images/docs/vpr/20231110_dengue_all.pdf,20260608104744,https://web.archive.org/web/20260608104744id_/https://old.dghs.gov.bd/images/docs/vpr/20231110_dengue_all.pdf
2023-11-11,http://old.dghs.gov.bd/images/docs/vpr/20231111_dengue_all.pdf,20250528163600,https://web.archive.org/web/20250528163600id_/http://old.dghs.gov.bd/images/docs/vpr/20231111_dengue_all.pdf
2023-11-12,https://old.dghs.gov.bd/images/docs/vpr/20231112_dengue_all.pdf,20231203062743,https://web.archive.org/web/20231203062743id_/https://old.dghs.gov.bd/images/docs/vpr/20231112_dengue_all.pdf
2023-11-13,https://old.dghs.gov.bd/images/docs/vpr/20231113_dengue_all.pdf,20260608104741,https://web.archive.org/web/20260608104741id_/https://old.dghs.gov.bd/images/docs/vpr/20231113_dengue_all.pdf
2023-11-14,https://old.dghs.gov.bd/images/docs/vpr/20231114_dengue_all.pdf,20260608104740,https://web.archive.org/web/20260608104740id_/https://old.dghs.gov.bd/images/docs/vpr/20231114_dengue_all.pdf
2023-11-15,http://old.dghs.gov.bd/images/docs/vpr/20231115_dengue_all.pdf,20250528163556,https://web.archive.org/web/20250528163556id_/http://old.dghs.gov.bd/images/docs/vpr/20231115_dengue_all.pdf
2023-11-16,https://old.dghs.gov.bd/images/docs/vpr/20231116_dengue_all.pdf,20260608104740,https://web.archive.org/web/20260608104740id_/https://old.dghs.gov.bd/images/docs/vpr/20231116_dengue_all.pdf
2023-11-17,http://old.dghs.gov.bd/images/docs/vpr/20231117_dengue_all.pdf,20250528163635,https://web.archive.org/web/20250528163635id_/http://old.dghs.gov.bd/images/docs/vpr/20231117_dengue_all.pdf
2023-11-18,https://old.dghs.gov.bd/images/docs/vpr/20231118_dengue_all.pdf,20260608104737,https://web.archive.org/web/20260608104737id_/https://old.dghs.gov.bd/images/docs/vpr/20231118_dengue_all.pdf
2023-11-19,https://old.dghs.gov.bd/images/docs/vpr/20231119_dengue_all.pdf,20260608104736,https://web.archive.org/web/20260608104736id_/https://old.dghs.gov.bd/images/docs/vpr/20231119_dengue_all.pdf
2023-11-20,https://old.dghs.gov.bd/images/docs/vpr/20231120_dengue_all.pdf,20260608104735,https://web.archive.org/web/20260608104735id_/https://old.dghs.gov.bd/images/docs/vpr/20231120_dengue_all.pdf
2023-11-21,https://old.dghs.gov.bd/images/docs/vpr/20231121_dengue_all.pdf,20260608104735,https://web.archive.org/web/20260608104735id_/https://old.dghs.gov.bd/images/docs/vpr/20231121_dengue_all.pdf
2023-11-22,https://old.dghs.gov.bd/images/docs/vpr/20231122_dengue_all.pdf,20260608104735,https://web.archive.org/web/20260608104735id_/https://old.dghs.gov.bd/images/docs/vpr/20231122_dengue_all.pdf
2023-11-23,https://old.dghs.gov.bd/images/docs/vpr/20231123_dengue_all.pdf,20260608104735,https://web.archive.org/web/20260608104735id_/https://old.dghs.gov.bd/images/docs/vpr/20231123_dengue_all.pdf
2023-11-24,https://old.dghs.gov.bd/images/docs/vpr/20231124_dengue_all.pdf,20260608104735,https://web.archive.org/web/20260608104735id_/https://old.dghs.gov.bd/images/docs/vpr/20231124_dengue_all.pdf
2023-11-25,https://old.dghs.gov.bd/images/docs/vpr/20231125_dengue_all.pdf,20260608104732,https://web.archive.org/web/20260608104732id_/https://old.dghs.gov.bd/images/docs/vpr/20231125_dengue_all.pdf
2023-11-26,https://old.dghs.gov.bd/images/docs/vpr/20231126_dengue_all.pdf,20231203062600,https://web.archive.org/web/20231203062600id_/https://old.dghs.gov.bd/images/docs/vpr/20231126_dengue_all.pdf
2023-11-27,https://old.dghs.gov.bd/images/docs/vpr/20231127_dengue_all.pdf,20260608104731,https://web.archive.org/web/20260608104731id_/https://old.dghs.gov.bd/images/docs/vpr/20231127_dengue_all.pdf
2023-11-28,https://old.dghs.gov.bd/images/docs/vpr/20231128_dengue_all.pdf,20260608104730,https://web.archive.org/web/20260608104730id_/https://old.dghs.gov.bd/images/docs/vpr/20231128_dengue_all.pdf
2023-11-29,http://old.dghs.gov.bd/images/docs/vpr/20231129_dengue_all.pdf,20250528163410,https://web.archive.org/web/20250528163410id_/http://old.dghs.gov.bd/images/docs/vpr/20231129_dengue_all.pdf
2023-11-30,https://old.dghs.gov.bd/images/docs/vpr/20231130_dengue_all.pdf,20260608104729,https://web.archive.org/web/20260608104729id_/https://old.dghs.gov.bd/images/docs/vpr/20231130_dengue_all.pdf
2023-12-01,http://old.dghs.gov.bd/images/docs/vpr/20231201_dengue_all.pdf,20250528163552,https://web.archive.org/web/20250528163552id_/http://old.dghs.gov.bd/images/docs/vpr/20231201_dengue_all.pdf
2023-12-02,https://old.dghs.gov.bd/images/docs/vpr/20231202_dengue_all.pdf,20260608104727,https://web.archive.org/web/20260608104727id_/https://old.dghs.gov.bd/images/docs/vpr/20231202_dengue_all.pdf
2023-12-03,https://old.dghs.gov.bd/images/docs/vpr/20231203_dengue_all.pdf,20260608104726,https://web.archive.org/web/20260608104726id_/https://old.dghs.gov.bd/images/docs/vpr/20231203_dengue_all.pdf
2023-12-04,https://old.dghs.gov.bd/images/docs/vpr/20231204_dengue_all.pdf,20260608104726,https://web.archive.org/web/20260608104726id_/https://old.dghs.gov.bd/images/docs/vpr/20231204_dengue_all.pdf
2023-12-05,https://old.dghs.gov.bd/images/docs/vpr/20231205_dengue_all.pdf,20260608104725,https://web.archive.org/web/20260608104725id_/https://old.dghs.gov.bd/images/docs/vpr/20231205_dengue_all.pdf
2023-12-06,https://old.dghs.gov.bd/images/docs/vpr/20231206_dengue_all.pdf,20260608104725,https://web.archive.org/web/20260608104725id_/https://old.dghs.gov.bd/images/docs/vpr/20231206_dengue_all.pdf
2023-12-07,https://old.dghs.gov.bd/images/docs/vpr/20231207_dengue_all.pdf,20240110031121,https://web.archive.org/web/20240110031121id_/https://old.dghs.gov.bd/images/docs/vpr/20231207_dengue_all.pdf
2023-12-08,https://old.dghs.gov.bd/images/docs/vpr/20231208_dengue_all.pdf,20250621211258,https://web.archive.org/web/20250621211258id_/https://old.dghs.gov.bd/images/docs/vpr/20231208_dengue_all.pdf
2023-12-09,https://old.dghs.gov.bd/images/docs/vpr/20231209_dengue_all.pdf,20260608104721,https://web.archive.org/web/20260608104721id_/https://old.dghs.gov.bd/images/docs/vpr/20231209_dengue_all.pdf
2023-12-10,https://old.dghs.gov.bd/images/docs/vpr/20231210_dengue_all.pdf,20240114234811,https://web.archive.org/web/20240114234811id_/https://old.dghs.gov.bd/images/docs/vpr/20231210_dengue_all.pdf
2023-12-11,https://old.dghs.gov.bd/images/docs/vpr/20231211_dengue_all.pdf,20260608104721,https://web.archive.org/web/20260608104721id_/https://old.dghs.gov.bd/images/docs/vpr/20231211_dengue_all.pdf
2023-12-12,http://old.dghs.gov.bd/images/docs/vpr/20231212_dengue_all.pdf,20250528164034,https://web.archive.org/web/20250528164034id_/http://old.dghs.gov.bd/images/docs/vpr/20231212_dengue_all.pdf
2023-12-13,https://old.dghs.gov.bd/images/docs/vpr/20231213_dengue_all.pdf,20260608104720,https://web.archive.org/web/20260608104720id_/https://old.dghs.gov.bd/images/docs/vpr/20231213_dengue_all.pdf
2023-12-14,https://old.dghs.gov.bd/images/docs/vpr/20231214_dengue_all.pdf,20260608104720,https://web.archive.org/web/20260608104720id_/https://old.dghs.gov.bd/images/docs/vpr/20231214_dengue_all.pdf
2023-12-15,https://old.dghs.gov.bd/images/docs/vpr/20231215_dengue_all.pdf,20260608104720,https://web.archive.org/web/20260608104720id_/https://old.dghs.gov.bd/images/docs/vpr/20231215_dengue_all.pdf
2023-12-16,https://old.dghs.gov.bd/images/docs/vpr/20231216_dengue_all.pdf,20260608104717,https://web.archive.org/web/20260608104717id_/https://old.dghs.gov.bd/images/docs/vpr/20231216_dengue_all.pdf
2023-12-17,https://old.dghs.gov.bd/images/docs/vpr/20231217_dengue_all.pdf,20260608104716,https://web.archive.org/web/20260608104716id_/https://old.dghs.gov.bd/images/docs/vpr/20231217_dengue_all.pdf
2023-12-18,https://old.dghs.gov.bd/images/docs/vpr/20231218_dengue_all.pdf,20260608104716,https://web.archive.org/web/20260608104716id_/https://old.dghs.gov.bd/images/docs/vpr/20231218_dengue_all.pdf
2023-12-19,http://old.dghs.gov.bd/images/docs/vpr/20231219_dengue_all.pdf,20250528163458,https://web.archive.org/web/20250528163458id_/http://old.dghs.gov.bd/images/docs/vpr/20231219_dengue_all.pdf
2023-12-20,https://old.dghs.gov.bd/images/docs/vpr/20231220_dengue_all.pdf,20260608104715,https://web.archive.org/web/20260608104715id_/https://old.dghs.gov.bd/images/docs/vpr/20231220_dengue_all.pdf
2023-12-21,https://old.dghs.gov.bd/images/docs/vpr/20231221_dengue_all.pdf,20260608104715,https://web.archive.org/web/20260608104715id_/https://old.dghs.gov.bd/images/docs/vpr/20231221_dengue_all.pdf
2023-12-22,https://old.dghs.gov.bd/images/docs/vpr/20231222_dengue_all.pdf,20260608104715,https://web.archive.org/web/20260608104715id_/https://old.dghs.gov.bd/images/docs/vpr/20231222_dengue_all.pdf
2023-12-23,http://old.dghs.gov.bd/images/docs/vpr/20231223_dengue_all.pdf,20250528163536,https://web.archive.org/web/20250528163536id_/http://old.dghs.gov.bd/images/docs/vpr/20231223_dengue_all.pdf
2023-12-24,https://old.dghs.gov.bd/images/docs/vpr/20231224_dengue_all.pdf,20240115180038,https://web.archive.org/web/20240115180038id_/https://old.dghs.gov.bd/images/docs/vpr/20231224_dengue_all.pdf
2023-12-25,https://old.dghs.gov.bd/images/docs/vpr/20231225_dengue_all.pdf,20260608104712,https://web.archive.org/web/20260608104712id_/https://old.dghs.gov.bd/images/docs/vpr/20231225_dengue_all.pdf
2023-12-26,http://old.dghs.gov.bd/images/docs/vpr/20231226_dengue_all.pdf,20250528163508,https://web.archive.org/web/20250528163508id_/http://old.dghs.gov.bd/images/docs/vpr/20231226_dengue_all.pdf
2023-12-27,https://old.dghs.gov.bd/images/docs/vpr/20231227_dengue_all.pdf,20260608104711,https://web.archive.org/web/20260608104711id_/https://old.dghs.gov.bd/images/docs/vpr/20231227_dengue_all.pdf
2023-12-28,https://old.dghs.gov.bd/images/docs/vpr/20231228_dengue_all.pdf,20260608104710,https://web.archive.org/web/20260608104710id_/https://old.dghs.gov.bd/images/docs/vpr/20231228_dengue_all.pdf
2023-12-29,https://old.dghs.gov.bd/images/docs/vpr/20231229_dengue_all.pdf,20260608104710,https://web.archive.org/web/20260608104710id_/https://old.dghs.gov.bd/images/docs/vpr/20231229_dengue_all.pdf
2023-12-30,https://old.dghs.gov.bd/images/docs/vpr/20231230_dengue_all.pdf,20260608104710,https://web.archive.org/web/20260608104710id_/https://old.dghs.gov.bd/images/docs/vpr/20231230_dengue_all.pdf
2023-12-31,https://old.dghs.gov.bd/images/docs/vpr/20231231_dengue_all.pdf,20240114054557,https://web.archive.org/web/20240114054557id_/https://old.dghs.gov.bd/images/docs/vpr/20231231_dengue_all.pdf
2024-01-01,http://old.dghs.gov.bd/images/docs/vpr/20240101_dengue_all.pdf,20250528163412,https://web.archive.org/web/20250528163412id_/http://old.dghs.gov.bd/images/docs/vpr/20240101_dengue_all.pdf
2024-01-02,https://old.dghs.gov.bd/images/docs/vpr/20240102_dengue_all.pdf,20260608104709,https://web.archive.org/web/20260608104709id_/https://old.dghs.gov.bd/images/docs/vpr/20240102_dengue_all.pdf
2024-01-03,https://old.dghs.gov.bd/images/docs/vpr/20240103_dengue_all.pdf,20260608104708,https://web.archive.org/web/20260608104708id_/https://old.dghs.gov.bd/images/docs/vpr/20240103_dengue_all.pdf
2024-01-04,http://old.dghs.gov.bd/images/docs/vpr/20240104_dengue_all.pdf,20250528163501,https://web.archive.org/web/20250528163501id_/http://old.dghs.gov.bd/images/docs/vpr/20240104_dengue_all.pdf
2024-01-05,https://old.dghs.gov.bd/images/docs/vpr/20240105_dengue_all.pdf,20260608104707,https://web.archive.org/web/20260608104707id_/https://old.dghs.gov.bd/images/docs/vpr/20240105_dengue_all.pdf
2024-01-06,http://old.dghs.gov.bd/images/docs/vpr/20240106_dengue_all.pdf,20250528163524,https://web.archive.org/web/20250528163524id_/http://old.dghs.gov.bd/images/docs/vpr/20240106_dengue_all.pdf
2024-01-07,http://old.dghs.gov.bd/images/docs/vpr/20240107_dengue_all.pdf,20250528163831,https://web.archive.org/web/20250528163831id_/http://old.dghs.gov.bd/images/docs/vpr/20240107_dengue_all.pdf
2024-01-08,http://old.dghs.gov.bd/images/docs/vpr/20240108_dengue_all.pdf,20250528164003,https://web.archive.org/web/20250528164003id_/http://old.dghs.gov.bd/images/docs/vpr/20240108_dengue_all.pdf
2024-01-09,https://old.dghs.gov.bd/images/docs/vpr/20240109_dengue_all.pdf,20260608104705,https://web.archive.org/web/20260608104705id_/https://old.dghs.gov.bd/images/docs/vpr/20240109_dengue_all.pdf
2024-01-10,https://old.dghs.gov.bd/images/docs/vpr/20240110_dengue_all.pdf,20260608104705,https://web.archive.org/web/20260608104705id_/https://old.dghs.gov.bd/images/docs/vpr/20240110_dengue_all.pdf
2024-01-11,https://old.dghs.gov.bd/images/docs/vpr/20240111_dengue_all.pdf,20260608104704,https://web.archive.org/web/20260608104704id_/https://old.dghs.gov.bd/images/docs/vpr/20240111_dengue_all.pdf
2024-01-12,https://old.dghs.gov.bd/images/docs/vpr/20240112_dengue_all.pdf,20260608104703,https://web.archive.org/web/20260608104703id_/https://old.dghs.gov.bd/images/docs/vpr/20240112_dengue_all.pdf
2024-01-13,http://old.dghs.gov.bd/images/docs/vpr/20240113_dengue_all.pdf,20250528163747,https://web.archive.org/web/20250528163747id_/http://old.dghs.gov.bd/images/docs/vpr/20240113_dengue_all.pdf
2024-01-14,http://old.dghs.gov.bd/images/docs/vpr/20240114_dengue_all.pdf,20250528164010,https://web.archive.org/web/20250528164010id_/http://old.dghs.gov.bd/images/docs/vpr/20240114_dengue_all.pdf
2024-01-15,http://old.dghs.gov.bd/images/docs/vpr/20240115_dengue_all.pdf,20250528163505,https://web.archive.org/web/20250528163505id_/http://old.dghs.gov.bd/images/docs/vpr/20240115_dengue_all.pdf
2024-01-16,http://old.dghs.gov.bd/images/docs/vpr/20240116_dengue_all.pdf,20250528163906,https://web.archive.org/web/20250528163906id_/http://old.dghs.gov.bd/images/docs/vpr/20240116_dengue_all.pdf
2024-01-17,http://old.dghs.gov.bd/images/docs/vpr/20240117_dengue_all.pdf,20250528163530,https://web.archive.org/web/20250528163530id_/http://old.dghs.gov.bd/images/docs/vpr/20240117_dengue_all.pdf
2024-01-18,http://old.dghs.gov.bd/images/docs/vpr/20240118_dengue_all.pdf,20250528163552,https://web.archive.org/web/20250528163552id_/http://old.dghs.gov.bd/images/docs/vpr/20240118_dengue_all.pdf
2024-01-19,http://old.dghs.gov.bd/images/docs/vpr/20240119_dengue_all.pdf,20250528163733,https://web.archive.org/web/20250528163733id_/http://old.dghs.gov.bd/images/docs/vpr/20240119_dengue_all.pdf
2024-01-20,http://old.dghs.gov.bd/images/docs/vpr/20240120_dengue_all.pdf,20250528163459,https://web.archive.org/web/20250528163459id_/http://old.dghs.gov.bd/images/docs/vpr/20240120_dengue_all.pdf
2024-01-21,https://old.dghs.gov.bd/images/docs/vpr/20240121_dengue_all.pdf,20240125103521,https://web.archive.org/web/20240125103521id_/https://old.dghs.gov.bd/images/docs/vpr/20240121_dengue_all.pdf
2024-01-22,http://old.dghs.gov.bd/images/docs/vpr/20240122_dengue_all.pdf,20250528164543,https://web.archive.org/web/20250528164543id_/http://old.dghs.gov.bd/images/docs/vpr/20240122_dengue_all.pdf
2024-01-23,http://old.dghs.gov.bd/images/docs/vpr/20240123_dengue_all.pdf,20250528163415,https://web.archive.org/web/20250528163415id_/http://old.dghs.gov.bd/images/docs/vpr/20240123_dengue_all.pdf
2024-01-24,http://old.dghs.gov.bd/images/docs/vpr/20240124_dengue_all.pdf,20250528163506,https://web.archive.org/web/20250528163506id_/http://old.dghs.gov.bd/images/docs/vpr/20240124_dengue_all.pdf
2024-01-25,http://old.dghs.gov.bd/images/docs/vpr/20240125_dengue_all.pdf,20250528163728,https://web.archive.org/web/20250528163728id_/http://old.dghs.gov.bd/images/docs/vpr/20240125_dengue_all.pdf
2024-01-26,http://old.dghs.gov.bd/images/docs/vpr/20240126_dengue_all.pdf,20250528163435,https://web.archive.org/web/20250528163435id_/http://old.dghs.gov.bd/images/docs/vpr/20240126_dengue_all.pdf
2024-01-27,http://old.dghs.gov.bd/images/docs/vpr/20240127_dengue_all.pdf,20250528163541,https://web.archive.org/web/20250528163541id_/http://old.dghs.gov.bd/images/docs/vpr/20240127_dengue_all.pdf
2024-01-28,http://old.dghs.gov.bd/images/docs/vpr/20240128_dengue_all.pdf,20250528163832,https://web.archive.org/web/20250528163832id_/http://old.dghs.gov.bd/images/docs/vpr/20240128_dengue_all.pdf
2024-01-29,http://old.dghs.gov.bd/images/docs/vpr/20240129_dengue_all.pdf,20250528163904,https://web.archive.org/web/20250528163904id_/http://old.dghs.gov.bd/images/docs/vpr/20240129_dengue_all.pdf
2024-01-30,http://old.dghs.gov.bd/images/docs/vpr/20240130_dengue_all.pdf,20250528163449,https://web.archive.org/web/20250528163449id_/http://old.dghs.gov.bd/images/docs/vpr/20240130_dengue_all.pdf
2024-01-31,http://old.dghs.gov.bd/images/docs/vpr/20240131_dengue_all.pdf,20250528163544,https://web.archive.org/web/20250528163544id_/http://old.dghs.gov.bd/images/docs/vpr/20240131_dengue_all.pdf
2024-02-01,http://old.dghs.gov.bd/images/docs/vpr/20240201_dengue_all.pdf,20250528163620,https://web.archive.org/web/20250528163620id_/http://old.dghs.gov.bd/images/docs/vpr/20240201_dengue_all.pdf
2024-02-02,http://old.dghs.gov.bd/images/docs/vpr/20240202_dengue_all.pdf,20250528163557,https://web.archive.org/web/20250528163557id_/http://old.dghs.gov.bd/images/docs/vpr/20240202_dengue_all.pdf
2024-02-03,http://old.dghs.gov.bd/images/docs/vpr/20240203_dengue_all.pdf,20250528163551,https://web.archive.org/web/20250528163551id_/http://old.dghs.gov.bd/images/docs/vpr/20240203_dengue_all.pdf
2024-02-04,http://old.dghs.gov.bd/images/docs/vpr/20240204_dengue_all.pdf,20250528163424,https://web.archive.org/web/20250528163424id_/http://old.dghs.gov.bd/images/docs/vpr/20240204_dengue_all.pdf
2024-02-05,http://old.dghs.gov.bd/images/docs/vpr/20240205_dengue_all.pdf,20250528163420,https://web.archive.org/web/20250528163420id_/http://old.dghs.gov.bd/images/docs/vpr/20240205_dengue_all.pdf
2024-02-06,http://old.dghs.gov.bd/images/docs/vpr/20240206_dengue_all.pdf,20250528163533,https://web.archive.org/web/20250528163533id_/http://old.dghs.gov.bd/images/docs/vpr/20240206_dengue_all.pdf
2024-02-07,http://old.dghs.gov.bd/images/docs/vpr/20240207_dengue_all.pdf,20250528164023,https://web.archive.org/web/20250528164023id_/http://old.dghs.gov.bd/images/docs/vpr/20240207_dengue_all.pdf
2024-02-08,http://old.dghs.gov.bd/images/docs/vpr/20240208_dengue_all.pdf,20250528163541,https://web.archive.org/web/20250528163541id_/http://old.dghs.gov.bd/images/docs/vpr/20240208_dengue_all.pdf
2024-02-09,http://old.dghs.gov.bd/images/docs/vpr/20240209_dengue_all.pdf,20250528163523,https://web.archive.org/web/20250528163523id_/http://old.dghs.gov.bd/images/docs/vpr/20240209_dengue_all.pdf
2024-02-10,http://old.dghs.gov.bd/images/docs/vpr/20240210_dengue_all.pdf,20250528163551,https://web.archive.org/web/20250528163551id_/http://old.dghs.gov.bd/images/docs/vpr/20240210_dengue_all.pdf
2024-02-11,http://old.dghs.gov.bd/images/docs/vpr/20240211_dengue_all.pdf,20250528163853,https://web.archive.org/web/20250528163853id_/http://old.dghs.gov.bd/images/docs/vpr/20240211_dengue_all.pdf
2024-02-12,http://old.dghs.gov.bd/images/docs/vpr/20240212_dengue_all.pdf,20250528163525,https://web.archive.org/web/20250528163525id_/http://old.dghs.gov.bd/images/docs/vpr/20240212_dengue_all.pdf
2024-02-13,http://old.dghs.gov.bd/images/docs/vpr/20240213_dengue_all.pdf,20250528163426,https://web.archive.org/web/20250528163426id_/http://old.dghs.gov.bd/images/docs/vpr/20240213_dengue_all.pdf
2024-02-14,http://old.dghs.gov.bd/images/docs/vpr/20240214_dengue_all.pdf,20250528163546,https://web.archive.org/web/20250528163546id_/http://old.dghs.gov.bd/images/docs/vpr/20240214_dengue_all.pdf
2024-02-15,http://old.dghs.gov.bd/images/docs/vpr/20240215_dengue_all.pdf,20250528163411,https://web.archive.org/web/20250528163411id_/http://old.dghs.gov.bd/images/docs/vpr/20240215_dengue_all.pdf
2024-02-16,http://old.dghs.gov.bd/images/docs/vpr/20240216_dengue_all.pdf,20250528163534,https://web.archive.org/web/20250528163534id_/http://old.dghs.gov.bd/images/docs/vpr/20240216_dengue_all.pdf
2024-02-17,http://old.dghs.gov.bd/images/docs/vpr/20240217_dengue_all.pdf,20250529031347,https://web.archive.org/web/20250529031347id_/http://old.dghs.gov.bd/images/docs/vpr/20240217_dengue_all.pdf
2024-02-18,http://old.dghs.gov.bd/images/docs/vpr/20240218_dengue_all.pdf,20250528163603,https://web.archive.org/web/20250528163603id_/http://old.dghs.gov.bd/images/docs/vpr/20240218_dengue_all.pdf
2024-02-19,http://old.dghs.gov.bd/images/docs/vpr/20240219_dengue_all.pdf,20250528163539,https://web.archive.org/web/20250528163539id_/http://old.dghs.gov.bd/images/docs/vpr/20240219_dengue_all.pdf
2024-02-20,http://old.dghs.gov.bd/images/docs/vpr/20240220_dengue_all.pdf,20250528163532,https://web.archive.org/web/20250528163532id_/http://old.dghs.gov.bd/images/docs/vpr/20240220_dengue_all.pdf
2024-02-21,http://old.dghs.gov.bd/images/docs/vpr/20240221_dengue_all.pdf,20250528163506,https://web.archive.org/web/20250528163506id_/http://old.dghs.gov.bd/images/docs/vpr/20240221_dengue_all.pdf
2024-02-22,http://old.dghs.gov.bd/images/docs/vpr/20240222_dengue_all.pdf,20250528163554,https://web.archive.org/web/20250528163554id_/http://old.dghs.gov.bd/images/docs/vpr/20240222_dengue_all.pdf
2024-02-23,http://old.dghs.gov.bd/images/docs/vpr/20240223_dengue_all.pdf,20250528163535,https://web.archive.org/web/20250528163535id_/http://old.dghs.gov.bd/images/docs/vpr/20240223_dengue_all.pdf
2024-02-24,http://old.dghs.gov.bd/images/docs/vpr/20240224_dengue_all.pdf,20250528163529,https://web.archive.org/web/20250528163529id_/http://old.dghs.gov.bd/images/docs/vpr/20240224_dengue_all.pdf
2024-02-25,http://old.dghs.gov.bd/images/docs/vpr/20240225_dengue_all.pdf,20250528164016,https://web.archive.org/web/20250528164016id_/http://old.dghs.gov.bd/images/docs/vpr/20240225_dengue_all.pdf
2024-02-26,http://old.dghs.gov.bd/images/docs/vpr/20240226_dengue_all.pdf,20250528163430,https://web.archive.org/web/20250528163430id_/http://old.dghs.gov.bd/images/docs/vpr/20240226_dengue_all.pdf
2024-02-27,http://old.dghs.gov.bd/images/docs/vpr/20240227_dengue_all.pdf,20250528163600,https://web.archive.org/web/20250528163600id_/http://old.dghs.gov.bd/images/docs/vpr/20240227_dengue_all.pdf
2024-02-28,http://old.dghs.gov.bd/images/docs/vpr/20240228_dengue_all.pdf,20250528163700,https://web.archive.org/web/20250528163700id_/http://old.dghs.gov.bd/images/docs/vpr/20240228_dengue_all.pdf
2024-02-29,http://old.dghs.gov.bd/images/docs/vpr/20240229_dengue_all.pdf,20250528163606,https://web.archive.org/web/20250528163606id_/http://old.dghs.gov.bd/images/docs/vpr/20240229_dengue_all.pdf
2024-03-01,http://old.dghs.gov.bd/images/docs/vpr/20240301_dengue_all.pdf,20250528163610,https://web.archive.org/web/20250528163610id_/http://old.dghs.gov.bd/images/docs/vpr/20240301_dengue_all.pdf
2024-03-02,http://old.dghs.gov.bd/images/docs/vpr/20240302_dengue_all.pdf,20250528163853,https://web.archive.org/web/20250528163853id_/http://old.dghs.gov.bd/images/docs/vpr/20240302_dengue_all.pdf
2024-03-03,https://old.dghs.gov.bd/images/docs/vpr/20240303_dengue_all.pdf,20240306110353,https://web.archive.org/web/20240306110353id_/https://old.dghs.gov.bd/images/docs/vpr/20240303_dengue_all.pdf
2024-03-04,http://old.dghs.gov.bd/images/docs/vpr/20240304_dengue_all.pdf,20250528163440,https://web.archive.org/web/20250528163440id_/http://old.dghs.gov.bd/images/docs/vpr/20240304_dengue_all.pdf
2024-03-05,http://old.dghs.gov.bd/images/docs/vpr/20240305_dengue_all.pdf,20250528163616,https://web.archive.org/web/20250528163616id_/http://old.dghs.gov.bd/images/docs/vpr/20240305_dengue_all.pdf
2024-03-06,http://old.dghs.gov.bd/images/docs/vpr/20240306_dengue_all.pdf,20250528163608,https://web.archive.org/web/20250528163608id_/http://old.dghs.gov.bd/images/docs/vpr/20240306_dengue_all.pdf
2024-03-07,http://old.dghs.gov.bd/images/docs/vpr/20240307_dengue_all.pdf,20250528163413,https://web.archive.org/web/20250528163413id_/http://old.dghs.gov.bd/images/docs/vpr/20240307_dengue_all.pdf
2024-03-08,http://old.dghs.gov.bd/images/docs/vpr/20240308_dengue_all.pdf,20250528164201,https://web.archive.org/web/20250528164201id_/http://old.dghs.gov.bd/images/docs/vpr/20240308_dengue_all.pdf
2024-03-09,http://old.dghs.gov.bd/images/docs/vpr/20240309_dengue_all.pdf,20250528163608,https://web.archive.org/web/20250528163608id_/http://old.dghs.gov.bd/images/docs/vpr/20240309_dengue_all.pdf
2024-03-10,http://old.dghs.gov.bd/images/docs/vpr/20240310_dengue_all.pdf,20250528163812,https://web.archive.org/web/20250528163812id_/http://old.dghs.gov.bd/images/docs/vpr/20240310_dengue_all.pdf
2024-03-11,http://old.dghs.gov.bd/images/docs/vpr/20240311_dengue_all.pdf,20250528163508,https://web.archive.org/web/20250528163508id_/http://old.dghs.gov.bd/images/docs/vpr/20240311_dengue_all.pdf
2024-03-12,http://old.dghs.gov.bd/images/docs/vpr/20240312_dengue_all.pdf,20250528163805,https://web.archive.org/web/20250528163805id_/http://old.dghs.gov.bd/images/docs/vpr/20240312_dengue_all.pdf
2024-03-13,http://old.dghs.gov.bd/images/docs/vpr/20240313_dengue_all.pdf,20250528163542,https://web.archive.org/web/20250528163542id_/http://old.dghs.gov.bd/images/docs/vpr/20240313_dengue_all.pdf
2024-03-14,http://old.dghs.gov.bd/images/docs/vpr/20240314_dengue_all.pdf,20250528163604,https://web.archive.org/web/20250528163604id_/http://old.dghs.gov.bd/images/docs/vpr/20240314_dengue_all.pdf
2024-03-15,http://old.dghs.gov.bd/images/docs/vpr/20240315_dengue_all.pdf,20250528163539,https://web.archive.org/web/20250528163539id_/http://old.dghs.gov.bd/images/docs/vpr/20240315_dengue_all.pdf
2024-03-16,http://old.dghs.gov.bd/images/docs/vpr/20240316_dengue_all.pdf,20250528163459,https://web.archive.org/web/20250528163459id_/http://old.dghs.gov.bd/images/docs/vpr/20240316_dengue_all.pdf
2024-03-17,https://old.dghs.gov.bd/images/docs/vpr/20240317_dengue_all.pdf,20240407151157,https://web.archive.org/web/20240407151157id_/https://old.dghs.gov.bd/images/docs/vpr/20240317_dengue_all.pdf
2024-03-18,http://old.dghs.gov.bd/images/docs/vpr/20240318_dengue_all.pdf,20250528163451,https://web.archive.org/web/20250528163451id_/http://old.dghs.gov.bd/images/docs/vpr/20240318_dengue_all.pdf
2024-03-19,http://old.dghs.gov.bd/images/docs/vpr/20240319_dengue_all.pdf,20250528163532,https://web.archive.org/web/20250528163532id_/http://old.dghs.gov.bd/images/docs/vpr/20240319_dengue_all.pdf
2024-03-20,http://old.dghs.gov.bd/images/docs/vpr/20240320_dengue_all.pdf,20250528163457,https://web.archive.org/web/20250528163457id_/http://old.dghs.gov.bd/images/docs/vpr/20240320_dengue_all.pdf
2024-03-21,http://old.dghs.gov.bd/images/docs/vpr/20240321_dengue_all.pdf,20250528163426,https://web.archive.org/web/20250528163426id_/http://old.dghs.gov.bd/images/docs/vpr/20240321_dengue_all.pdf
2024-03-22,http://old.dghs.gov.bd/images/docs/vpr/20240322_dengue_all.pdf,20250528163454,https://web.archive.org/web/20250528163454id_/http://old.dghs.gov.bd/images/docs/vpr/20240322_dengue_all.pdf
2024-03-23,http://old.dghs.gov.bd/images/docs/vpr/20240323_dengue_all.pdf,20250528163807,https://web.archive.org/web/20250528163807id_/http://old.dghs.gov.bd/images/docs/vpr/20240323_dengue_all.pdf
2024-03-24,http://old.dghs.gov.bd/images/docs/vpr/20240324_dengue_all.pdf,20250528163642,https://web.archive.org/web/20250528163642id_/http://old.dghs.gov.bd/images/docs/vpr/20240324_dengue_all.pdf
2024-03-25,http://old.dghs.gov.bd/images/docs/vpr/20240325_dengue_all.pdf,20250528163532,https://web.archive.org/web/20250528163532id_/http://old.dghs.gov.bd/images/docs/vpr/20240325_dengue_all.pdf
2024-03-26,http://old.dghs.gov.bd/images/docs/vpr/20240326_dengue_all.pdf,20250528163429,https://web.archive.org/web/20250528163429id_/http://old.dghs.gov.bd/images/docs/vpr/20240326_dengue_all.pdf
2024-03-27,http://old.dghs.gov.bd/images/docs/vpr/20240327_dengue_all.pdf,20250528163637,https://web.archive.org/web/20250528163637id_/http://old.dghs.gov.bd/images/docs/vpr/20240327_dengue_all.pdf
2024-03-28,http://old.dghs.gov.bd/images/docs/vpr/20240328_dengue_all.pdf,20250528163622,https://web.archive.org/web/20250528163622id_/http://old.dghs.gov.bd/images/docs/vpr/20240328_dengue_all.pdf
2024-03-29,http://old.dghs.gov.bd/images/docs/vpr/20240329_dengue_all.pdf,20250528163417,https://web.archive.org/web/20250528163417id_/http://old.dghs.gov.bd/images/docs/vpr/20240329_dengue_all.pdf
2024-03-30,http://old.dghs.gov.bd/images/docs/vpr/20240330_dengue_all.pdf,20250528163517,https://web.archive.org/web/20250528163517id_/http://old.dghs.gov.bd/images/docs/vpr/20240330_dengue_all.pdf
2024-03-31,https://old.dghs.gov.bd/images/docs/vpr/20240331_dengue_all.pdf,20240407151143,https://web.archive.org/web/20240407151143id_/https://old.dghs.gov.bd/images/docs/vpr/20240331_dengue_all.pdf
2024-04-01,http://old.dghs.gov.bd/images/docs/vpr/20240401_dengue_all.pdf,20250528163523,https://web.archive.org/web/20250528163523id_/http://old.dghs.gov.bd/images/docs/vpr/20240401_dengue_all.pdf
2024-04-02,http://old.dghs.gov.bd/images/docs/vpr/20240402_dengue_all.pdf,20250528163520,https://web.archive.org/web/20250528163520id_/http://old.dghs.gov.bd/images/docs/vpr/20240402_dengue_all.pdf
2024-04-03,http://old.dghs.gov.bd/images/docs/vpr/20240403_dengue_all.pdf,20250528163453,https://web.archive.org/web/20250528163453id_/http://old.dghs.gov.bd/images/docs/vpr/20240403_dengue_all.pdf
2024-04-04,http://old.dghs.gov.bd/images/docs/vpr/20240404_dengue_all.pdf,20250528163551,https://web.archive.org/web/20250528163551id_/http://old.dghs.gov.bd/images/docs/vpr/20240404_dengue_all.pdf
2024-04-05,http://old.dghs.gov.bd/images/docs/vpr/20240405_dengue_all.pdf,20250528163611,https://web.archive.org/web/20250528163611id_/http://old.dghs.gov.bd/images/docs/vpr/20240405_dengue_all.pdf
2024-04-06,http://old.dghs.gov.bd/images/docs/vpr/20240406_dengue_all.pdf,20250528163503,https://web.archive.org/web/20250528163503id_/http://old.dghs.gov.bd/images/docs/vpr/20240406_dengue_all.pdf
2024-04-07,http://old.dghs.gov.bd/images/docs/vpr/20240407_dengue_all.pdf,20250528163600,https://web.archive.org/web/20250528163600id_/http://old.dghs.gov.bd/images/docs/vpr/20240407_dengue_all.pdf
2024-04-08,http://old.dghs.gov.bd/images/docs/vpr/20240408_dengue_all.pdf,20250528163546,https://web.archive.org/web/20250528163546id_/http://old.dghs.gov.bd/images/docs/vpr/20240408_dengue_all.pdf
2024-04-09,http://old.dghs.gov.bd/images/docs/vpr/20240409_dengue_all.pdf,20250528164246,https://web.archive.org/web/20250528164246id_/http://old.dghs.gov.bd/images/docs/vpr/20240409_dengue_all.pdf
2024-04-10,http://old.dghs.gov.bd/images/docs/vpr/20240410_dengue_all.pdf,20250528163450,https://web.archive.org/web/20250528163450id_/http://old.dghs.gov.bd/images/docs/vpr/20240410_dengue_all.pdf
2024-04-11,http://old.dghs.gov.bd/images/docs/vpr/20240411_dengue_all.pdf,20250528163607,https://web.archive.org/web/20250528163607id_/http://old.dghs.gov.bd/images/docs/vpr/20240411_dengue_all.pdf
2024-04-12,http://old.dghs.gov.bd/images/docs/vpr/20240412_dengue_all.pdf,20250528163559,https://web.archive.org/web/20250528163559id_/http://old.dghs.gov.bd/images/docs/vpr/20240412_dengue_all.pdf
2024-04-13,http://old.dghs.gov.bd/images/docs/vpr/20240413_dengue_all.pdf,20250528163418,https://web.archive.org/web/20250528163418id_/http://old.dghs.gov.bd/images/docs/vpr/20240413_dengue_all.pdf
2024-04-14,https://old.dghs.gov.bd/images/docs/vpr/20240414_dengue_all.pdf,20240420172342,https://web.archive.org/web/20240420172342id_/https://old.dghs.gov.bd/images/docs/vpr/20240414_dengue_all.pdf
2024-04-15,http://old.dghs.gov.bd/images/docs/vpr/20240415_dengue_all.pdf,20250528163412,https://web.archive.org/web/20250528163412id_/http://old.dghs.gov.bd/images/docs/vpr/20240415_dengue_all.pdf
2024-04-16,http://old.dghs.gov.bd/images/docs/vpr/20240416_dengue_all.pdf,20250528163502,https://web.archive.org/web/20250528163502id_/http://old.dghs.gov.bd/images/docs/vpr/20240416_dengue_all.pdf
2024-04-17,https://old.dghs.gov.bd/images/docs/vpr/20240417_dengue_all.pdf,20260608104606,https://web.archive.org/web/20260608104606id_/https://old.dghs.gov.bd/images/docs/vpr/20240417_dengue_all.pdf
2024-04-18,http://old.dghs.gov.bd/images/docs/vpr/20240418_dengue_all.pdf,20250528163428,https://web.archive.org/web/20250528163428id_/http://old.dghs.gov.bd/images/docs/vpr/20240418_dengue_all.pdf
2024-04-19,http://old.dghs.gov.bd/images/docs/vpr/20240419_dengue_all.pdf,20250528163913,https://web.archive.org/web/20250528163913id_/http://old.dghs.gov.bd/images/docs/vpr/20240419_dengue_all.pdf
2024-04-20,http://old.dghs.gov.bd/images/docs/vpr/20240420_dengue_all.pdf,20250528163658,https://web.archive.org/web/20250528163658id_/http://old.dghs.gov.bd/images/docs/vpr/20240420_dengue_all.pdf
2024-04-21,http://old.dghs.gov.bd/images/docs/vpr/20240421_dengue_all.pdf,20250528163424,https://web.archive.org/web/20250528163424id_/http://old.dghs.gov.bd/images/docs/vpr/20240421_dengue_all.pdf
2024-04-22,http://old.dghs.gov.bd/images/docs/vpr/20240422_dengue_all.pdf,20250528163427,https://web.archive.org/web/20250528163427id_/http://old.dghs.gov.bd/images/docs/vpr/20240422_dengue_all.pdf
2024-04-23,http://old.dghs.gov.bd/images/docs/vpr/20240423_dengue_all.pdf,20250528164153,https://web.archive.org/web/20250528164153id_/http://old.dghs.gov.bd/images/docs/vpr/20240423_dengue_all.pdf
2024-04-24,http://old.dghs.gov.bd/images/docs/vpr/20240424_dengue_all.pdf,20250528163728,https://web.archive.org/web/20250528163728id_/http://old.dghs.gov.bd/images/docs/vpr/20240424_dengue_all.pdf
2024-04-25,http://old.dghs.gov.bd/images/docs/vpr/20240425_dengue_all.pdf,20250528163504,https://web.archive.org/web/20250528163504id_/http://old.dghs.gov.bd/images/docs/vpr/20240425_dengue_all.pdf
2024-04-26,http://old.dghs.gov.bd/images/docs/vpr/20240426_dengue_all.pdf,20250528163557,https://web.archive.org/web/20250528163557id_/http://old.dghs.gov.bd/images/docs/vpr/20240426_dengue_all.pdf
2024-04-27,http://old.dghs.gov.bd/images/docs/vpr/20240427_dengue_all.pdf,20250528163550,https://web.archive.org/web/20250528163550id_/http://old.dghs.gov.bd/images/docs/vpr/20240427_dengue_all.pdf
2024-04-28,https://old.dghs.gov.bd/images/docs/vpr/20240428_dengue_all.pdf,20240517094141,https://web.archive.org/web/20240517094141id_/https://old.dghs.gov.bd/images/docs/vpr/20240428_dengue_all.pdf
2024-04-29,http://old.dghs.gov.bd/images/docs/vpr/20240429_dengue_all.pdf,20250528163915,https://web.archive.org/web/20250528163915id_/http://old.dghs.gov.bd/images/docs/vpr/20240429_dengue_all.pdf
2024-04-30,http://old.dghs.gov.bd/images/docs/vpr/20240430_dengue_all.pdf,20250528163541,https://web.archive.org/web/20250528163541id_/http://old.dghs.gov.bd/images/docs/vpr/20240430_dengue_all.pdf
2024-05-01,http://old.dghs.gov.bd/images/docs/vpr/20240501_dengue_all.pdf,20250528163544,https://web.archive.org/web/20250528163544id_/http://old.dghs.gov.bd/images/docs/vpr/20240501_dengue_all.pdf
2024-05-02,http://old.dghs.gov.bd/images/docs/vpr/20240502_dengue_all.pdf,20250528163410,https://web.archive.org/web/20250528163410id_/http://old.dghs.gov.bd/images/docs/vpr/20240502_dengue_all.pdf
2024-05-03,http://old.dghs.gov.bd/images/docs/vpr/20240503_dengue_all.pdf,20250528163436,https://web.archive.org/web/20250528163436id_/http://old.dghs.gov.bd/images/docs/vpr/20240503_dengue_all.pdf
2024-05-04,http://old.dghs.gov.bd/images/docs/vpr/20240504_dengue_all.pdf,20250528163418,https://web.archive.org/web/20250528163418id_/http://old.dghs.gov.bd/images/docs/vpr/20240504_dengue_all.pdf
2024-05-05,http://old.dghs.gov.bd/images/docs/vpr/20240505_dengue_all.pdf,20250528163714,https://web.archive.org/web/20250528163714id_/http://old.dghs.gov.bd/images/docs/vpr/20240505_dengue_all.pdf
2024-05-06,http://old.dghs.gov.bd/images/docs/vpr/20240506_dengue_all.pdf,20250528163507,https://web.archive.org/web/20250528163507id_/http://old.dghs.gov.bd/images/docs/vpr/20240506_dengue_all.pdf
2024-05-07,http://old.dghs.gov.bd/images/docs/vpr/20240507_dengue_all.pdf,20250528163532,https://web.archive.org/web/20250528163532id_/http://old.dghs.gov.bd/images/docs/vpr/20240507_dengue_all.pdf
2024-05-08,http://old.dghs.gov.bd/images/docs/vpr/20240508_dengue_all.pdf,20250528163511,https://web.archive.org/web/20250528163511id_/http://old.dghs.gov.bd/images/docs/vpr/20240508_dengue_all.pdf
2024-05-09,http://old.dghs.gov.bd/images/docs/vpr/20240509_dengue_all.pdf,20250528163607,https://web.archive.org/web/20250528163607id_/http://old.dghs.gov.bd/images/docs/vpr/20240509_dengue_all.pdf
2024-05-10,http://old.dghs.gov.bd/images/docs/vpr/20240510_dengue_all.pdf,20250531002325,https://web.archive.org/web/20250531002325id_/http://old.dghs.gov.bd/images/docs/vpr/20240510_dengue_all.pdf
2024-05-11,http://old.dghs.gov.bd/images/docs/vpr/20240511_dengue_all.pdf,20250528163935,https://web.archive.org/web/20250528163935id_/http://old.dghs.gov.bd/images/docs/vpr/20240511_dengue_all.pdf
2024-05-12,https://old.dghs.gov.bd/images/docs/vpr/20240512_dengue_all.pdf,20240517094130,https://web.archive.org/web/20240517094130id_/https://old.dghs.gov.bd/images/docs/vpr/20240512_dengue_all.pdf
2024-05-13,http://old.dghs.gov.bd/images/docs/vpr/20240513_dengue_all.pdf,20250528163744,https://web.archive.org/web/20250528163744id_/http://old.dghs.gov.bd/images/docs/vpr/20240513_dengue_all.pdf
2024-05-14,http://old.dghs.gov.bd/images/docs/vpr/20240514_dengue_all.pdf,20250528163540,https://web.archive.org/web/20250528163540id_/http://old.dghs.gov.bd/images/docs/vpr/20240514_dengue_all.pdf
2024-05-15,http://old.dghs.gov.bd/images/docs/vpr/20240515_dengue_all.pdf,20250528163548,https://web.archive.org/web/20250528163548id_/http://old.dghs.gov.bd/images/docs/vpr/20240515_dengue_all.pdf
2024-05-16,http://old.dghs.gov.bd/images/docs/vpr/20240516_dengue_all.pdf,20250528163526,https://web.archive.org/web/20250528163526id_/http://old.dghs.gov.bd/images/docs/vpr/20240516_dengue_all.pdf
2024-05-17,http://old.dghs.gov.bd/images/docs/vpr/20240517_dengue_all.pdf,20250528163437,https://web.archive.org/web/20250528163437id_/http://old.dghs.gov.bd/images/docs/vpr/20240517_dengue_all.pdf
2024-05-18,http://old.dghs.gov.bd/images/docs/vpr/20240518_dengue_all.pdf,20250528163523,https://web.archive.org/web/20250528163523id_/http://old.dghs.gov.bd/images/docs/vpr/20240518_dengue_all.pdf
2024-05-19,http://old.dghs.gov.bd/images/docs/vpr/20240519_dengue_all.pdf,20250528164507,https://web.archive.org/web/20250528164507id_/http://old.dghs.gov.bd/images/docs/vpr/20240519_dengue_all.pdf
2024-05-20,http://old.dghs.gov.bd/images/docs/vpr/20240520_dengue_all.pdf,20250528163957,https://web.archive.org/web/20250528163957id_/http://old.dghs.gov.bd/images/docs/vpr/20240520_dengue_all.pdf
2024-05-21,http://old.dghs.gov.bd/images/docs/vpr/20240521_dengue_all.pdf,20250528163836,https://web.archive.org/web/20250528163836id_/http://old.dghs.gov.bd/images/docs/vpr/20240521_dengue_all.pdf
2024-05-22,http://old.dghs.gov.bd/images/docs/vpr/20240522_dengue_all.pdf,20250528163521,https://web.archive.org/web/20250528163521id_/http://old.dghs.gov.bd/images/docs/vpr/20240522_dengue_all.pdf
2024-05-23,http://old.dghs.gov.bd/images/docs/vpr/20240523_dengue_all.pdf,20250528163655,https://web.archive.org/web/20250528163655id_/http://old.dghs.gov.bd/images/docs/vpr/20240523_dengue_all.pdf
2024-05-24,http://old.dghs.gov.bd/images/docs/vpr/20240524_dengue_all.pdf,20250528163739,https://web.archive.org/web/20250528163739id_/http://old.dghs.gov.bd/images/docs/vpr/20240524_dengue_all.pdf
2024-05-25,http://old.dghs.gov.bd/images/docs/vpr/20240525_dengue_all.pdf,20250528163738,https://web.archive.org/web/20250528163738id_/http://old.dghs.gov.bd/images/docs/vpr/20240525_dengue_all.pdf
2024-05-26,http://old.dghs.gov.bd/images/docs/vpr/20240526_dengue_all.pdf,20250528163725,https://web.archive.org/web/20250528163725id_/http://old.dghs.gov.bd/images/docs/vpr/20240526_dengue_all.pdf
2024-05-27,http://old.dghs.gov.bd/images/docs/vpr/20240527_dengue_all.pdf,20250528163414,https://web.archive.org/web/20250528163414id_/http://old.dghs.gov.bd/images/docs/vpr/20240527_dengue_all.pdf
2024-05-28,http://old.dghs.gov.bd/images/docs/vpr/20240528_dengue_all.pdf,20250528163527,https://web.archive.org/web/20250528163527id_/http://old.dghs.gov.bd/images/docs/vpr/20240528_dengue_all.pdf
2024-05-29,http://old.dghs.gov.bd/images/docs/vpr/20240529_dengue_all.pdf,20250528163433,https://web.archive.org/web/20250528163433id_/http://old.dghs.gov.bd/images/docs/vpr/20240529_dengue_all.pdf
2024-05-30,https://old.dghs.gov.bd/images/docs/vpr/20240530_dengue_all.pdf,20240705161144,https://web.archive.org/web/20240705161144id_/https://old.dghs.gov.bd/images/docs/vpr/20240530_dengue_all.pdf
2024-05-31,http://old.dghs.gov.bd/images/docs/vpr/20240531_dengue_all.pdf,20250528164046,https://web.archive.org/web/20250528164046id_/http://old.dghs.gov.bd/images/docs/vpr/20240531_dengue_all.pdf
2024-06-01,http://old.dghs.gov.bd/images/docs/vpr/20240601_dengue_all.pdf,20250528163606,https://web.archive.org/web/20250528163606id_/http://old.dghs.gov.bd/images/docs/vpr/20240601_dengue_all.pdf
2024-06-02,http://old.dghs.gov.bd/images/docs/vpr/20240602_dengue_all.pdf,20250528163815,https://web.archive.org/web/20250528163815id_/http://old.dghs.gov.bd/images/docs/vpr/20240602_dengue_all.pdf
2024-06-03,http://old.dghs.gov.bd/images/docs/vpr/20240603_dengue_all.pdf,20250528163625,https://web.archive.org/web/20250528163625id_/http://old.dghs.gov.bd/images/docs/vpr/20240603_dengue_all.pdf
2024-06-04,http://old.dghs.gov.bd/images/docs/vpr/20240604_dengue_all.pdf,20250528163446,https://web.archive.org/web/20250528163446id_/http://old.dghs.gov.bd/images/docs/vpr/20240604_dengue_all.pdf
2024-06-05,http://old.dghs.gov.bd/images/docs/vpr/20240605_dengue_all.pdf,20250528163539,https://web.archive.org/web/20250528163539id_/http://old.dghs.gov.bd/images/docs/vpr/20240605_dengue_all.pdf
2024-06-06,http://old.dghs.gov.bd/images/docs/vpr/20240606_dengue_all.pdf,20250528163939,https://web.archive.org/web/20250528163939id_/http://old.dghs.gov.bd/images/docs/vpr/20240606_dengue_all.pdf
2024-06-07,http://old.dghs.gov.bd/images/docs/vpr/20240607_dengue_all.pdf,20250528163511,https://web.archive.org/web/20250528163511id_/http://old.dghs.gov.bd/images/docs/vpr/20240607_dengue_all.pdf
2024-06-08,https://old.dghs.gov.bd/images/docs/vpr/20240608_dengue_all.pdf,20260608104537,https://web.archive.org/web/20260608104537id_/https://old.dghs.gov.bd/images/docs/vpr/20240608_dengue_all.pdf
2024-06-09,https://old.dghs.gov.bd/images/docs/vpr/20240609_dengue_all.pdf,20240616195828,https://web.archive.org/web/20240616195828id_/https://old.dghs.gov.bd/images/docs/vpr/20240609_dengue_all.pdf
2024-06-10,http://old.dghs.gov.bd/images/docs/vpr/20240610_dengue_all.pdf,20250528164429,https://web.archive.org/web/20250528164429id_/http://old.dghs.gov.bd/images/docs/vpr/20240610_dengue_all.pdf
2024-06-11,http://old.dghs.gov.bd/images/docs/vpr/20240611_dengue_all.pdf,20250528163411,https://web.archive.org/web/20250528163411id_/http://old.dghs.gov.bd/images/docs/vpr/20240611_dengue_all.pdf
2024-06-12,http://old.dghs.gov.bd/images/docs/vpr/20240612_dengue_all.pdf,20250528163549,https://web.archive.org/web/20250528163549id_/http://old.dghs.gov.bd/images/docs/vpr/20240612_dengue_all.pdf
2024-06-13,http://old.dghs.gov.bd/images/docs/vpr/20240613_dengue_all.pdf,20250528163422,https://web.archive.org/web/20250528163422id_/http://old.dghs.gov.bd/images/docs/vpr/20240613_dengue_all.pdf
2024-06-14,http://old.dghs.gov.bd/images/docs/vpr/20240614_dengue_all.pdf,20250528163526,https://web.archive.org/web/20250528163526id_/http://old.dghs.gov.bd/images/docs/vpr/20240614_dengue_all.pdf
2024-06-15,http://old.dghs.gov.bd/images/docs/vpr/20240615_dengue_all.pdf,20250528163735,https://web.archive.org/web/20250528163735id_/http://old.dghs.gov.bd/images/docs/vpr/20240615_dengue_all.pdf
2024-06-16,http://old.dghs.gov.bd/images/docs/vpr/20240616_dengue_all.pdf,20250528163954,https://web.archive.org/web/20250528163954id_/http://old.dghs.gov.bd/images/docs/vpr/20240616_dengue_all.pdf
2024-06-17,http://old.dghs.gov.bd/images/docs/vpr/20240617_dengue_all.pdf,20250528163415,https://web.archive.org/web/20250528163415id_/http://old.dghs.gov.bd/images/docs/vpr/20240617_dengue_all.pdf
2024-06-18,http://old.dghs.gov.bd/images/docs/vpr/20240618_dengue_all.pdf,20250528163446,https://web.archive.org/web/20250528163446id_/http://old.dghs.gov.bd/images/docs/vpr/20240618_dengue_all.pdf
2024-06-19,http://old.dghs.gov.bd/images/docs/vpr/20240619_dengue_all.pdf,20250528163420,https://web.archive.org/web/20250528163420id_/http://old.dghs.gov.bd/images/docs/vpr/20240619_dengue_all.pdf
2024-06-20,http://old.dghs.gov.bd/images/docs/vpr/20240620_dengue_all.pdf,20250528163627,https://web.archive.org/web/20250528163627id_/http://old.dghs.gov.bd/images/docs/vpr/20240620_dengue_all.pdf
2024-06-21,http://old.dghs.gov.bd/images/docs/vpr/20240621_dengue_all.pdf,20250528163504,https://web.archive.org/web/20250528163504id_/http://old.dghs.gov.bd/images/docs/vpr/20240621_dengue_all.pdf
2024-06-22,http://old.dghs.gov.bd/images/docs/vpr/20240622_dengue_all.pdf,20250528163550,https://web.archive.org/web/20250528163550id_/http://old.dghs.gov.bd/images/docs/vpr/20240622_dengue_all.pdf
2024-06-23,http://old.dghs.gov.bd/images/docs/vpr/20240623_dengue_all.pdf,20250528163412,https://web.archive.org/web/20250528163412id_/http://old.dghs.gov.bd/images/docs/vpr/20240623_dengue_all.pdf
2024-06-24,http://old.dghs.gov.bd/images/docs/vpr/20240624_dengue_all.pdf,20250528163513,https://web.archive.org/web/20250528163513id_/http://old.dghs.gov.bd/images/docs/vpr/20240624_dengue_all.pdf
2024-06-25,http://old.dghs.gov.bd/images/docs/vpr/20240625_dengue_all.pdf,20250528163827,https://web.archive.org/web/20250528163827id_/http://old.dghs.gov.bd/images/docs/vpr/20240625_dengue_all.pdf
2024-06-26,http://old.dghs.gov.bd/images/docs/vpr/20240626_dengue_all.pdf,20250528163430,https://web.archive.org/web/20250528163430id_/http://old.dghs.gov.bd/images/docs/vpr/20240626_dengue_all.pdf
2024-06-27,http://old.dghs.gov.bd/images/docs/vpr/20240627_dengue_all.pdf,20250528163738,https://web.archive.org/web/20250528163738id_/http://old.dghs.gov.bd/images/docs/vpr/20240627_dengue_all.pdf
2024-06-28,http://old.dghs.gov.bd/images/docs/vpr/20240628_dengue_all.pdf,20250528163605,https://web.archive.org/web/20250528163605id_/http://old.dghs.gov.bd/images/docs/vpr/20240628_dengue_all.pdf
2024-06-29,https://old.dghs.gov.bd/images/docs/vpr/20240629_dengue_all.pdf,20260608104526,https://web.archive.org/web/20260608104526id_/https://old.dghs.gov.bd/images/docs/vpr/20240629_dengue_all.pdf
2024-06-30,https://old.dghs.gov.bd/images/docs/vpr/20240630_dengue_all.pdf,20240705151241,https://web.archive.org/web/20240705151241id_/https://old.dghs.gov.bd/images/docs/vpr/20240630_dengue_all.pdf
2024-07-01,http://old.dghs.gov.bd/images/docs/vpr/20240701_dengue_all.pdf,20250528163557,https://web.archive.org/web/20250528163557id_/http://old.dghs.gov.bd/images/docs/vpr/20240701_dengue_all.pdf
2024-07-02,http://old.dghs.gov.bd/images/docs/vpr/20240702_dengue_all.pdf,20250528163424,https://web.archive.org/web/20250528163424id_/http://old.dghs.gov.bd/images/docs/vpr/20240702_dengue_all.pdf
2024-07-03,http://old.dghs.gov.bd/images/docs/vpr/20240703_dengue_all.pdf,20250528163545,https://web.archive.org/web/20250528163545id_/http://old.dghs.gov.bd/images/docs/vpr/20240703_dengue_all.pdf
2024-07-04,http://old.dghs.gov.bd/images/docs/vpr/20240704_dengue_all.pdf,20250528163420,https://web.archive.org/web/20250528163420id_/http://old.dghs.gov.bd/images/docs/vpr/20240704_dengue_all.pdf
2024-07-05,http://old.dghs.gov.bd/images/docs/vpr/20240705_dengue_all.pdf,20250528163516,https://web.archive.org/web/20250528163516id_/http://old.dghs.gov.bd/images/docs/vpr/20240705_dengue_all.pdf
2024-07-06,http://old.dghs.gov.bd/images/docs/vpr/20240706_dengue_all.pdf,20250528163450,https://web.archive.org/web/20250528163450id_/http://old.dghs.gov.bd/images/docs/vpr/20240706_dengue_all.pdf
2024-07-07,https://old.dghs.gov.bd/images/docs/vpr/20240707_dengue_all.pdf,20240713231905,https://web.archive.org/web/20240713231905id_/https://old.dghs.gov.bd/images/docs/vpr/20240707_dengue_all.pdf
2024-07-08,http://old.dghs.gov.bd/images/docs/vpr/20240708_dengue_all.pdf,20250528163857,https://web.archive.org/web/20250528163857id_/http://old.dghs.gov.bd/images/docs/vpr/20240708_dengue_all.pdf
2024-07-09,http://old.dghs.gov.bd/images/docs/vpr/20240709_dengue_all.pdf,20250528163615,https://web.archive.org/web/20250528163615id_/http://old.dghs.gov.bd/images/docs/vpr/20240709_dengue_all.pdf
2024-07-10,http://old.dghs.gov.bd/images/docs/vpr/20240710_dengue_all.pdf,20250528163715,https://web.archive.org/web/20250528163715id_/http://old.dghs.gov.bd/images/docs/vpr/20240710_dengue_all.pdf
2024-07-11,http://old.dghs.gov.bd/images/docs/vpr/20240711_dengue_all.pdf,20250528163808,https://web.archive.org/web/20250528163808id_/http://old.dghs.gov.bd/images/docs/vpr/20240711_dengue_all.pdf
2024-07-12,http://old.dghs.gov.bd/images/docs/vpr/20240712_dengue_all.pdf,20250528163755,https://web.archive.org/web/20250528163755id_/http://old.dghs.gov.bd/images/docs/vpr/20240712_dengue_all.pdf
2024-07-13,http://old.dghs.gov.bd/images/docs/vpr/20240713_dengue_all.pdf,20250528163737,https://web.archive.org/web/20250528163737id_/http://old.dghs.gov.bd/images/docs/vpr/20240713_dengue_all.pdf
2024-07-14,https://old.dghs.gov.bd/images/docs/vpr/20240714_dengue_all.pdf,20240808224725,https://web.archive.org/web/20240808224725id_/https://old.dghs.gov.bd/images/docs/vpr/20240714_dengue_all.pdf
2024-07-15,http://old.dghs.gov.bd/images/docs/vpr/20240715_dengue_all.pdf,20250528163851,https://web.archive.org/web/20250528163851id_/http://old.dghs.gov.bd/images/docs/vpr/20240715_dengue_all.pdf
2024-07-16,http://old.dghs.gov.bd/images/docs/vpr/20240716_dengue_all.pdf,20250528163510,https://web.archive.org/web/20250528163510id_/http://old.dghs.gov.bd/images/docs/vpr/20240716_dengue_all.pdf
2024-07-17,http://old.dghs.gov.bd/images/docs/vpr/20240717_dengue_all.pdf,20250528163439,https://web.archive.org/web/20250528163439id_/http://old.dghs.gov.bd/images/docs/vpr/20240717_dengue_all.pdf
2024-07-24,http://old.dghs.gov.bd/images/docs/vpr/20240724_dengue_all.pdf,20250528163642,https://web.archive.org/web/20250528163642id_/http://old.dghs.gov.bd/images/docs/vpr/20240724_dengue_all.pdf
2024-07-25,http://old.dghs.gov.bd/images/docs/vpr/20240725_dengue_all.pdf,20250528163543,https://web.archive.org/web/20250528163543id_/http://old.dghs.gov.bd/images/docs/vpr/20240725_dengue_all.pdf
2024-07-26,http://old.dghs.gov.bd/images/docs/vpr/20240726_dengue_all.pdf,20250528163432,https://web.archive.org/web/20250528163432id_/http://old.dghs.gov.bd/images/docs/vpr/20240726_dengue_all.pdf
2024-07-27,http://old.dghs.gov.bd/images/docs/vpr/20240727_dengue_all.pdf,20250528163436,https://web.archive.org/web/20250528163436id_/http://old.dghs.gov.bd/images/docs/vpr/20240727_dengue_all.pdf
2024-07-28,http://old.dghs.gov.bd/images/docs/vpr/20240728_dengue_all.pdf,20250528163629,https://web.archive.org/web/20250528163629id_/http://old.dghs.gov.bd/images/docs/vpr/20240728_dengue_all.pdf
2024-07-29,http://old.dghs.gov.bd/images/docs/vpr/20240729_dengue_all.pdf,20250528163611,https://web.archive.org/web/20250528163611id_/http://old.dghs.gov.bd/images/docs/vpr/20240729_dengue_all.pdf
2024-07-30,http://old.dghs.gov.bd/images/docs/vpr/20240730_dengue_all.pdf,20250528163414,https://web.archive.org/web/20250528163414id_/http://old.dghs.gov.bd/images/docs/vpr/20240730_dengue_all.pdf
2024-07-31,http://old.dghs.gov.bd/images/docs/vpr/20240731_dengue_all.pdf,20250528163448,https://web.archive.org/web/20250528163448id_/http://old.dghs.gov.bd/images/docs/vpr/20240731_dengue_all.pdf
2024-08-01,http://old.dghs.gov.bd/images/docs/vpr/20240801_dengue_all.pdf,20250528163534,https://web.archive.org/web/20250528163534id_/http://old.dghs.gov.bd/images/docs/vpr/20240801_dengue_all.pdf
2024-08-02,http://old.dghs.gov.bd/images/docs/vpr/20240802_dengue_all.pdf,20250528163548,https://web.archive.org/web/20250528163548id_/http://old.dghs.gov.bd/images/docs/vpr/20240802_dengue_all.pdf
2024-08-03,http://old.dghs.gov.bd/images/docs/vpr/20240803_dengue_all.pdf,20250528163430,https://web.archive.org/web/20250528163430id_/http://old.dghs.gov.bd/images/docs/vpr/20240803_dengue_all.pdf
2024-08-04,https://old.dghs.gov.bd/images/docs/vpr/20240804_dengue_all.pdf,20250621211138,https://web.archive.org/web/20250621211138id_/https://old.dghs.gov.bd/images/docs/vpr/20240804_dengue_all.pdf
2024-08-05,http://old.dghs.gov.bd/images/docs/vpr/20240805_dengue_all.pdf,20250528163543,https://web.archive.org/web/20250528163543id_/http://old.dghs.gov.bd/images/docs/vpr/20240805_dengue_all.pdf
2024-08-06,http://old.dghs.gov.bd/images/docs/vpr/20240806_dengue_all.pdf,20250528163425,https://web.archive.org/web/20250528163425id_/http://old.dghs.gov.bd/images/docs/vpr/20240806_dengue_all.pdf
2024-08-07,http://old.dghs.gov.bd/images/docs/vpr/20240807_dengue_all.pdf,20250528163543,https://web.archive.org/web/20250528163543id_/http://old.dghs.gov.bd/images/docs/vpr/20240807_dengue_all.pdf
2024-08-08,http://old.dghs.gov.bd/images/docs/vpr/20240808_dengue_all.pdf,20250528163416,https://web.archive.org/web/20250528163416id_/http://old.dghs.gov.bd/images/docs/vpr/20240808_dengue_all.pdf
2024-08-09,http://old.dghs.gov.bd/images/docs/vpr/20240809_dengue_all.pdf,20250528163444,https://web.archive.org/web/20250528163444id_/http://old.dghs.gov.bd/images/docs/vpr/20240809_dengue_all.pdf
2024-08-10,http://old.dghs.gov.bd/images/docs/vpr/20240810_dengue_all.pdf,20250528163704,https://web.archive.org/web/20250528163704id_/http://old.dghs.gov.bd/images/docs/vpr/20240810_dengue_all.pdf
2024-08-11,http://old.dghs.gov.bd/images/docs/vpr/20240811_dengue_all.pdf,20250528163659,https://web.archive.org/web/20250528163659id_/http://old.dghs.gov.bd/images/docs/vpr/20240811_dengue_all.pdf
2024-08-12,http://old.dghs.gov.bd/images/docs/vpr/20240812_dengue_all.pdf,20250528163414,https://web.archive.org/web/20250528163414id_/http://old.dghs.gov.bd/images/docs/vpr/20240812_dengue_all.pdf
2024-08-13,http://old.dghs.gov.bd/images/docs/vpr/20240813_dengue_all.pdf,20250528163821,https://web.archive.org/web/20250528163821id_/http://old.dghs.gov.bd/images/docs/vpr/20240813_dengue_all.pdf
2024-08-14,http://old.dghs.gov.bd/images/docs/vpr/20240814_dengue_all.pdf,20250528163529,https://web.archive.org/web/20250528163529id_/http://old.dghs.gov.bd/images/docs/vpr/20240814_dengue_all.pdf
2024-08-15,http://old.dghs.gov.bd/images/docs/vpr/20240815_dengue_all.pdf,20250528164139,https://web.archive.org/web/20250528164139id_/http://old.dghs.gov.bd/images/docs/vpr/20240815_dengue_all.pdf
2024-08-16,http://old.dghs.gov.bd/images/docs/vpr/20240816_dengue_all.pdf,20250528163817,https://web.archive.org/web/20250528163817id_/http://old.dghs.gov.bd/images/docs/vpr/20240816_dengue_all.pdf
2024-08-17,http://old.dghs.gov.bd/images/docs/vpr/20240817_dengue_all.pdf,20250528163456,https://web.archive.org/web/20250528163456id_/http://old.dghs.gov.bd/images/docs/vpr/20240817_dengue_all.pdf
2024-08-18,https://old.dghs.gov.bd/images/docs/vpr/20240818_dengue_all.pdf,20240903114759,https://web.archive.org/web/20240903114759id_/https://old.dghs.gov.bd/images/docs/vpr/20240818_dengue_all.pdf
2024-08-19,http://old.dghs.gov.bd/images/docs/vpr/20240819_dengue_all.pdf,20250528163633,https://web.archive.org/web/20250528163633id_/http://old.dghs.gov.bd/images/docs/vpr/20240819_dengue_all.pdf
2024-08-20,http://old.dghs.gov.bd/images/docs/vpr/20240820_dengue_all.pdf,20250528163532,https://web.archive.org/web/20250528163532id_/http://old.dghs.gov.bd/images/docs/vpr/20240820_dengue_all.pdf
2024-08-21,http://old.dghs.gov.bd/images/docs/vpr/20240821_dengue_all.pdf,20250528163414,https://web.archive.org/web/20250528163414id_/http://old.dghs.gov.bd/images/docs/vpr/20240821_dengue_all.pdf
2024-08-22,http://old.dghs.gov.bd/images/docs/vpr/20240822_dengue_all.pdf,20250528163722,https://web.archive.org/web/20250528163722id_/http://old.dghs.gov.bd/images/docs/vpr/20240822_dengue_all.pdf
2024-08-23,http://old.dghs.gov.bd/images/docs/vpr/20240823_dengue_all.pdf,20250528163601,https://web.archive.org/web/20250528163601id_/http://old.dghs.gov.bd/images/docs/vpr/20240823_dengue_all.pdf
2024-08-24,http://old.dghs.gov.bd/images/docs/vpr/20240824_dengue_all.pdf,20250528163451,https://web.archive.org/web/20250528163451id_/http://old.dghs.gov.bd/images/docs/vpr/20240824_dengue_all.pdf
2024-08-25,http://old.dghs.gov.bd/images/docs/vpr/20240825_dengue_all.pdf,20250528163653,https://web.archive.org/web/20250528163653id_/http://old.dghs.gov.bd/images/docs/vpr/20240825_dengue_all.pdf
2024-08-26,http://old.dghs.gov.bd/images/docs/vpr/20240826_dengue_all.pdf,20250528163421,https://web.archive.org/web/20250528163421id_/http://old.dghs.gov.bd/images/docs/vpr/20240826_dengue_all.pdf
2024-08-27,http://old.dghs.gov.bd/images/docs/vpr/20240827_dengue_all.pdf,20250528163706,https://web.archive.org/web/20250528163706id_/http://old.dghs.gov.bd/images/docs/vpr/20240827_dengue_all.pdf
2024-08-28,http://old.dghs.gov.bd/images/docs/vpr/20240828_dengue_all.pdf,20250528163800,https://web.archive.org/web/20250528163800id_/http://old.dghs.gov.bd/images/docs/vpr/20240828_dengue_all.pdf
2024-08-29,http://old.dghs.gov.bd/images/docs/vpr/20240829_dengue_all.pdf,20250528164015,https://web.archive.org/web/20250528164015id_/http://old.dghs.gov.bd/images/docs/vpr/20240829_dengue_all.pdf
2024-08-30,http://old.dghs.gov.bd/images/docs/vpr/20240830_dengue_all.pdf,20250528163454,https://web.archive.org/web/20250528163454id_/http://old.dghs.gov.bd/images/docs/vpr/20240830_dengue_all.pdf
2024-08-31,http://old.dghs.gov.bd/images/docs/vpr/20240831_dengue_all.pdf,20250528164410,https://web.archive.org/web/20250528164410id_/http://old.dghs.gov.bd/images/docs/vpr/20240831_dengue_all.pdf
2024-09-01,https://old.dghs.gov.bd/images/docs/vpr/20240901_dengue_all.pdf,20240906004741,https://web.archive.org/web/20240906004741id_/https://old.dghs.gov.bd/images/docs/vpr/20240901_dengue_all.pdf
2024-09-02,http://old.dghs.gov.bd/images/docs/vpr/20240902_dengue_all.pdf,20250528163420,https://web.archive.org/web/20250528163420id_/http://old.dghs.gov.bd/images/docs/vpr/20240902_dengue_all.pdf
2024-09-03,http://old.dghs.gov.bd/images/docs/vpr/20240903_dengue_all.pdf,20250528163617,https://web.archive.org/web/20250528163617id_/http://old.dghs.gov.bd/images/docs/vpr/20240903_dengue_all.pdf
2024-09-04,http://old.dghs.gov.bd/images/docs/vpr/20240904_dengue_all.pdf,20250528164123,https://web.archive.org/web/20250528164123id_/http://old.dghs.gov.bd/images/docs/vpr/20240904_dengue_all.pdf
2024-09-05,http://old.dghs.gov.bd/images/docs/vpr/20240905_dengue_all.pdf,20250528163440,https://web.archive.org/web/20250528163440id_/http://old.dghs.gov.bd/images/docs/vpr/20240905_dengue_all.pdf
2024-09-06,http://old.dghs.gov.bd/images/docs/vpr/20240906_dengue_all.pdf,20250528163930,https://web.archive.org/web/20250528163930id_/http://old.dghs.gov.bd/images/docs/vpr/20240906_dengue_all.pdf
2024-09-07,http://old.dghs.gov.bd/images/docs/vpr/20240907_dengue_all.pdf,20250528163433,https://web.archive.org/web/20250528163433id_/http://old.dghs.gov.bd/images/docs/vpr/20240907_dengue_all.pdf
2024-09-08,http://old.dghs.gov.bd/images/docs/vpr/20240908_dengue_all.pdf,20250528163437,https://web.archive.org/web/20250528163437id_/http://old.dghs.gov.bd/images/docs/vpr/20240908_dengue_all.pdf
2024-09-09,http://old.dghs.gov.bd/images/docs/vpr/20240909_dengue_all.pdf,20250528163518,https://web.archive.org/web/20250528163518id_/http://old.dghs.gov.bd/images/docs/vpr/20240909_dengue_all.pdf
2024-09-10,http://old.dghs.gov.bd/images/docs/vpr/20240910_dengue_all.pdf,20250528163552,https://web.archive.org/web/20250528163552id_/http://old.dghs.gov.bd/images/docs/vpr/20240910_dengue_all.pdf
2024-09-11,http://old.dghs.gov.bd/images/docs/vpr/20240911_dengue_all.pdf,20250528163410,https://web.archive.org/web/20250528163410id_/http://old.dghs.gov.bd/images/docs/vpr/20240911_dengue_all.pdf
2024-09-12,http://old.dghs.gov.bd/images/docs/vpr/20240912_dengue_all.pdf,20250528163418,https://web.archive.org/web/20250528163418id_/http://old.dghs.gov.bd/images/docs/vpr/20240912_dengue_all.pdf
2024-09-13,http://old.dghs.gov.bd/images/docs/vpr/20240913_dengue_all.pdf,20250528163416,https://web.archive.org/web/20250528163416id_/http://old.dghs.gov.bd/images/docs/vpr/20240913_dengue_all.pdf
2024-09-14,http://old.dghs.gov.bd/images/docs/vpr/20240914_dengue_all.pdf,20250528163506,https://web.archive.org/web/20250528163506id_/http://old.dghs.gov.bd/images/docs/vpr/20240914_dengue_all.pdf
2024-09-15,https://old.dghs.gov.bd/images/docs/vpr/20240915_dengue_all.pdf,20241004160733,https://web.archive.org/web/20241004160733id_/https://old.dghs.gov.bd/images/docs/vpr/20240915_dengue_all.pdf
2024-09-16,http://old.dghs.gov.bd/images/docs/vpr/20240916_dengue_all.pdf,20250528163511,https://web.archive.org/web/20250528163511id_/http://old.dghs.gov.bd/images/docs/vpr/20240916_dengue_all.pdf
2024-09-17,http://old.dghs.gov.bd/images/docs/vpr/20240917_dengue_all.pdf,20250528163622,https://web.archive.org/web/20250528163622id_/http://old.dghs.gov.bd/images/docs/vpr/20240917_dengue_all.pdf
2024-09-18,http://old.dghs.gov.bd/images/docs/vpr/20240918_dengue_all.pdf,20250528164152,https://web.archive.org/web/20250528164152id_/http://old.dghs.gov.bd/images/docs/vpr/20240918_dengue_all.pdf
2024-09-19,http://old.dghs.gov.bd/images/docs/vpr/20240919_dengue_all.pdf,20250528164636,https://web.archive.org/web/20250528164636id_/http://old.dghs.gov.bd/images/docs/vpr/20240919_dengue_all.pdf
2024-09-20,http://old.dghs.gov.bd/images/docs/vpr/20240920_dengue_all.pdf,20250528163808,https://web.archive.org/web/20250528163808id_/http://old.dghs.gov.bd/images/docs/vpr/20240920_dengue_all.pdf
2024-09-21,http://old.dghs.gov.bd/images/docs/vpr/20240921_dengue_all.pdf,20250528163439,https://web.archive.org/web/20250528163439id_/http://old.dghs.gov.bd/images/docs/vpr/20240921_dengue_all.pdf
2024-09-22,http://old.dghs.gov.bd/images/docs/vpr/20240922_dengue_all.pdf,20250528163604,https://web.archive.org/web/20250528163604id_/http://old.dghs.gov.bd/images/docs/vpr/20240922_dengue_all.pdf
2024-09-23,http://old.dghs.gov.bd/images/docs/vpr/20240923_dengue_all.pdf,20250528163421,https://web.archive.org/web/20250528163421id_/http://old.dghs.gov.bd/images/docs/vpr/20240923_dengue_all.pdf
2024-09-24,http://old.dghs.gov.bd/images/docs/vpr/20240924_dengue_all.pdf,20250528163701,https://web.archive.org/web/20250528163701id_/http://old.dghs.gov.bd/images/docs/vpr/20240924_dengue_all.pdf
2024-09-25,http://old.dghs.gov.bd/images/docs/vpr/20240925_dengue_all.pdf,20250530003534,https://web.archive.org/web/20250530003534id_/http://old.dghs.gov.bd/images/docs/vpr/20240925_dengue_all.pdf
2024-09-26,http://old.dghs.gov.bd/images/docs/vpr/20240926_dengue_all.pdf,20250528163832,https://web.archive.org/web/20250528163832id_/http://old.dghs.gov.bd/images/docs/vpr/20240926_dengue_all.pdf
2024-09-27,http://old.dghs.gov.bd/images/docs/vpr/20240927_dengue_all.pdf,20250528163503,https://web.archive.org/web/20250528163503id_/http://old.dghs.gov.bd/images/docs/vpr/20240927_dengue_all.pdf
2024-09-28,http://old.dghs.gov.bd/images/docs/vpr/20240928_dengue_all.pdf,20250528164005,https://web.archive.org/web/20250528164005id_/http://old.dghs.gov.bd/images/docs/vpr/20240928_dengue_all.pdf
2024-09-29,https://old.dghs.gov.bd/images/docs/vpr/20240929_dengue_all.pdf,20241003115633,https://web.archive.org/web/20241003115633id_/https://old.dghs.gov.bd/images/docs/vpr/20240929_dengue_all.pdf
2024-09-30,http://old.dghs.gov.bd/images/docs/vpr/20240930_dengue_all.pdf,20250528163446,https://web.archive.org/web/20250528163446id_/http://old.dghs.gov.bd/images/docs/vpr/20240930_dengue_all.pdf
2024-10-01,http://old.dghs.gov.bd/images/docs/vpr/20241001_dengue_all.pdf,20250528163417,https://web.archive.org/web/20250528163417id_/http://old.dghs.gov.bd/images/docs/vpr/20241001_dengue_all.pdf
2024-10-02,http://old.dghs.gov.bd/images/docs/vpr/20241002_dengue_all.pdf,20250528163421,https://web.archive.org/web/20250528163421id_/http://old.dghs.gov.bd/images/docs/vpr/20241002_dengue_all.pdf
2024-10-03,http://old.dghs.gov.bd/images/docs/vpr/20241003_dengue_all.pdf,20250528163646,https://web.archive.org/web/20250528163646id_/http://old.dghs.gov.bd/images/docs/vpr/20241003_dengue_all.pdf
2024-10-04,http://old.dghs.gov.bd/images/docs/vpr/20241004_dengue_all.pdf,20250528164119,https://web.archive.org/web/20250528164119id_/http://old.dghs.gov.bd/images/docs/vpr/20241004_dengue_all.pdf
2024-10-05,http://old.dghs.gov.bd/images/docs/vpr/20241005_dengue_all.pdf,20250528163434,https://web.archive.org/web/20250528163434id_/http://old.dghs.gov.bd/images/docs/vpr/20241005_dengue_all.pdf
2024-10-06,http://old.dghs.gov.bd/images/docs/vpr/20241006_dengue_all.pdf,20250528163511,https://web.archive.org/web/20250528163511id_/http://old.dghs.gov.bd/images/docs/vpr/20241006_dengue_all.pdf
2024-10-07,http://old.dghs.gov.bd/images/docs/vpr/20241007_dengue_all.pdf,20250528163435,https://web.archive.org/web/20250528163435id_/http://old.dghs.gov.bd/images/docs/vpr/20241007_dengue_all.pdf
2024-10-08,http://old.dghs.gov.bd/images/docs/vpr/20241008_dengue_all.pdf,20250528163427,https://web.archive.org/web/20250528163427id_/http://old.dghs.gov.bd/images/docs/vpr/20241008_dengue_all.pdf
2024-10-09,http://old.dghs.gov.bd/images/docs/vpr/20241009_dengue_all.pdf,20250528163452,https://web.archive.org/web/20250528163452id_/http://old.dghs.gov.bd/images/docs/vpr/20241009_dengue_all.pdf
2024-10-10,http://old.dghs.gov.bd/images/docs/vpr/20241010_dengue_all.pdf,20250528164020,https://web.archive.org/web/20250528164020id_/http://old.dghs.gov.bd/images/docs/vpr/20241010_dengue_all.pdf
2024-10-11,http://old.dghs.gov.bd/images/docs/vpr/20241011_dengue_all.pdf,20250528163429,https://web.archive.org/web/20250528163429id_/http://old.dghs.gov.bd/images/docs/vpr/20241011_dengue_all.pdf
2024-10-12,http://old.dghs.gov.bd/images/docs/vpr/20241012_dengue_all.pdf,20250528163431,https://web.archive.org/web/20250528163431id_/http://old.dghs.gov.bd/images/docs/vpr/20241012_dengue_all.pdf
2024-10-13,https://old.dghs.gov.bd/images/docs/vpr/20241013_dengue_all.pdf,20241022041009,https://web.archive.org/web/20241022041009id_/https://old.dghs.gov.bd/images/docs/vpr/20241013_dengue_all.pdf
2024-10-14,http://old.dghs.gov.bd/images/docs/vpr/20241014_dengue_all.pdf,20250528163601,https://web.archive.org/web/20250528163601id_/http://old.dghs.gov.bd/images/docs/vpr/20241014_dengue_all.pdf
2024-10-15,http://old.dghs.gov.bd/images/docs/vpr/20241015_dengue_all.pdf,20250528163615,https://web.archive.org/web/20250528163615id_/http://old.dghs.gov.bd/images/docs/vpr/20241015_dengue_all.pdf
2024-10-16,http://old.dghs.gov.bd/images/docs/vpr/20241016_dengue_all.pdf,20250528163706,https://web.archive.org/web/20250528163706id_/http://old.dghs.gov.bd/images/docs/vpr/20241016_dengue_all.pdf
2024-10-17,http://old.dghs.gov.bd/images/docs/vpr/20241017_dengue_all.pdf,20250528163543,https://web.archive.org/web/20250528163543id_/http://old.dghs.gov.bd/images/docs/vpr/20241017_dengue_all.pdf
2024-10-18,http://old.dghs.gov.bd/images/docs/vpr/20241018_dengue_all.pdf,20250528163430,https://web.archive.org/web/20250528163430id_/http://old.dghs.gov.bd/images/docs/vpr/20241018_dengue_all.pdf
2024-10-19,http://old.dghs.gov.bd/images/docs/vpr/20241019_dengue_all.pdf,20250528163518,https://web.archive.org/web/20250528163518id_/http://old.dghs.gov.bd/images/docs/vpr/20241019_dengue_all.pdf
2024-10-20,http://old.dghs.gov.bd/images/docs/vpr/20241020_dengue_all.pdf,20250528163411,https://web.archive.org/web/20250528163411id_/http://old.dghs.gov.bd/images/docs/vpr/20241020_dengue_all.pdf
2024-10-21,http://old.dghs.gov.bd/images/docs/vpr/20241021_dengue_all.pdf,20250528163739,https://web.archive.org/web/20250528163739id_/http://old.dghs.gov.bd/images/docs/vpr/20241021_dengue_all.pdf
2024-10-22,http://old.dghs.gov.bd/images/docs/vpr/20241022_dengue_all.pdf,20250528164613,https://web.archive.org/web/20250528164613id_/http://old.dghs.gov.bd/images/docs/vpr/20241022_dengue_all.pdf
2024-10-23,http://old.dghs.gov.bd/images/docs/vpr/20241023_dengue_all.pdf,20250528163515,https://web.archive.org/web/20250528163515id_/http://old.dghs.gov.bd/images/docs/vpr/20241023_dengue_all.pdf
2024-10-24,http://old.dghs.gov.bd/images/docs/vpr/20241024_dengue_all.pdf,20250528163521,https://web.archive.org/web/20250528163521id_/http://old.dghs.gov.bd/images/docs/vpr/20241024_dengue_all.pdf
2024-10-25,http://old.dghs.gov.bd/images/docs/vpr/20241025_dengue_all.pdf,20250528163410,https://web.archive.org/web/20250528163410id_/http://old.dghs.gov.bd/images/docs/vpr/20241025_dengue_all.pdf
2024-10-26,http://old.dghs.gov.bd/images/docs/vpr/20241026_dengue_all.pdf,20250528164028,https://web.archive.org/web/20250528164028id_/http://old.dghs.gov.bd/images/docs/vpr/20241026_dengue_all.pdf
2024-10-27,https://old.dghs.gov.bd/images/docs/vpr/20241027_dengue_all.pdf,20241106050654,https://web.archive.org/web/20241106050654id_/https://old.dghs.gov.bd/images/docs/vpr/20241027_dengue_all.pdf
2024-10-28,http://old.dghs.gov.bd/images/docs/vpr/20241028_dengue_all.pdf,20250528163429,https://web.archive.org/web/20250528163429id_/http://old.dghs.gov.bd/images/docs/vpr/20241028_dengue_all.pdf
2024-10-29,http://old.dghs.gov.bd/images/docs/vpr/20241029_dengue_all.pdf,20250528163612,https://web.archive.org/web/20250528163612id_/http://old.dghs.gov.bd/images/docs/vpr/20241029_dengue_all.pdf
2024-10-30,http://old.dghs.gov.bd/images/docs/vpr/20241030_dengue_all.pdf,20250528163509,https://web.archive.org/web/20250528163509id_/http://old.dghs.gov.bd/images/docs/vpr/20241030_dengue_all.pdf
2024-10-31,http://old.dghs.gov.bd/images/docs/vpr/20241031_dengue_all.pdf,20250528163630,https://web.archive.org/web/20250528163630id_/http://old.dghs.gov.bd/images/docs/vpr/20241031_dengue_all.pdf
2024-11-01,http://old.dghs.gov.bd/images/docs/vpr/20241101_dengue_all.pdf,20250528163444,https://web.archive.org/web/20250528163444id_/http://old.dghs.gov.bd/images/docs/vpr/20241101_dengue_all.pdf
2024-11-02,http://old.dghs.gov.bd/images/docs/vpr/20241102_dengue_all.pdf,20250528163452,https://web.archive.org/web/20250528163452id_/http://old.dghs.gov.bd/images/docs/vpr/20241102_dengue_all.pdf
2024-11-03,http://old.dghs.gov.bd/images/docs/vpr/20241103_dengue_all.pdf,20250528163512,https://web.archive.org/web/20250528163512id_/http://old.dghs.gov.bd/images/docs/vpr/20241103_dengue_all.pdf
2024-11-04,http://old.dghs.gov.bd/images/docs/vpr/20241104_dengue_all.pdf,20250528163536,https://web.archive.org/web/20250528163536id_/http://old.dghs.gov.bd/images/docs/vpr/20241104_dengue_all.pdf
2024-11-05,http://old.dghs.gov.bd/images/docs/vpr/20241105_dengue_all.pdf,20250528163548,https://web.archive.org/web/20250528163548id_/http://old.dghs.gov.bd/images/docs/vpr/20241105_dengue_all.pdf
2024-11-06,http://old.dghs.gov.bd/images/docs/vpr/20241106_dengue_all.pdf,20250528163906,https://web.archive.org/web/20250528163906id_/http://old.dghs.gov.bd/images/docs/vpr/20241106_dengue_all.pdf
2024-11-07,http://old.dghs.gov.bd/images/docs/vpr/20241107_dengue_all.pdf,20250528163524,https://web.archive.org/web/20250528163524id_/http://old.dghs.gov.bd/images/docs/vpr/20241107_dengue_all.pdf
2024-11-08,http://old.dghs.gov.bd/images/docs/vpr/20241108_dengue_all.pdf,20250528164518,https://web.archive.org/web/20250528164518id_/http://old.dghs.gov.bd/images/docs/vpr/20241108_dengue_all.pdf
2024-11-09,http://old.dghs.gov.bd/images/docs/vpr/20241109_dengue_all.pdf,20250528163807,https://web.archive.org/web/20250528163807id_/http://old.dghs.gov.bd/images/docs/vpr/20241109_dengue_all.pdf
2024-11-10,https://old.dghs.gov.bd/images/docs/vpr/20241110_dengue_all.pdf,20241119064741,https://web.archive.org/web/20241119064741id_/https://old.dghs.gov.bd/images/docs/vpr/20241110_dengue_all.pdf
2024-11-11,http://old.dghs.gov.bd/images/docs/vpr/20241111_dengue_all.pdf,20250528163657,https://web.archive.org/web/20250528163657id_/http://old.dghs.gov.bd/images/docs/vpr/20241111_dengue_all.pdf
2024-11-12,http://old.dghs.gov.bd/images/docs/vpr/20241112_dengue_all.pdf,20250528163511,https://web.archive.org/web/20250528163511id_/http://old.dghs.gov.bd/images/docs/vpr/20241112_dengue_all.pdf
2024-11-13,http://old.dghs.gov.bd/images/docs/vpr/20241113_dengue_all.pdf,20250528163425,https://web.archive.org/web/20250528163425id_/http://old.dghs.gov.bd/images/docs/vpr/20241113_dengue_all.pdf
2024-11-14,http://old.dghs.gov.bd/images/docs/vpr/20241114_dengue_all.pdf,20250528163516,https://web.archive.org/web/20250528163516id_/http://old.dghs.gov.bd/images/docs/vpr/20241114_dengue_all.pdf
2024-11-15,http://old.dghs.gov.bd/images/docs/vpr/20241115_dengue_all.pdf,20250528163422,https://web.archive.org/web/20250528163422id_/http://old.dghs.gov.bd/images/docs/vpr/20241115_dengue_all.pdf
2024-11-16,http://old.dghs.gov.bd/images/docs/vpr/20241116_dengue_all.pdf,20250528163709,https://web.archive.org/web/20250528163709id_/http://old.dghs.gov.bd/images/docs/vpr/20241116_dengue_all.pdf
2024-11-17,http://old.dghs.gov.bd/images/docs/vpr/20241117_dengue_all.pdf,20250528163647,https://web.archive.org/web/20250528163647id_/http://old.dghs.gov.bd/images/docs/vpr/20241117_dengue_all.pdf
2024-11-18,http://old.dghs.gov.bd/images/docs/vpr/20241118_dengue_all.pdf,20250528163544,https://web.archive.org/web/20250528163544id_/http://old.dghs.gov.bd/images/docs/vpr/20241118_dengue_all.pdf
2024-11-19,http://old.dghs.gov.bd/images/docs/vpr/20241119_dengue_all.pdf,20250528163713,https://web.archive.org/web/20250528163713id_/http://old.dghs.gov.bd/images/docs/vpr/20241119_dengue_all.pdf
2024-11-20,http://old.dghs.gov.bd/images/docs/vpr/20241120_dengue_all.pdf,20250528163412,https://web.archive.org/web/20250528163412id_/http://old.dghs.gov.bd/images/docs/vpr/20241120_dengue_all.pdf
2024-11-21,http://old.dghs.gov.bd/images/docs/vpr/20241121_dengue_all.pdf,20250528163641,https://web.archive.org/web/20250528163641id_/http://old.dghs.gov.bd/images/docs/vpr/20241121_dengue_all.pdf
2024-11-22,http://old.dghs.gov.bd/images/docs/vpr/20241122_dengue_all.pdf,20250528163459,https://web.archive.org/web/20250528163459id_/http://old.dghs.gov.bd/images/docs/vpr/20241122_dengue_all.pdf
2024-11-23,http://old.dghs.gov.bd/images/docs/vpr/20241123_dengue_all.pdf,20250528163446,https://web.archive.org/web/20250528163446id_/http://old.dghs.gov.bd/images/docs/vpr/20241123_dengue_all.pdf
2024-11-24,https://old.dghs.gov.bd/images/docs/vpr/20241124_dengue_all.pdf,20241214175432,https://web.archive.org/web/20241214175432id_/https://old.dghs.gov.bd/images/docs/vpr/20241124_dengue_all.pdf
2024-11-25,http://old.dghs.gov.bd/images/docs/vpr/20241125_dengue_all.pdf,20250530003853,https://web.archive.org/web/20250530003853id_/http://old.dghs.gov.bd/images/docs/vpr/20241125_dengue_all.pdf
2024-11-26,http://old.dghs.gov.bd/images/docs/vpr/20241126_dengue_all.pdf,20250528163529,https://web.archive.org/web/20250528163529id_/http://old.dghs.gov.bd/images/docs/vpr/20241126_dengue_all.pdf
2024-11-27,http://old.dghs.gov.bd/images/docs/vpr/20241127_dengue_all.pdf,20250528163535,https://web.archive.org/web/20250528163535id_/http://old.dghs.gov.bd/images/docs/vpr/20241127_dengue_all.pdf
2024-11-28,http://old.dghs.gov.bd/images/docs/vpr/20241128_dengue_all.pdf,20250528163733,https://web.archive.org/web/20250528163733id_/http://old.dghs.gov.bd/images/docs/vpr/20241128_dengue_all.pdf
2024-11-29,http://old.dghs.gov.bd/images/docs/vpr/20241129_dengue_all.pdf,20250528163519,https://web.archive.org/web/20250528163519id_/http://old.dghs.gov.bd/images/docs/vpr/20241129_dengue_all.pdf
2024-11-30,http://old.dghs.gov.bd/images/docs/vpr/20241130_dengue_all.pdf,20250528163502,https://web.archive.org/web/20250528163502id_/http://old.dghs.gov.bd/images/docs/vpr/20241130_dengue_all.pdf
2024-12-01,http://old.dghs.gov.bd/images/docs/vpr/20241201_dengue_all.pdf,20250528163427,https://web.archive.org/web/20250528163427id_/http://old.dghs.gov.bd/images/docs/vpr/20241201_dengue_all.pdf
2024-12-02,http://old.dghs.gov.bd/images/docs/vpr/20241202_dengue_all.pdf,20250528163448,https://web.archive.org/web/20250528163448id_/http://old.dghs.gov.bd/images/docs/vpr/20241202_dengue_all.pdf
2024-12-03,http://old.dghs.gov.bd/images/docs/vpr/20241203_dengue_all.pdf,20250528163521,https://web.archive.org/web/20250528163521id_/http://old.dghs.gov.bd/images/docs/vpr/20241203_dengue_all.pdf
2024-12-04,https://old.dghs.gov.bd/images/docs/vpr/20241204_dengue_all.pdf,20260608104349,https://web.archive.org/web/20260608104349id_/https://old.dghs.gov.bd/images/docs/vpr/20241204_dengue_all.pdf
2024-12-05,http://old.dghs.gov.bd/images/docs/vpr/20241205_dengue_all.pdf,20250528163521,https://web.archive.org/web/20250528163521id_/http://old.dghs.gov.bd/images/docs/vpr/20241205_dengue_all.pdf
2024-12-06,http://old.dghs.gov.bd/images/docs/vpr/20241206_dengue_all.pdf,20250528163507,https://web.archive.org/web/20250528163507id_/http://old.dghs.gov.bd/images/docs/vpr/20241206_dengue_all.pdf
2024-12-07,http://old.dghs.gov.bd/images/docs/vpr/20241207_dengue_all.pdf,20250528164207,https://web.archive.org/web/20250528164207id_/http://old.dghs.gov.bd/images/docs/vpr/20241207_dengue_all.pdf
2024-12-08,http://old.dghs.gov.bd/images/docs/vpr/20241208_dengue_all.pdf,20250528163502,https://web.archive.org/web/20250528163502id_/http://old.dghs.gov.bd/images/docs/vpr/20241208_dengue_all.pdf
2024-12-09,https://old.dghs.gov.bd/images/docs/vpr/20241209_dengue_all.pdf,20250119172621,https://web.archive.org/web/20250119172621id_/https://old.dghs.gov.bd/images/docs/vpr/20241209_dengue_all.pdf
2024-12-10,http://old.dghs.gov.bd/images/docs/vpr/20241210_dengue_all.pdf,20250528163435,https://web.archive.org/web/20250528163435id_/http://old.dghs.gov.bd/images/docs/vpr/20241210_dengue_all.pdf
2024-12-11,http://old.dghs.gov.bd/images/docs/vpr/20241211_dengue_all.pdf,20250528163653,https://web.archive.org/web/20250528163653id_/http://old.dghs.gov.bd/images/docs/vpr/20241211_dengue_all.pdf
2024-12-12,http://old.dghs.gov.bd/images/docs/vpr/20241212_dengue_all.pdf,20250528163800,https://web.archive.org/web/20250528163800id_/http://old.dghs.gov.bd/images/docs/vpr/20241212_dengue_all.pdf
2024-12-13,http://old.dghs.gov.bd/images/docs/vpr/20241213_dengue_all.pdf,20250528163415,https://web.archive.org/web/20250528163415id_/http://old.dghs.gov.bd/images/docs/vpr/20241213_dengue_all.pdf
2024-12-14,http://old.dghs.gov.bd/images/docs/vpr/20241214_dengue_all.pdf,20250528163455,https://web.archive.org/web/20250528163455id_/http://old.dghs.gov.bd/images/docs/vpr/20241214_dengue_all.pdf
2024-12-15,http://old.dghs.gov.bd/images/docs/vpr/20241215_dengue_all.pdf,20250528163453,https://web.archive.org/web/20250528163453id_/http://old.dghs.gov.bd/images/docs/vpr/20241215_dengue_all.pdf
2024-12-16,http://old.dghs.gov.bd/images/docs/vpr/20241216_dengue_all.pdf,20250528163512,https://web.archive.org/web/20250528163512id_/http://old.dghs.gov.bd/images/docs/vpr/20241216_dengue_all.pdf
2024-12-17,http://old.dghs.gov.bd/images/docs/vpr/20241217_dengue_all.pdf,20250528163448,https://web.archive.org/web/20250528163448id_/http://old.dghs.gov.bd/images/docs/vpr/20241217_dengue_all.pdf
2024-12-18,http://old.dghs.gov.bd/images/docs/vpr/20241218_dengue_all.pdf,20250528163442,https://web.archive.org/web/20250528163442id_/http://old.dghs.gov.bd/images/docs/vpr/20241218_dengue_all.pdf
2024-12-19,http://old.dghs.gov.bd/images/docs/vpr/20241219_dengue_all.pdf,20250528163808,https://web.archive.org/web/20250528163808id_/http://old.dghs.gov.bd/images/docs/vpr/20241219_dengue_all.pdf
2024-12-20,http://old.dghs.gov.bd/images/docs/vpr/20241220_dengue_all.pdf,20250528163439,https://web.archive.org/web/20250528163439id_/http://old.dghs.gov.bd/images/docs/vpr/20241220_dengue_all.pdf
2024-12-21,http://old.dghs.gov.bd/images/docs/vpr/20241221_dengue_all.pdf,20250528163422,https://web.archive.org/web/20250528163422id_/http://old.dghs.gov.bd/images/docs/vpr/20241221_dengue_all.pdf
2024-12-22,http://old.dghs.gov.bd/images/docs/vpr/20241222_dengue_all.pdf,20250528163410,https://web.archive.org/web/20250528163410id_/http://old.dghs.gov.bd/images/docs/vpr/20241222_dengue_all.pdf
2024-12-23,http://old.dghs.gov.bd/images/docs/vpr/20241223_dengue_all.pdf,20250528163902,https://web.archive.org/web/20250528163902id_/http://old.dghs.gov.bd/images/docs/vpr/20241223_dengue_all.pdf
2024-12-24,http://old.dghs.gov.bd/images/docs/vpr/20241224_dengue_all.pdf,20250528163540,https://web.archive.org/web/20250528163540id_/http://old.dghs.gov.bd/images/docs/vpr/20241224_dengue_all.pdf
2024-12-25,http://old.dghs.gov.bd/images/docs/vpr/20241225_dengue_all.pdf,20250528163622,https://web.archive.org/web/20250528163622id_/http://old.dghs.gov.bd/images/docs/vpr/20241225_dengue_all.pdf
2024-12-26,http://old.dghs.gov.bd/images/docs/vpr/20241226_dengue_all.pdf,20250528164128,https://web.archive.org/web/20250528164128id_/http://old.dghs.gov.bd/images/docs/vpr/20241226_dengue_all.pdf
2024-12-27,http://old.dghs.gov.bd/images/docs/vpr/20241227_dengue_all.pdf,20250528163718,https://web.archive.org/web/20250528163718id_/http://old.dghs.gov.bd/images/docs/vpr/20241227_dengue_all.pdf
2024-12-28,http://old.dghs.gov.bd/images/docs/vpr/20241228_dengue_all.pdf,20250528163537,https://web.archive.org/web/20250528163537id_/http://old.dghs.gov.bd/images/docs/vpr/20241228_dengue_all.pdf
2024-12-29,http://old.dghs.gov.bd/images/docs/vpr/20241229_dengue_all.pdf,20250528163448,https://web.archive.org/web/20250528163448id_/http://old.dghs.gov.bd/images/docs/vpr/20241229_dengue_all.pdf
2024-12-30,http://old.dghs.gov.bd/images/docs/vpr/20241230_dengue_all.pdf,20250528163542,https://web.archive.org/web/20250528163542id_/http://old.dghs.gov.bd/images/docs/vpr/20241230_dengue_all.pdf
2024-12-31,https://old.dghs.gov.bd/images/docs/vpr/20241231_dengue_all.pdf,20250119172730,https://web.archive.org/web/20250119172730id_/https://old.dghs.gov.bd/images/docs/vpr/20241231_dengue_all.pdf
2025-01-01,http://old.dghs.gov.bd/images/docs/vpr/20250101_dengue_all.pdf,20250528163503,https://web.archive.org/web/20250528163503id_/http://old.dghs.gov.bd/images/docs/vpr/20250101_dengue_all.pdf
2025-01-02,http://old.dghs.gov.bd/images/docs/vpr/20250102_dengue_all.pdf,20250528163436,https://web.archive.org/web/20250528163436id_/http://old.dghs.gov.bd/images/docs/vpr/20250102_dengue_all.pdf
2025-01-03,http://old.dghs.gov.bd/images/docs/vpr/20250103_dengue_all.pdf,20250528163423,https://web.archive.org/web/20250528163423id_/http://old.dghs.gov.bd/images/docs/vpr/20250103_dengue_all.pdf
2025-01-04,http://old.dghs.gov.bd/images/docs/vpr/20250104_dengue_all.pdf,20250528163600,https://web.archive.org/web/20250528163600id_/http://old.dghs.gov.bd/images/docs/vpr/20250104_dengue_all.pdf
2025-01-05,http://old.dghs.gov.bd/images/docs/vpr/20250105_dengue_all.pdf,20250528163436,https://web.archive.org/web/20250528163436id_/http://old.dghs.gov.bd/images/docs/vpr/20250105_dengue_all.pdf
2025-01-06,http://old.dghs.gov.bd/images/docs/vpr/20250106_dengue_all.pdf,20250528163622,https://web.archive.org/web/20250528163622id_/http://old.dghs.gov.bd/images/docs/vpr/20250106_dengue_all.pdf
2025-01-07,http://old.dghs.gov.bd/images/docs/vpr/20250107_dengue_all.pdf,20250528163645,https://web.archive.org/web/20250528163645id_/http://old.dghs.gov.bd/images/docs/vpr/20250107_dengue_all.pdf
2025-01-08,http://old.dghs.gov.bd/images/docs/vpr/20250108_dengue_all.pdf,20250528163630,https://web.archive.org/web/20250528163630id_/http://old.dghs.gov.bd/images/docs/vpr/20250108_dengue_all.pdf
2025-01-09,http://old.dghs.gov.bd/images/docs/vpr/20250109_dengue_all.pdf,20250528163600,https://web.archive.org/web/20250528163600id_/http://old.dghs.gov.bd/images/docs/vpr/20250109_dengue_all.pdf
2025-01-10,http://old.dghs.gov.bd/images/docs/vpr/20250110_dengue_all.pdf,20250528163852,https://web.archive.org/web/20250528163852id_/http://old.dghs.gov.bd/images/docs/vpr/20250110_dengue_all.pdf
2025-01-11,http://old.dghs.gov.bd/images/docs/vpr/20250111_dengue_all.pdf,20250528163518,https://web.archive.org/web/20250528163518id_/http://old.dghs.gov.bd/images/docs/vpr/20250111_dengue_all.pdf
2025-01-12,https://old.dghs.gov.bd/images/docs/vpr/20250112_dengue_all.pdf,20250119172640,https://web.archive.org/web/20250119172640id_/https://old.dghs.gov.bd/images/docs/vpr/20250112_dengue_all.pdf
2025-01-13,http://old.dghs.gov.bd/images/docs/vpr/20250113_dengue_all.pdf,20250528163415,https://web.archive.org/web/20250528163415id_/http://old.dghs.gov.bd/images/docs/vpr/20250113_dengue_all.pdf
2025-01-14,http://old.dghs.gov.bd/images/docs/vpr/20250114_dengue_all.pdf,20250528163551,https://web.archive.org/web/20250528163551id_/http://old.dghs.gov.bd/images/docs/vpr/20250114_dengue_all.pdf
2025-01-15,http://old.dghs.gov.bd/images/docs/vpr/20250115_dengue_all.pdf,20250528163541,https://web.archive.org/web/20250528163541id_/http://old.dghs.gov.bd/images/docs/vpr/20250115_dengue_all.pdf
2025-01-16,http://old.dghs.gov.bd/images/docs/vpr/20250116_dengue_all.pdf,20250528163529,https://web.archive.org/web/20250528163529id_/http://old.dghs.gov.bd/images/docs/vpr/20250116_dengue_all.pdf
2025-01-17,https://old.dghs.gov.bd/images/docs/vpr/20250117_dengue_all.pdf,20260608104318,https://web.archive.org/web/20260608104318id_/https://old.dghs.gov.bd/images/docs/vpr/20250117_dengue_all.pdf
2025-01-18,http://old.dghs.gov.bd/images/docs/vpr/20250118_dengue_all.pdf,20250528163549,https://web.archive.org/web/20250528163549id_/http://old.dghs.gov.bd/images/docs/vpr/20250118_dengue_all.pdf
2025-01-19,http://old.dghs.gov.bd/images/docs/vpr/20250119_dengue_all.pdf,20250528163450,https://web.archive.org/web/20250528163450id_/http://old.dghs.gov.bd/images/docs/vpr/20250119_dengue_all.pdf
2025-01-20,http://old.dghs.gov.bd/images/docs/vpr/20250120_dengue_all.pdf,20250528163621,https://web.archive.org/web/20250528163621id_/http://old.dghs.gov.bd/images/docs/vpr/20250120_dengue_all.pdf
2025-01-21,http://old.dghs.gov.bd/images/docs/vpr/20250121_dengue_all.pdf,20250528163421,https://web.archive.org/web/20250528163421id_/http://old.dghs.gov.bd/images/docs/vpr/20250121_dengue_all.pdf
2025-01-22,http://old.dghs.gov.bd/images/docs/vpr/20250122_dengue_all.pdf,20250528163747,https://web.archive.org/web/20250528163747id_/http://old.dghs.gov.bd/images/docs/vpr/20250122_dengue_all.pdf
2025-01-23,http://old.dghs.gov.bd/images/docs/vpr/20250123_dengue_all.pdf,20250528163448,https://web.archive.org/web/20250528163448id_/http://old.dghs.gov.bd/images/docs/vpr/20250123_dengue_all.pdf
2025-01-24,http://old.dghs.gov.bd/images/docs/vpr/20250124_dengue_all.pdf,20250528163757,https://web.archive.org/web/20250528163757id_/http://old.dghs.gov.bd/images/docs/vpr/20250124_dengue_all.pdf
2025-01-25,http://old.dghs.gov.bd/images/docs/vpr/20250125_dengue_all.pdf,20250528163726,https://web.archive.org/web/20250528163726id_/http://old.dghs.gov.bd/images/docs/vpr/20250125_dengue_all.pdf
2025-01-26,https://old.dghs.gov.bd/images/docs/vpr/20250126_dengue_all.pdf,20250131185957,https://web.archive.org/web/20250131185957id_/https://old.dghs.gov.bd/images/docs/vpr/20250126_dengue_all.pdf
2025-01-27,http://old.dghs.gov.bd/images/docs/vpr/20250127_dengue_all.pdf,20250528163628,https://web.archive.org/web/20250528163628id_/http://old.dghs.gov.bd/images/docs/vpr/20250127_dengue_all.pdf
2025-01-28,http://old.dghs.gov.bd/images/docs/vpr/20250128_dengue_all.pdf,20250528164100,https://web.archive.org/web/20250528164100id_/http://old.dghs.gov.bd/images/docs/vpr/20250128_dengue_all.pdf
2025-01-29,https://old.dghs.gov.bd/images/docs/vpr/20250129_dengue_all.pdf,20260608104312,https://web.archive.org/web/20260608104312id_/https://old.dghs.gov.bd/images/docs/vpr/20250129_dengue_all.pdf
2025-01-30,http://old.dghs.gov.bd/images/docs/vpr/20250130_dengue_all.pdf,20250528163604,https://web.archive.org/web/20250528163604id_/http://old.dghs.gov.bd/images/docs/vpr/20250130_dengue_all.pdf
2025-01-31,http://old.dghs.gov.bd/images/docs/vpr/20250131_dengue_all.pdf,20250528163500,https://web.archive.org/web/20250528163500id_/http://old.dghs.gov.bd/images/docs/vpr/20250131_dengue_all.pdf
2025-02-01,http://old.dghs.gov.bd/images/docs/vpr/20250201_dengue_all.pdf,20250528163826,https://web.archive.org/web/20250528163826id_/http://old.dghs.gov.bd/images/docs/vpr/20250201_dengue_all.pdf
2025-02-02,http://old.dghs.gov.bd/images/docs/vpr/20250202_dengue_all.pdf,20250528163423,https://web.archive.org/web/20250528163423id_/http://old.dghs.gov.bd/images/docs/vpr/20250202_dengue_all.pdf
2025-02-03,http://old.dghs.gov.bd/images/docs/vpr/20250203_dengue_all.pdf,20250528163432,https://web.archive.org/web/20250528163432id_/http://old.dghs.gov.bd/images/docs/vpr/20250203_dengue_all.pdf
2025-02-04,http://old.dghs.gov.bd/images/docs/vpr/20250204_dengue_all.pdf,20250528163532,https://web.archive.org/web/20250528163532id_/http://old.dghs.gov.bd/images/docs/vpr/20250204_dengue_all.pdf
2025-02-05,http://old.dghs.gov.bd/images/docs/vpr/20250205_dengue_all.pdf,20250528163435,https://web.archive.org/web/20250528163435id_/http://old.dghs.gov.bd/images/docs/vpr/20250205_dengue_all.pdf
2025-02-06,http://old.dghs.gov.bd/images/docs/vpr/20250206_dengue_all.pdf,20250528163441,https://web.archive.org/web/20250528163441id_/http://old.dghs.gov.bd/images/docs/vpr/20250206_dengue_all.pdf
2025-02-07,http://old.dghs.gov.bd/images/docs/vpr/20250207_dengue_all.pdf,20250528163540,https://web.archive.org/web/20250528163540id_/http://old.dghs.gov.bd/images/docs/vpr/20250207_dengue_all.pdf
2025-02-08,http://old.dghs.gov.bd/images/docs/vpr/20250208_dengue_all.pdf,20250528163713,https://web.archive.org/web/20250528163713id_/http://old.dghs.gov.bd/images/docs/vpr/20250208_dengue_all.pdf
2025-02-09,https://old.dghs.gov.bd/images/docs/vpr/20250209_dengue_all.pdf,20250221103420,https://web.archive.org/web/20250221103420id_/https://old.dghs.gov.bd/images/docs/vpr/20250209_dengue_all.pdf
2025-02-10,http://old.dghs.gov.bd/images/docs/vpr/20250210_dengue_all.pdf,20250528163434,https://web.archive.org/web/20250528163434id_/http://old.dghs.gov.bd/images/docs/vpr/20250210_dengue_all.pdf
2025-02-11,http://old.dghs.gov.bd/images/docs/vpr/20250211_dengue_all.pdf,20250528163414,https://web.archive.org/web/20250528163414id_/http://old.dghs.gov.bd/images/docs/vpr/20250211_dengue_all.pdf
2025-02-12,http://old.dghs.gov.bd/images/docs/vpr/20250212_dengue_all.pdf,20250528163611,https://web.archive.org/web/20250528163611id_/http://old.dghs.gov.bd/images/docs/vpr/20250212_dengue_all.pdf
2025-02-13,http://old.dghs.gov.bd/images/docs/vpr/20250213_dengue_all.pdf,20250528163512,https://web.archive.org/web/20250528163512id_/http://old.dghs.gov.bd/images/docs/vpr/20250213_dengue_all.pdf
2025-02-14,http://old.dghs.gov.bd/images/docs/vpr/20250214_dengue_all.pdf,20250528163555,https://web.archive.org/web/20250528163555id_/http://old.dghs.gov.bd/images/docs/vpr/20250214_dengue_all.pdf
2025-02-15,http://old.dghs.gov.bd/images/docs/vpr/20250215_dengue_all.pdf,20250528163644,https://web.archive.org/web/20250528163644id_/http://old.dghs.gov.bd/images/docs/vpr/20250215_dengue_all.pdf
2025-02-16,https://old.dghs.gov.bd/images/docs/vpr/20250216_dengue_all.pdf,20250405092459,https://web.archive.org/web/20250405092459id_/https://old.dghs.gov.bd/images/docs/vpr/20250216_dengue_all.pdf
2025-02-17,http://old.dghs.gov.bd/images/docs/vpr/20250217_dengue_all.pdf,20250528163433,https://web.archive.org/web/20250528163433id_/http://old.dghs.gov.bd/images/docs/vpr/20250217_dengue_all.pdf
2025-02-18,http://old.dghs.gov.bd/images/docs/vpr/20250218_dengue_all.pdf,20250528163409,https://web.archive.org/web/20250528163409id_/http://old.dghs.gov.bd/images/docs/vpr/20250218_dengue_all.pdf
2025-02-19,https://old.dghs.gov.bd/images/docs/vpr/20250219_dengue_all.pdf,20260608104257,https://web.archive.org/web/20260608104257id_/https://old.dghs.gov.bd/images/docs/vpr/20250219_dengue_all.pdf
2025-02-20,http://old.dghs.gov.bd/images/docs/vpr/20250220_dengue_all.pdf,20250528163928,https://web.archive.org/web/20250528163928id_/http://old.dghs.gov.bd/images/docs/vpr/20250220_dengue_all.pdf
2025-02-21,http://old.dghs.gov.bd/images/docs/vpr/20250221_dengue_all.pdf,20250528163539,https://web.archive.org/web/20250528163539id_/http://old.dghs.gov.bd/images/docs/vpr/20250221_dengue_all.pdf
2025-02-22,http://old.dghs.gov.bd/images/docs/vpr/20250222_dengue_all.pdf,20250528163506,https://web.archive.org/web/20250528163506id_/http://old.dghs.gov.bd/images/docs/vpr/20250222_dengue_all.pdf
2025-02-23,https://old.dghs.gov.bd/images/docs/vpr/20250223_dengue_all.pdf,20250228124836,https://web.archive.org/web/20250228124836id_/https://old.dghs.gov.bd/images/docs/vpr/20250223_dengue_all.pdf
2025-02-24,http://old.dghs.gov.bd/images/docs/vpr/20250224_dengue_all.pdf,20250528163602,https://web.archive.org/web/20250528163602id_/http://old.dghs.gov.bd/images/docs/vpr/20250224_dengue_all.pdf
2025-02-25,http://old.dghs.gov.bd/images/docs/vpr/20250225_dengue_all.pdf,20250528163544,https://web.archive.org/web/20250528163544id_/http://old.dghs.gov.bd/images/docs/vpr/20250225_dengue_all.pdf
2025-02-26,http://old.dghs.gov.bd/images/docs/vpr/20250226_dengue_all.pdf,20250528163515,https://web.archive.org/web/20250528163515id_/http://old.dghs.gov.bd/images/docs/vpr/20250226_dengue_all.pdf
2025-02-27,http://old.dghs.gov.bd/images/docs/vpr/20250227_dengue_all.pdf,20250528163523,https://web.archive.org/web/20250528163523id_/http://old.dghs.gov.bd/images/docs/vpr/20250227_dengue_all.pdf
2025-02-28,http://old.dghs.gov.bd/images/docs/vpr/20250228_dengue_all.pdf,20250528171527,https://web.archive.org/web/20250528171527id_/http://old.dghs.gov.bd/images/docs/vpr/20250228_dengue_all.pdf
2025-03-01,http://old.dghs.gov.bd/images/docs/vpr/20250301_dengue_all.pdf,20250528163426,https://web.archive.org/web/20250528163426id_/http://old.dghs.gov.bd/images/docs/vpr/20250301_dengue_all.pdf
2025-03-02,http://old.dghs.gov.bd/images/docs/vpr/20250302_dengue_all.pdf,20250528163651,https://web.archive.org/web/20250528163651id_/http://old.dghs.gov.bd/images/docs/vpr/20250302_dengue_all.pdf
2025-03-03,http://old.dghs.gov.bd/images/docs/vpr/20250303_dengue_all.pdf,20250528163412,https://web.archive.org/web/20250528163412id_/http://old.dghs.gov.bd/images/docs/vpr/20250303_dengue_all.pdf
2025-03-04,http://old.dghs.gov.bd/images/docs/vpr/20250304_dengue_all.pdf,20250528163414,https://web.archive.org/web/20250528163414id_/http://old.dghs.gov.bd/images/docs/vpr/20250304_dengue_all.pdf
2025-03-05,http://old.dghs.gov.bd/images/docs/vpr/20250305_dengue_all.pdf,20250528163559,https://web.archive.org/web/20250528163559id_/http://old.dghs.gov.bd/images/docs/vpr/20250305_dengue_all.pdf
2025-03-06,http://old.dghs.gov.bd/images/docs/vpr/20250306_dengue_all.pdf,20250528163703,https://web.archive.org/web/20250528163703id_/http://old.dghs.gov.bd/images/docs/vpr/20250306_dengue_all.pdf
2025-03-07,https://old.dghs.gov.bd/images/docs/vpr/20250307_dengue_all.pdf,20260608104246,https://web.archive.org/web/20260608104246id_/https://old.dghs.gov.bd/images/docs/vpr/20250307_dengue_all.pdf
2025-03-08,http://old.dghs.gov.bd/images/docs/vpr/20250308_dengue_all.pdf,20250528163422,https://web.archive.org/web/20250528163422id_/http://old.dghs.gov.bd/images/docs/vpr/20250308_dengue_all.pdf
2025-03-09,https://old.dghs.gov.bd/images/docs/vpr/20250309_dengue_all.pdf,20250315030612,https://web.archive.org/web/20250315030612id_/https://old.dghs.gov.bd/images/docs/vpr/20250309_dengue_all.pdf
2025-03-10,http://old.dghs.gov.bd/images/docs/vpr/20250310_dengue_all.pdf,20250528163521,https://web.archive.org/web/20250528163521id_/http://old.dghs.gov.bd/images/docs/vpr/20250310_dengue_all.pdf
2025-03-11,http://old.dghs.gov.bd/images/docs/vpr/20250311_dengue_all.pdf,20250528163733,https://web.archive.org/web/20250528163733id_/http://old.dghs.gov.bd/images/docs/vpr/20250311_dengue_all.pdf
2025-03-12,http://old.dghs.gov.bd/images/docs/vpr/20250312_dengue_all.pdf,20250528163850,https://web.archive.org/web/20250528163850id_/http://old.dghs.gov.bd/images/docs/vpr/20250312_dengue_all.pdf
2025-03-13,http://old.dghs.gov.bd/images/docs/vpr/20250313_dengue_all.pdf,20250528163453,https://web.archive.org/web/20250528163453id_/http://old.dghs.gov.bd/images/docs/vpr/20250313_dengue_all.pdf
2025-03-14,http://old.dghs.gov.bd/images/docs/vpr/20250314_dengue_all.pdf,20250528163909,https://web.archive.org/web/20250528163909id_/http://old.dghs.gov.bd/images/docs/vpr/20250314_dengue_all.pdf
2025-03-15,https://old.dghs.gov.bd/images/docs/vpr/20250315_dengue_all.pdf,20260608104240,https://web.archive.org/web/20260608104240id_/https://old.dghs.gov.bd/images/docs/vpr/20250315_dengue_all.pdf
2025-03-16,https://old.dghs.gov.bd/images/docs/vpr/20250316_dengue_all.pdf,20260608104240,https://web.archive.org/web/20260608104240id_/https://old.dghs.gov.bd/images/docs/vpr/20250316_dengue_all.pdf
2025-03-17,https://old.dghs.gov.bd/images/docs/vpr/20250317_dengue_all.pdf,20260608104240,https://web.archive.org/web/20260608104240id_/https://old.dghs.gov.bd/images/docs/vpr/20250317_dengue_all.pdf
2025-03-18,https://old.dghs.gov.bd/images/docs/vpr/20250318_dengue_all.pdf,20260608104239,https://web.archive.org/web/20260608104239id_/https://old.dghs.gov.bd/images/docs/vpr/20250318_dengue_all.pdf
2025-03-19,https://old.dghs.gov.bd/images/docs/vpr/20250319_dengue_all.pdf,20260608104238,https://web.archive.org/web/20260608104238id_/https://old.dghs.gov.bd/images/docs/vpr/20250319_dengue_all.pdf
2025-03-20,https://old.dghs.gov.bd/images/docs/vpr/20250320_dengue_all.pdf,20260608104237,https://web.archive.org/web/20260608104237id_/https://old.dghs.gov.bd/images/docs/vpr/20250320_dengue_all.pdf
2025-03-21,https://old.dghs.gov.bd/images/docs/vpr/20250321_dengue_all.pdf,20260608104236,https://web.archive.org/web/20260608104236id_/https://old.dghs.gov.bd/images/docs/vpr/20250321_dengue_all.pdf
2025-03-22,https://old.dghs.gov.bd/images/docs/vpr/20250322_dengue_all.pdf,20260608104236,https://web.archive.org/web/20260608104236id_/https://old.dghs.gov.bd/images/docs/vpr/20250322_dengue_all.pdf
2025-03-23,http://old.dghs.gov.bd/images/docs/vpr/20250323_dengue_all.pdf,20250528163629,https://web.archive.org/web/20250528163629id_/http://old.dghs.gov.bd/images/docs/vpr/20250323_dengue_all.pdf
2025-03-24,http://old.dghs.gov.bd/images/docs/vpr/20250324_dengue_all.pdf,20250528163525,https://web.archive.org/web/20250528163525id_/http://old.dghs.gov.bd/images/docs/vpr/20250324_dengue_all.pdf
2025-03-25,http://old.dghs.gov.bd/images/docs/vpr/20250325_dengue_all.pdf,20250528163414,https://web.archive.org/web/20250528163414id_/http://old.dghs.gov.bd/images/docs/vpr/20250325_dengue_all.pdf
2025-03-26,http://old.dghs.gov.bd/images/docs/vpr/20250326_dengue_all.pdf,20250528163700,https://web.archive.org/web/20250528163700id_/http://old.dghs.gov.bd/images/docs/vpr/20250326_dengue_all.pdf
2025-03-27,http://old.dghs.gov.bd/images/docs/vpr/20250327_dengue_all.pdf,20250528163437,https://web.archive.org/web/20250528163437id_/http://old.dghs.gov.bd/images/docs/vpr/20250327_dengue_all.pdf
2025-03-28,http://old.dghs.gov.bd/images/docs/vpr/20250328_dengue_all.pdf,20250528163614,https://web.archive.org/web/20250528163614id_/http://old.dghs.gov.bd/images/docs/vpr/20250328_dengue_all.pdf
2025-03-29,http://old.dghs.gov.bd/images/docs/vpr/20250329_dengue_all.pdf,20250528163547,https://web.archive.org/web/20250528163547id_/http://old.dghs.gov.bd/images/docs/vpr/20250329_dengue_all.pdf
2025-03-30,http://old.dghs.gov.bd/images/docs/vpr/20250330_dengue_all.pdf,20250528163555,https://web.archive.org/web/20250528163555id_/http://old.dghs.gov.bd/images/docs/vpr/20250330_dengue_all.pdf
2025-03-31,http://old.dghs.gov.bd/images/docs/vpr/20250331_dengue_all.pdf,20250528163636,https://web.archive.org/web/20250528163636id_/http://old.dghs.gov.bd/images/docs/vpr/20250331_dengue_all.pdf
2025-04-01,http://old.dghs.gov.bd/images/docs/vpr/20250401_dengue_all.pdf,20250528163730,https://web.archive.org/web/20250528163730id_/http://old.dghs.gov.bd/images/docs/vpr/20250401_dengue_all.pdf
2025-04-02,http://old.dghs.gov.bd/images/docs/vpr/20250402_dengue_all.pdf,20250528163436,https://web.archive.org/web/20250528163436id_/http://old.dghs.gov.bd/images/docs/vpr/20250402_dengue_all.pdf
2025-04-03,http://old.dghs.gov.bd/images/docs/vpr/20250403_dengue_all.pdf,20250528163535,https://web.archive.org/web/20250528163535id_/http://old.dghs.gov.bd/images/docs/vpr/20250403_dengue_all.pdf
2025-04-04,http://old.dghs.gov.bd/images/docs/vpr/20250404_dengue_all.pdf,20250528163535,https://web.archive.org/web/20250528163535id_/http://old.dghs.gov.bd/images/docs/vpr/20250404_dengue_all.pdf
2025-04-05,http://old.dghs.gov.bd/images/docs/vpr/20250405_dengue_all.pdf,20250528163909,https://web.archive.org/web/20250528163909id_/http://old.dghs.gov.bd/images/docs/vpr/20250405_dengue_all.pdf
2025-04-06,http://old.dghs.gov.bd/images/docs/vpr/20250406_dengue_all.pdf,20250528163500,https://web.archive.org/web/20250528163500id_/http://old.dghs.gov.bd/images/docs/vpr/20250406_dengue_all.pdf
2025-04-07,http://old.dghs.gov.bd/images/docs/vpr/20250407_dengue_all.pdf,20250528163416,https://web.archive.org/web/20250528163416id_/http://old.dghs.gov.bd/images/docs/vpr/20250407_dengue_all.pdf
2025-04-08,http://old.dghs.gov.bd/images/docs/vpr/20250408_dengue_all.pdf,20250528163750,https://web.archive.org/web/20250528163750id_/http://old.dghs.gov.bd/images/docs/vpr/20250408_dengue_all.pdf
2025-04-09,http://old.dghs.gov.bd/images/docs/vpr/20250409_dengue_all.pdf,20250528163608,https://web.archive.org/web/20250528163608id_/http://old.dghs.gov.bd/images/docs/vpr/20250409_dengue_all.pdf
2025-04-10,http://old.dghs.gov.bd/images/docs/vpr/20250410_dengue_all.pdf,20250528163820,https://web.archive.org/web/20250528163820id_/http://old.dghs.gov.bd/images/docs/vpr/20250410_dengue_all.pdf
2025-04-11,http://old.dghs.gov.bd/images/docs/vpr/20250411_dengue_all.pdf,20250528163450,https://web.archive.org/web/20250528163450id_/http://old.dghs.gov.bd/images/docs/vpr/20250411_dengue_all.pdf
2025-04-12,http://old.dghs.gov.bd/images/docs/vpr/20250412_dengue_all.pdf,20250528163838,https://web.archive.org/web/20250528163838id_/http://old.dghs.gov.bd/images/docs/vpr/20250412_dengue_all.pdf
2025-04-13,http://old.dghs.gov.bd/images/docs/vpr/20250413_dengue_all.pdf,20250528164341,https://web.archive.org/web/20250528164341id_/http://old.dghs.gov.bd/images/docs/vpr/20250413_dengue_all.pdf
2025-04-14,http://old.dghs.gov.bd/images/docs/vpr/20250414_dengue_all.pdf,20250528163553,https://web.archive.org/web/20250528163553id_/http://old.dghs.gov.bd/images/docs/vpr/20250414_dengue_all.pdf
2025-04-15,http://old.dghs.gov.bd/images/docs/vpr/20250415_dengue_all.pdf,20250528163923,https://web.archive.org/web/20250528163923id_/http://old.dghs.gov.bd/images/docs/vpr/20250415_dengue_all.pdf
2025-04-16,http://old.dghs.gov.bd/images/docs/vpr/20250416_dengue_all.pdf,20250528163537,https://web.archive.org/web/20250528163537id_/http://old.dghs.gov.bd/images/docs/vpr/20250416_dengue_all.pdf
2025-04-17,http://old.dghs.gov.bd/images/docs/vpr/20250417_dengue_all.pdf,20250528163548,https://web.archive.org/web/20250528163548id_/http://old.dghs.gov.bd/images/docs/vpr/20250417_dengue_all.pdf
2025-04-18,http://old.dghs.gov.bd/images/docs/vpr/20250418_dengue_all.pdf,20250528163500,https://web.archive.org/web/20250528163500id_/http://old.dghs.gov.bd/images/docs/vpr/20250418_dengue_all.pdf
2025-04-19,http://old.dghs.gov.bd/images/docs/vpr/20250419_dengue_all.pdf,20250528163417,https://web.archive.org/web/20250528163417id_/http://old.dghs.gov.bd/images/docs/vpr/20250419_dengue_all.pdf
2025-04-20,http://old.dghs.gov.bd/images/docs/vpr/20250420_dengue_all.pdf,20250528163547,https://web.archive.org/web/20250528163547id_/http://old.dghs.gov.bd/images/docs/vpr/20250420_dengue_all.pdf
2025-04-21,http://old.dghs.gov.bd/images/docs/vpr/20250421_dengue_all.pdf,20250528163511,https://web.archive.org/web/20250528163511id_/http://old.dghs.gov.bd/images/docs/vpr/20250421_dengue_all.pdf
2025-04-22,http://old.dghs.gov.bd/images/docs/vpr/20250422_dengue_all.pdf,20250528163546,https://web.archive.org/web/20250528163546id_/http://old.dghs.gov.bd/images/docs/vpr/20250422_dengue_all.pdf
2025-04-23,http://old.dghs.gov.bd/images/docs/vpr/20250423_dengue_all.pdf,20250528163711,https://web.archive.org/web/20250528163711id_/http://old.dghs.gov.bd/images/docs/vpr/20250423_dengue_all.pdf
2025-04-24,http://old.dghs.gov.bd/images/docs/vpr/20250424_dengue_all.pdf,20250528163610,https://web.archive.org/web/20250528163610id_/http://old.dghs.gov.bd/images/docs/vpr/20250424_dengue_all.pdf
2025-04-25,http://old.dghs.gov.bd/images/docs/vpr/20250425_dengue_all.pdf,20250528163525,https://web.archive.org/web/20250528163525id_/http://old.dghs.gov.bd/images/docs/vpr/20250425_dengue_all.pdf
2025-04-26,http://old.dghs.gov.bd/images/docs/vpr/20250426_dengue_all.pdf,20250528163436,https://web.archive.org/web/20250528163436id_/http://old.dghs.gov.bd/images/docs/vpr/20250426_dengue_all.pdf
2025-04-27,http://old.dghs.gov.bd/images/docs/vpr/20250427_dengue_all.pdf,20250528163704,https://web.archive.org/web/20250528163704id_/http://old.dghs.gov.bd/images/docs/vpr/20250427_dengue_all.pdf
2025-04-28,http://old.dghs.gov.bd/images/docs/vpr/20250428_dengue_all.pdf,20250528163417,https://web.archive.org/web/20250528163417id_/http://old.dghs.gov.bd/images/docs/vpr/20250428_dengue_all.pdf
2025-04-29,http://old.dghs.gov.bd/images/docs/vpr/20250429_dengue_all.pdf,20250529084642,https://web.archive.org/web/20250529084642id_/http://old.dghs.gov.bd/images/docs/vpr/20250429_dengue_all.pdf
2025-04-30,http://old.dghs.gov.bd/images/docs/vpr/20250430_dengue_all.pdf,20250528163506,https://web.archive.org/web/20250528163506id_/http://old.dghs.gov.bd/images/docs/vpr/20250430_dengue_all.pdf
2025-05-01,http://old.dghs.gov.bd/images/docs/vpr/20250501_dengue_all.pdf,20250528163526,https://web.archive.org/web/20250528163526id_/http://old.dghs.gov.bd/images/docs/vpr/20250501_dengue_all.pdf
2025-05-02,https://old.dghs.gov.bd/images/docs/vpr/20250502_dengue_all.pdf,20250529024451,https://web.archive.org/web/20250529024451id_/https://old.dghs.gov.bd/images/docs/vpr/20250502_dengue_all.pdf
2025-05-03,https://old.dghs.gov.bd/images/docs/vpr/20250503_dengue_all.pdf,20250529024511,https://web.archive.org/web/20250529024511id_/https://old.dghs.gov.bd/images/docs/vpr/20250503_dengue_all.pdf
2025-05-04,https://old.dghs.gov.bd/images/docs/vpr/20250504_dengue_all.pdf,20250529024618,https://web.archive.org/web/20250529024618id_/https://old.dghs.gov.bd/images/docs/vpr/20250504_dengue_all.pdf
2025-05-05,https://old.dghs.gov.bd/images/docs/vpr/20250505_dengue_all.pdf,20250529024458,https://web.archive.org/web/20250529024458id_/https://old.dghs.gov.bd/images/docs/vpr/20250505_dengue_all.pdf
2025-05-06,https://old.dghs.gov.bd/images/docs/vpr/20250506_dengue_all.pdf,20250529024740,https://web.archive.org/web/20250529024740id_/https://old.dghs.gov.bd/images/docs/vpr/20250506_dengue_all.pdf
2025-05-07,https://old.dghs.gov.bd/images/docs/vpr/20250507_dengue_all.pdf,20250529024532,https://web.archive.org/web/20250529024532id_/https://old.dghs.gov.bd/images/docs/vpr/20250507_dengue_all.pdf
2025-05-08,https://old.dghs.gov.bd/images/docs/vpr/20250508_dengue_all.pdf,20250529024629,https://web.archive.org/web/20250529024629id_/https://old.dghs.gov.bd/images/docs/vpr/20250508_dengue_all.pdf
2025-05-09,https://old.dghs.gov.bd/images/docs/vpr/20250509_dengue_all.pdf,20250529024520,https://web.archive.org/web/20250529024520id_/https://old.dghs.gov.bd/images/docs/vpr/20250509_dengue_all.pdf
2025-05-10,https://old.dghs.gov.bd/images/docs/vpr/20250510_dengue_all.pdf,20250529024518,https://web.archive.org/web/20250529024518id_/https://old.dghs.gov.bd/images/docs/vpr/20250510_dengue_all.pdf
2025-05-11,https://old.dghs.gov.bd/images/docs/vpr/20250511_dengue_all.pdf,20250530165250,https://web.archive.org/web/20250530165250id_/https://old.dghs.gov.bd/images/docs/vpr/20250511_dengue_all.pdf
2025-05-12,https://old.dghs.gov.bd/images/docs/vpr/20250512_dengue_all.pdf,20250529024556,https://web.archive.org/web/20250529024556id_/https://old.dghs.gov.bd/images/docs/vpr/20250512_dengue_all.pdf
2025-05-13,https://old.dghs.gov.bd/images/docs/vpr/20250513_dengue_all.pdf,20250529024448,https://web.archive.org/web/20250529024448id_/https://old.dghs.gov.bd/images/docs/vpr/20250513_dengue_all.pdf
2025-05-14,https://old.dghs.gov.bd/images/docs/vpr/20250514_dengue_all.pdf,20250529024458,https://web.archive.org/web/20250529024458id_/https://old.dghs.gov.bd/images/docs/vpr/20250514_dengue_all.pdf
2025-05-15,https://old.dghs.gov.bd/images/docs/vpr/20250515_dengue_all.pdf,20250529024518,https://web.archive.org/web/20250529024518id_/https://old.dghs.gov.bd/images/docs/vpr/20250515_dengue_all.pdf
2025-05-16,https://old.dghs.gov.bd/images/docs/vpr/20250516_dengue_all.pdf,20250529024510,https://web.archive.org/web/20250529024510id_/https://old.dghs.gov.bd/images/docs/vpr/20250516_dengue_all.pdf
2025-05-17,https://old.dghs.gov.bd/images/docs/vpr/20250517_dengue_all.pdf,20250529024458,https://web.archive.org/web/20250529024458id_/https://old.dghs.gov.bd/images/docs/vpr/20250517_dengue_all.pdf
2025-05-18,https://old.dghs.gov.bd/images/docs/vpr/20250518_dengue_all.pdf,20250529024557,https://web.archive.org/web/20250529024557id_/https://old.dghs.gov.bd/images/docs/vpr/20250518_dengue_all.pdf
2025-05-19,https://old.dghs.gov.bd/images/docs/vpr/20250519_dengue_all.pdf,20250529024603,https://web.archive.org/web/20250529024603id_/https://old.dghs.gov.bd/images/docs/vpr/20250519_dengue_all.pdf
2025-05-20,https://old.dghs.gov.bd/images/docs/vpr/20250520_dengue_all.pdf,20250529024526,https://web.archive.org/web/20250529024526id_/https://old.dghs.gov.bd/images/docs/vpr/20250520_dengue_all.pdf
2025-05-21,https://old.dghs.gov.bd/images/docs/vpr/20250521_dengue_all.pdf,20250529024534,https://web.archive.org/web/20250529024534id_/https://old.dghs.gov.bd/images/docs/vpr/20250521_dengue_all.pdf
2025-05-23,https://old.dghs.gov.bd/images/docs/vpr/20250523_dengue_all.pdf,20250529024511,https://web.archive.org/web/20250529024511id_/https://old.dghs.gov.bd/images/docs/vpr/20250523_dengue_all.pdf
2025-05-24,https://old.dghs.gov.bd/images/docs/vpr/20250524_dengue_all.pdf,20250529024513,https://web.archive.org/web/20250529024513id_/https://old.dghs.gov.bd/images/docs/vpr/20250524_dengue_all.pdf
2025-05-25,https://old.dghs.gov.bd/images/docs/vpr/20250525_dengue_all.pdf,20250529024527,https://web.archive.org/web/20250529024527id_/https://old.dghs.gov.bd/images/docs/vpr/20250525_dengue_all.pdf
2025-05-26,https://old.dghs.gov.bd/images/docs/vpr/20250526_dengue_all.pdf,20250529024528,https://web.archive.org/web/20250529024528id_/https://old.dghs.gov.bd/images/docs/vpr/20250526_dengue_all.pdf
2025-05-27,https://old.dghs.gov.bd/images/docs/vpr/20250527_dengue_all.pdf,20250529024535,https://web.archive.org/web/20250529024535id_/https://old.dghs.gov.bd/images/docs/vpr/20250527_dengue_all.pdf
2025-05-28,https://old.dghs.gov.bd/images/docs/vpr/20250528_dengue_all.pdf,20250529024454,https://web.archive.org/web/20250529024454id_/https://old.dghs.gov.bd/images/docs/vpr/20250528_dengue_all.pdf
2025-05-29,https://old.dghs.gov.bd/images/docs/vpr/20250529_dengue_all.pdf,20250621210912,https://web.archive.org/web/20250621210912id_/https://old.dghs.gov.bd/images/docs/vpr/20250529_dengue_all.pdf
2025-05-30,https://old.dghs.gov.bd/images/docs/vpr/20250530_dengue_all.pdf,20250621210912,https://web.archive.org/web/20250621210912id_/https://old.dghs.gov.bd/images/docs/vpr/20250530_dengue_all.pdf
2025-05-31,https://old.dghs.gov.bd/images/docs/vpr/20250531_dengue_all.pdf,20250621210911,https://web.archive.org/web/20250621210911id_/https://old.dghs.gov.bd/images/docs/vpr/20250531_dengue_all.pdf
2025-06-01,https://old.dghs.gov.bd/images/docs/vpr/20250601_dengue_all.pdf,20250621210911,https://web.archive.org/web/20250621210911id_/https://old.dghs.gov.bd/images/docs/vpr/20250601_dengue_all.pdf
2025-06-02,https://old.dghs.gov.bd/images/docs/vpr/20250602_dengue_all.pdf,20250621210911,https://web.archive.org/web/20250621210911id_/https://old.dghs.gov.bd/images/docs/vpr/20250602_dengue_all.pdf
2025-06-03,https://old.dghs.gov.bd/images/docs/vpr/20250603_dengue_all.pdf,20250621210911,https://web.archive.org/web/20250621210911id_/https://old.dghs.gov.bd/images/docs/vpr/20250603_dengue_all.pdf
2025-06-04,https://old.dghs.gov.bd/images/docs/vpr/20250604_dengue_all.pdf,20250621210911,https://web.archive.org/web/20250621210911id_/https://old.dghs.gov.bd/images/docs/vpr/20250604_dengue_all.pdf
2025-06-05,https://old.dghs.gov.bd/images/docs/vpr/20250605_dengue_all.pdf,20250621210911,https://web.archive.org/web/20250621210911id_/https://old.dghs.gov.bd/images/docs/vpr/20250605_dengue_all.pdf
2025-06-06,https://old.dghs.gov.bd/images/docs/vpr/20250606_dengue_all.pdf,20250621210909,https://web.archive.org/web/20250621210909id_/https://old.dghs.gov.bd/images/docs/vpr/20250606_dengue_all.pdf
2025-06-07,https://old.dghs.gov.bd/images/docs/vpr/20250607_dengue_all.pdf,20250621210909,https://web.archive.org/web/20250621210909id_/https://old.dghs.gov.bd/images/docs/vpr/20250607_dengue_all.pdf
2025-06-08,https://old.dghs.gov.bd/images/docs/vpr/20250608_dengue_all.pdf,20250621210908,https://web.archive.org/web/20250621210908id_/https://old.dghs.gov.bd/images/docs/vpr/20250608_dengue_all.pdf
2025-06-09,https://old.dghs.gov.bd/images/docs/vpr/20250609_dengue_all.pdf,20250621210908,https://web.archive.org/web/20250621210908id_/https://old.dghs.gov.bd/images/docs/vpr/20250609_dengue_all.pdf
2025-06-10,https://old.dghs.gov.bd/images/docs/vpr/20250610_dengue_all.pdf,20250621210908,https://web.archive.org/web/20250621210908id_/https://old.dghs.gov.bd/images/docs/vpr/20250610_dengue_all.pdf
2025-06-11,https://old.dghs.gov.bd/images/docs/vpr/20250611_dengue_all.pdf,20250621210908,https://web.archive.org/web/20250621210908id_/https://old.dghs.gov.bd/images/docs/vpr/20250611_dengue_all.pdf
2025-06-12,https://old.dghs.gov.bd/images/docs/vpr/20250612_dengue_all.pdf,20250621210908,https://web.archive.org/web/20250621210908id_/https://old.dghs.gov.bd/images/docs/vpr/20250612_dengue_all.pdf
2025-06-13,https://old.dghs.gov.bd/images/docs/vpr/20250613_dengue_all.pdf,20250621210908,https://web.archive.org/web/20250621210908id_/https://old.dghs.gov.bd/images/docs/vpr/20250613_dengue_all.pdf
2025-06-14,https://old.dghs.gov.bd/images/docs/vpr/20250614_dengue_all.pdf,20250621210905,https://web.archive.org/web/20250621210905id_/https://old.dghs.gov.bd/images/docs/vpr/20250614_dengue_all.pdf
2025-06-15,https://old.dghs.gov.bd/images/docs/vpr/20250615_dengue_all.pdf,20250621210905,https://web.archive.org/web/20250621210905id_/https://old.dghs.gov.bd/images/docs/vpr/20250615_dengue_all.pdf
2025-06-16,https://old.dghs.gov.bd/images/docs/vpr/20250616_dengue_all.pdf,20250621210905,https://web.archive.org/web/20250621210905id_/https://old.dghs.gov.bd/images/docs/vpr/20250616_dengue_all.pdf
2025-06-17,https://old.dghs.gov.bd/images/docs/vpr/20250617_dengue_all.pdf,20250621210905,https://web.archive.org/web/20250621210905id_/https://old.dghs.gov.bd/images/docs/vpr/20250617_dengue_all.pdf
2025-06-18,https://old.dghs.gov.bd/images/docs/vpr/20250618_dengue_all.pdf,20250621210905,https://web.archive.org/web/20250621210905id_/https://old.dghs.gov.bd/images/docs/vpr/20250618_dengue_all.pdf
2025-06-19,https://old.dghs.gov.bd/images/docs/vpr/20250619_dengue_all.pdf,20250621210905,https://web.archive.org/web/20250621210905id_/https://old.dghs.gov.bd/images/docs/vpr/20250619_dengue_all.pdf
2025-06-20,https://old.dghs.gov.bd/images/docs/vpr/20250620_dengue_all.pdf,20250621210905,https://web.archive.org/web/20250621210905id_/https://old.dghs.gov.bd/images/docs/vpr/20250620_dengue_all.pdf
2025-06-21,https://old.dghs.gov.bd/images/docs/vpr/20250621_dengue_all.pdf,20250621210905,https://web.archive.org/web/20250621210905id_/https://old.dghs.gov.bd/images/docs/vpr/20250621_dengue_all.pdf
2025-06-22,https://old.dghs.gov.bd/images/docs/vpr/20250622_dengue_all.pdf,20260117043205,https://web.archive.org/web/20260117043205id_/https://old.dghs.gov.bd/images/docs/vpr/20250622_dengue_all.pdf
2025-06-23,https://old.dghs.gov.bd/images/docs/vpr/20250623_dengue_all.pdf,20260117050625,https://web.archive.org/web/20260117050625id_/https://old.dghs.gov.bd/images/docs/vpr/20250623_dengue_all.pdf
2025-06-24,https://old.dghs.gov.bd/images/docs/vpr/20250624_dengue_all.pdf,20260116081058,https://web.archive.org/web/20260116081058id_/https://old.dghs.gov.bd/images/docs/vpr/20250624_dengue_all.pdf
2025-06-25,https://old.dghs.gov.bd/images/docs/vpr/20250625_dengue_all.pdf,20260117054348,https://web.archive.org/web/20260117054348id_/https://old.dghs.gov.bd/images/docs/vpr/20250625_dengue_all.pdf
2025-06-26,https://old.dghs.gov.bd/images/docs/vpr/20250626_dengue_all.pdf,20260117180003,https://web.archive.org/web/20260117180003id_/https://old.dghs.gov.bd/images/docs/vpr/20250626_dengue_all.pdf
2025-06-27,https://old.dghs.gov.bd/images/docs/vpr/20250627_dengue_all.pdf,20260116085656,https://web.archive.org/web/20260116085656id_/https://old.dghs.gov.bd/images/docs/vpr/20250627_dengue_all.pdf
2025-06-28,https://old.dghs.gov.bd/images/docs/vpr/20250628_dengue_all.pdf,20260117054121,https://web.archive.org/web/20260117054121id_/https://old.dghs.gov.bd/images/docs/vpr/20250628_dengue_all.pdf
2025-06-29,https://old.dghs.gov.bd/images/docs/vpr/20250629_dengue_all.pdf,20260116073418,https://web.archive.org/web/20260116073418id_/https://old.dghs.gov.bd/images/docs/vpr/20250629_dengue_all.pdf
2025-06-30,https://old.dghs.gov.bd/images/docs/vpr/20250630_dengue_all.pdf,20260116165854,https://web.archive.org/web/20260116165854id_/https://old.dghs.gov.bd/images/docs/vpr/20250630_dengue_all.pdf
2025-07-01,https://old.dghs.gov.bd/images/docs/vpr/20250701_dengue_all.pdf,20260116073244,https://web.archive.org/web/20260116073244id_/https://old.dghs.gov.bd/images/docs/vpr/20250701_dengue_all.pdf
2025-07-02,https://old.dghs.gov.bd/images/docs/vpr/20250702_dengue_all.pdf,20260117053531,https://web.archive.org/web/20260117053531id_/https://old.dghs.gov.bd/images/docs/vpr/20250702_dengue_all.pdf
2025-07-03,https://old.dghs.gov.bd/images/docs/vpr/20250703_dengue_all.pdf,20260116101621,https://web.archive.org/web/20260116101621id_/https://old.dghs.gov.bd/images/docs/vpr/20250703_dengue_all.pdf
2025-07-04,https://old.dghs.gov.bd/images/docs/vpr/20250704_dengue_all.pdf,20260116060709,https://web.archive.org/web/20260116060709id_/https://old.dghs.gov.bd/images/docs/vpr/20250704_dengue_all.pdf
2025-07-05,https://old.dghs.gov.bd/images/docs/vpr/20250705_dengue_all.pdf,20260116113043,https://web.archive.org/web/20260116113043id_/https://old.dghs.gov.bd/images/docs/vpr/20250705_dengue_all.pdf
2025-07-06,https://old.dghs.gov.bd/images/docs/vpr/20250706_dengue_all.pdf,20260116095232,https://web.archive.org/web/20260116095232id_/https://old.dghs.gov.bd/images/docs/vpr/20250706_dengue_all.pdf
2025-07-07,https://old.dghs.gov.bd/images/docs/vpr/20250707_dengue_all.pdf,20260117063531,https://web.archive.org/web/20260117063531id_/https://old.dghs.gov.bd/images/docs/vpr/20250707_dengue_all.pdf
2025-07-08,https://old.dghs.gov.bd/images/docs/vpr/20250708_dengue_all.pdf,20260117090616,https://web.archive.org/web/20260117090616id_/https://old.dghs.gov.bd/images/docs/vpr/20250708_dengue_all.pdf
2025-07-09,https://old.dghs.gov.bd/images/docs/vpr/20250709_dengue_all.pdf,20260116100100,https://web.archive.org/web/20260116100100id_/https://old.dghs.gov.bd/images/docs/vpr/20250709_dengue_all.pdf
2025-07-10,https://old.dghs.gov.bd/images/docs/vpr/20250710_dengue_all.pdf,20260116070126,https://web.archive.org/web/20260116070126id_/https://old.dghs.gov.bd/images/docs/vpr/20250710_dengue_all.pdf
2025-07-11,https://old.dghs.gov.bd/images/docs/vpr/20250711_dengue_all.pdf,20260116070918,https://web.archive.org/web/20260116070918id_/https://old.dghs.gov.bd/images/docs/vpr/20250711_dengue_all.pdf
2025-07-12,https://old.dghs.gov.bd/images/docs/vpr/20250712_dengue_all.pdf,20260117042827,https://web.archive.org/web/20260117042827id_/https://old.dghs.gov.bd/images/docs/vpr/20250712_dengue_all.pdf
2025-07-13,https://old.dghs.gov.bd/images/docs/vpr/20250713_dengue_all.pdf,20260116070742,https://web.archive.org/web/20260116070742id_/https://old.dghs.gov.bd/images/docs/vpr/20250713_dengue_all.pdf
2025-07-14,https://old.dghs.gov.bd/images/docs/vpr/20250714_dengue_all.pdf,20260116062649,https://web.archive.org/web/20260116062649id_/https://old.dghs.gov.bd/images/docs/vpr/20250714_dengue_all.pdf
2025-07-15,https://old.dghs.gov.bd/images/docs/vpr/20250715_dengue_all.pdf,20260117063219,https://web.archive.org/web/20260117063219id_/https://old.dghs.gov.bd/images/docs/vpr/20250715_dengue_all.pdf
2025-07-16,https://old.dghs.gov.bd/images/docs/vpr/20250716_dengue_all.pdf,20260116094441,https://web.archive.org/web/20260116094441id_/https://old.dghs.gov.bd/images/docs/vpr/20250716_dengue_all.pdf
2025-07-17,https://old.dghs.gov.bd/images/docs/vpr/20250717_dengue_all.pdf,20250725210943,https://web.archive.org/web/20250725210943id_/https://old.dghs.gov.bd/images/docs/vpr/20250717_dengue_all.pdf
2025-07-18,https://old.dghs.gov.bd/images/docs/vpr/20250718_dengue_all.pdf,20260116065038,https://web.archive.org/web/20260116065038id_/https://old.dghs.gov.bd/images/docs/vpr/20250718_dengue_all.pdf
2025-07-19,https://old.dghs.gov.bd/images/docs/vpr/20250719_dengue_all.pdf,20260116061237,https://web.archive.org/web/20260116061237id_/https://old.dghs.gov.bd/images/docs/vpr/20250719_dengue_all.pdf
2025-07-20,https://old.dghs.gov.bd/images/docs/vpr/20250720_dengue_all.pdf,20260116063534,https://web.archive.org/web/20260116063534id_/https://old.dghs.gov.bd/images/docs/vpr/20250720_dengue_all.pdf
2025-07-21,https://old.dghs.gov.bd/images/docs/vpr/20250721_dengue_all.pdf,20260116073233,https://web.archive.org/web/20260116073233id_/https://old.dghs.gov.bd/images/docs/vpr/20250721_dengue_all.pdf
2025-07-22,https://old.dghs.gov.bd/images/docs/vpr/20250722_dengue_all.pdf,20260116062620,https://web.archive.org/web/20260116062620id_/https://old.dghs.gov.bd/images/docs/vpr/20250722_dengue_all.pdf
2025-07-23,https://old.dghs.gov.bd/images/docs/vpr/20250723_dengue_all.pdf,20260117071442,https://web.archive.org/web/20260117071442id_/https://old.dghs.gov.bd/images/docs/vpr/20250723_dengue_all.pdf
2025-07-24,https://old.dghs.gov.bd/images/docs/vpr/20250724_dengue_all.pdf,20260116161810,https://web.archive.org/web/20260116161810id_/https://old.dghs.gov.bd/images/docs/vpr/20250724_dengue_all.pdf
2025-07-25,https://old.dghs.gov.bd/images/docs/vpr/20250725_dengue_all.pdf,20260116063542,https://web.archive.org/web/20260116063542id_/https://old.dghs.gov.bd/images/docs/vpr/20250725_dengue_all.pdf
2025-07-26,https://old.dghs.gov.bd/images/docs/vpr/20250726_dengue_all.pdf,20260116084051,https://web.archive.org/web/20260116084051id_/https://old.dghs.gov.bd/images/docs/vpr/20250726_dengue_all.pdf
2025-07-27,https://old.dghs.gov.bd/images/docs/vpr/20250727_dengue_all.pdf,20260116092412,https://web.archive.org/web/20260116092412id_/https://old.dghs.gov.bd/images/docs/vpr/20250727_dengue_all.pdf
2025-07-28,https://old.dghs.gov.bd/images/docs/vpr/20250728_dengue_all.pdf,20260116071553,https://web.archive.org/web/20260116071553id_/https://old.dghs.gov.bd/images/docs/vpr/20250728_dengue_all.pdf
2025-07-29,https://old.dghs.gov.bd/images/docs/vpr/20250729_dengue_all.pdf,20260116063519,https://web.archive.org/web/20260116063519id_/https://old.dghs.gov.bd/images/docs/vpr/20250729_dengue_all.pdf
2025-07-30,https://old.dghs.gov.bd/images/docs/vpr/20250730_dengue_all.pdf,20260116062327,https://web.archive.org/web/20260116062327id_/https://old.dghs.gov.bd/images/docs/vpr/20250730_dengue_all.pdf
2025-07-31,https://old.dghs.gov.bd/images/docs/vpr/20250731_dengue_all.pdf,20260117060034,https://web.archive.org/web/20260117060034id_/https://old.dghs.gov.bd/images/docs/vpr/20250731_dengue_all.pdf
2025-08-01,https://old.dghs.gov.bd/images/docs/vpr/20250801_dengue_all.pdf,20260116173421,https://web.archive.org/web/20260116173421id_/https://old.dghs.gov.bd/images/docs/vpr/20250801_dengue_all.pdf
2025-08-02,https://old.dghs.gov.bd/images/docs/vpr/20250802_dengue_all.pdf,20260117062902,https://web.archive.org/web/20260117062902id_/https://old.dghs.gov.bd/images/docs/vpr/20250802_dengue_all.pdf
2025-08-03,https://old.dghs.gov.bd/images/docs/vpr/20250803_dengue_all.pdf,20250808193823,https://web.archive.org/web/20250808193823id_/https://old.dghs.gov.bd/images/docs/vpr/20250803_dengue_all.pdf
2025-08-04,https://old.dghs.gov.bd/images/docs/vpr/20250804_dengue_all.pdf,20260117054126,https://web.archive.org/web/20260117054126id_/https://old.dghs.gov.bd/images/docs/vpr/20250804_dengue_all.pdf
2025-08-05,https://old.dghs.gov.bd/images/docs/vpr/20250805_dengue_all.pdf,20260116060901,https://web.archive.org/web/20260116060901id_/https://old.dghs.gov.bd/images/docs/vpr/20250805_dengue_all.pdf
2025-08-06,https://old.dghs.gov.bd/images/docs/vpr/20250806_dengue_all.pdf,20260116073945,https://web.archive.org/web/20260116073945id_/https://old.dghs.gov.bd/images/docs/vpr/20250806_dengue_all.pdf
2025-08-07,https://old.dghs.gov.bd/images/docs/vpr/20250807_dengue_all.pdf,20260116074425,https://web.archive.org/web/20260116074425id_/https://old.dghs.gov.bd/images/docs/vpr/20250807_dengue_all.pdf
2025-08-08,https://old.dghs.gov.bd/images/docs/vpr/20250808_dengue_all.pdf,20260116083333,https://web.archive.org/web/20260116083333id_/https://old.dghs.gov.bd/images/docs/vpr/20250808_dengue_all.pdf
2025-08-09,https://old.dghs.gov.bd/images/docs/vpr/20250809_dengue_all.pdf,20260116070405,https://web.archive.org/web/20260116070405id_/https://old.dghs.gov.bd/images/docs/vpr/20250809_dengue_all.pdf
2025-08-10,https://old.dghs.gov.bd/images/docs/vpr/20250810_dengue_all.pdf,20260117042450,https://web.archive.org/web/20260117042450id_/https://old.dghs.gov.bd/images/docs/vpr/20250810_dengue_all.pdf
2025-08-11,https://old.dghs.gov.bd/images/docs/vpr/20250811_dengue_all.pdf,20260116063131,https://web.archive.org/web/20260116063131id_/https://old.dghs.gov.bd/images/docs/vpr/20250811_dengue_all.pdf
2025-08-12,https://old.dghs.gov.bd/images/docs/vpr/20250812_dengue_all.pdf,20260117052438,https://web.archive.org/web/20260117052438id_/https://old.dghs.gov.bd/images/docs/vpr/20250812_dengue_all.pdf
2025-08-13,https://old.dghs.gov.bd/images/docs/vpr/20250813_dengue_all.pdf,20260116091155,https://web.archive.org/web/20260116091155id_/https://old.dghs.gov.bd/images/docs/vpr/20250813_dengue_all.pdf
2025-08-14,https://old.dghs.gov.bd/images/docs/vpr/20250814_dengue_all.pdf,20260117043330,https://web.archive.org/web/20260117043330id_/https://old.dghs.gov.bd/images/docs/vpr/20250814_dengue_all.pdf
2025-08-15,https://old.dghs.gov.bd/images/docs/vpr/20250815_dengue_all.pdf,20260116070804,https://web.archive.org/web/20260116070804id_/https://old.dghs.gov.bd/images/docs/vpr/20250815_dengue_all.pdf
2025-08-16,https://old.dghs.gov.bd/images/docs/vpr/20250816_dengue_all.pdf,20260117034740,https://web.archive.org/web/20260117034740id_/https://old.dghs.gov.bd/images/docs/vpr/20250816_dengue_all.pdf
2025-08-17,https://old.dghs.gov.bd/images/docs/vpr/20250817_dengue_all.pdf,20260116064829,https://web.archive.org/web/20260116064829id_/https://old.dghs.gov.bd/images/docs/vpr/20250817_dengue_all.pdf
2025-08-18,https://old.dghs.gov.bd/images/docs/vpr/20250818_dengue_all.pdf,20260116075138,https://web.archive.org/web/20260116075138id_/https://old.dghs.gov.bd/images/docs/vpr/20250818_dengue_all.pdf
2025-08-19,https://old.dghs.gov.bd/images/docs/vpr/20250819_dengue_all.pdf,20260116174550,https://web.archive.org/web/20260116174550id_/https://old.dghs.gov.bd/images/docs/vpr/20250819_dengue_all.pdf
2025-08-20,https://old.dghs.gov.bd/images/docs/vpr/20250820_dengue_all.pdf,20260117042127,https://web.archive.org/web/20260117042127id_/https://old.dghs.gov.bd/images/docs/vpr/20250820_dengue_all.pdf
2025-08-21,https://old.dghs.gov.bd/images/docs/vpr/20250821_dengue_all.pdf,20260116121155,https://web.archive.org/web/20260116121155id_/https://old.dghs.gov.bd/images/docs/vpr/20250821_dengue_all.pdf
2025-08-22,https://old.dghs.gov.bd/images/docs/vpr/20250822_dengue_all.pdf,20260116075316,https://web.archive.org/web/20260116075316id_/https://old.dghs.gov.bd/images/docs/vpr/20250822_dengue_all.pdf
2025-08-23,https://old.dghs.gov.bd/images/docs/vpr/20250823_dengue_all.pdf,20260116071822,https://web.archive.org/web/20260116071822id_/https://old.dghs.gov.bd/images/docs/vpr/20250823_dengue_all.pdf
2025-08-24,https://old.dghs.gov.bd/images/docs/vpr/20250824_dengue_all.pdf,20260116062517,https://web.archive.org/web/20260116062517id_/https://old.dghs.gov.bd/images/docs/vpr/20250824_dengue_all.pdf
2025-08-25,https://old.dghs.gov.bd/images/docs/vpr/20250825_dengue_all.pdf,20260116065644,https://web.archive.org/web/20260116065644id_/https://old.dghs.gov.bd/images/docs/vpr/20250825_dengue_all.pdf
2025-08-26,https://old.dghs.gov.bd/images/docs/vpr/20250826_dengue_all.pdf,20260116084444,https://web.archive.org/web/20260116084444id_/https://old.dghs.gov.bd/images/docs/vpr/20250826_dengue_all.pdf
2025-08-27,https://old.dghs.gov.bd/images/docs/vpr/20250827_dengue_all.pdf,20260116064321,https://web.archive.org/web/20260116064321id_/https://old.dghs.gov.bd/images/docs/vpr/20250827_dengue_all.pdf
2025-08-28,https://old.dghs.gov.bd/images/docs/vpr/20250828_dengue_all.pdf,20260116083340,https://web.archive.org/web/20260116083340id_/https://old.dghs.gov.bd/images/docs/vpr/20250828_dengue_all.pdf
2025-08-29,https://old.dghs.gov.bd/images/docs/vpr/20250829_dengue_all.pdf,20260116093845,https://web.archive.org/web/20260116093845id_/https://old.dghs.gov.bd/images/docs/vpr/20250829_dengue_all.pdf
2025-08-30,https://old.dghs.gov.bd/images/docs/vpr/20250830_dengue_all.pdf,20260116074822,https://web.archive.org/web/20260116074822id_/https://old.dghs.gov.bd/images/docs/vpr/20250830_dengue_all.pdf
2025-08-31,https://old.dghs.gov.bd/images/docs/vpr/20250831_dengue_all.pdf,20260116120458,https://web.archive.org/web/20260116120458id_/https://old.dghs.gov.bd/images/docs/vpr/20250831_dengue_all.pdf
2025-09-01,https://old.dghs.gov.bd/images/docs/vpr/20250901_dengue_all.pdf,20260116092723,https://web.archive.org/web/20260116092723id_/https://old.dghs.gov.bd/images/docs/vpr/20250901_dengue_all.pdf
2025-09-02,https://old.dghs.gov.bd/images/docs/vpr/20250902_dengue_all.pdf,20250904202008,https://web.archive.org/web/20250904202008id_/https://old.dghs.gov.bd/images/docs/vpr/20250902_dengue_all.pdf
2025-09-03,https://old.dghs.gov.bd/images/docs/vpr/20250903_dengue_all.pdf,20260117041929,https://web.archive.org/web/20260117041929id_/https://old.dghs.gov.bd/images/docs/vpr/20250903_dengue_all.pdf
2025-09-04,https://old.dghs.gov.bd/images/docs/vpr/20250904_dengue_all.pdf,20260116093426,https://web.archive.org/web/20260116093426id_/https://old.dghs.gov.bd/images/docs/vpr/20250904_dengue_all.pdf
2025-09-05,https://old.dghs.gov.bd/images/docs/vpr/20250905_dengue_all.pdf,20260116130628,https://web.archive.org/web/20260116130628id_/https://old.dghs.gov.bd/images/docs/vpr/20250905_dengue_all.pdf
2025-09-06,https://old.dghs.gov.bd/images/docs/vpr/20250906_dengue_all.pdf,20260116084111,https://web.archive.org/web/20260116084111id_/https://old.dghs.gov.bd/images/docs/vpr/20250906_dengue_all.pdf
2025-09-07,https://old.dghs.gov.bd/images/docs/vpr/20250907_dengue_all.pdf,20260116063048,https://web.archive.org/web/20260116063048id_/https://old.dghs.gov.bd/images/docs/vpr/20250907_dengue_all.pdf
2025-09-08,https://old.dghs.gov.bd/images/docs/vpr/20250908_dengue_all.pdf,20260116085528,https://web.archive.org/web/20260116085528id_/https://old.dghs.gov.bd/images/docs/vpr/20250908_dengue_all.pdf
2025-09-09,https://old.dghs.gov.bd/images/docs/vpr/20250909_dengue_all.pdf,20260117062405,https://web.archive.org/web/20260117062405id_/https://old.dghs.gov.bd/images/docs/vpr/20250909_dengue_all.pdf
2025-09-10,https://old.dghs.gov.bd/images/docs/vpr/20250910_dengue_all.pdf,20260116062959,https://web.archive.org/web/20260116062959id_/https://old.dghs.gov.bd/images/docs/vpr/20250910_dengue_all.pdf
2025-09-11,https://old.dghs.gov.bd/images/docs/vpr/20250911_dengue_all.pdf,20260117055321,https://web.archive.org/web/20260117055321id_/https://old.dghs.gov.bd/images/docs/vpr/20250911_dengue_all.pdf
2025-09-12,https://old.dghs.gov.bd/images/docs/vpr/20250912_dengue_all.pdf,20260116075757,https://web.archive.org/web/20260116075757id_/https://old.dghs.gov.bd/images/docs/vpr/20250912_dengue_all.pdf
2025-09-13,https://old.dghs.gov.bd/images/docs/vpr/20250913_dengue_all.pdf,20260116061439,https://web.archive.org/web/20260116061439id_/https://old.dghs.gov.bd/images/docs/vpr/20250913_dengue_all.pdf
2025-09-14,https://old.dghs.gov.bd/images/docs/vpr/20250914_dengue_all.pdf,20260117052353,https://web.archive.org/web/20260117052353id_/https://old.dghs.gov.bd/images/docs/vpr/20250914_dengue_all.pdf
2025-09-15,https://old.dghs.gov.bd/images/docs/vpr/20250915_dengue_all.pdf,20260116073124,https://web.archive.org/web/20260116073124id_/https://old.dghs.gov.bd/images/docs/vpr/20250915_dengue_all.pdf
2025-09-16,https://old.dghs.gov.bd/images/docs/vpr/20250916_dengue_all.pdf,20260117051956,https://web.archive.org/web/20260117051956id_/https://old.dghs.gov.bd/images/docs/vpr/20250916_dengue_all.pdf
2025-09-17,https://old.dghs.gov.bd/images/docs/vpr/20250917_dengue_all.pdf,20260116075857,https://web.archive.org/web/20260116075857id_/https://old.dghs.gov.bd/images/docs/vpr/20250917_dengue_all.pdf
2025-09-20,https://old.dghs.gov.bd/images/docs/vpr/20250920_dengue_all.pdf,20260117051249,https://web.archive.org/web/20260117051249id_/https://old.dghs.gov.bd/images/docs/vpr/20250920_dengue_all.pdf
2025-09-21,https://old.dghs.gov.bd/images/docs/vpr/20250921_dengue_all.pdf,20260116073516,https://web.archive.org/web/20260116073516id_/https://old.dghs.gov.bd/images/docs/vpr/20250921_dengue_all.pdf
2025-09-22,https://old.dghs.gov.bd/images/docs/vpr/20250922_dengue_all.pdf,20250928050355,https://web.archive.org/web/20250928050355id_/https://old.dghs.gov.bd/images/docs/vpr/20250922_dengue_all.pdf
2025-09-23,https://old.dghs.gov.bd/images/docs/vpr/20250923_dengue_all.pdf,20260117040559,https://web.archive.org/web/20260117040559id_/https://old.dghs.gov.bd/images/docs/vpr/20250923_dengue_all.pdf
2025-09-24,https://old.dghs.gov.bd/images/docs/vpr/20250924_dengue_all.pdf,20260117033439,https://web.archive.org/web/20260117033439id_/https://old.dghs.gov.bd/images/docs/vpr/20250924_dengue_all.pdf
2025-09-25,https://old.dghs.gov.bd/images/docs/vpr/20250925_dengue_all.pdf,20260116092050,https://web.archive.org/web/20260116092050id_/https://old.dghs.gov.bd/images/docs/vpr/20250925_dengue_all.pdf
2025-09-26,https://old.dghs.gov.bd/images/docs/vpr/20250926_dengue_all.pdf,20260116063002,https://web.archive.org/web/20260116063002id_/https://old.dghs.gov.bd/images/docs/vpr/20250926_dengue_all.pdf
2025-09-27,https://old.dghs.gov.bd/images/docs/vpr/20250927_dengue_all.pdf,20260117045136,https://web.archive.org/web/20260117045136id_/https://old.dghs.gov.bd/images/docs/vpr/20250927_dengue_all.pdf
2025-09-28,https://old.dghs.gov.bd/images/docs/vpr/20250928_dengue_all.pdf,20260117044125,https://web.archive.org/web/20260117044125id_/https://old.dghs.gov.bd/images/docs/vpr/20250928_dengue_all.pdf
2025-09-29,https://old.dghs.gov.bd/images/docs/vpr/20250929_dengue_all.pdf,20260116063018,https://web.archive.org/web/20260116063018id_/https://old.dghs.gov.bd/images/docs/vpr/20250929_dengue_all.pdf
2025-09-30,https://old.dghs.gov.bd/images/docs/vpr/20250930_dengue_all.pdf,20260116100238,https://web.archive.org/web/20260116100238id_/https://old.dghs.gov.bd/images/docs/vpr/20250930_dengue_all.pdf
2025-10-01,https://old.dghs.gov.bd/images/docs/vpr/20251001_dengue_all.pdf,20260116070906,https://web.archive.org/web/20260116070906id_/https://old.dghs.gov.bd/images/docs/vpr/20251001_dengue_all.pdf
2025-10-02,https://old.dghs.gov.bd/images/docs/vpr/20251002_dengue_all.pdf,20260116063018,https://web.archive.org/web/20260116063018id_/https://old.dghs.gov.bd/images/docs/vpr/20251002_dengue_all.pdf
2025-10-03,https://old.dghs.gov.bd/images/docs/vpr/20251003_dengue_all.pdf,20260116123254,https://web.archive.org/web/20260116123254id_/https://old.dghs.gov.bd/images/docs/vpr/20251003_dengue_all.pdf
2025-10-04,https://old.dghs.gov.bd/images/docs/vpr/20251004_dengue_all.pdf,20260117063523,https://web.archive.org/web/20260117063523id_/https://old.dghs.gov.bd/images/docs/vpr/20251004_dengue_all.pdf
2025-10-05,https://old.dghs.gov.bd/images/docs/vpr/20251005_dengue_all.pdf,20260116095648,https://web.archive.org/web/20260116095648id_/https://old.dghs.gov.bd/images/docs/vpr/20251005_dengue_all.pdf
2025-10-06,https://old.dghs.gov.bd/images/docs/vpr/20251006_dengue_all.pdf,20260116073805,https://web.archive.org/web/20260116073805id_/https://old.dghs.gov.bd/images/docs/vpr/20251006_dengue_all.pdf
2025-10-07,https://old.dghs.gov.bd/images/docs/vpr/20251007_dengue_all.pdf,20260117045813,https://web.archive.org/web/20260117045813id_/https://old.dghs.gov.bd/images/docs/vpr/20251007_dengue_all.pdf
2025-10-08,https://old.dghs.gov.bd/images/docs/vpr/20251008_dengue_all.pdf,20260116082002,https://web.archive.org/web/20260116082002id_/https://old.dghs.gov.bd/images/docs/vpr/20251008_dengue_all.pdf
2025-10-09,https://old.dghs.gov.bd/images/docs/vpr/20251009_dengue_all.pdf,20260117071237,https://web.archive.org/web/20260117071237id_/https://old.dghs.gov.bd/images/docs/vpr/20251009_dengue_all.pdf
2025-10-10,https://old.dghs.gov.bd/images/docs/vpr/20251010_dengue_all.pdf,20260117040247,https://web.archive.org/web/20260117040247id_/https://old.dghs.gov.bd/images/docs/vpr/20251010_dengue_all.pdf
2025-10-11,https://old.dghs.gov.bd/images/docs/vpr/20251011_dengue_all.pdf,20260116065558,https://web.archive.org/web/20260116065558id_/https://old.dghs.gov.bd/images/docs/vpr/20251011_dengue_all.pdf
2025-10-12,https://old.dghs.gov.bd/images/docs/vpr/20251012_dengue_all.pdf,20260116090607,https://web.archive.org/web/20260116090607id_/https://old.dghs.gov.bd/images/docs/vpr/20251012_dengue_all.pdf
2025-10-13,https://old.dghs.gov.bd/images/docs/vpr/20251013_dengue_all.pdf,20260116083445,https://web.archive.org/web/20260116083445id_/https://old.dghs.gov.bd/images/docs/vpr/20251013_dengue_all.pdf
2025-10-14,https://old.dghs.gov.bd/images/docs/vpr/20251014_dengue_all.pdf,20260116122925,https://web.archive.org/web/20260116122925id_/https://old.dghs.gov.bd/images/docs/vpr/20251014_dengue_all.pdf
2025-10-15,https://old.dghs.gov.bd/images/docs/vpr/20251015_dengue_all.pdf,20260117055233,https://web.archive.org/web/20260117055233id_/https://old.dghs.gov.bd/images/docs/vpr/20251015_dengue_all.pdf
2025-10-16,https://old.dghs.gov.bd/images/docs/vpr/20251016_dengue_all.pdf,20260116060657,https://web.archive.org/web/20260116060657id_/https://old.dghs.gov.bd/images/docs/vpr/20251016_dengue_all.pdf
2025-10-17,https://old.dghs.gov.bd/images/docs/vpr/20251017_dengue_all.pdf,20260116063653,https://web.archive.org/web/20260116063653id_/https://old.dghs.gov.bd/images/docs/vpr/20251017_dengue_all.pdf
2025-10-18,https://old.dghs.gov.bd/images/docs/vpr/20251018_dengue_all.pdf,20260117035132,https://web.archive.org/web/20260117035132id_/https://old.dghs.gov.bd/images/docs/vpr/20251018_dengue_all.pdf
2025-10-19,https://old.dghs.gov.bd/images/docs/vpr/20251019_dengue_all.pdf,20260116065526,https://web.archive.org/web/20260116065526id_/https://old.dghs.gov.bd/images/docs/vpr/20251019_dengue_all.pdf
2025-10-20,https://old.dghs.gov.bd/images/docs/vpr/20251020_dengue_all.pdf,20260116082226,https://web.archive.org/web/20260116082226id_/https://old.dghs.gov.bd/images/docs/vpr/20251020_dengue_all.pdf
2025-10-21,https://old.dghs.gov.bd/images/docs/vpr/20251021_dengue_all.pdf,20260116131232,https://web.archive.org/web/20260116131232id_/https://old.dghs.gov.bd/images/docs/vpr/20251021_dengue_all.pdf
2025-10-22,https://old.dghs.gov.bd/images/docs/vpr/20251022_dengue_all.pdf,20260116064347,https://web.archive.org/web/20260116064347id_/https://old.dghs.gov.bd/images/docs/vpr/20251022_dengue_all.pdf
2025-10-23,https://old.dghs.gov.bd/images/docs/vpr/20251023_dengue_all.pdf,20260116061647,https://web.archive.org/web/20260116061647id_/https://old.dghs.gov.bd/images/docs/vpr/20251023_dengue_all.pdf
2025-10-24,https://old.dghs.gov.bd/images/docs/vpr/20251024_dengue_all.pdf,20260116071657,https://web.archive.org/web/20260116071657id_/https://old.dghs.gov.bd/images/docs/vpr/20251024_dengue_all.pdf
2025-10-25,https://old.dghs.gov.bd/images/docs/vpr/20251025_dengue_all.pdf,20260116060729,https://web.archive.org/web/20260116060729id_/https://old.dghs.gov.bd/images/docs/vpr/20251025_dengue_all.pdf
2025-10-26,https://old.dghs.gov.bd/images/docs/vpr/20251026_dengue_all.pdf,20260116081443,https://web.archive.org/web/20260116081443id_/https://old.dghs.gov.bd/images/docs/vpr/20251026_dengue_all.pdf
2025-10-27,https://old.dghs.gov.bd/images/docs/vpr/20251027_dengue_all.pdf,20251028093804,https://web.archive.org/web/20251028093804id_/https://old.dghs.gov.bd/images/docs/vpr/20251027_dengue_all.pdf
2025-10-28,https://old.dghs.gov.bd/images/docs/vpr/20251028_dengue_all.pdf,20260116110223,https://web.archive.org/web/20260116110223id_/https://old.dghs.gov.bd/images/docs/vpr/20251028_dengue_all.pdf
2025-10-29,https://old.dghs.gov.bd/images/docs/vpr/20251029_dengue_all.pdf,20260117054538,https://web.archive.org/web/20260117054538id_/https://old.dghs.gov.bd/images/docs/vpr/20251029_dengue_all.pdf
2025-10-30,https://old.dghs.gov.bd/images/docs/vpr/20251030_dengue_all.pdf,20260116072121,https://web.archive.org/web/20260116072121id_/https://old.dghs.gov.bd/images/docs/vpr/20251030_dengue_all.pdf
2025-10-31,https://old.dghs.gov.bd/images/docs/vpr/20251031_dengue_all.pdf,20260116183336,https://web.archive.org/web/20260116183336id_/https://old.dghs.gov.bd/images/docs/vpr/20251031_dengue_all.pdf
2025-11-01,https://old.dghs.gov.bd/images/docs/vpr/20251101_dengue_all.pdf,20260117051335,https://web.archive.org/web/20260117051335id_/https://old.dghs.gov.bd/images/docs/vpr/20251101_dengue_all.pdf
2025-11-02,https://old.dghs.gov.bd/images/docs/vpr/20251102_dengue_all.pdf,20251103032514,https://web.archive.org/web/20251103032514id_/https://old.dghs.gov.bd/images/docs/vpr/20251102_dengue_all.pdf
2025-11-03,https://old.dghs.gov.bd/images/docs/vpr/20251103_dengue_all.pdf,20260116100816,https://web.archive.org/web/20260116100816id_/https://old.dghs.gov.bd/images/docs/vpr/20251103_dengue_all.pdf
2025-11-04,https://old.dghs.gov.bd/images/docs/vpr/20251104_dengue_all.pdf,20260116064728,https://web.archive.org/web/20260116064728id_/https://old.dghs.gov.bd/images/docs/vpr/20251104_dengue_all.pdf
2025-11-05,https://old.dghs.gov.bd/images/docs/vpr/20251105_dengue_all.pdf,20260116060800,https://web.archive.org/web/20260116060800id_/https://old.dghs.gov.bd/images/docs/vpr/20251105_dengue_all.pdf
2025-11-06,https://old.dghs.gov.bd/images/docs/vpr/20251106_dengue_all.pdf,20260116062138,https://web.archive.org/web/20260116062138id_/https://old.dghs.gov.bd/images/docs/vpr/20251106_dengue_all.pdf
2025-11-07,https://old.dghs.gov.bd/images/docs/vpr/20251107_dengue_all.pdf,20260116080911,https://web.archive.org/web/20260116080911id_/https://old.dghs.gov.bd/images/docs/vpr/20251107_dengue_all.pdf
2025-11-08,https://old.dghs.gov.bd/images/docs/vpr/20251108_dengue_all.pdf,20260117035125,https://web.archive.org/web/20260117035125id_/https://old.dghs.gov.bd/images/docs/vpr/20251108_dengue_all.pdf
2025-11-09,https://old.dghs.gov.bd/images/docs/vpr/20251109_dengue_all.pdf,20260116062019,https://web.archive.org/web/20260116062019id_/https://old.dghs.gov.bd/images/docs/vpr/20251109_dengue_all.pdf
2025-11-10,https://old.dghs.gov.bd/images/docs/vpr/20251110_dengue_all.pdf,20260116060931,https://web.archive.org/web/20260116060931id_/https://old.dghs.gov.bd/images/docs/vpr/20251110_dengue_all.pdf
2025-11-11,https://old.dghs.gov.bd/images/docs/vpr/20251111_dengue_all.pdf,20260117050349,https://web.archive.org/web/20260117050349id_/https://old.dghs.gov.bd/images/docs/vpr/20251111_dengue_all.pdf
2025-11-13,https://old.dghs.gov.bd/images/docs/vpr/20251113_dengue_all.pdf,20260117045404,https://web.archive.org/web/20260117045404id_/https://old.dghs.gov.bd/images/docs/vpr/20251113_dengue_all.pdf
2025-11-14,https://old.dghs.gov.bd/images/docs/vpr/20251114_dengue_all.pdf,20260116065506,https://web.archive.org/web/20260116065506id_/https://old.dghs.gov.bd/images/docs/vpr/20251114_dengue_all.pdf
2025-11-15,https://old.dghs.gov.bd/images/docs/vpr/20251115_dengue_all.pdf,20260116195712,https://web.archive.org/web/20260116195712id_/https://old.dghs.gov.bd/images/docs/vpr/20251115_dengue_all.pdf
2025-11-16,https://old.dghs.gov.bd/images/docs/vpr/20251116_dengue_all.pdf,20260116072341,https://web.archive.org/web/20260116072341id_/https://old.dghs.gov.bd/images/docs/vpr/20251116_dengue_all.pdf
2025-11-17,https://old.dghs.gov.bd/images/docs/vpr/20251117_dengue_all.pdf,20260116074551,https://web.archive.org/web/20260116074551id_/https://old.dghs.gov.bd/images/docs/vpr/20251117_dengue_all.pdf
2025-11-18,https://old.dghs.gov.bd/images/docs/vpr/20251118_dengue_all.pdf,20260116071610,https://web.archive.org/web/20260116071610id_/https://old.dghs.gov.bd/images/docs/vpr/20251118_dengue_all.pdf
2025-11-19,https://old.dghs.gov.bd/images/docs/vpr/20251119_dengue_all.pdf,20260117094705,https://web.archive.org/web/20260117094705id_/https://old.dghs.gov.bd/images/docs/vpr/20251119_dengue_all.pdf
2025-11-20,https://old.dghs.gov.bd/images/docs/vpr/20251120_dengue_all.pdf,20260116065624,https://web.archive.org/web/20260116065624id_/https://old.dghs.gov.bd/images/docs/vpr/20251120_dengue_all.pdf
2025-11-21,https://old.dghs.gov.bd/images/docs/vpr/20251121_dengue_all.pdf,20260116064831,https://web.archive.org/web/20260116064831id_/https://old.dghs.gov.bd/images/docs/vpr/20251121_dengue_all.pdf
2025-11-22,https://old.dghs.gov.bd/images/docs/vpr/20251122_dengue_all.pdf,20260116081133,https://web.archive.org/web/20260116081133id_/https://old.dghs.gov.bd/images/docs/vpr/20251122_dengue_all.pdf
2025-11-24,https://old.dghs.gov.bd/images/docs/vpr/20251124_dengue_all.pdf,20260117051611,https://web.archive.org/web/20260117051611id_/https://old.dghs.gov.bd/images/docs/vpr/20251124_dengue_all.pdf
2025-11-25,https://old.dghs.gov.bd/images/docs/vpr/20251125_dengue_all.pdf,20260116132033,https://web.archive.org/web/20260116132033id_/https://old.dghs.gov.bd/images/docs/vpr/20251125_dengue_all.pdf
2025-11-26,https://old.dghs.gov.bd/images/docs/vpr/20251126_dengue_all.pdf,20260116085042,https://web.archive.org/web/20260116085042id_/https://old.dghs.gov.bd/images/docs/vpr/20251126_dengue_all.pdf
2025-11-27,https://old.dghs.gov.bd/images/docs/vpr/20251127_dengue_all.pdf,20260117055828,https://web.archive.org/web/20260117055828id_/https://old.dghs.gov.bd/images/docs/vpr/20251127_dengue_all.pdf
2025-11-29,https://old.dghs.gov.bd/images/docs/vpr/20251129_dengue_all.pdf,20260117053744,https://web.archive.org/web/20260117053744id_/https://old.dghs.gov.bd/images/docs/vpr/20251129_dengue_all.pdf
2025-11-30,https://old.dghs.gov.bd/images/docs/vpr/20251130_dengue_all.pdf,20260116063333,https://web.archive.org/web/20260116063333id_/https://old.dghs.gov.bd/images/docs/vpr/20251130_dengue_all.pdf
2025-12-01,https://old.dghs.gov.bd/images/docs/vpr/20251201_dengue_all.pdf,20260116070326,https://web.archive.org/web/20260116070326id_/https://old.dghs.gov.bd/images/docs/vpr/20251201_dengue_all.pdf
2025-12-02,https://old.dghs.gov.bd/images/docs/vpr/20251202_dengue_all.pdf,20260116081357,https://web.archive.org/web/20260116081357id_/https://old.dghs.gov.bd/images/docs/vpr/20251202_dengue_all.pdf
2025-12-03,https://old.dghs.gov.bd/images/docs/vpr/20251203_dengue_all.pdf,20260116081104,https://web.archive.org/web/20260116081104id_/https://old.dghs.gov.bd/images/docs/vpr/20251203_dengue_all.pdf
2025-12-04,https://old.dghs.gov.bd/images/docs/vpr/20251204_dengue_all.pdf,20260116064748,https://web.archive.org/web/20260116064748id_/https://old.dghs.gov.bd/images/docs/vpr/20251204_dengue_all.pdf
2025-12-05,https://old.dghs.gov.bd/images/docs/vpr/20251205_dengue_all.pdf,20260117042229,https://web.archive.org/web/20260117042229id_/https://old.dghs.gov.bd/images/docs/vpr/20251205_dengue_all.pdf
2025-12-07,https://old.dghs.gov.bd/images/docs/vpr/20251207_dengue_all.pdf,20260116092536,https://web.archive.org/web/20260116092536id_/https://old.dghs.gov.bd/images/docs/vpr/20251207_dengue_all.pdf
2025-12-08,https://old.dghs.gov.bd/images/docs/vpr/20251208_dengue_all.pdf,20260117035819,https://web.archive.org/web/20260117035819id_/https://old.dghs.gov.bd/images/docs/vpr/20251208_dengue_all.pdf
2025-12-09,https://old.dghs.gov.bd/images/docs/vpr/20251209_dengue_all.pdf,20260116070023,https://web.archive.org/web/20260116070023id_/https://old.dghs.gov.bd/images/docs/vpr/20251209_dengue_all.pdf
2025-12-10,https://old.dghs.gov.bd/images/docs/vpr/20251210_dengue_all.pdf,20260117041322,https://web.archive.org/web/20260117041322id_/https://old.dghs.gov.bd/images/docs/vpr/20251210_dengue_all.pdf
2025-12-11,https://old.dghs.gov.bd/images/docs/vpr/20251211_dengue_all.pdf,20260116065505,https://web.archive.org/web/20260116065505id_/https://old.dghs.gov.bd/images/docs/vpr/20251211_dengue_all.pdf
2025-12-12,https://old.dghs.gov.bd/images/docs/vpr/20251212_dengue_all.pdf,20260117040638,https://web.archive.org/web/20260117040638id_/https://old.dghs.gov.bd/images/docs/vpr/20251212_dengue_all.pdf
2025-12-13,https://old.dghs.gov.bd/images/docs/vpr/20251213_dengue_all.pdf,20260117064107,https://web.archive.org/web/20260117064107id_/https://old.dghs.gov.bd/images/docs/vpr/20251213_dengue_all.pdf
2025-12-14,https://old.dghs.gov.bd/images/docs/vpr/20251214_dengue_all.pdf,20260117050148,https://web.archive.org/web/20260117050148id_/https://old.dghs.gov.bd/images/docs/vpr/20251214_dengue_all.pdf
2025-12-15,https://old.dghs.gov.bd/images/docs/vpr/20251215_dengue_all.pdf,20260117053400,https://web.archive.org/web/20260117053400id_/https://old.dghs.gov.bd/images/docs/vpr/20251215_dengue_all.pdf
2025-12-16,https://old.dghs.gov.bd/images/docs/vpr/20251216_dengue_all.pdf,20260116085545,https://web.archive.org/web/20260116085545id_/https://old.dghs.gov.bd/images/docs/vpr/20251216_dengue_all.pdf
2025-12-17,https://old.dghs.gov.bd/images/docs/vpr/20251217_dengue_all.pdf,20260116064210,https://web.archive.org/web/20260116064210id_/https://old.dghs.gov.bd/images/docs/vpr/20251217_dengue_all.pdf
2025-12-18,https://old.dghs.gov.bd/images/docs/vpr/20251218_dengue_all.pdf,20260116173735,https://web.archive.org/web/20260116173735id_/https://old.dghs.gov.bd/images/docs/vpr/20251218_dengue_all.pdf
2025-12-19,https://old.dghs.gov.bd/images/docs/vpr/20251219_dengue_all.pdf,20260117072214,https://web.archive.org/web/20260117072214id_/https://old.dghs.gov.bd/images/docs/vpr/20251219_dengue_all.pdf
2025-12-20,https://old.dghs.gov.bd/images/docs/vpr/20251220_dengue_all.pdf,20260116063359,https://web.archive.org/web/20260116063359id_/https://old.dghs.gov.bd/images/docs/vpr/20251220_dengue_all.pdf
2025-12-21,https://old.dghs.gov.bd/images/docs/vpr/20251221_dengue_all.pdf,20260117043939,https://web.archive.org/web/20260117043939id_/https://old.dghs.gov.bd/images/docs/vpr/20251221_dengue_all.pdf
2025-12-22,https://old.dghs.gov.bd/images/docs/vpr/20251222_dengue_all.pdf,20260116071512,https://web.archive.org/web/20260116071512id_/https://old.dghs.gov.bd/images/docs/vpr/20251222_dengue_all.pdf
2025-12-23,https://old.dghs.gov.bd/images/docs/vpr/20251223_dengue_all.pdf,20260116104700,https://web.archive.org/web/20260116104700id_/https://old.dghs.gov.bd/images/docs/vpr/20251223_dengue_all.pdf
2025-12-25,https://old.dghs.gov.bd/images/docs/vpr/20251225_dengue_all.pdf,20260116073925,https://web.archive.org/web/20260116073925id_/https://old.dghs.gov.bd/images/docs/vpr/20251225_dengue_all.pdf
2025-12-26,https://old.dghs.gov.bd/images/docs/vpr/20251226_dengue_all.pdf,20260117044806,https://web.archive.org/web/20260117044806id_/https://old.dghs.gov.bd/images/docs/vpr/20251226_dengue_all.pdf
2025-12-28,https://old.dghs.gov.bd/images/docs/vpr/20251228_dengue_all.pdf,20260116062711,https://web.archive.org/web/20260116062711id_/https://old.dghs.gov.bd/images/docs/vpr/20251228_dengue_all.pdf
2025-12-29,https://old.dghs.gov.bd/images/docs/vpr/20251229_dengue_all.pdf,20260117052952,https://web.archive.org/web/20260117052952id_/https://old.dghs.gov.bd/images/docs/vpr/20251229_dengue_all.pdf
2025-12-30,https://old.dghs.gov.bd/images/docs/vpr/20251230_dengue_all.pdf,20260116075014,https://web.archive.org/web/20260116075014id_/https://old.dghs.gov.bd/images/docs/vpr/20251230_dengue_all.pdf
2025-12-31,https://old.dghs.gov.bd/images/docs/vpr/20251231_dengue_all.pdf,20260117060242,https://web.archive.org/web/20260117060242id_/https://old.dghs.gov.bd/images/docs/vpr/20251231_dengue_all.pdf
2026-01-01,https://old.dghs.gov.bd/images/docs/vpr/20260101_dengue_all.pdf,20260117043823,https://web.archive.org/web/20260117043823id_/https://old.dghs.gov.bd/images/docs/vpr/20260101_dengue_all.pdf
2026-01-02,https://old.dghs.gov.bd/images/docs/vpr/20260102_dengue_all.pdf,20260116095516,https://web.archive.org/web/20260116095516id_/https://old.dghs.gov.bd/images/docs/vpr/20260102_dengue_all.pdf
2026-01-03,https://old.dghs.gov.bd/images/docs/vpr/20260103_dengue_all.pdf,20260116113623,https://web.archive.org/web/20260116113623id_/https://old.dghs.gov.bd/images/docs/vpr/20260103_dengue_all.pdf
2026-01-04,https://old.dghs.gov.bd/images/docs/vpr/20260104_dengue_all.pdf,20260116090038,https://web.archive.org/web/20260116090038id_/https://old.dghs.gov.bd/images/docs/vpr/20260104_dengue_all.pdf
2026-01-05,https://old.dghs.gov.bd/images/docs/vpr/20260105_dengue_all.pdf,20260116081124,https://web.archive.org/web/20260116081124id_/https://old.dghs.gov.bd/images/docs/vpr/20260105_dengue_all.pdf
2026-01-06,https://old.dghs.gov.bd/images/docs/vpr/20260106_dengue_all.pdf,20260117044946,https://web.archive.org/web/20260117044946id_/https://old.dghs.gov.bd/images/docs/vpr/20260106_dengue_all.pdf
2026-01-08,https://old.dghs.gov.bd/images/docs/vpr/20260108_dengue_all.pdf,20260117044704,https://web.archive.org/web/20260117044704id_/https://old.dghs.gov.bd/images/docs/vpr/20260108_dengue_all.pdf
2026-01-09,https://old.dghs.gov.bd/images/docs/vpr/20260109_dengue_all.pdf,20260116062035,https://web.archive.org/web/20260116062035id_/https://old.dghs.gov.bd/images/docs/vpr/20260109_dengue_all.pdf
2026-01-10,https://old.dghs.gov.bd/images/docs/vpr/20260110_dengue_all.pdf,20260116083559,https://web.archive.org/web/20260116083559id_/https://old.dghs.gov.bd/images/docs/vpr/20260110_dengue_all.pdf
2026-01-11,https://old.dghs.gov.bd/images/docs/vpr/20260111_dengue_all.pdf,20260117044154,https://web.archive.org/web/20260117044154id_/https://old.dghs.gov.bd/images/docs/vpr/20260111_dengue_all.pdf
2026-01-13,https://old.dghs.gov.bd/images/docs/vpr/20260113_dengue_all.pdf,20260116063953,https://web.archive.org/web/20260116063953id_/https://old.dghs.gov.bd/images/docs/vpr/20260113_dengue_all.pdf
2026-01-14,https://old.dghs.gov.bd/images/docs/vpr/20260114_dengue_all.pdf,20260116062705,https://web.archive.org/web/20260116062705id_/https://old.dghs.gov.bd/images/docs/vpr/20260114_dengue_all.pdf
2026-01-15,https://old.dghs.gov.bd/images/docs/vpr/20260115_dengue_all.pdf,20260116061101,https://web.archive.org/web/20260116061101id_/https://old.dghs.gov.bd/images/docs/vpr/20260115_dengue_all.pdf
2026-01-17,https://old.dghs.gov.bd/images/docs/vpr/20260117_dengue_all.pdf,20260203055734,https://web.archive.org/web/20260203055734id_/https://old.dghs.gov.bd/images/docs/vpr/20260117_dengue_all.pdf
2026-01-18,https://old.dghs.gov.bd/images/docs/vpr/20260118_dengue_all.pdf,20260203041017,https://web.archive.org/web/20260203041017id_/https://old.dghs.gov.bd/images/docs/vpr/20260118_dengue_all.pdf
2026-01-19,https://old.dghs.gov.bd/images/docs/vpr/20260119_dengue_all.pdf,20260203051122,https://web.archive.org/web/20260203051122id_/https://old.dghs.gov.bd/images/docs/vpr/20260119_dengue_all.pdf
2026-01-20,https://old.dghs.gov.bd/images/docs/vpr/20260120_dengue_all.pdf,20260203041355,https://web.archive.org/web/20260203041355id_/https://old.dghs.gov.bd/images/docs/vpr/20260120_dengue_all.pdf
2026-01-21,https://old.dghs.gov.bd/images/docs/vpr/20260121_dengue_all.pdf,20260203055442,https://web.archive.org/web/20260203055442id_/https://old.dghs.gov.bd/images/docs/vpr/20260121_dengue_all.pdf
2026-01-22,https://old.dghs.gov.bd/images/docs/vpr/20260122_dengue_all.pdf,20260203041626,https://web.archive.org/web/20260203041626id_/https://old.dghs.gov.bd/images/docs/vpr/20260122_dengue_all.pdf
2026-01-23,https://old.dghs.gov.bd/images/docs/vpr/20260123_dengue_all.pdf,20260203043609,https://web.archive.org/web/20260203043609id_/https://old.dghs.gov.bd/images/docs/vpr/20260123_dengue_all.pdf
2026-01-24,https://old.dghs.gov.bd/images/docs/vpr/20260124_dengue_all.pdf,20260203042009,https://web.archive.org/web/20260203042009id_/https://old.dghs.gov.bd/images/docs/vpr/20260124_dengue_all.pdf
2026-01-25,https://old.dghs.gov.bd/images/docs/vpr/20260125_dengue_all.pdf,20260203063654,https://web.archive.org/web/20260203063654id_/https://old.dghs.gov.bd/images/docs/vpr/20260125_dengue_all.pdf
2026-01-26,https://old.dghs.gov.bd/images/docs/vpr/20260126_dengue_all.pdf,20260203041307,https://web.archive.org/web/20260203041307id_/https://old.dghs.gov.bd/images/docs/vpr/20260126_dengue_all.pdf
2026-01-27,https://old.dghs.gov.bd/images/docs/vpr/20260127_dengue_all.pdf,20260203041128,https://web.archive.org/web/20260203041128id_/https://old.dghs.gov.bd/images/docs/vpr/20260127_dengue_all.pdf
2026-01-28,https://old.dghs.gov.bd/images/docs/vpr/20260128_dengue_all.pdf,20260203043340,https://web.archive.org/web/20260203043340id_/https://old.dghs.gov.bd/images/docs/vpr/20260128_dengue_all.pdf
2026-01-29,https://old.dghs.gov.bd/images/docs/vpr/20260129_dengue_all.pdf,20260203043149,https://web.archive.org/web/20260203043149id_/https://old.dghs.gov.bd/images/docs/vpr/20260129_dengue_all.pdf
2026-01-30,https://old.dghs.gov.bd/images/docs/vpr/20260130_dengue_all.pdf,20260203055338,https://web.archive.org/web/20260203055338id_/https://old.dghs.gov.bd/images/docs/vpr/20260130_dengue_all.pdf
2026-01-31,https://old.dghs.gov.bd/images/docs/vpr/20260131_dengue_all.pdf,20260203054104,https://web.archive.org/web/20260203054104id_/https://old.dghs.gov.bd/images/docs/vpr/20260131_dengue_all.pdf
2026-02-01,https://old.dghs.gov.bd/images/docs/vpr/20260201_dengue_all.pdf,20260203063018,https://web.archive.org/web/20260203063018id_/https://old.dghs.gov.bd/images/docs/vpr/20260201_dengue_all.pdf
2026-02-03,https://old.dghs.gov.bd/images/docs/vpr/20260203_dengue_all.pdf,20260307194921,https://web.archive.org/web/20260307194921id_/https://old.dghs.gov.bd/images/docs/vpr/20260203_dengue_all.pdf
2026-02-04,https://old.dghs.gov.bd/images/docs/vpr/20260204_dengue_all.pdf,20260307194921,https://web.archive.org/web/20260307194921id_/https://old.dghs.gov.bd/images/docs/vpr/20260204_dengue_all.pdf
2026-02-05,https://old.dghs.gov.bd/images/docs/vpr/20260205_dengue_all.pdf,20260307194920,https://web.archive.org/web/20260307194920id_/https://old.dghs.gov.bd/images/docs/vpr/20260205_dengue_all.pdf
2026-02-06,https://old.dghs.gov.bd/images/docs/vpr/20260206_dengue_all.pdf,20260307194920,https://web.archive.org/web/20260307194920id_/https://old.dghs.gov.bd/images/docs/vpr/20260206_dengue_all.pdf
2026-02-09,https://old.dghs.gov.bd/images/docs/vpr/20260209_dengue_all.pdf,20260307194919,https://web.archive.org/web/20260307194919id_/https://old.dghs.gov.bd/images/docs/vpr/20260209_dengue_all.pdf
2026-02-10,https://old.dghs.gov.bd/images/docs/vpr/20260210_dengue_all.pdf,20260307194919,https://web.archive.org/web/20260307194919id_/https://old.dghs.gov.bd/images/docs/vpr/20260210_dengue_all.pdf
2026-02-11,https://old.dghs.gov.bd/images/docs/vpr/20260211_dengue_all.pdf,20260307194919,https://web.archive.org/web/20260307194919id_/https://old.dghs.gov.bd/images/docs/vpr/20260211_dengue_all.pdf
2026-02-12,https://old.dghs.gov.bd/images/docs/vpr/20260212_dengue_all.pdf,20260307194919,https://web.archive.org/web/20260307194919id_/https://old.dghs.gov.bd/images/docs/vpr/20260212_dengue_all.pdf
2026-02-13,https://old.dghs.gov.bd/images/docs/vpr/20260213_dengue_all.pdf,20260307194918,https://web.archive.org/web/20260307194918id_/https://old.dghs.gov.bd/images/docs/vpr/20260213_dengue_all.pdf
2026-02-14,https://old.dghs.gov.bd/images/docs/vpr/20260214_dengue_all.pdf,20260307194918,https://web.archive.org/web/20260307194918id_/https://old.dghs.gov.bd/images/docs/vpr/20260214_dengue_all.pdf
2026-02-15,https://old.dghs.gov.bd/images/docs/vpr/20260215_dengue_all.pdf,20260307194918,https://web.archive.org/web/20260307194918id_/https://old.dghs.gov.bd/images/docs/vpr/20260215_dengue_all.pdf
2026-02-16,https://old.dghs.gov.bd/images/docs/vpr/20260216_dengue_all.pdf,20260307194917,https://web.archive.org/web/20260307194917id_/https://old.dghs.gov.bd/images/docs/vpr/20260216_dengue_all.pdf
2026-02-17,https://old.dghs.gov.bd/images/docs/vpr/20260217_dengue_all.pdf,20260307194917,https://web.archive.org/web/20260307194917id_/https://old.dghs.gov.bd/images/docs/vpr/20260217_dengue_all.pdf
2026-02-18,https://old.dghs.gov.bd/images/docs/vpr/20260218_dengue_all.pdf,20260307194917,https://web.archive.org/web/20260307194917id_/https://old.dghs.gov.bd/images/docs/vpr/20260218_dengue_all.pdf
2026-02-19,https://old.dghs.gov.bd/images/docs/vpr/20260219_dengue_all.pdf,20260307194917,https://web.archive.org/web/20260307194917id_/https://old.dghs.gov.bd/images/docs/vpr/20260219_dengue_all.pdf
2026-02-21,https://old.dghs.gov.bd/images/docs/vpr/20260221_dengue_all.pdf,20260307194916,https://web.archive.org/web/20260307194916id_/https://old.dghs.gov.bd/images/docs/vpr/20260221_dengue_all.pdf
2026-02-22,https://old.dghs.gov.bd/images/docs/vpr/20260222_dengue_all.pdf,20260307194915,https://web.archive.org/web/20260307194915id_/https://old.dghs.gov.bd/images/docs/vpr/20260222_dengue_all.pdf
2026-02-23,https://old.dghs.gov.bd/images/docs/vpr/20260223_dengue_all.pdf,20260307194915,https://web.archive.org/web/20260307194915id_/https://old.dghs.gov.bd/images/docs/vpr/20260223_dengue_all.pdf
2026-02-24,https://old.dghs.gov.bd/images/docs/vpr/20260224_dengue_all.pdf,20260307194915,https://web.archive.org/web/20260307194915id_/https://old.dghs.gov.bd/images/docs/vpr/20260224_dengue_all.pdf
2026-02-25,https://old.dghs.gov.bd/images/docs/vpr/20260225_dengue_all.pdf,20260307194915,https://web.archive.org/web/20260307194915id_/https://old.dghs.gov.bd/images/docs/vpr/20260225_dengue_all.pdf
2026-02-26,https://old.dghs.gov.bd/images/docs/vpr/20260226_dengue_all.pdf,20260307194914,https://web.archive.org/web/20260307194914id_/https://old.dghs.gov.bd/images/docs/vpr/20260226_dengue_all.pdf
2026-02-27,https://old.dghs.gov.bd/images/docs/vpr/20260227_dengue_all.pdf,20260307194914,https://web.archive.org/web/20260307194914id_/https://old.dghs.gov.bd/images/docs/vpr/20260227_dengue_all.pdf
2026-02-28,https://old.dghs.gov.bd/images/docs/vpr/20260228_dengue_all.pdf,20260608103933,https://web.archive.org/web/20260608103933id_/https://old.dghs.gov.bd/images/docs/vpr/20260228_dengue_all.pdf
2026-03-01,https://old.dghs.gov.bd/images/docs/vpr/20260301_dengue_all.pdf,20260307194914,https://web.archive.org/web/20260307194914id_/https://old.dghs.gov.bd/images/docs/vpr/20260301_dengue_all.pdf
2026-03-02,https://old.dghs.gov.bd/images/docs/vpr/20260302_dengue_all.pdf,20260608103933,https://web.archive.org/web/20260608103933id_/https://old.dghs.gov.bd/images/docs/vpr/20260302_dengue_all.pdf
2026-03-03,https://old.dghs.gov.bd/images/docs/vpr/20260303_dengue_all.pdf,20260608103933,https://web.archive.org/web/20260608103933id_/https://old.dghs.gov.bd/images/docs/vpr/20260303_dengue_all.pdf
2026-03-04,https://old.dghs.gov.bd/images/docs/vpr/20260304_dengue_all.pdf,20260608103930,https://web.archive.org/web/20260608103930id_/https://old.dghs.gov.bd/images/docs/vpr/20260304_dengue_all.pdf
2026-03-05,https://old.dghs.gov.bd/images/docs/vpr/20260305_dengue_all.pdf,20260608103930,https://web.archive.org/web/20260608103930id_/https://old.dghs.gov.bd/images/docs/vpr/20260305_dengue_all.pdf
2026-03-06,https://old.dghs.gov.bd/images/docs/vpr/20260306_dengue_all.pdf,20260608103930,https://web.archive.org/web/20260608103930id_/https://old.dghs.gov.bd/images/docs/vpr/20260306_dengue_all.pdf
2026-03-07,https://old.dghs.gov.bd/images/docs/vpr/20260307_dengue_all.pdf,20260608103930,https://web.archive.org/web/20260608103930id_/https://old.dghs.gov.bd/images/docs/vpr/20260307_dengue_all.pdf
2026-03-08,https://old.dghs.gov.bd/images/docs/vpr/20260308_dengue_all.pdf,20260608103930,https://web.archive.org/web/20260608103930id_/https://old.dghs.gov.bd/images/docs/vpr/20260308_dengue_all.pdf
2026-03-09,https://old.dghs.gov.bd/images/docs/vpr/20260309_dengue_all.pdf,20260608103929,https://web.archive.org/web/20260608103929id_/https://old.dghs.gov.bd/images/docs/vpr/20260309_dengue_all.pdf
2026-03-10,https://old.dghs.gov.bd/images/docs/vpr/20260310_dengue_all.pdf,20260608103929,https://web.archive.org/web/20260608103929id_/https://old.dghs.gov.bd/images/docs/vpr/20260310_dengue_all.pdf
2026-03-11,https://old.dghs.gov.bd/images/docs/vpr/20260311_dengue_all.pdf,20260608103929,https://web.archive.org/web/20260608103929id_/https://old.dghs.gov.bd/images/docs/vpr/20260311_dengue_all.pdf
2026-03-12,https://old.dghs.gov.bd/images/docs/vpr/20260312_dengue_all.pdf,20260608103927,https://web.archive.org/web/20260608103927id_/https://old.dghs.gov.bd/images/docs/vpr/20260312_dengue_all.pdf
2026-03-13,https://old.dghs.gov.bd/images/docs/vpr/20260313_dengue_all.pdf,20260608103927,https://web.archive.org/web/20260608103927id_/https://old.dghs.gov.bd/images/docs/vpr/20260313_dengue_all.pdf
2026-03-14,https://old.dghs.gov.bd/images/docs/vpr/20260314_dengue_all.pdf,20260608103927,https://web.archive.org/web/20260608103927id_/https://old.dghs.gov.bd/images/docs/vpr/20260314_dengue_all.pdf
2026-03-15,https://old.dghs.gov.bd/images/docs/vpr/20260315_dengue_all.pdf,20260608103927,https://web.archive.org/web/20260608103927id_/https://old.dghs.gov.bd/images/docs/vpr/20260315_dengue_all.pdf
2026-03-16,https://old.dghs.gov.bd/images/docs/vpr/20260316_dengue_all.pdf,20260608103926,https://web.archive.org/web/20260608103926id_/https://old.dghs.gov.bd/images/docs/vpr/20260316_dengue_all.pdf
2026-03-17,https://old.dghs.gov.bd/images/docs/vpr/20260317_dengue_all.pdf,20260608103926,https://web.archive.org/web/20260608103926id_/https://old.dghs.gov.bd/images/docs/vpr/20260317_dengue_all.pdf
2026-03-19,https://old.dghs.gov.bd/images/docs/vpr/20260319_dengue_all.pdf,20260608103926,https://web.archive.org/web/20260608103926id_/https://old.dghs.gov.bd/images/docs/vpr/20260319_dengue_all.pdf
2026-03-20,https://old.dghs.gov.bd/images/docs/vpr/20260320_dengue_all.pdf,20260608103926,https://web.archive.org/web/20260608103926id_/https://old.dghs.gov.bd/images/docs/vpr/20260320_dengue_all.pdf
2026-03-21,https://old.dghs.gov.bd/images/docs/vpr/20260321_dengue_all.pdf,20260608103924,https://web.archive.org/web/20260608103924id_/https://old.dghs.gov.bd/images/docs/vpr/20260321_dengue_all.pdf
2026-03-22,https://old.dghs.gov.bd/images/docs/vpr/20260322_dengue_all.pdf,20260608103924,https://web.archive.org/web/20260608103924id_/https://old.dghs.gov.bd/images/docs/vpr/20260322_dengue_all.pdf
2026-03-24,https://old.dghs.gov.bd/images/docs/vpr/20260324_dengue_all.pdf,20260608103923,https://web.archive.org/web/20260608103923id_/https://old.dghs.gov.bd/images/docs/vpr/20260324_dengue_all.pdf
2026-03-25,https://old.dghs.gov.bd/images/docs/vpr/20260325_dengue_all.pdf,20260608103923,https://web.archive.org/web/20260608103923id_/https://old.dghs.gov.bd/images/docs/vpr/20260325_dengue_all.pdf
2026-03-26,https://old.dghs.gov.bd/images/docs/vpr/20260326_dengue_all.pdf,20260608103923,https://web.archive.org/web/20260608103923id_/https://old.dghs.gov.bd/images/docs/vpr/20260326_dengue_all.pdf
2026-03-27,https://old.dghs.gov.bd/images/docs/vpr/20260327_dengue_all.pdf,20260608103923,https://web.archive.org/web/20260608103923id_/https://old.dghs.gov.bd/images/docs/vpr/20260327_dengue_all.pdf
2026-03-28,https://old.dghs.gov.bd/images/docs/vpr/20260328_dengue_all.pdf,20260608103923,https://web.archive.org/web/20260608103923id_/https://old.dghs.gov.bd/images/docs/vpr/20260328_dengue_all.pdf
2026-03-29,https://old.dghs.gov.bd/images/docs/vpr/20260329_dengue_all.pdf,20260608103921,https://web.archive.org/web/20260608103921id_/https://old.dghs.gov.bd/images/docs/vpr/20260329_dengue_all.pdf
2026-03-30,https://old.dghs.gov.bd/images/docs/vpr/20260330_dengue_all.pdf,20260608103920,https://web.archive.org/web/20260608103920id_/https://old.dghs.gov.bd/images/docs/vpr/20260330_dengue_all.pdf
2026-03-31,https://old.dghs.gov.bd/images/docs/vpr/20260331_dengue_all.pdf,20260608103920,https://web.archive.org/web/20260608103920id_/https://old.dghs.gov.bd/images/docs/vpr/20260331_dengue_all.pdf
2026-04-01,https://old.dghs.gov.bd/images/docs/vpr/20260401_dengue_all.pdf,20260608103920,https://web.archive.org/web/20260608103920id_/https://old.dghs.gov.bd/images/docs/vpr/20260401_dengue_all.pdf
2026-04-02,https://old.dghs.gov.bd/images/docs/vpr/20260402_dengue_all.pdf,20260608103920,https://web.archive.org/web/20260608103920id_/https://old.dghs.gov.bd/images/docs/vpr/20260402_dengue_all.pdf
2026-04-03,https://old.dghs.gov.bd/images/docs/vpr/20260403_dengue_all.pdf,20260608103920,https://web.archive.org/web/20260608103920id_/https://old.dghs.gov.bd/images/docs/vpr/20260403_dengue_all.pdf
2026-04-04,https://old.dghs.gov.bd/images/docs/vpr/20260404_dengue_all.pdf,20260608103920,https://web.archive.org/web/20260608103920id_/https://old.dghs.gov.bd/images/docs/vpr/20260404_dengue_all.pdf
2026-04-05,https://old.dghs.gov.bd/images/docs/vpr/20260405_dengue_all.pdf,20260608103918,https://web.archive.org/web/20260608103918id_/https://old.dghs.gov.bd/images/docs/vpr/20260405_dengue_all.pdf
2026-04-06,https://old.dghs.gov.bd/images/docs/vpr/20260406_dengue_all.pdf,20260608103917,https://web.archive.org/web/20260608103917id_/https://old.dghs.gov.bd/images/docs/vpr/20260406_dengue_all.pdf
2026-04-07,https://old.dghs.gov.bd/images/docs/vpr/20260407_dengue_all.pdf,20260608103917,https://web.archive.org/web/20260608103917id_/https://old.dghs.gov.bd/images/docs/vpr/20260407_dengue_all.pdf
2026-04-08,https://old.dghs.gov.bd/images/docs/vpr/20260408_dengue_all.pdf,20260608103917,https://web.archive.org/web/20260608103917id_/https://old.dghs.gov.bd/images/docs/vpr/20260408_dengue_all.pdf
2026-04-09,https://old.dghs.gov.bd/images/docs/vpr/20260409_dengue_all.pdf,20260608103917,https://web.archive.org/web/20260608103917id_/https://old.dghs.gov.bd/images/docs/vpr/20260409_dengue_all.pdf
2026-04-10,https://old.dghs.gov.bd/images/docs/vpr/20260410_dengue_all.pdf,20260608103917,https://web.archive.org/web/20260608103917id_/https://old.dghs.gov.bd/images/docs/vpr/20260410_dengue_all.pdf
2026-04-11,https://old.dghs.gov.bd/images/docs/vpr/20260411_dengue_all.pdf,20260608103917,https://web.archive.org/web/20260608103917id_/https://old.dghs.gov.bd/images/docs/vpr/20260411_dengue_all.pdf
2026-04-12,https://old.dghs.gov.bd/images/docs/vpr/20260412_dengue_all.pdf,20260608103915,https://web.archive.org/web/20260608103915id_/https://old.dghs.gov.bd/images/docs/vpr/20260412_dengue_all.pdf
2026-04-13,https://old.dghs.gov.bd/images/docs/vpr/20260413_dengue_all.pdf,20260608103914,https://web.archive.org/web/20260608103914id_/https://old.dghs.gov.bd/images/docs/vpr/20260413_dengue_all.pdf
2026-04-14,https://old.dghs.gov.bd/images/docs/vpr/20260414_dengue_all.pdf,20260608103914,https://web.archive.org/web/20260608103914id_/https://old.dghs.gov.bd/images/docs/vpr/20260414_dengue_all.pdf
2026-04-15,https://old.dghs.gov.bd/images/docs/vpr/20260415_dengue_all.pdf,20260608103914,https://web.archive.org/web/20260608103914id_/https://old.dghs.gov.bd/images/docs/vpr/20260415_dengue_all.pdf
2026-04-16,https://old.dghs.gov.bd/images/docs/vpr/20260416_dengue_all.pdf,20260608103914,https://web.archive.org/web/20260608103914id_/https://old.dghs.gov.bd/images/docs/vpr/20260416_dengue_all.pdf
2026-04-17,https://old.dghs.gov.bd/images/docs/vpr/20260417_dengue_all.pdf,20260608103914,https://web.archive.org/web/20260608103914id_/https://old.dghs.gov.bd/images/docs/vpr/20260417_dengue_all.pdf
2026-04-18,https://old.dghs.gov.bd/images/docs/vpr/20260418_dengue_all.pdf,20260608103914,https://web.archive.org/web/20260608103914id_/https://old.dghs.gov.bd/images/docs/vpr/20260418_dengue_all.pdf
2026-04-19,https://old.dghs.gov.bd/images/docs/vpr/20260419_dengue_all.pdf,20260608103912,https://web.archive.org/web/20260608103912id_/https://old.dghs.gov.bd/images/docs/vpr/20260419_dengue_all.pdf
2026-04-20,https://old.dghs.gov.bd/images/docs/vpr/20260420_dengue_all.pdf,20260608103912,https://web.archive.org/web/20260608103912id_/https://old.dghs.gov.bd/images/docs/vpr/20260420_dengue_all.pdf
2026-04-21,https://old.dghs.gov.bd/images/docs/vpr/20260421_dengue_all.pdf,20260608103912,https://web.archive.org/web/20260608103912id_/https://old.dghs.gov.bd/images/docs/vpr/20260421_dengue_all.pdf
2026-04-22,https://old.dghs.gov.bd/images/docs/vpr/20260422_dengue_all.pdf,20260608103912,https://web.archive.org/web/20260608103912id_/https://old.dghs.gov.bd/images/docs/vpr/20260422_dengue_all.pdf
2026-04-23,https://old.dghs.gov.bd/images/docs/vpr/20260423_dengue_all.pdf,20260608103911,https://web.archive.org/web/20260608103911id_/https://old.dghs.gov.bd/images/docs/vpr/20260423_dengue_all.pdf
2026-04-24,https://old.dghs.gov.bd/images/docs/vpr/20260424_dengue_all.pdf,20260608103911,https://web.archive.org/web/20260608103911id_/https://old.dghs.gov.bd/images/docs/vpr/20260424_dengue_all.pdf
2026-04-25,https://old.dghs.gov.bd/images/docs/vpr/20260425_dengue_all.pdf,20260608103910,https://web.archive.org/web/20260608103910id_/https://old.dghs.gov.bd/images/docs/vpr/20260425_dengue_all.pdf
2026-04-26,https://old.dghs.gov.bd/images/docs/vpr/20260426_dengue_all.pdf,20260608103910,https://web.archive.org/web/20260608103910id_/https://old.dghs.gov.bd/images/docs/vpr/20260426_dengue_all.pdf
2026-04-27,https://old.dghs.gov.bd/images/docs/vpr/20260427_dengue_all.pdf,20260608103909,https://web.archive.org/web/20260608103909id_/https://old.dghs.gov.bd/images/docs/vpr/20260427_dengue_all.pdf
2026-04-28,https://old.dghs.gov.bd/images/docs/vpr/20260428_dengue_all.pdf,20260608103909,https://web.archive.org/web/20260608103909id_/https://old.dghs.gov.bd/images/docs/vpr/20260428_dengue_all.pdf
2026-04-29,https://old.dghs.gov.bd/images/docs/vpr/20260429_dengue_all.pdf,20260608103909,https://web.archive.org/web/20260608103909id_/https://old.dghs.gov.bd/images/docs/vpr/20260429_dengue_all.pdf
2026-04-30,https://old.dghs.gov.bd/images/docs/vpr/20260430_dengue_all.pdf,20260608103909,https://web.archive.org/web/20260608103909id_/https://old.dghs.gov.bd/images/docs/vpr/20260430_dengue_all.pdf
2026-05-01,https://old.dghs.gov.bd/images/docs/vpr/20260501_dengue_all.pdf,20260608103909,https://web.archive.org/web/20260608103909id_/https://old.dghs.gov.bd/images/docs/vpr/20260501_dengue_all.pdf
2026-05-05,https://old.dghs.gov.bd/images/docs/vpr/20260505_dengue_all.pdf,20260608103907,https://web.archive.org/web/20260608103907id_/https://old.dghs.gov.bd/images/docs/vpr/20260505_dengue_all.pdf
2026-05-06,https://old.dghs.gov.bd/images/docs/vpr/20260506_dengue_all.pdf,20260608103907,https://web.archive.org/web/20260608103907id_/https://old.dghs.gov.bd/images/docs/vpr/20260506_dengue_all.pdf
2026-05-07,https://old.dghs.gov.bd/images/docs/vpr/20260507_dengue_all.pdf,20260608103907,https://web.archive.org/web/20260608103907id_/https://old.dghs.gov.bd/images/docs/vpr/20260507_dengue_all.pdf
2026-05-08,https://old.dghs.gov.bd/images/docs/vpr/20260508_dengue_all.pdf,20260608103906,https://web.archive.org/web/20260608103906id_/https://old.dghs.gov.bd/images/docs/vpr/20260508_dengue_all.pdf
2026-05-09,https://old.dghs.gov.bd/images/docs/vpr/20260509_dengue_all.pdf,20260608103906,https://web.archive.org/web/20260608103906id_/https://old.dghs.gov.bd/images/docs/vpr/20260509_dengue_all.pdf
2026-05-10,https://old.dghs.gov.bd/images/docs/vpr/20260510_dengue_all.pdf,20260608103906,https://web.archive.org/web/20260608103906id_/https://old.dghs.gov.bd/images/docs/vpr/20260510_dengue_all.pdf
2026-05-11,https://old.dghs.gov.bd/images/docs/vpr/20260511_dengue_all.pdf,20260608103905,https://web.archive.org/web/20260608103905id_/https://old.dghs.gov.bd/images/docs/vpr/20260511_dengue_all.pdf
2026-05-12,https://old.dghs.gov.bd/images/docs/vpr/20260512_dengue_all.pdf,20260608103905,https://web.archive.org/web/20260608103905id_/https://old.dghs.gov.bd/images/docs/vpr/20260512_dengue_all.pdf
2026-05-13,https://old.dghs.gov.bd/images/docs/vpr/20260513_dengue_all.pdf,20260608103904,https://web.archive.org/web/20260608103904id_/https://old.dghs.gov.bd/images/docs/vpr/20260513_dengue_all.pdf
2026-05-14,https://old.dghs.gov.bd/images/docs/vpr/20260514_dengue_all.pdf,20260608103904,https://web.archive.org/web/20260608103904id_/https://old.dghs.gov.bd/images/docs/vpr/20260514_dengue_all.pdf
2026-05-15,https://old.dghs.gov.bd/images/docs/vpr/20260515_dengue_all.pdf,20260608103904,https://web.archive.org/web/20260608103904id_/https://old.dghs.gov.bd/images/docs/vpr/20260515_dengue_all.pdf
2026-05-16,https://old.dghs.gov.bd/images/docs/vpr/20260516_dengue_all.pdf,20260608103904,https://web.archive.org/web/20260608103904id_/https://old.dghs.gov.bd/images/docs/vpr/20260516_dengue_all.pdf
2026-05-17,https://old.dghs.gov.bd/images/docs/vpr/20260517_dengue_all.pdf,20260608103904,https://web.archive.org/web/20260608103904id_/https://old.dghs.gov.bd/images/docs/vpr/20260517_dengue_all.pdf
2026-05-18,https://old.dghs.gov.bd/images/docs/vpr/20260518_dengue_all.pdf,20260608103903,https://web.archive.org/web/20260608103903id_/https://old.dghs.gov.bd/images/docs/vpr/20260518_dengue_all.pdf
2026-05-19,https://old.dghs.gov.bd/images/docs/vpr/20260519_dengue_all.pdf,20260608103902,https://web.archive.org/web/20260608103902id_/https://old.dghs.gov.bd/images/docs/vpr/20260519_dengue_all.pdf
2026-05-20,https://old.dghs.gov.bd/images/docs/vpr/20260520_dengue_all.pdf,20260608103902,https://web.archive.org/web/20260608103902id_/https://old.dghs.gov.bd/images/docs/vpr/20260520_dengue_all.pdf
2026-05-21,https://old.dghs.gov.bd/images/docs/vpr/20260521_dengue_all.pdf,20260608103902,https://web.archive.org/web/20260608103902id_/https://old.dghs.gov.bd/images/docs/vpr/20260521_dengue_all.pdf
2026-05-22,https://old.dghs.gov.bd/images/docs/vpr/20260522_dengue_all.pdf,20260608103902,https://web.archive.org/web/20260608103902id_/https://old.dghs.gov.bd/images/docs/vpr/20260522_dengue_all.pdf
2026-05-23,https://old.dghs.gov.bd/images/docs/vpr/20260523_dengue_all.pdf,20260608103901,https://web.archive.org/web/20260608103901id_/https://old.dghs.gov.bd/images/docs/vpr/20260523_dengue_all.pdf
2026-05-25,https://old.dghs.gov.bd/images/docs/vpr/20260525_dengue_all.pdf,20260608103901,https://web.archive.org/web/20260608103901id_/https://old.dghs.gov.bd/images/docs/vpr/20260525_dengue_all.pdf
2026-05-26,https://old.dghs.gov.bd/images/docs/vpr/20260526_dengue_all.pdf,20260608103900,https://web.archive.org/web/20260608103900id_/https://old.dghs.gov.bd/images/docs/vpr/20260526_dengue_all.pdf
2026-05-27,https://old.dghs.gov.bd/images/docs/vpr/20260527_dengue_all.pdf,20260608103900,https://web.archive.org/web/20260608103900id_/https://old.dghs.gov.bd/images/docs/vpr/20260527_dengue_all.pdf
2026-05-28,https://old.dghs.gov.bd/images/docs/vpr/20260528_dengue_all.pdf,20260608103859,https://web.archive.org/web/20260608103859id_/https://old.dghs.gov.bd/images/docs/vpr/20260528_dengue_all.pdf
2026-05-29,https://old.dghs.gov.bd/images/docs/vpr/20260529_dengue_all.pdf,20260608103859,https://web.archive.org/web/20260608103859id_/https://old.dghs.gov.bd/images/docs/vpr/20260529_dengue_all.pdf
2026-05-30,https://old.dghs.gov.bd/images/docs/vpr/20260530_dengue_all.pdf,20260608103859,https://web.archive.org/web/20260608103859id_/https://old.dghs.gov.bd/images/docs/vpr/20260530_dengue_all.pdf
2026-05-31,https://old.dghs.gov.bd/images/docs/vpr/20260531_dengue_all.pdf,20260608103859,https://web.archive.org/web/20260608103859id_/https://old.dghs.gov.bd/images/docs/vpr/20260531_dengue_all.pdf
2026-06-01,https://old.dghs.gov.bd/images/docs/vpr/20260601_dengue_all.pdf,20260608103859,https://web.archive.org/web/20260608103859id_/https://old.dghs.gov.bd/images/docs/vpr/20260601_dengue_all.pdf
2026-06-02,https://old.dghs.gov.bd/images/docs/vpr/20260602_dengue_all.pdf,20260608103858,https://web.archive.org/web/20260608103858id_/https://old.dghs.gov.bd/images/docs/vpr/20260602_dengue_all.pdf
2026-06-03,https://old.dghs.gov.bd/images/docs/vpr/20260603_dengue_all.pdf,20260608103857,https://web.archive.org/web/20260608103857id_/https://old.dghs.gov.bd/images/docs/vpr/20260603_dengue_all.pdf
2026-06-04,https://old.dghs.gov.bd/images/docs/vpr/20260604_dengue_all.pdf,20260608103857,https://web.archive.org/web/20260608103857id_/https://old.dghs.gov.bd/images/docs/vpr/20260604_dengue_all.pdf
2026-06-05,https://old.dghs.gov.bd/images/docs/vpr/20260605_dengue_all.pdf,20260608103857,https://web.archive.org/web/20260608103857id_/https://old.dghs.gov.bd/images/docs/vpr/20260605_dengue_all.pdf
2026-06-06,https://old.dghs.gov.bd/images/docs/vpr/20260606_dengue_all.pdf,20260608103857,https://web.archive.org/web/20260608103857id_/https://old.dghs.gov.bd/images/docs/vpr/20260606_dengue_all.pdf
2026-06-07,https://old.dghs.gov.bd/images/docs/vpr/20260607_dengue_all.pdf,20260608103856,https://web.archive.org/web/20260608103856id_/https://old.dghs.gov.bd/images/docs/vpr/20260607_dengue_all.pdf
2026-06-08,https://old.dghs.gov.bd/images/docs/vpr/20260608_dengue_all.pdf,20260608103856,https://web.archive.org/web/20260608103856id_/https://old.dghs.gov.bd/images/docs/vpr/20260608_dengue_all.pdf
2026-06-09,https://old.dghs.gov.bd/images/docs/vpr/20260609_dengue_all.pdf,20260711044936,https://web.archive.org/web/20260711044936id_/https://old.dghs.gov.bd/images/docs/vpr/20260609_dengue_all.pdf
2026-06-10,https://old.dghs.gov.bd/images/docs/vpr/20260610_dengue_all.pdf,20260711044936,https://web.archive.org/web/20260711044936id_/https://old.dghs.gov.bd/images/docs/vpr/20260610_dengue_all.pdf
2026-06-11,https://old.dghs.gov.bd/images/docs/vpr/20260611_dengue_all.pdf,20260711044936,https://web.archive.org/web/20260711044936id_/https://old.dghs.gov.bd/images/docs/vpr/20260611_dengue_all.pdf
2026-06-12,https://old.dghs.gov.bd/images/docs/vpr/20260612_dengue_all.pdf,20260711044934,https://web.archive.org/web/20260711044934id_/https://old.dghs.gov.bd/images/docs/vpr/20260612_dengue_all.pdf
2026-06-13,https://old.dghs.gov.bd/images/docs/vpr/20260613_dengue_all.pdf,20260711044933,https://web.archive.org/web/20260711044933id_/https://old.dghs.gov.bd/images/docs/vpr/20260613_dengue_all.pdf
2026-06-14,https://old.dghs.gov.bd/images/docs/vpr/20260614_dengue_all.pdf,20260711044933,https://web.archive.org/web/20260711044933id_/https://old.dghs.gov.bd/images/docs/vpr/20260614_dengue_all.pdf
2026-06-15,https://old.dghs.gov.bd/images/docs/vpr/20260615_dengue_all.pdf,20260711044933,https://web.archive.org/web/20260711044933id_/https://old.dghs.gov.bd/images/docs/vpr/20260615_dengue_all.pdf
2026-06-16,https://old.dghs.gov.bd/images/docs/vpr/20260616_dengue_all.pdf,20260711044933,https://web.archive.org/web/20260711044933id_/https://old.dghs.gov.bd/images/docs/vpr/20260616_dengue_all.pdf
2026-06-17,https://old.dghs.gov.bd/images/docs/vpr/20260617_dengue_all.pdf,20260711044933,https://web.archive.org/web/20260711044933id_/https://old.dghs.gov.bd/images/docs/vpr/20260617_dengue_all.pdf
2026-06-18,https://old.dghs.gov.bd/images/docs/vpr/20260618_dengue_all.pdf,20260711044933,https://web.archive.org/web/20260711044933id_/https://old.dghs.gov.bd/images/docs/vpr/20260618_dengue_all.pdf
2026-06-19,https://old.dghs.gov.bd/images/docs/vpr/20260619_dengue_all.pdf,20260711044931,https://web.archive.org/web/20260711044931id_/https://old.dghs.gov.bd/images/docs/vpr/20260619_dengue_all.pdf
2026-06-20,https://old.dghs.gov.bd/images/docs/vpr/20260620_dengue_all.pdf,20260711044931,https://web.archive.org/web/20260711044931id_/https://old.dghs.gov.bd/images/docs/vpr/20260620_dengue_all.pdf
2026-06-21,https://old.dghs.gov.bd/images/docs/vpr/20260621_dengue_all.pdf,20260711044931,https://web.archive.org/web/20260711044931id_/https://old.dghs.gov.bd/images/docs/vpr/20260621_dengue_all.pdf
2026-06-22,https://old.dghs.gov.bd/images/docs/vpr/20260622_dengue_all.pdf,20260711044931,https://web.archive.org/web/20260711044931id_/https://old.dghs.gov.bd/images/docs/vpr/20260622_dengue_all.pdf
2026-06-23,https://old.dghs.gov.bd/images/docs/vpr/20260623_dengue_all.pdf,20260711044931,https://web.archive.org/web/20260711044931id_/https://old.dghs.gov.bd/images/docs/vpr/20260623_dengue_all.pdf
2026-06-24,https://old.dghs.gov.bd/images/docs/vpr/20260624_dengue_all.pdf,20260711044931,https://web.archive.org/web/20260711044931id_/https://old.dghs.gov.bd/images/docs/vpr/20260624_dengue_all.pdf
2026-06-25,https://old.dghs.gov.bd/images/docs/vpr/20260625_dengue_all.pdf,20260711044931,https://web.archive.org/web/20260711044931id_/https://old.dghs.gov.bd/images/docs/vpr/20260625_dengue_all.pdf
2026-06-27,https://old.dghs.gov.bd/images/docs/vpr/20260627_dengue_all.pdf,20260711044929,https://web.archive.org/web/20260711044929id_/https://old.dghs.gov.bd/images/docs/vpr/20260627_dengue_all.pdf
2026-06-28,https://old.dghs.gov.bd/images/docs/vpr/20260628_dengue_all.pdf,20260711044929,https://web.archive.org/web/20260711044929id_/https://old.dghs.gov.bd/images/docs/vpr/20260628_dengue_all.pdf
2026-06-29,https://old.dghs.gov.bd/images/docs/vpr/20260629_dengue_all.pdf,20260711044928,https://web.archive.org/web/20260711044928id_/https://old.dghs.gov.bd/images/docs/vpr/20260629_dengue_all.pdf
2026-06-30,https://old.dghs.gov.bd/images/docs/vpr/20260630_dengue_all.pdf,20260711044928,https://web.archive.org/web/20260711044928id_/https://old.dghs.gov.bd/images/docs/vpr/20260630_dengue_all.pdf
2026-07-01,https://old.dghs.gov.bd/images/docs/vpr/20260701_dengue_all.pdf,20260711044928,https://web.archive.org/web/20260711044928id_/https://old.dghs.gov.bd/images/docs/vpr/20260701_dengue_all.pdf
2026-07-02,https://old.dghs.gov.bd/images/docs/vpr/20260702_dengue_all.pdf,20260711044928,https://web.archive.org/web/20260711044928id_/https://old.dghs.gov.bd/images/docs/vpr/20260702_dengue_all.pdf
2026-07-03,https://old.dghs.gov.bd/images/docs/vpr/20260703_dengue_all.pdf,20260711044928,https://web.archive.org/web/20260711044928id_/https://old.dghs.gov.bd/images/docs/vpr/20260703_dengue_all.pdf
2026-07-04,https://old.dghs.gov.bd/images/docs/vpr/20260704_dengue_all.pdf,20260711044926,https://web.archive.org/web/20260711044926id_/https://old.dghs.gov.bd/images/docs/vpr/20260704_dengue_all.pdf
2026-07-05,https://old.dghs.gov.bd/images/docs/vpr/20260705_dengue_all.pdf,20260711044926,https://web.archive.org/web/20260711044926id_/https://old.dghs.gov.bd/images/docs/vpr/20260705_dengue_all.pdf
2026-07-06,https://old.dghs.gov.bd/images/docs/vpr/20260706_dengue_all.pdf,20260711044926,https://web.archive.org/web/20260711044926id_/https://old.dghs.gov.bd/images/docs/vpr/20260706_dengue_all.pdf
2026-07-07,https://old.dghs.gov.bd/images/docs/vpr/20260707_dengue_all.pdf,20260711044926,https://web.archive.org/web/20260711044926id_/https://old.dghs.gov.bd/images/docs/vpr/20260707_dengue_all.pdf
2026-07-08,https://old.dghs.gov.bd/images/docs/vpr/20260708_dengue_all.pdf,20260711044926,https://web.archive.org/web/20260711044926id_/https://old.dghs.gov.bd/images/docs/vpr/20260708_dengue_all.pdf
2026-07-09,https://old.dghs.gov.bd/images/docs/vpr/20260709_dengue_all.pdf,20260711044926,https://web.archive.org/web/20260711044926id_/https://old.dghs.gov.bd/images/docs/vpr/20260709_dengue_all.pdf
2026-07-10,https://old.dghs.gov.bd/images/docs/vpr/20260710_dengue_all.pdf,20260711044925,https://web.archive.org/web/20260711044925id_/https://old.dghs.gov.bd/images/docs/vpr/20260710_dengue_all.pdf
2026-07-31,https://old.dghs.gov.bd/images/docs/vpr/20260731_dengue_all.pdf,20260818041510,https://web.archive.org/web/20260818041510id_/https://old.dghs.gov.bd/images/docs/vpr/20260731_dengue_all.pdf
