date,year,month,day_of_week,week_of_year,day_of_year,is_weekend,is_public_holiday,is_fixed_holiday,is_eid_holiday,is_ramadan,ramadan_day,days_to_eid_fitr,days_to_eid_adha,is_eid_travel_window,is_winter_fog_season
2019-01-01,2019,1,1,1,1,0,0,0,0,0,0,-155,-223,0,1
2019-01-02,2019,1,2,1,2,0,0,0,0,0,0,-154,-222,0,1
2019-01-03,2019,1,3,1,3,0,0,0,0,0,0,-153,-221,0,1
2019-01-04,2019,1,4,1,4,1,0,0,0,0,0,-152,-220,0,1
2019-01-05,2019,1,5,1,5,1,0,0,0,0,0,-151,-219,0,1
2019-01-06,2019,1,6,1,6,0,0,0,0,0,0,-150,-218,0,1
2019-01-07,2019,1,0,2,7,0,0,0,0,0,0,-149,-217,0,1
2019-01-08,2019,1,1,2,8,0,0,0,0,0,0,-148,-216,0,1
2019-01-09,2019,1,2,2,9,0,0,0,0,0,0,-147,-215,0,1
2019-01-10,2019,1,3,2,10,0,0,0,0,0,0,-146,-214,0,1
2019-01-11,2019,1,4,2,11,1,0,0,0,0,0,-145,-213,0,1
2019-01-12,2019,1,5,2,12,1,0,0,0,0,0,-144,-212,0,1
2019-01-13,2019,1,6,2,13,0,0,0,0,0,0,-143,-211,0,1
2019-01-14,2019,1,0,3,14,0,0,0,0,0,0,-142,-210,0,1
2019-01-15,2019,1,1,3,15,0,0,0,0,0,0,-141,-209,0,1
2019-01-16,2019,1,2,3,16,0,0,0,0,0,0,-140,-208,0,1
2019-01-17,2019,1,3,3,17,0,0,0,0,0,0,-139,-207,0,1
2019-01-18,2019,1,4,3,18,1,0,0,0,0,0,-138,-206,0,1
2019-01-19,2019,1,5,3,19,1,0,0,0,0,0,-137,-205,0,1
2019-01-20,2019,1,6,3,20,0,0,0,0,0,0,-136,-204,0,1
2019-01-21,2019,1,0,4,21,0,0,0,0,0,0,-135,-203,0,1
2019-01-22,2019,1,1,4,22,0,0,0,0,0,0,-134,-202,0,1
2019-01-23,2019,1,2,4,23,0,0,0,0,0,0,-133,-201,0,1
2019-01-24,2019,1,3,4,24,0,0,0,0,0,0,-132,-200,0,1
2019-01-25,2019,1,4,4,25,1,0,0,0,0,0,-131,-199,0,1
2019-01-26,2019,1,5,4,26,1,0,0,0,0,0,-130,-198,0,1
2019-01-27,2019,1,6,4,27,0,0,0,0,0,0,-129,-197,0,1
2019-01-28,2019,1,0,5,28,0,0,0,0,0,0,-128,-196,0,1
2019-01-29,2019,1,1,5,29,0,0,0,0,0,0,-127,-195,0,1
2019-01-30,2019,1,2,5,30,0,0,0,0,0,0,-126,-194,0,1
2019-01-31,2019,1,3,5,31,0,0,0,0,0,0,-125,-193,0,1
2019-02-01,2019,2,4,5,32,1,0,0,0,0,0,-124,-192,0,1
2019-02-02,2019,2,5,5,33,1,0,0,0,0,0,-123,-191,0,1
2019-02-03,2019,2,6,5,34,0,0,0,0,0,0,-122,-190,0,1
2019-02-04,2019,2,0,6,35,0,0,0,0,0,0,-121,-189,0,1
2019-02-05,2019,2,1,6,36,0,0,0,0,0,0,-120,-188,0,1
2019-02-06,2019,2,2,6,37,0,0,0,0,0,0,-119,-187,0,1
2019-02-07,2019,2,3,6,38,0,0,0,0,0,0,-118,-186,0,1
2019-02-08,2019,2,4,6,39,1,0,0,0,0,0,-117,-185,0,1
2019-02-09,2019,2,5,6,40,1,0,0,0,0,0,-116,-184,0,1
2019-02-10,2019,2,6,6,41,0,0,0,0,0,0,-115,-183,0,1
2019-02-11,2019,2,0,7,42,0,0,0,0,0,0,-114,-182,0,1
2019-02-12,2019,2,1,7,43,0,0,0,0,0,0,-113,-181,0,1
2019-02-13,2019,2,2,7,44,0,0,0,0,0,0,-112,-180,0,1
2019-02-14,2019,2,3,7,45,0,0,0,0,0,0,-111,-179,0,1
2019-02-15,2019,2,4,7,46,1,0,0,0,0,0,-110,-178,0,1
2019-02-16,2019,2,5,7,47,1,0,0,0,0,0,-109,-177,0,0
2019-02-17,2019,2,6,7,48,0,0,0,0,0,0,-108,-176,0,0
2019-02-18,2019,2,0,8,49,0,0,0,0,0,0,-107,-175,0,0
2019-02-19,2019,2,1,8,50,0,0,0,0,0,0,-106,-174,0,0
2019-02-20,2019,2,2,8,51,0,0,0,0,0,0,-105,-173,0,0
2019-02-21,2019,2,3,8,52,0,1,1,0,0,0,-104,-172,0,0
2019-02-22,2019,2,4,8,53,1,0,0,0,0,0,-103,-171,0,0
2019-02-23,2019,2,5,8,54,1,0,0,0,0,0,-102,-170,0,0
2019-02-24,2019,2,6,8,55,0,0,0,0,0,0,-101,-169,0,0
2019-02-25,2019,2,0,9,56,0,0,0,0,0,0,-100,-168,0,0
2019-02-26,2019,2,1,9,57,0,0,0,0,0,0,-99,-167,0,0
2019-02-27,2019,2,2,9,58,0,0,0,0,0,0,-98,-166,0,0
2019-02-28,2019,2,3,9,59,0,0,0,0,0,0,-97,-165,0,0
2019-03-01,2019,3,4,9,60,1,0,0,0,0,0,-96,-164,0,0
2019-03-02,2019,3,5,9,61,1,0,0,0,0,0,-95,-163,0,0
2019-03-03,2019,3,6,9,62,0,0,0,0,0,0,-94,-162,0,0
2019-03-04,2019,3,0,10,63,0,0,0,0,0,0,-93,-161,0,0
2019-03-05,2019,3,1,10,64,0,0,0,0,0,0,-92,-160,0,0
2019-03-06,2019,3,2,10,65,0,0,0,0,0,0,-91,-159,0,0
2019-03-07,2019,3,3,10,66,0,0,0,0,0,0,-90,-158,0,0
2019-03-08,2019,3,4,10,67,1,0,0,0,0,0,-89,-157,0,0
2019-03-09,2019,3,5,10,68,1,0,0,0,0,0,-88,-156,0,0
2019-03-10,2019,3,6,10,69,0,0,0,0,0,0,-87,-155,0,0
2019-03-11,2019,3,0,11,70,0,0,0,0,0,0,-86,-154,0,0
2019-03-12,2019,3,1,11,71,0,0,0,0,0,0,-85,-153,0,0
2019-03-13,2019,3,2,11,72,0,0,0,0,0,0,-84,-152,0,0
2019-03-14,2019,3,3,11,73,0,0,0,0,0,0,-83,-151,0,0
2019-03-15,2019,3,4,11,74,1,0,0,0,0,0,-82,-150,0,0
2019-03-16,2019,3,5,11,75,1,0,0,0,0,0,-81,-149,0,0
2019-03-17,2019,3,6,11,76,0,0,0,0,0,0,-80,-148,0,0
2019-03-18,2019,3,0,12,77,0,0,0,0,0,0,-79,-147,0,0
2019-03-19,2019,3,1,12,78,0,0,0,0,0,0,-78,-146,0,0
2019-03-20,2019,3,2,12,79,0,0,0,0,0,0,-77,-145,0,0
2019-03-21,2019,3,3,12,80,0,0,0,0,0,0,-76,-144,0,0
2019-03-22,2019,3,4,12,81,1,0,0,0,0,0,-75,-143,0,0
2019-03-23,2019,3,5,12,82,1,0,0,0,0,0,-74,-142,0,0
2019-03-24,2019,3,6,12,83,0,0,0,0,0,0,-73,-141,0,0
2019-03-25,2019,3,0,13,84,0,0,0,0,0,0,-72,-140,0,0
2019-03-26,2019,3,1,13,85,0,1,1,0,0,0,-71,-139,0,0
2019-03-27,2019,3,2,13,86,0,0,0,0,0,0,-70,-138,0,0
2019-03-28,2019,3,3,13,87,0,0,0,0,0,0,-69,-137,0,0
2019-03-29,2019,3,4,13,88,1,0,0,0,0,0,-68,-136,0,0
2019-03-30,2019,3,5,13,89,1,0,0,0,0,0,-67,-135,0,0
2019-03-31,2019,3,6,13,90,0,0,0,0,0,0,-66,-134,0,0
2019-04-01,2019,4,0,14,91,0,0,0,0,0,0,-65,-133,0,0
2019-04-02,2019,4,1,14,92,0,0,0,0,0,0,-64,-132,0,0
2019-04-03,2019,4,2,14,93,0,0,0,0,0,0,-63,-131,0,0
2019-04-04,2019,4,3,14,94,0,0,0,0,0,0,-62,-130,0,0
2019-04-05,2019,4,4,14,95,1,0,0,0,0,0,-61,-129,0,0
2019-04-06,2019,4,5,14,96,1,0,0,0,0,0,-60,-128,0,0
2019-04-07,2019,4,6,14,97,0,0,0,0,0,0,-59,-127,0,0
2019-04-08,2019,4,0,15,98,0,0,0,0,0,0,-58,-126,0,0
2019-04-09,2019,4,1,15,99,0,0,0,0,0,0,-57,-125,0,0
2019-04-10,2019,4,2,15,100,0,0,0,0,0,0,-56,-124,0,0
2019-04-11,2019,4,3,15,101,0,0,0,0,0,0,-55,-123,0,0
2019-04-12,2019,4,4,15,102,1,0,0,0,0,0,-54,-122,0,0
2019-04-13,2019,4,5,15,103,1,0,0,0,0,0,-53,-121,0,0
2019-04-14,2019,4,6,15,104,0,1,1,0,0,0,-52,-120,0,0
2019-04-15,2019,4,0,16,105,0,0,0,0,0,0,-51,-119,0,0
2019-04-16,2019,4,1,16,106,0,0,0,0,0,0,-50,-118,0,0
2019-04-17,2019,4,2,16,107,0,0,0,0,0,0,-49,-117,0,0
2019-04-18,2019,4,3,16,108,0,0,0,0,0,0,-48,-116,0,0
2019-04-19,2019,4,4,16,109,1,0,0,0,0,0,-47,-115,0,0
2019-04-20,2019,4,5,16,110,1,0,0,0,0,0,-46,-114,0,0
2019-04-21,2019,4,6,16,111,0,0,0,0,0,0,-45,-113,0,0
2019-04-22,2019,4,0,17,112,0,0,0,0,0,0,-44,-112,0,0
2019-04-23,2019,4,1,17,113,0,0,0,0,0,0,-43,-111,0,0
2019-04-24,2019,4,2,17,114,0,0,0,0,0,0,-42,-110,0,0
2019-04-25,2019,4,3,17,115,0,0,0,0,0,0,-41,-109,0,0
2019-04-26,2019,4,4,17,116,1,0,0,0,0,0,-40,-108,0,0
2019-04-27,2019,4,5,17,117,1,0,0,0,0,0,-39,-107,0,0
2019-04-28,2019,4,6,17,118,0,0,0,0,0,0,-38,-106,0,0
2019-04-29,2019,4,0,18,119,0,0,0,0,0,0,-37,-105,0,0
2019-04-30,2019,4,1,18,120,0,0,0,0,0,0,-36,-104,0,0
2019-05-01,2019,5,2,18,121,0,1,1,0,0,0,-35,-103,0,0
2019-05-02,2019,5,3,18,122,0,0,0,0,0,0,-34,-102,0,0
2019-05-03,2019,5,4,18,123,1,0,0,0,0,0,-33,-101,0,0
2019-05-04,2019,5,5,18,124,1,0,0,0,0,0,-32,-100,0,0
2019-05-05,2019,5,6,18,125,0,0,0,0,0,0,-31,-99,0,0
2019-05-06,2019,5,0,19,126,0,0,0,0,1,1,-30,-98,0,0
2019-05-07,2019,5,1,19,127,0,0,0,0,1,2,-29,-97,0,0
2019-05-08,2019,5,2,19,128,0,0,0,0,1,3,-28,-96,0,0
2019-05-09,2019,5,3,19,129,0,0,0,0,1,4,-27,-95,0,0
2019-05-10,2019,5,4,19,130,1,0,0,0,1,5,-26,-94,0,0
2019-05-11,2019,5,5,19,131,1,0,0,0,1,6,-25,-93,0,0
2019-05-12,2019,5,6,19,132,0,0,0,0,1,7,-24,-92,0,0
2019-05-13,2019,5,0,20,133,0,0,0,0,1,8,-23,-91,0,0
2019-05-14,2019,5,1,20,134,0,0,0,0,1,9,-22,-90,0,0
2019-05-15,2019,5,2,20,135,0,0,0,0,1,10,-21,-89,0,0
2019-05-16,2019,5,3,20,136,0,0,0,0,1,11,-20,-88,0,0
2019-05-17,2019,5,4,20,137,1,0,0,0,1,12,-19,-87,0,0
2019-05-18,2019,5,5,20,138,1,0,0,0,1,13,-18,-86,0,0
2019-05-19,2019,5,6,20,139,0,0,0,0,1,14,-17,-85,0,0
2019-05-20,2019,5,0,21,140,0,0,0,0,1,15,-16,-84,0,0
2019-05-21,2019,5,1,21,141,0,0,0,0,1,16,-15,-83,0,0
2019-05-22,2019,5,2,21,142,0,0,0,0,1,17,-14,-82,0,0
2019-05-23,2019,5,3,21,143,0,0,0,0,1,18,-13,-81,0,0
2019-05-24,2019,5,4,21,144,1,0,0,0,1,19,-12,-80,0,0
2019-05-25,2019,5,5,21,145,1,0,0,0,1,20,-11,-79,0,0
2019-05-26,2019,5,6,21,146,0,0,0,0,1,21,-10,-78,0,0
2019-05-27,2019,5,0,22,147,0,0,0,0,1,22,-9,-77,0,0
2019-05-28,2019,5,1,22,148,0,0,0,0,1,23,-8,-76,0,0
2019-05-29,2019,5,2,22,149,0,0,0,0,1,24,-7,-75,0,0
2019-05-30,2019,5,3,22,150,0,0,0,0,1,25,-6,-74,0,0
2019-05-31,2019,5,4,22,151,1,0,0,0,1,26,-5,-73,1,0
2019-06-01,2019,6,5,22,152,1,0,0,0,1,27,-4,-72,1,0
2019-06-02,2019,6,6,22,153,0,0,0,0,1,28,-3,-71,1,0
2019-06-03,2019,6,0,23,154,0,0,0,0,1,29,-2,-70,1,0
2019-06-04,2019,6,1,23,155,0,1,0,1,1,30,-1,-69,1,0
2019-06-05,2019,6,2,23,156,0,1,0,1,0,0,0,-68,1,0
2019-06-06,2019,6,3,23,157,0,1,0,1,0,0,1,-67,1,0
2019-06-07,2019,6,4,23,158,1,0,0,0,0,0,2,-66,1,0
2019-06-08,2019,6,5,23,159,1,0,0,0,0,0,3,-65,1,0
2019-06-09,2019,6,6,23,160,0,0,0,0,0,0,4,-64,1,0
2019-06-10,2019,6,0,24,161,0,0,0,0,0,0,5,-63,1,0
2019-06-11,2019,6,1,24,162,0,0,0,0,0,0,6,-62,0,0
2019-06-12,2019,6,2,24,163,0,0,0,0,0,0,7,-61,0,0
2019-06-13,2019,6,3,24,164,0,0,0,0,0,0,8,-60,0,0
2019-06-14,2019,6,4,24,165,1,0,0,0,0,0,9,-59,0,0
2019-06-15,2019,6,5,24,166,1,0,0,0,0,0,10,-58,0,0
2019-06-16,2019,6,6,24,167,0,0,0,0,0,0,11,-57,0,0
2019-06-17,2019,6,0,25,168,0,0,0,0,0,0,12,-56,0,0
2019-06-18,2019,6,1,25,169,0,0,0,0,0,0,13,-55,0,0
2019-06-19,2019,6,2,25,170,0,0,0,0,0,0,14,-54,0,0
2019-06-20,2019,6,3,25,171,0,0,0,0,0,0,15,-53,0,0
2019-06-21,2019,6,4,25,172,1,0,0,0,0,0,16,-52,0,0
2019-06-22,2019,6,5,25,173,1,0,0,0,0,0,17,-51,0,0
2019-06-23,2019,6,6,25,174,0,0,0,0,0,0,18,-50,0,0
2019-06-24,2019,6,0,26,175,0,0,0,0,0,0,19,-49,0,0
2019-06-25,2019,6,1,26,176,0,0,0,0,0,0,20,-48,0,0
2019-06-26,2019,6,2,26,177,0,0,0,0,0,0,21,-47,0,0
2019-06-27,2019,6,3,26,178,0,0,0,0,0,0,22,-46,0,0
2019-06-28,2019,6,4,26,179,1,0,0,0,0,0,23,-45,0,0
2019-06-29,2019,6,5,26,180,1,0,0,0,0,0,24,-44,0,0
2019-06-30,2019,6,6,26,181,0,0,0,0,0,0,25,-43,0,0
2019-07-01,2019,7,0,27,182,0,0,0,0,0,0,26,-42,0,0
2019-07-02,2019,7,1,27,183,0,0,0,0,0,0,27,-41,0,0
2019-07-03,2019,7,2,27,184,0,0,0,0,0,0,28,-40,0,0
2019-07-04,2019,7,3,27,185,0,0,0,0,0,0,29,-39,0,0
2019-07-05,2019,7,4,27,186,1,0,0,0,0,0,30,-38,0,0
2019-07-06,2019,7,5,27,187,1,0,0,0,0,0,31,-37,0,0
2019-07-07,2019,7,6,27,188,0,0,0,0,0,0,32,-36,0,0
2019-07-08,2019,7,0,28,189,0,0,0,0,0,0,33,-35,0,0
2019-07-09,2019,7,1,28,190,0,0,0,0,0,0,34,-34,0,0
2019-07-10,2019,7,2,28,191,0,0,0,0,0,0,35,-33,0,0
2019-07-11,2019,7,3,28,192,0,0,0,0,0,0,36,-32,0,0
2019-07-12,2019,7,4,28,193,1,0,0,0,0,0,37,-31,0,0
2019-07-13,2019,7,5,28,194,1,0,0,0,0,0,38,-30,0,0
2019-07-14,2019,7,6,28,195,0,0,0,0,0,0,39,-29,0,0
2019-07-15,2019,7,0,29,196,0,0,0,0,0,0,40,-28,0,0
2019-07-16,2019,7,1,29,197,0,0,0,0,0,0,41,-27,0,0
2019-07-17,2019,7,2,29,198,0,0,0,0,0,0,42,-26,0,0
2019-07-18,2019,7,3,29,199,0,0,0,0,0,0,43,-25,0,0
2019-07-19,2019,7,4,29,200,1,0,0,0,0,0,44,-24,0,0
2019-07-20,2019,7,5,29,201,1,0,0,0,0,0,45,-23,0,0
2019-07-21,2019,7,6,29,202,0,0,0,0,0,0,46,-22,0,0
2019-07-22,2019,7,0,30,203,0,0,0,0,0,0,47,-21,0,0
2019-07-23,2019,7,1,30,204,0,0,0,0,0,0,48,-20,0,0
2019-07-24,2019,7,2,30,205,0,0,0,0,0,0,49,-19,0,0
2019-07-25,2019,7,3,30,206,0,0,0,0,0,0,50,-18,0,0
2019-07-26,2019,7,4,30,207,1,0,0,0,0,0,51,-17,0,0
2019-07-27,2019,7,5,30,208,1,0,0,0,0,0,52,-16,0,0
2019-07-28,2019,7,6,30,209,0,0,0,0,0,0,53,-15,0,0
2019-07-29,2019,7,0,31,210,0,0,0,0,0,0,54,-14,0,0
2019-07-30,2019,7,1,31,211,0,0,0,0,0,0,55,-13,0,0
2019-07-31,2019,7,2,31,212,0,0,0,0,0,0,56,-12,0,0
2019-08-01,2019,8,3,31,213,0,0,0,0,0,0,57,-11,0,0
2019-08-02,2019,8,4,31,214,1,0,0,0,0,0,58,-10,0,0
2019-08-03,2019,8,5,31,215,1,0,0,0,0,0,59,-9,0,0
2019-08-04,2019,8,6,31,216,0,0,0,0,0,0,60,-8,0,0
2019-08-05,2019,8,0,32,217,0,0,0,0,0,0,61,-7,0,0
2019-08-06,2019,8,1,32,218,0,0,0,0,0,0,62,-6,0,0
2019-08-07,2019,8,2,32,219,0,0,0,0,0,0,63,-5,1,0
2019-08-08,2019,8,3,32,220,0,0,0,0,0,0,64,-4,1,0
2019-08-09,2019,8,4,32,221,1,0,0,0,0,0,65,-3,1,0
2019-08-10,2019,8,5,32,222,1,0,0,0,0,0,66,-2,1,0
2019-08-11,2019,8,6,32,223,0,1,0,1,0,0,67,-1,1,0
2019-08-12,2019,8,0,33,224,0,1,0,1,0,0,68,0,1,0
2019-08-13,2019,8,1,33,225,0,1,0,1,0,0,69,1,1,0
2019-08-14,2019,8,2,33,226,0,0,0,0,0,0,70,2,1,0
2019-08-15,2019,8,3,33,227,0,0,0,0,0,0,71,3,1,0
2019-08-16,2019,8,4,33,228,1,0,0,0,0,0,72,4,1,0
2019-08-17,2019,8,5,33,229,1,0,0,0,0,0,73,5,1,0
2019-08-18,2019,8,6,33,230,0,0,0,0,0,0,74,6,0,0
2019-08-19,2019,8,0,34,231,0,0,0,0,0,0,75,7,0,0
2019-08-20,2019,8,1,34,232,0,0,0,0,0,0,76,8,0,0
2019-08-21,2019,8,2,34,233,0,0,0,0,0,0,77,9,0,0
2019-08-22,2019,8,3,34,234,0,0,0,0,0,0,78,10,0,0
2019-08-23,2019,8,4,34,235,1,0,0,0,0,0,79,11,0,0
2019-08-24,2019,8,5,34,236,1,0,0,0,0,0,80,12,0,0
2019-08-25,2019,8,6,34,237,0,0,0,0,0,0,81,13,0,0
2019-08-26,2019,8,0,35,238,0,0,0,0,0,0,82,14,0,0
2019-08-27,2019,8,1,35,239,0,0,0,0,0,0,83,15,0,0
2019-08-28,2019,8,2,35,240,0,0,0,0,0,0,84,16,0,0
2019-08-29,2019,8,3,35,241,0,0,0,0,0,0,85,17,0,0
2019-08-30,2019,8,4,35,242,1,0,0,0,0,0,86,18,0,0
2019-08-31,2019,8,5,35,243,1,0,0,0,0,0,87,19,0,0
2019-09-01,2019,9,6,35,244,0,0,0,0,0,0,88,20,0,0
2019-09-02,2019,9,0,36,245,0,0,0,0,0,0,89,21,0,0
2019-09-03,2019,9,1,36,246,0,0,0,0,0,0,90,22,0,0
2019-09-04,2019,9,2,36,247,0,0,0,0,0,0,91,23,0,0
2019-09-05,2019,9,3,36,248,0,0,0,0,0,0,92,24,0,0
2019-09-06,2019,9,4,36,249,1,0,0,0,0,0,93,25,0,0
2019-09-07,2019,9,5,36,250,1,0,0,0,0,0,94,26,0,0
2019-09-08,2019,9,6,36,251,0,0,0,0,0,0,95,27,0,0
2019-09-09,2019,9,0,37,252,0,0,0,0,0,0,96,28,0,0
2019-09-10,2019,9,1,37,253,0,0,0,0,0,0,97,29,0,0
2019-09-11,2019,9,2,37,254,0,0,0,0,0,0,98,30,0,0
2019-09-12,2019,9,3,37,255,0,0,0,0,0,0,99,31,0,0
2019-09-13,2019,9,4,37,256,1,0,0,0,0,0,100,32,0,0
2019-09-14,2019,9,5,37,257,1,0,0,0,0,0,101,33,0,0
2019-09-15,2019,9,6,37,258,0,0,0,0,0,0,102,34,0,0
2019-09-16,2019,9,0,38,259,0,0,0,0,0,0,103,35,0,0
2019-09-17,2019,9,1,38,260,0,0,0,0,0,0,104,36,0,0
2019-09-18,2019,9,2,38,261,0,0,0,0,0,0,105,37,0,0
2019-09-19,2019,9,3,38,262,0,0,0,0,0,0,106,38,0,0
2019-09-20,2019,9,4,38,263,1,0,0,0,0,0,107,39,0,0
2019-09-21,2019,9,5,38,264,1,0,0,0,0,0,108,40,0,0
2019-09-22,2019,9,6,38,265,0,0,0,0,0,0,109,41,0,0
2019-09-23,2019,9,0,39,266,0,0,0,0,0,0,110,42,0,0
2019-09-24,2019,9,1,39,267,0,0,0,0,0,0,111,43,0,0
2019-09-25,2019,9,2,39,268,0,0,0,0,0,0,112,44,0,0
2019-09-26,2019,9,3,39,269,0,0,0,0,0,0,113,45,0,0
2019-09-27,2019,9,4,39,270,1,0,0,0,0,0,114,46,0,0
2019-09-28,2019,9,5,39,271,1,0,0,0,0,0,115,47,0,0
2019-09-29,2019,9,6,39,272,0,0,0,0,0,0,116,48,0,0
2019-09-30,2019,9,0,40,273,0,0,0,0,0,0,117,49,0,0
2019-10-01,2019,10,1,40,274,0,0,0,0,0,0,118,50,0,0
2019-10-02,2019,10,2,40,275,0,0,0,0,0,0,119,51,0,0
2019-10-03,2019,10,3,40,276,0,0,0,0,0,0,120,52,0,0
2019-10-04,2019,10,4,40,277,1,0,0,0,0,0,121,53,0,0
2019-10-05,2019,10,5,40,278,1,0,0,0,0,0,122,54,0,0
2019-10-06,2019,10,6,40,279,0,0,0,0,0,0,123,55,0,0
2019-10-07,2019,10,0,41,280,0,0,0,0,0,0,124,56,0,0
2019-10-08,2019,10,1,41,281,0,0,0,0,0,0,125,57,0,0
2019-10-09,2019,10,2,41,282,0,0,0,0,0,0,126,58,0,0
2019-10-10,2019,10,3,41,283,0,0,0,0,0,0,127,59,0,0
2019-10-11,2019,10,4,41,284,1,0,0,0,0,0,128,60,0,0
2019-10-12,2019,10,5,41,285,1,0,0,0,0,0,129,61,0,0
2019-10-13,2019,10,6,41,286,0,0,0,0,0,0,130,62,0,0
2019-10-14,2019,10,0,42,287,0,0,0,0,0,0,131,63,0,0
2019-10-15,2019,10,1,42,288,0,0,0,0,0,0,132,64,0,0
2019-10-16,2019,10,2,42,289,0,0,0,0,0,0,133,65,0,0
2019-10-17,2019,10,3,42,290,0,0,0,0,0,0,134,66,0,0
2019-10-18,2019,10,4,42,291,1,0,0,0,0,0,135,67,0,0
2019-10-19,2019,10,5,42,292,1,0,0,0,0,0,136,68,0,0
2019-10-20,2019,10,6,42,293,0,0,0,0,0,0,137,69,0,0
2019-10-21,2019,10,0,43,294,0,0,0,0,0,0,138,70,0,0
2019-10-22,2019,10,1,43,295,0,0,0,0,0,0,139,71,0,0
2019-10-23,2019,10,2,43,296,0,0,0,0,0,0,140,72,0,0
2019-10-24,2019,10,3,43,297,0,0,0,0,0,0,141,73,0,0
2019-10-25,2019,10,4,43,298,1,0,0,0,0,0,142,74,0,0
2019-10-26,2019,10,5,43,299,1,0,0,0,0,0,143,75,0,0
2019-10-27,2019,10,6,43,300,0,0,0,0,0,0,144,76,0,0
2019-10-28,2019,10,0,44,301,0,0,0,0,0,0,145,77,0,0
2019-10-29,2019,10,1,44,302,0,0,0,0,0,0,146,78,0,0
2019-10-30,2019,10,2,44,303,0,0,0,0,0,0,147,79,0,0
2019-10-31,2019,10,3,44,304,0,0,0,0,0,0,148,80,0,0
2019-11-01,2019,11,4,44,305,1,0,0,0,0,0,149,81,0,0
2019-11-02,2019,11,5,44,306,1,0,0,0,0,0,150,82,0,0
2019-11-03,2019,11,6,44,307,0,0,0,0,0,0,151,83,0,0
2019-11-04,2019,11,0,45,308,0,0,0,0,0,0,152,84,0,0
2019-11-05,2019,11,1,45,309,0,0,0,0,0,0,153,85,0,0
2019-11-06,2019,11,2,45,310,0,0,0,0,0,0,154,86,0,0
2019-11-07,2019,11,3,45,311,0,0,0,0,0,0,155,87,0,0
2019-11-08,2019,11,4,45,312,1,0,0,0,0,0,156,88,0,0
2019-11-09,2019,11,5,45,313,1,0,0,0,0,0,157,89,0,0
2019-11-10,2019,11,6,45,314,0,0,0,0,0,0,158,90,0,0
2019-11-11,2019,11,0,46,315,0,0,0,0,0,0,159,91,0,0
2019-11-12,2019,11,1,46,316,0,0,0,0,0,0,160,92,0,0
2019-11-13,2019,11,2,46,317,0,0,0,0,0,0,161,93,0,0
2019-11-14,2019,11,3,46,318,0,0,0,0,0,0,162,94,0,0
2019-11-15,2019,11,4,46,319,1,0,0,0,0,0,163,95,0,0
2019-11-16,2019,11,5,46,320,1,0,0,0,0,0,164,96,0,0
2019-11-17,2019,11,6,46,321,0,0,0,0,0,0,165,97,0,0
2019-11-18,2019,11,0,47,322,0,0,0,0,0,0,166,98,0,0
2019-11-19,2019,11,1,47,323,0,0,0,0,0,0,167,99,0,0
2019-11-20,2019,11,2,47,324,0,0,0,0,0,0,168,100,0,0
2019-11-21,2019,11,3,47,325,0,0,0,0,0,0,169,101,0,0
2019-11-22,2019,11,4,47,326,1,0,0,0,0,0,170,102,0,0
2019-11-23,2019,11,5,47,327,1,0,0,0,0,0,171,103,0,0
2019-11-24,2019,11,6,47,328,0,0,0,0,0,0,172,104,0,0
2019-11-25,2019,11,0,48,329,0,0,0,0,0,0,173,105,0,0
2019-11-26,2019,11,1,48,330,0,0,0,0,0,0,174,106,0,0
2019-11-27,2019,11,2,48,331,0,0,0,0,0,0,175,107,0,0
2019-11-28,2019,11,3,48,332,0,0,0,0,0,0,176,108,0,0
2019-11-29,2019,11,4,48,333,1,0,0,0,0,0,177,109,0,0
2019-11-30,2019,11,5,48,334,1,0,0,0,0,0,-177,110,0,0
2019-12-01,2019,12,6,48,335,0,0,0,0,0,0,-176,111,0,0
2019-12-02,2019,12,0,49,336,0,0,0,0,0,0,-175,112,0,0
2019-12-03,2019,12,1,49,337,0,0,0,0,0,0,-174,113,0,0
2019-12-04,2019,12,2,49,338,0,0,0,0,0,0,-173,114,0,0
2019-12-05,2019,12,3,49,339,0,0,0,0,0,0,-172,115,0,0
2019-12-06,2019,12,4,49,340,1,0,0,0,0,0,-171,116,0,0
2019-12-07,2019,12,5,49,341,1,0,0,0,0,0,-170,117,0,0
2019-12-08,2019,12,6,49,342,0,0,0,0,0,0,-169,118,0,0
2019-12-09,2019,12,0,50,343,0,0,0,0,0,0,-168,119,0,0
2019-12-10,2019,12,1,50,344,0,0,0,0,0,0,-167,120,0,0
2019-12-11,2019,12,2,50,345,0,0,0,0,0,0,-166,121,0,0
2019-12-12,2019,12,3,50,346,0,0,0,0,0,0,-165,122,0,0
2019-12-13,2019,12,4,50,347,1,0,0,0,0,0,-164,123,0,0
2019-12-14,2019,12,5,50,348,1,0,0,0,0,0,-163,124,0,0
2019-12-15,2019,12,6,50,349,0,0,0,0,0,0,-162,125,0,1
2019-12-16,2019,12,0,51,350,0,1,1,0,0,0,-161,126,0,1
2019-12-17,2019,12,1,51,351,0,0,0,0,0,0,-160,127,0,1
2019-12-18,2019,12,2,51,352,0,0,0,0,0,0,-159,128,0,1
2019-12-19,2019,12,3,51,353,0,0,0,0,0,0,-158,129,0,1
2019-12-20,2019,12,4,51,354,1,0,0,0,0,0,-157,130,0,1
2019-12-21,2019,12,5,51,355,1,0,0,0,0,0,-156,131,0,1
2019-12-22,2019,12,6,51,356,0,0,0,0,0,0,-155,132,0,1
2019-12-23,2019,12,0,52,357,0,0,0,0,0,0,-154,133,0,1
2019-12-24,2019,12,1,52,358,0,0,0,0,0,0,-153,134,0,1
2019-12-25,2019,12,2,52,359,0,1,1,0,0,0,-152,135,0,1
2019-12-26,2019,12,3,52,360,0,0,0,0,0,0,-151,136,0,1
2019-12-27,2019,12,4,52,361,1,0,0,0,0,0,-150,137,0,1
2019-12-28,2019,12,5,52,362,1,0,0,0,0,0,-149,138,0,1
2019-12-29,2019,12,6,52,363,0,0,0,0,0,0,-148,139,0,1
2019-12-30,2019,12,0,1,364,0,0,0,0,0,0,-147,140,0,1
2019-12-31,2019,12,1,1,365,0,0,0,0,0,0,-146,141,0,1
2020-01-01,2020,1,2,1,1,0,0,0,0,0,0,-145,142,0,1
2020-01-02,2020,1,3,1,2,0,0,0,0,0,0,-144,143,0,1
2020-01-03,2020,1,4,1,3,1,0,0,0,0,0,-143,144,0,1
2020-01-04,2020,1,5,1,4,1,0,0,0,0,0,-142,145,0,1
2020-01-05,2020,1,6,1,5,0,0,0,0,0,0,-141,146,0,1
2020-01-06,2020,1,0,2,6,0,0,0,0,0,0,-140,147,0,1
2020-01-07,2020,1,1,2,7,0,0,0,0,0,0,-139,148,0,1
2020-01-08,2020,1,2,2,8,0,0,0,0,0,0,-138,149,0,1
2020-01-09,2020,1,3,2,9,0,0,0,0,0,0,-137,150,0,1
2020-01-10,2020,1,4,2,10,1,0,0,0,0,0,-136,151,0,1
2020-01-11,2020,1,5,2,11,1,0,0,0,0,0,-135,152,0,1
2020-01-12,2020,1,6,2,12,0,0,0,0,0,0,-134,153,0,1
2020-01-13,2020,1,0,3,13,0,0,0,0,0,0,-133,154,0,1
2020-01-14,2020,1,1,3,14,0,0,0,0,0,0,-132,155,0,1
2020-01-15,2020,1,2,3,15,0,0,0,0,0,0,-131,156,0,1
2020-01-16,2020,1,3,3,16,0,0,0,0,0,0,-130,157,0,1
2020-01-17,2020,1,4,3,17,1,0,0,0,0,0,-129,158,0,1
2020-01-18,2020,1,5,3,18,1,0,0,0,0,0,-128,159,0,1
2020-01-19,2020,1,6,3,19,0,0,0,0,0,0,-127,160,0,1
2020-01-20,2020,1,0,4,20,0,0,0,0,0,0,-126,161,0,1
2020-01-21,2020,1,1,4,21,0,0,0,0,0,0,-125,162,0,1
2020-01-22,2020,1,2,4,22,0,0,0,0,0,0,-124,163,0,1
2020-01-23,2020,1,3,4,23,0,0,0,0,0,0,-123,164,0,1
2020-01-24,2020,1,4,4,24,1,0,0,0,0,0,-122,165,0,1
2020-01-25,2020,1,5,4,25,1,0,0,0,0,0,-121,166,0,1
2020-01-26,2020,1,6,4,26,0,0,0,0,0,0,-120,167,0,1
2020-01-27,2020,1,0,5,27,0,0,0,0,0,0,-119,168,0,1
2020-01-28,2020,1,1,5,28,0,0,0,0,0,0,-118,169,0,1
2020-01-29,2020,1,2,5,29,0,0,0,0,0,0,-117,170,0,1
2020-01-30,2020,1,3,5,30,0,0,0,0,0,0,-116,171,0,1
2020-01-31,2020,1,4,5,31,1,0,0,0,0,0,-115,172,0,1
2020-02-01,2020,2,5,5,32,1,0,0,0,0,0,-114,173,0,1
2020-02-02,2020,2,6,5,33,0,0,0,0,0,0,-113,174,0,1
2020-02-03,2020,2,0,6,34,0,0,0,0,0,0,-112,175,0,1
2020-02-04,2020,2,1,6,35,0,0,0,0,0,0,-111,176,0,1
2020-02-05,2020,2,2,6,36,0,0,0,0,0,0,-110,177,0,1
2020-02-06,2020,2,3,6,37,0,0,0,0,0,0,-109,-177,0,1
2020-02-07,2020,2,4,6,38,1,0,0,0,0,0,-108,-176,0,1
2020-02-08,2020,2,5,6,39,1,0,0,0,0,0,-107,-175,0,1
2020-02-09,2020,2,6,6,40,0,0,0,0,0,0,-106,-174,0,1
2020-02-10,2020,2,0,7,41,0,0,0,0,0,0,-105,-173,0,1
2020-02-11,2020,2,1,7,42,0,0,0,0,0,0,-104,-172,0,1
2020-02-12,2020,2,2,7,43,0,0,0,0,0,0,-103,-171,0,1
2020-02-13,2020,2,3,7,44,0,0,0,0,0,0,-102,-170,0,1
2020-02-14,2020,2,4,7,45,1,0,0,0,0,0,-101,-169,0,1
2020-02-15,2020,2,5,7,46,1,0,0,0,0,0,-100,-168,0,1
2020-02-16,2020,2,6,7,47,0,0,0,0,0,0,-99,-167,0,0
2020-02-17,2020,2,0,8,48,0,0,0,0,0,0,-98,-166,0,0
2020-02-18,2020,2,1,8,49,0,0,0,0,0,0,-97,-165,0,0
2020-02-19,2020,2,2,8,50,0,0,0,0,0,0,-96,-164,0,0
2020-02-20,2020,2,3,8,51,0,0,0,0,0,0,-95,-163,0,0
2020-02-21,2020,2,4,8,52,1,1,1,0,0,0,-94,-162,0,0
2020-02-22,2020,2,5,8,53,1,0,0,0,0,0,-93,-161,0,0
2020-02-23,2020,2,6,8,54,0,0,0,0,0,0,-92,-160,0,0
2020-02-24,2020,2,0,9,55,0,0,0,0,0,0,-91,-159,0,0
2020-02-25,2020,2,1,9,56,0,0,0,0,0,0,-90,-158,0,0
2020-02-26,2020,2,2,9,57,0,0,0,0,0,0,-89,-157,0,0
2020-02-27,2020,2,3,9,58,0,0,0,0,0,0,-88,-156,0,0
2020-02-28,2020,2,4,9,59,1,0,0,0,0,0,-87,-155,0,0
2020-02-29,2020,2,5,9,60,1,0,0,0,0,0,-86,-154,0,0
2020-03-01,2020,3,6,9,61,0,0,0,0,0,0,-85,-153,0,0
2020-03-02,2020,3,0,10,62,0,0,0,0,0,0,-84,-152,0,0
2020-03-03,2020,3,1,10,63,0,0,0,0,0,0,-83,-151,0,0
2020-03-04,2020,3,2,10,64,0,0,0,0,0,0,-82,-150,0,0
2020-03-05,2020,3,3,10,65,0,0,0,0,0,0,-81,-149,0,0
2020-03-06,2020,3,4,10,66,1,0,0,0,0,0,-80,-148,0,0
2020-03-07,2020,3,5,10,67,1,0,0,0,0,0,-79,-147,0,0
2020-03-08,2020,3,6,10,68,0,0,0,0,0,0,-78,-146,0,0
2020-03-09,2020,3,0,11,69,0,0,0,0,0,0,-77,-145,0,0
2020-03-10,2020,3,1,11,70,0,0,0,0,0,0,-76,-144,0,0
2020-03-11,2020,3,2,11,71,0,0,0,0,0,0,-75,-143,0,0
2020-03-12,2020,3,3,11,72,0,0,0,0,0,0,-74,-142,0,0
2020-03-13,2020,3,4,11,73,1,0,0,0,0,0,-73,-141,0,0
2020-03-14,2020,3,5,11,74,1,0,0,0,0,0,-72,-140,0,0
2020-03-15,2020,3,6,11,75,0,0,0,0,0,0,-71,-139,0,0
2020-03-16,2020,3,0,12,76,0,0,0,0,0,0,-70,-138,0,0
2020-03-17,2020,3,1,12,77,0,0,0,0,0,0,-69,-137,0,0
2020-03-18,2020,3,2,12,78,0,0,0,0,0,0,-68,-136,0,0
2020-03-19,2020,3,3,12,79,0,0,0,0,0,0,-67,-135,0,0
2020-03-20,2020,3,4,12,80,1,0,0,0,0,0,-66,-134,0,0
2020-03-21,2020,3,5,12,81,1,0,0,0,0,0,-65,-133,0,0
2020-03-22,2020,3,6,12,82,0,0,0,0,0,0,-64,-132,0,0
2020-03-23,2020,3,0,13,83,0,0,0,0,0,0,-63,-131,0,0
2020-03-24,2020,3,1,13,84,0,0,0,0,0,0,-62,-130,0,0
2020-03-25,2020,3,2,13,85,0,0,0,0,0,0,-61,-129,0,0
2020-03-26,2020,3,3,13,86,0,1,1,0,0,0,-60,-128,0,0
2020-03-27,2020,3,4,13,87,1,0,0,0,0,0,-59,-127,0,0
2020-03-28,2020,3,5,13,88,1,0,0,0,0,0,-58,-126,0,0
2020-03-29,2020,3,6,13,89,0,0,0,0,0,0,-57,-125,0,0
2020-03-30,2020,3,0,14,90,0,0,0,0,0,0,-56,-124,0,0
2020-03-31,2020,3,1,14,91,0,0,0,0,0,0,-55,-123,0,0
2020-04-01,2020,4,2,14,92,0,0,0,0,0,0,-54,-122,0,0
2020-04-02,2020,4,3,14,93,0,0,0,0,0,0,-53,-121,0,0
2020-04-03,2020,4,4,14,94,1,0,0,0,0,0,-52,-120,0,0
2020-04-04,2020,4,5,14,95,1,0,0,0,0,0,-51,-119,0,0
2020-04-05,2020,4,6,14,96,0,0,0,0,0,0,-50,-118,0,0
2020-04-06,2020,4,0,15,97,0,0,0,0,0,0,-49,-117,0,0
2020-04-07,2020,4,1,15,98,0,0,0,0,0,0,-48,-116,0,0
2020-04-08,2020,4,2,15,99,0,0,0,0,0,0,-47,-115,0,0
2020-04-09,2020,4,3,15,100,0,0,0,0,0,0,-46,-114,0,0
2020-04-10,2020,4,4,15,101,1,0,0,0,0,0,-45,-113,0,0
2020-04-11,2020,4,5,15,102,1,0,0,0,0,0,-44,-112,0,0
2020-04-12,2020,4,6,15,103,0,0,0,0,0,0,-43,-111,0,0
2020-04-13,2020,4,0,16,104,0,0,0,0,0,0,-42,-110,0,0
2020-04-14,2020,4,1,16,105,0,1,1,0,0,0,-41,-109,0,0
2020-04-15,2020,4,2,16,106,0,0,0,0,0,0,-40,-108,0,0
2020-04-16,2020,4,3,16,107,0,0,0,0,0,0,-39,-107,0,0
2020-04-17,2020,4,4,16,108,1,0,0,0,0,0,-38,-106,0,0
2020-04-18,2020,4,5,16,109,1,0,0,0,0,0,-37,-105,0,0
2020-04-19,2020,4,6,16,110,0,0,0,0,0,0,-36,-104,0,0
2020-04-20,2020,4,0,17,111,0,0,0,0,0,0,-35,-103,0,0
2020-04-21,2020,4,1,17,112,0,0,0,0,0,0,-34,-102,0,0
2020-04-22,2020,4,2,17,113,0,0,0,0,0,0,-33,-101,0,0
2020-04-23,2020,4,3,17,114,0,0,0,0,0,0,-32,-100,0,0
2020-04-24,2020,4,4,17,115,1,0,0,0,0,0,-31,-99,0,0
2020-04-25,2020,4,5,17,116,1,0,0,0,1,1,-30,-98,0,0
2020-04-26,2020,4,6,17,117,0,0,0,0,1,2,-29,-97,0,0
2020-04-27,2020,4,0,18,118,0,0,0,0,1,3,-28,-96,0,0
2020-04-28,2020,4,1,18,119,0,0,0,0,1,4,-27,-95,0,0
2020-04-29,2020,4,2,18,120,0,0,0,0,1,5,-26,-94,0,0
2020-04-30,2020,4,3,18,121,0,0,0,0,1,6,-25,-93,0,0
2020-05-01,2020,5,4,18,122,1,1,1,0,1,7,-24,-92,0,0
2020-05-02,2020,5,5,18,123,1,0,0,0,1,8,-23,-91,0,0
2020-05-03,2020,5,6,18,124,0,0,0,0,1,9,-22,-90,0,0
2020-05-04,2020,5,0,19,125,0,0,0,0,1,10,-21,-89,0,0
2020-05-05,2020,5,1,19,126,0,0,0,0,1,11,-20,-88,0,0
2020-05-06,2020,5,2,19,127,0,0,0,0,1,12,-19,-87,0,0
2020-05-07,2020,5,3,19,128,0,0,0,0,1,13,-18,-86,0,0
2020-05-08,2020,5,4,19,129,1,0,0,0,1,14,-17,-85,0,0
2020-05-09,2020,5,5,19,130,1,0,0,0,1,15,-16,-84,0,0
2020-05-10,2020,5,6,19,131,0,0,0,0,1,16,-15,-83,0,0
2020-05-11,2020,5,0,20,132,0,0,0,0,1,17,-14,-82,0,0
2020-05-12,2020,5,1,20,133,0,0,0,0,1,18,-13,-81,0,0
2020-05-13,2020,5,2,20,134,0,0,0,0,1,19,-12,-80,0,0
2020-05-14,2020,5,3,20,135,0,0,0,0,1,20,-11,-79,0,0
2020-05-15,2020,5,4,20,136,1,0,0,0,1,21,-10,-78,0,0
2020-05-16,2020,5,5,20,137,1,0,0,0,1,22,-9,-77,0,0
2020-05-17,2020,5,6,20,138,0,0,0,0,1,23,-8,-76,0,0
2020-05-18,2020,5,0,21,139,0,0,0,0,1,24,-7,-75,0,0
2020-05-19,2020,5,1,21,140,0,0,0,0,1,25,-6,-74,0,0
2020-05-20,2020,5,2,21,141,0,0,0,0,1,26,-5,-73,1,0
2020-05-21,2020,5,3,21,142,0,0,0,0,1,27,-4,-72,1,0
2020-05-22,2020,5,4,21,143,1,0,0,0,1,28,-3,-71,1,0
2020-05-23,2020,5,5,21,144,1,0,0,0,1,29,-2,-70,1,0
2020-05-24,2020,5,6,21,145,0,1,0,1,1,30,-1,-69,1,0
2020-05-25,2020,5,0,22,146,0,1,0,1,0,0,0,-68,1,0
2020-05-26,2020,5,1,22,147,0,1,0,1,0,0,1,-67,1,0
2020-05-27,2020,5,2,22,148,0,0,0,0,0,0,2,-66,1,0
2020-05-28,2020,5,3,22,149,0,0,0,0,0,0,3,-65,1,0
2020-05-29,2020,5,4,22,150,1,0,0,0,0,0,4,-64,1,0
2020-05-30,2020,5,5,22,151,1,0,0,0,0,0,5,-63,1,0
2020-05-31,2020,5,6,22,152,0,0,0,0,0,0,6,-62,0,0
2020-06-01,2020,6,0,23,153,0,0,0,0,0,0,7,-61,0,0
2020-06-02,2020,6,1,23,154,0,0,0,0,0,0,8,-60,0,0
2020-06-03,2020,6,2,23,155,0,0,0,0,0,0,9,-59,0,0
2020-06-04,2020,6,3,23,156,0,0,0,0,0,0,10,-58,0,0
2020-06-05,2020,6,4,23,157,1,0,0,0,0,0,11,-57,0,0
2020-06-06,2020,6,5,23,158,1,0,0,0,0,0,12,-56,0,0
2020-06-07,2020,6,6,23,159,0,0,0,0,0,0,13,-55,0,0
2020-06-08,2020,6,0,24,160,0,0,0,0,0,0,14,-54,0,0
2020-06-09,2020,6,1,24,161,0,0,0,0,0,0,15,-53,0,0
2020-06-10,2020,6,2,24,162,0,0,0,0,0,0,16,-52,0,0
2020-06-11,2020,6,3,24,163,0,0,0,0,0,0,17,-51,0,0
2020-06-12,2020,6,4,24,164,1,0,0,0,0,0,18,-50,0,0
2020-06-13,2020,6,5,24,165,1,0,0,0,0,0,19,-49,0,0
2020-06-14,2020,6,6,24,166,0,0,0,0,0,0,20,-48,0,0
2020-06-15,2020,6,0,25,167,0,0,0,0,0,0,21,-47,0,0
2020-06-16,2020,6,1,25,168,0,0,0,0,0,0,22,-46,0,0
2020-06-17,2020,6,2,25,169,0,0,0,0,0,0,23,-45,0,0
2020-06-18,2020,6,3,25,170,0,0,0,0,0,0,24,-44,0,0
2020-06-19,2020,6,4,25,171,1,0,0,0,0,0,25,-43,0,0
2020-06-20,2020,6,5,25,172,1,0,0,0,0,0,26,-42,0,0
2020-06-21,2020,6,6,25,173,0,0,0,0,0,0,27,-41,0,0
2020-06-22,2020,6,0,26,174,0,0,0,0,0,0,28,-40,0,0
2020-06-23,2020,6,1,26,175,0,0,0,0,0,0,29,-39,0,0
2020-06-24,2020,6,2,26,176,0,0,0,0,0,0,30,-38,0,0
2020-06-25,2020,6,3,26,177,0,0,0,0,0,0,31,-37,0,0
2020-06-26,2020,6,4,26,178,1,0,0,0,0,0,32,-36,0,0
2020-06-27,2020,6,5,26,179,1,0,0,0,0,0,33,-35,0,0
2020-06-28,2020,6,6,26,180,0,0,0,0,0,0,34,-34,0,0
2020-06-29,2020,6,0,27,181,0,0,0,0,0,0,35,-33,0,0
2020-06-30,2020,6,1,27,182,0,0,0,0,0,0,36,-32,0,0
2020-07-01,2020,7,2,27,183,0,0,0,0,0,0,37,-31,0,0
2020-07-02,2020,7,3,27,184,0,0,0,0,0,0,38,-30,0,0
2020-07-03,2020,7,4,27,185,1,0,0,0,0,0,39,-29,0,0
2020-07-04,2020,7,5,27,186,1,0,0,0,0,0,40,-28,0,0
2020-07-05,2020,7,6,27,187,0,0,0,0,0,0,41,-27,0,0
2020-07-06,2020,7,0,28,188,0,0,0,0,0,0,42,-26,0,0
2020-07-07,2020,7,1,28,189,0,0,0,0,0,0,43,-25,0,0
2020-07-08,2020,7,2,28,190,0,0,0,0,0,0,44,-24,0,0
2020-07-09,2020,7,3,28,191,0,0,0,0,0,0,45,-23,0,0
2020-07-10,2020,7,4,28,192,1,0,0,0,0,0,46,-22,0,0
2020-07-11,2020,7,5,28,193,1,0,0,0,0,0,47,-21,0,0
2020-07-12,2020,7,6,28,194,0,0,0,0,0,0,48,-20,0,0
2020-07-13,2020,7,0,29,195,0,0,0,0,0,0,49,-19,0,0
2020-07-14,2020,7,1,29,196,0,0,0,0,0,0,50,-18,0,0
2020-07-15,2020,7,2,29,197,0,0,0,0,0,0,51,-17,0,0
2020-07-16,2020,7,3,29,198,0,0,0,0,0,0,52,-16,0,0
2020-07-17,2020,7,4,29,199,1,0,0,0,0,0,53,-15,0,0
2020-07-18,2020,7,5,29,200,1,0,0,0,0,0,54,-14,0,0
2020-07-19,2020,7,6,29,201,0,0,0,0,0,0,55,-13,0,0
2020-07-20,2020,7,0,30,202,0,0,0,0,0,0,56,-12,0,0
2020-07-21,2020,7,1,30,203,0,0,0,0,0,0,57,-11,0,0
2020-07-22,2020,7,2,30,204,0,0,0,0,0,0,58,-10,0,0
2020-07-23,2020,7,3,30,205,0,0,0,0,0,0,59,-9,0,0
2020-07-24,2020,7,4,30,206,1,0,0,0,0,0,60,-8,0,0
2020-07-25,2020,7,5,30,207,1,0,0,0,0,0,61,-7,0,0
2020-07-26,2020,7,6,30,208,0,0,0,0,0,0,62,-6,0,0
2020-07-27,2020,7,0,31,209,0,0,0,0,0,0,63,-5,1,0
2020-07-28,2020,7,1,31,210,0,0,0,0,0,0,64,-4,1,0
2020-07-29,2020,7,2,31,211,0,0,0,0,0,0,65,-3,1,0
2020-07-30,2020,7,3,31,212,0,0,0,0,0,0,66,-2,1,0
2020-07-31,2020,7,4,31,213,1,1,0,1,0,0,67,-1,1,0
2020-08-01,2020,8,5,31,214,1,1,0,1,0,0,68,0,1,0
2020-08-02,2020,8,6,31,215,0,1,0,1,0,0,69,1,1,0
2020-08-03,2020,8,0,32,216,0,0,0,0,0,0,70,2,1,0
2020-08-04,2020,8,1,32,217,0,0,0,0,0,0,71,3,1,0
2020-08-05,2020,8,2,32,218,0,0,0,0,0,0,72,4,1,0
2020-08-06,2020,8,3,32,219,0,0,0,0,0,0,73,5,1,0
2020-08-07,2020,8,4,32,220,1,0,0,0,0,0,74,6,0,0
2020-08-08,2020,8,5,32,221,1,0,0,0,0,0,75,7,0,0
2020-08-09,2020,8,6,32,222,0,0,0,0,0,0,76,8,0,0
2020-08-10,2020,8,0,33,223,0,0,0,0,0,0,77,9,0,0
2020-08-11,2020,8,1,33,224,0,0,0,0,0,0,78,10,0,0
2020-08-12,2020,8,2,33,225,0,0,0,0,0,0,79,11,0,0
2020-08-13,2020,8,3,33,226,0,0,0,0,0,0,80,12,0,0
2020-08-14,2020,8,4,33,227,1,0,0,0,0,0,81,13,0,0
2020-08-15,2020,8,5,33,228,1,0,0,0,0,0,82,14,0,0
2020-08-16,2020,8,6,33,229,0,0,0,0,0,0,83,15,0,0
2020-08-17,2020,8,0,34,230,0,0,0,0,0,0,84,16,0,0
2020-08-18,2020,8,1,34,231,0,0,0,0,0,0,85,17,0,0
2020-08-19,2020,8,2,34,232,0,0,0,0,0,0,86,18,0,0
2020-08-20,2020,8,3,34,233,0,0,0,0,0,0,87,19,0,0
2020-08-21,2020,8,4,34,234,1,0,0,0,0,0,88,20,0,0
2020-08-22,2020,8,5,34,235,1,0,0,0,0,0,89,21,0,0
2020-08-23,2020,8,6,34,236,0,0,0,0,0,0,90,22,0,0
2020-08-24,2020,8,0,35,237,0,0,0,0,0,0,91,23,0,0
2020-08-25,2020,8,1,35,238,0,0,0,0,0,0,92,24,0,0
2020-08-26,2020,8,2,35,239,0,0,0,0,0,0,93,25,0,0
2020-08-27,2020,8,3,35,240,0,0,0,0,0,0,94,26,0,0
2020-08-28,2020,8,4,35,241,1,0,0,0,0,0,95,27,0,0
2020-08-29,2020,8,5,35,242,1,0,0,0,0,0,96,28,0,0
2020-08-30,2020,8,6,35,243,0,0,0,0,0,0,97,29,0,0
2020-08-31,2020,8,0,36,244,0,0,0,0,0,0,98,30,0,0
2020-09-01,2020,9,1,36,245,0,0,0,0,0,0,99,31,0,0
2020-09-02,2020,9,2,36,246,0,0,0,0,0,0,100,32,0,0
2020-09-03,2020,9,3,36,247,0,0,0,0,0,0,101,33,0,0
2020-09-04,2020,9,4,36,248,1,0,0,0,0,0,102,34,0,0
2020-09-05,2020,9,5,36,249,1,0,0,0,0,0,103,35,0,0
2020-09-06,2020,9,6,36,250,0,0,0,0,0,0,104,36,0,0
2020-09-07,2020,9,0,37,251,0,0,0,0,0,0,105,37,0,0
2020-09-08,2020,9,1,37,252,0,0,0,0,0,0,106,38,0,0
2020-09-09,2020,9,2,37,253,0,0,0,0,0,0,107,39,0,0
2020-09-10,2020,9,3,37,254,0,0,0,0,0,0,108,40,0,0
2020-09-11,2020,9,4,37,255,1,0,0,0,0,0,109,41,0,0
2020-09-12,2020,9,5,37,256,1,0,0,0,0,0,110,42,0,0
2020-09-13,2020,9,6,37,257,0,0,0,0,0,0,111,43,0,0
2020-09-14,2020,9,0,38,258,0,0,0,0,0,0,112,44,0,0
2020-09-15,2020,9,1,38,259,0,0,0,0,0,0,113,45,0,0
2020-09-16,2020,9,2,38,260,0,0,0,0,0,0,114,46,0,0
2020-09-17,2020,9,3,38,261,0,0,0,0,0,0,115,47,0,0
2020-09-18,2020,9,4,38,262,1,0,0,0,0,0,116,48,0,0
2020-09-19,2020,9,5,38,263,1,0,0,0,0,0,117,49,0,0
2020-09-20,2020,9,6,38,264,0,0,0,0,0,0,118,50,0,0
2020-09-21,2020,9,0,39,265,0,0,0,0,0,0,119,51,0,0
2020-09-22,2020,9,1,39,266,0,0,0,0,0,0,120,52,0,0
2020-09-23,2020,9,2,39,267,0,0,0,0,0,0,121,53,0,0
2020-09-24,2020,9,3,39,268,0,0,0,0,0,0,122,54,0,0
2020-09-25,2020,9,4,39,269,1,0,0,0,0,0,123,55,0,0
2020-09-26,2020,9,5,39,270,1,0,0,0,0,0,124,56,0,0
2020-09-27,2020,9,6,39,271,0,0,0,0,0,0,125,57,0,0
2020-09-28,2020,9,0,40,272,0,0,0,0,0,0,126,58,0,0
2020-09-29,2020,9,1,40,273,0,0,0,0,0,0,127,59,0,0
2020-09-30,2020,9,2,40,274,0,0,0,0,0,0,128,60,0,0
2020-10-01,2020,10,3,40,275,0,0,0,0,0,0,129,61,0,0
2020-10-02,2020,10,4,40,276,1,0,0,0,0,0,130,62,0,0
2020-10-03,2020,10,5,40,277,1,0,0,0,0,0,131,63,0,0
2020-10-04,2020,10,6,40,278,0,0,0,0,0,0,132,64,0,0
2020-10-05,2020,10,0,41,279,0,0,0,0,0,0,133,65,0,0
2020-10-06,2020,10,1,41,280,0,0,0,0,0,0,134,66,0,0
2020-10-07,2020,10,2,41,281,0,0,0,0,0,0,135,67,0,0
2020-10-08,2020,10,3,41,282,0,0,0,0,0,0,136,68,0,0
2020-10-09,2020,10,4,41,283,1,0,0,0,0,0,137,69,0,0
2020-10-10,2020,10,5,41,284,1,0,0,0,0,0,138,70,0,0
2020-10-11,2020,10,6,41,285,0,0,0,0,0,0,139,71,0,0
2020-10-12,2020,10,0,42,286,0,0,0,0,0,0,140,72,0,0
2020-10-13,2020,10,1,42,287,0,0,0,0,0,0,141,73,0,0
2020-10-14,2020,10,2,42,288,0,0,0,0,0,0,142,74,0,0
2020-10-15,2020,10,3,42,289,0,0,0,0,0,0,143,75,0,0
2020-10-16,2020,10,4,42,290,1,0,0,0,0,0,144,76,0,0
2020-10-17,2020,10,5,42,291,1,0,0,0,0,0,145,77,0,0
2020-10-18,2020,10,6,42,292,0,0,0,0,0,0,146,78,0,0
2020-10-19,2020,10,0,43,293,0,0,0,0,0,0,147,79,0,0
2020-10-20,2020,10,1,43,294,0,0,0,0,0,0,148,80,0,0
2020-10-21,2020,10,2,43,295,0,0,0,0,0,0,149,81,0,0
2020-10-22,2020,10,3,43,296,0,0,0,0,0,0,150,82,0,0
2020-10-23,2020,10,4,43,297,1,0,0,0,0,0,151,83,0,0
2020-10-24,2020,10,5,43,298,1,0,0,0,0,0,152,84,0,0
2020-10-25,2020,10,6,43,299,0,0,0,0,0,0,153,85,0,0
2020-10-26,2020,10,0,44,300,0,0,0,0,0,0,154,86,0,0
2020-10-27,2020,10,1,44,301,0,0,0,0,0,0,155,87,0,0
2020-10-28,2020,10,2,44,302,0,0,0,0,0,0,156,88,0,0
2020-10-29,2020,10,3,44,303,0,0,0,0,0,0,157,89,0,0
2020-10-30,2020,10,4,44,304,1,0,0,0,0,0,158,90,0,0
2020-10-31,2020,10,5,44,305,1,0,0,0,0,0,159,91,0,0
2020-11-01,2020,11,6,44,306,0,0,0,0,0,0,160,92,0,0
2020-11-02,2020,11,0,45,307,0,0,0,0,0,0,161,93,0,0
2020-11-03,2020,11,1,45,308,0,0,0,0,0,0,162,94,0,0
2020-11-04,2020,11,2,45,309,0,0,0,0,0,0,163,95,0,0
2020-11-05,2020,11,3,45,310,0,0,0,0,0,0,164,96,0,0
2020-11-06,2020,11,4,45,311,1,0,0,0,0,0,165,97,0,0
2020-11-07,2020,11,5,45,312,1,0,0,0,0,0,166,98,0,0
2020-11-08,2020,11,6,45,313,0,0,0,0,0,0,167,99,0,0
2020-11-09,2020,11,0,46,314,0,0,0,0,0,0,168,100,0,0
2020-11-10,2020,11,1,46,315,0,0,0,0,0,0,169,101,0,0
2020-11-11,2020,11,2,46,316,0,0,0,0,0,0,170,102,0,0
2020-11-12,2020,11,3,46,317,0,0,0,0,0,0,171,103,0,0
2020-11-13,2020,11,4,46,318,1,0,0,0,0,0,172,104,0,0
2020-11-14,2020,11,5,46,319,1,0,0,0,0,0,173,105,0,0
2020-11-15,2020,11,6,46,320,0,0,0,0,0,0,174,106,0,0
2020-11-16,2020,11,0,47,321,0,0,0,0,0,0,175,107,0,0
2020-11-17,2020,11,1,47,322,0,0,0,0,0,0,176,108,0,0
2020-11-18,2020,11,2,47,323,0,0,0,0,0,0,177,109,0,0
2020-11-19,2020,11,3,47,324,0,0,0,0,0,0,-176,110,0,0
2020-11-20,2020,11,4,47,325,1,0,0,0,0,0,-175,111,0,0
2020-11-21,2020,11,5,47,326,1,0,0,0,0,0,-174,112,0,0
2020-11-22,2020,11,6,47,327,0,0,0,0,0,0,-173,113,0,0
2020-11-23,2020,11,0,48,328,0,0,0,0,0,0,-172,114,0,0
2020-11-24,2020,11,1,48,329,0,0,0,0,0,0,-171,115,0,0
2020-11-25,2020,11,2,48,330,0,0,0,0,0,0,-170,116,0,0
2020-11-26,2020,11,3,48,331,0,0,0,0,0,0,-169,117,0,0
2020-11-27,2020,11,4,48,332,1,0,0,0,0,0,-168,118,0,0
2020-11-28,2020,11,5,48,333,1,0,0,0,0,0,-167,119,0,0
2020-11-29,2020,11,6,48,334,0,0,0,0,0,0,-166,120,0,0
2020-11-30,2020,11,0,49,335,0,0,0,0,0,0,-165,121,0,0
2020-12-01,2020,12,1,49,336,0,0,0,0,0,0,-164,122,0,0
2020-12-02,2020,12,2,49,337,0,0,0,0,0,0,-163,123,0,0
2020-12-03,2020,12,3,49,338,0,0,0,0,0,0,-162,124,0,0
2020-12-04,2020,12,4,49,339,1,0,0,0,0,0,-161,125,0,0
2020-12-05,2020,12,5,49,340,1,0,0,0,0,0,-160,126,0,0
2020-12-06,2020,12,6,49,341,0,0,0,0,0,0,-159,127,0,0
2020-12-07,2020,12,0,50,342,0,0,0,0,0,0,-158,128,0,0
2020-12-08,2020,12,1,50,343,0,0,0,0,0,0,-157,129,0,0
2020-12-09,2020,12,2,50,344,0,0,0,0,0,0,-156,130,0,0
2020-12-10,2020,12,3,50,345,0,0,0,0,0,0,-155,131,0,0
2020-12-11,2020,12,4,50,346,1,0,0,0,0,0,-154,132,0,0
2020-12-12,2020,12,5,50,347,1,0,0,0,0,0,-153,133,0,0
2020-12-13,2020,12,6,50,348,0,0,0,0,0,0,-152,134,0,0
2020-12-14,2020,12,0,51,349,0,0,0,0,0,0,-151,135,0,0
2020-12-15,2020,12,1,51,350,0,0,0,0,0,0,-150,136,0,1
2020-12-16,2020,12,2,51,351,0,1,1,0,0,0,-149,137,0,1
2020-12-17,2020,12,3,51,352,0,0,0,0,0,0,-148,138,0,1
2020-12-18,2020,12,4,51,353,1,0,0,0,0,0,-147,139,0,1
2020-12-19,2020,12,5,51,354,1,0,0,0,0,0,-146,140,0,1
2020-12-20,2020,12,6,51,355,0,0,0,0,0,0,-145,141,0,1
2020-12-21,2020,12,0,52,356,0,0,0,0,0,0,-144,142,0,1
2020-12-22,2020,12,1,52,357,0,0,0,0,0,0,-143,143,0,1
2020-12-23,2020,12,2,52,358,0,0,0,0,0,0,-142,144,0,1
2020-12-24,2020,12,3,52,359,0,0,0,0,0,0,-141,145,0,1
2020-12-25,2020,12,4,52,360,1,1,1,0,0,0,-140,146,0,1
2020-12-26,2020,12,5,52,361,1,0,0,0,0,0,-139,147,0,1
2020-12-27,2020,12,6,52,362,0,0,0,0,0,0,-138,148,0,1
2020-12-28,2020,12,0,53,363,0,0,0,0,0,0,-137,149,0,1
2020-12-29,2020,12,1,53,364,0,0,0,0,0,0,-136,150,0,1
2020-12-30,2020,12,2,53,365,0,0,0,0,0,0,-135,151,0,1
2020-12-31,2020,12,3,53,366,0,0,0,0,0,0,-134,152,0,1
2021-01-01,2021,1,4,53,1,1,0,0,0,0,0,-133,153,0,1
2021-01-02,2021,1,5,53,2,1,0,0,0,0,0,-132,154,0,1
2021-01-03,2021,1,6,53,3,0,0,0,0,0,0,-131,155,0,1
2021-01-04,2021,1,0,1,4,0,0,0,0,0,0,-130,156,0,1
2021-01-05,2021,1,1,1,5,0,0,0,0,0,0,-129,157,0,1
2021-01-06,2021,1,2,1,6,0,0,0,0,0,0,-128,158,0,1
2021-01-07,2021,1,3,1,7,0,0,0,0,0,0,-127,159,0,1
2021-01-08,2021,1,4,1,8,1,0,0,0,0,0,-126,160,0,1
2021-01-09,2021,1,5,1,9,1,0,0,0,0,0,-125,161,0,1
2021-01-10,2021,1,6,1,10,0,0,0,0,0,0,-124,162,0,1
2021-01-11,2021,1,0,2,11,0,0,0,0,0,0,-123,163,0,1
2021-01-12,2021,1,1,2,12,0,0,0,0,0,0,-122,164,0,1
2021-01-13,2021,1,2,2,13,0,0,0,0,0,0,-121,165,0,1
2021-01-14,2021,1,3,2,14,0,0,0,0,0,0,-120,166,0,1
2021-01-15,2021,1,4,2,15,1,0,0,0,0,0,-119,167,0,1
2021-01-16,2021,1,5,2,16,1,0,0,0,0,0,-118,168,0,1
2021-01-17,2021,1,6,2,17,0,0,0,0,0,0,-117,169,0,1
2021-01-18,2021,1,0,3,18,0,0,0,0,0,0,-116,170,0,1
2021-01-19,2021,1,1,3,19,0,0,0,0,0,0,-115,171,0,1
2021-01-20,2021,1,2,3,20,0,0,0,0,0,0,-114,172,0,1
2021-01-21,2021,1,3,3,21,0,0,0,0,0,0,-113,173,0,1
2021-01-22,2021,1,4,3,22,1,0,0,0,0,0,-112,174,0,1
2021-01-23,2021,1,5,3,23,1,0,0,0,0,0,-111,175,0,1
2021-01-24,2021,1,6,3,24,0,0,0,0,0,0,-110,176,0,1
2021-01-25,2021,1,0,4,25,0,0,0,0,0,0,-109,177,0,1
2021-01-26,2021,1,1,4,26,0,0,0,0,0,0,-108,-176,0,1
2021-01-27,2021,1,2,4,27,0,0,0,0,0,0,-107,-175,0,1
2021-01-28,2021,1,3,4,28,0,0,0,0,0,0,-106,-174,0,1
2021-01-29,2021,1,4,4,29,1,0,0,0,0,0,-105,-173,0,1
2021-01-30,2021,1,5,4,30,1,0,0,0,0,0,-104,-172,0,1
2021-01-31,2021,1,6,4,31,0,0,0,0,0,0,-103,-171,0,1
2021-02-01,2021,2,0,5,32,0,0,0,0,0,0,-102,-170,0,1
2021-02-02,2021,2,1,5,33,0,0,0,0,0,0,-101,-169,0,1
2021-02-03,2021,2,2,5,34,0,0,0,0,0,0,-100,-168,0,1
2021-02-04,2021,2,3,5,35,0,0,0,0,0,0,-99,-167,0,1
2021-02-05,2021,2,4,5,36,1,0,0,0,0,0,-98,-166,0,1
2021-02-06,2021,2,5,5,37,1,0,0,0,0,0,-97,-165,0,1
2021-02-07,2021,2,6,5,38,0,0,0,0,0,0,-96,-164,0,1
2021-02-08,2021,2,0,6,39,0,0,0,0,0,0,-95,-163,0,1
2021-02-09,2021,2,1,6,40,0,0,0,0,0,0,-94,-162,0,1
2021-02-10,2021,2,2,6,41,0,0,0,0,0,0,-93,-161,0,1
2021-02-11,2021,2,3,6,42,0,0,0,0,0,0,-92,-160,0,1
2021-02-12,2021,2,4,6,43,1,0,0,0,0,0,-91,-159,0,1
2021-02-13,2021,2,5,6,44,1,0,0,0,0,0,-90,-158,0,1
2021-02-14,2021,2,6,6,45,0,0,0,0,0,0,-89,-157,0,1
2021-02-15,2021,2,0,7,46,0,0,0,0,0,0,-88,-156,0,1
2021-02-16,2021,2,1,7,47,0,0,0,0,0,0,-87,-155,0,0
2021-02-17,2021,2,2,7,48,0,0,0,0,0,0,-86,-154,0,0
2021-02-18,2021,2,3,7,49,0,0,0,0,0,0,-85,-153,0,0
2021-02-19,2021,2,4,7,50,1,0,0,0,0,0,-84,-152,0,0
2021-02-20,2021,2,5,7,51,1,0,0,0,0,0,-83,-151,0,0
2021-02-21,2021,2,6,7,52,0,1,1,0,0,0,-82,-150,0,0
2021-02-22,2021,2,0,8,53,0,0,0,0,0,0,-81,-149,0,0
2021-02-23,2021,2,1,8,54,0,0,0,0,0,0,-80,-148,0,0
2021-02-24,2021,2,2,8,55,0,0,0,0,0,0,-79,-147,0,0
2021-02-25,2021,2,3,8,56,0,0,0,0,0,0,-78,-146,0,0
2021-02-26,2021,2,4,8,57,1,0,0,0,0,0,-77,-145,0,0
2021-02-27,2021,2,5,8,58,1,0,0,0,0,0,-76,-144,0,0
2021-02-28,2021,2,6,8,59,0,0,0,0,0,0,-75,-143,0,0
2021-03-01,2021,3,0,9,60,0,0,0,0,0,0,-74,-142,0,0
2021-03-02,2021,3,1,9,61,0,0,0,0,0,0,-73,-141,0,0
2021-03-03,2021,3,2,9,62,0,0,0,0,0,0,-72,-140,0,0
2021-03-04,2021,3,3,9,63,0,0,0,0,0,0,-71,-139,0,0
2021-03-05,2021,3,4,9,64,1,0,0,0,0,0,-70,-138,0,0
2021-03-06,2021,3,5,9,65,1,0,0,0,0,0,-69,-137,0,0
2021-03-07,2021,3,6,9,66,0,0,0,0,0,0,-68,-136,0,0
2021-03-08,2021,3,0,10,67,0,0,0,0,0,0,-67,-135,0,0
2021-03-09,2021,3,1,10,68,0,0,0,0,0,0,-66,-134,0,0
2021-03-10,2021,3,2,10,69,0,0,0,0,0,0,-65,-133,0,0
2021-03-11,2021,3,3,10,70,0,0,0,0,0,0,-64,-132,0,0
2021-03-12,2021,3,4,10,71,1,0,0,0,0,0,-63,-131,0,0
2021-03-13,2021,3,5,10,72,1,0,0,0,0,0,-62,-130,0,0
2021-03-14,2021,3,6,10,73,0,0,0,0,0,0,-61,-129,0,0
2021-03-15,2021,3,0,11,74,0,0,0,0,0,0,-60,-128,0,0
2021-03-16,2021,3,1,11,75,0,0,0,0,0,0,-59,-127,0,0
2021-03-17,2021,3,2,11,76,0,0,0,0,0,0,-58,-126,0,0
2021-03-18,2021,3,3,11,77,0,0,0,0,0,0,-57,-125,0,0
2021-03-19,2021,3,4,11,78,1,0,0,0,0,0,-56,-124,0,0
2021-03-20,2021,3,5,11,79,1,0,0,0,0,0,-55,-123,0,0
2021-03-21,2021,3,6,11,80,0,0,0,0,0,0,-54,-122,0,0
2021-03-22,2021,3,0,12,81,0,0,0,0,0,0,-53,-121,0,0
2021-03-23,2021,3,1,12,82,0,0,0,0,0,0,-52,-120,0,0
2021-03-24,2021,3,2,12,83,0,0,0,0,0,0,-51,-119,0,0
2021-03-25,2021,3,3,12,84,0,0,0,0,0,0,-50,-118,0,0
2021-03-26,2021,3,4,12,85,1,1,1,0,0,0,-49,-117,0,0
2021-03-27,2021,3,5,12,86,1,0,0,0,0,0,-48,-116,0,0
2021-03-28,2021,3,6,12,87,0,0,0,0,0,0,-47,-115,0,0
2021-03-29,2021,3,0,13,88,0,0,0,0,0,0,-46,-114,0,0
2021-03-30,2021,3,1,13,89,0,0,0,0,0,0,-45,-113,0,0
2021-03-31,2021,3,2,13,90,0,0,0,0,0,0,-44,-112,0,0
2021-04-01,2021,4,3,13,91,0,0,0,0,0,0,-43,-111,0,0
2021-04-02,2021,4,4,13,92,1,0,0,0,0,0,-42,-110,0,0
2021-04-03,2021,4,5,13,93,1,0,0,0,0,0,-41,-109,0,0
2021-04-04,2021,4,6,13,94,0,0,0,0,0,0,-40,-108,0,0
2021-04-05,2021,4,0,14,95,0,0,0,0,0,0,-39,-107,0,0
2021-04-06,2021,4,1,14,96,0,0,0,0,0,0,-38,-106,0,0
2021-04-07,2021,4,2,14,97,0,0,0,0,0,0,-37,-105,0,0
2021-04-08,2021,4,3,14,98,0,0,0,0,0,0,-36,-104,0,0
2021-04-09,2021,4,4,14,99,1,0,0,0,0,0,-35,-103,0,0
2021-04-10,2021,4,5,14,100,1,0,0,0,0,0,-34,-102,0,0
2021-04-11,2021,4,6,14,101,0,0,0,0,0,0,-33,-101,0,0
2021-04-12,2021,4,0,15,102,0,0,0,0,0,0,-32,-100,0,0
2021-04-13,2021,4,1,15,103,0,0,0,0,0,0,-31,-99,0,0
2021-04-14,2021,4,2,15,104,0,1,1,0,1,1,-30,-98,0,0
2021-04-15,2021,4,3,15,105,0,0,0,0,1,2,-29,-97,0,0
2021-04-16,2021,4,4,15,106,1,0,0,0,1,3,-28,-96,0,0
2021-04-17,2021,4,5,15,107,1,0,0,0,1,4,-27,-95,0,0
2021-04-18,2021,4,6,15,108,0,0,0,0,1,5,-26,-94,0,0
2021-04-19,2021,4,0,16,109,0,0,0,0,1,6,-25,-93,0,0
2021-04-20,2021,4,1,16,110,0,0,0,0,1,7,-24,-92,0,0
2021-04-21,2021,4,2,16,111,0,0,0,0,1,8,-23,-91,0,0
2021-04-22,2021,4,3,16,112,0,0,0,0,1,9,-22,-90,0,0
2021-04-23,2021,4,4,16,113,1,0,0,0,1,10,-21,-89,0,0
2021-04-24,2021,4,5,16,114,1,0,0,0,1,11,-20,-88,0,0
2021-04-25,2021,4,6,16,115,0,0,0,0,1,12,-19,-87,0,0
2021-04-26,2021,4,0,17,116,0,0,0,0,1,13,-18,-86,0,0
2021-04-27,2021,4,1,17,117,0,0,0,0,1,14,-17,-85,0,0
2021-04-28,2021,4,2,17,118,0,0,0,0,1,15,-16,-84,0,0
2021-04-29,2021,4,3,17,119,0,0,0,0,1,16,-15,-83,0,0
2021-04-30,2021,4,4,17,120,1,0,0,0,1,17,-14,-82,0,0
2021-05-01,2021,5,5,17,121,1,1,1,0,1,18,-13,-81,0,0
2021-05-02,2021,5,6,17,122,0,0,0,0,1,19,-12,-80,0,0
2021-05-03,2021,5,0,18,123,0,0,0,0,1,20,-11,-79,0,0
2021-05-04,2021,5,1,18,124,0,0,0,0,1,21,-10,-78,0,0
2021-05-05,2021,5,2,18,125,0,0,0,0,1,22,-9,-77,0,0
2021-05-06,2021,5,3,18,126,0,0,0,0,1,23,-8,-76,0,0
2021-05-07,2021,5,4,18,127,1,0,0,0,1,24,-7,-75,0,0
2021-05-08,2021,5,5,18,128,1,0,0,0,1,25,-6,-74,0,0
2021-05-09,2021,5,6,18,129,0,0,0,0,1,26,-5,-73,1,0
2021-05-10,2021,5,0,19,130,0,0,0,0,1,27,-4,-72,1,0
2021-05-11,2021,5,1,19,131,0,0,0,0,1,28,-3,-71,1,0
2021-05-12,2021,5,2,19,132,0,0,0,0,1,29,-2,-70,1,0
2021-05-13,2021,5,3,19,133,0,1,0,1,1,30,-1,-69,1,0
2021-05-14,2021,5,4,19,134,1,1,0,1,0,0,0,-68,1,0
2021-05-15,2021,5,5,19,135,1,1,0,1,0,0,1,-67,1,0
2021-05-16,2021,5,6,19,136,0,0,0,0,0,0,2,-66,1,0
2021-05-17,2021,5,0,20,137,0,0,0,0,0,0,3,-65,1,0
2021-05-18,2021,5,1,20,138,0,0,0,0,0,0,4,-64,1,0
2021-05-19,2021,5,2,20,139,0,0,0,0,0,0,5,-63,1,0
2021-05-20,2021,5,3,20,140,0,0,0,0,0,0,6,-62,0,0
2021-05-21,2021,5,4,20,141,1,0,0,0,0,0,7,-61,0,0
2021-05-22,2021,5,5,20,142,1,0,0,0,0,0,8,-60,0,0
2021-05-23,2021,5,6,20,143,0,0,0,0,0,0,9,-59,0,0
2021-05-24,2021,5,0,21,144,0,0,0,0,0,0,10,-58,0,0
2021-05-25,2021,5,1,21,145,0,0,0,0,0,0,11,-57,0,0
2021-05-26,2021,5,2,21,146,0,0,0,0,0,0,12,-56,0,0
2021-05-27,2021,5,3,21,147,0,0,0,0,0,0,13,-55,0,0
2021-05-28,2021,5,4,21,148,1,0,0,0,0,0,14,-54,0,0
2021-05-29,2021,5,5,21,149,1,0,0,0,0,0,15,-53,0,0
2021-05-30,2021,5,6,21,150,0,0,0,0,0,0,16,-52,0,0
2021-05-31,2021,5,0,22,151,0,0,0,0,0,0,17,-51,0,0
2021-06-01,2021,6,1,22,152,0,0,0,0,0,0,18,-50,0,0
2021-06-02,2021,6,2,22,153,0,0,0,0,0,0,19,-49,0,0
2021-06-03,2021,6,3,22,154,0,0,0,0,0,0,20,-48,0,0
2021-06-04,2021,6,4,22,155,1,0,0,0,0,0,21,-47,0,0
2021-06-05,2021,6,5,22,156,1,0,0,0,0,0,22,-46,0,0
2021-06-06,2021,6,6,22,157,0,0,0,0,0,0,23,-45,0,0
2021-06-07,2021,6,0,23,158,0,0,0,0,0,0,24,-44,0,0
2021-06-08,2021,6,1,23,159,0,0,0,0,0,0,25,-43,0,0
2021-06-09,2021,6,2,23,160,0,0,0,0,0,0,26,-42,0,0
2021-06-10,2021,6,3,23,161,0,0,0,0,0,0,27,-41,0,0
2021-06-11,2021,6,4,23,162,1,0,0,0,0,0,28,-40,0,0
2021-06-12,2021,6,5,23,163,1,0,0,0,0,0,29,-39,0,0
2021-06-13,2021,6,6,23,164,0,0,0,0,0,0,30,-38,0,0
2021-06-14,2021,6,0,24,165,0,0,0,0,0,0,31,-37,0,0
2021-06-15,2021,6,1,24,166,0,0,0,0,0,0,32,-36,0,0
2021-06-16,2021,6,2,24,167,0,0,0,0,0,0,33,-35,0,0
2021-06-17,2021,6,3,24,168,0,0,0,0,0,0,34,-34,0,0
2021-06-18,2021,6,4,24,169,1,0,0,0,0,0,35,-33,0,0
2021-06-19,2021,6,5,24,170,1,0,0,0,0,0,36,-32,0,0
2021-06-20,2021,6,6,24,171,0,0,0,0,0,0,37,-31,0,0
2021-06-21,2021,6,0,25,172,0,0,0,0,0,0,38,-30,0,0
2021-06-22,2021,6,1,25,173,0,0,0,0,0,0,39,-29,0,0
2021-06-23,2021,6,2,25,174,0,0,0,0,0,0,40,-28,0,0
2021-06-24,2021,6,3,25,175,0,0,0,0,0,0,41,-27,0,0
2021-06-25,2021,6,4,25,176,1,0,0,0,0,0,42,-26,0,0
2021-06-26,2021,6,5,25,177,1,0,0,0,0,0,43,-25,0,0
2021-06-27,2021,6,6,25,178,0,0,0,0,0,0,44,-24,0,0
2021-06-28,2021,6,0,26,179,0,0,0,0,0,0,45,-23,0,0
2021-06-29,2021,6,1,26,180,0,0,0,0,0,0,46,-22,0,0
2021-06-30,2021,6,2,26,181,0,0,0,0,0,0,47,-21,0,0
2021-07-01,2021,7,3,26,182,0,0,0,0,0,0,48,-20,0,0
2021-07-02,2021,7,4,26,183,1,0,0,0,0,0,49,-19,0,0
2021-07-03,2021,7,5,26,184,1,0,0,0,0,0,50,-18,0,0
2021-07-04,2021,7,6,26,185,0,0,0,0,0,0,51,-17,0,0
2021-07-05,2021,7,0,27,186,0,0,0,0,0,0,52,-16,0,0
2021-07-06,2021,7,1,27,187,0,0,0,0,0,0,53,-15,0,0
2021-07-07,2021,7,2,27,188,0,0,0,0,0,0,54,-14,0,0
2021-07-08,2021,7,3,27,189,0,0,0,0,0,0,55,-13,0,0
2021-07-09,2021,7,4,27,190,1,0,0,0,0,0,56,-12,0,0
2021-07-10,2021,7,5,27,191,1,0,0,0,0,0,57,-11,0,0
2021-07-11,2021,7,6,27,192,0,0,0,0,0,0,58,-10,0,0
2021-07-12,2021,7,0,28,193,0,0,0,0,0,0,59,-9,0,0
2021-07-13,2021,7,1,28,194,0,0,0,0,0,0,60,-8,0,0
2021-07-14,2021,7,2,28,195,0,0,0,0,0,0,61,-7,0,0
2021-07-15,2021,7,3,28,196,0,0,0,0,0,0,62,-6,0,0
2021-07-16,2021,7,4,28,197,1,0,0,0,0,0,63,-5,1,0
2021-07-17,2021,7,5,28,198,1,0,0,0,0,0,64,-4,1,0
2021-07-18,2021,7,6,28,199,0,0,0,0,0,0,65,-3,1,0
2021-07-19,2021,7,0,29,200,0,0,0,0,0,0,66,-2,1,0
2021-07-20,2021,7,1,29,201,0,1,0,1,0,0,67,-1,1,0
2021-07-21,2021,7,2,29,202,0,1,0,1,0,0,68,0,1,0
2021-07-22,2021,7,3,29,203,0,1,0,1,0,0,69,1,1,0
2021-07-23,2021,7,4,29,204,1,0,0,0,0,0,70,2,1,0
2021-07-24,2021,7,5,29,205,1,0,0,0,0,0,71,3,1,0
2021-07-25,2021,7,6,29,206,0,0,0,0,0,0,72,4,1,0
2021-07-26,2021,7,0,30,207,0,0,0,0,0,0,73,5,1,0
2021-07-27,2021,7,1,30,208,0,0,0,0,0,0,74,6,0,0
2021-07-28,2021,7,2,30,209,0,0,0,0,0,0,75,7,0,0
2021-07-29,2021,7,3,30,210,0,0,0,0,0,0,76,8,0,0
2021-07-30,2021,7,4,30,211,1,0,0,0,0,0,77,9,0,0
2021-07-31,2021,7,5,30,212,1,0,0,0,0,0,78,10,0,0
2021-08-01,2021,8,6,30,213,0,0,0,0,0,0,79,11,0,0
2021-08-02,2021,8,0,31,214,0,0,0,0,0,0,80,12,0,0
2021-08-03,2021,8,1,31,215,0,0,0,0,0,0,81,13,0,0
2021-08-04,2021,8,2,31,216,0,0,0,0,0,0,82,14,0,0
2021-08-05,2021,8,3,31,217,0,0,0,0,0,0,83,15,0,0
2021-08-06,2021,8,4,31,218,1,0,0,0,0,0,84,16,0,0
2021-08-07,2021,8,5,31,219,1,0,0,0,0,0,85,17,0,0
2021-08-08,2021,8,6,31,220,0,0,0,0,0,0,86,18,0,0
2021-08-09,2021,8,0,32,221,0,0,0,0,0,0,87,19,0,0
2021-08-10,2021,8,1,32,222,0,0,0,0,0,0,88,20,0,0
2021-08-11,2021,8,2,32,223,0,0,0,0,0,0,89,21,0,0
2021-08-12,2021,8,3,32,224,0,0,0,0,0,0,90,22,0,0
2021-08-13,2021,8,4,32,225,1,0,0,0,0,0,91,23,0,0
2021-08-14,2021,8,5,32,226,1,0,0,0,0,0,92,24,0,0
2021-08-15,2021,8,6,32,227,0,0,0,0,0,0,93,25,0,0
2021-08-16,2021,8,0,33,228,0,0,0,0,0,0,94,26,0,0
2021-08-17,2021,8,1,33,229,0,0,0,0,0,0,95,27,0,0
2021-08-18,2021,8,2,33,230,0,0,0,0,0,0,96,28,0,0
2021-08-19,2021,8,3,33,231,0,0,0,0,0,0,97,29,0,0
2021-08-20,2021,8,4,33,232,1,0,0,0,0,0,98,30,0,0
2021-08-21,2021,8,5,33,233,1,0,0,0,0,0,99,31,0,0
2021-08-22,2021,8,6,33,234,0,0,0,0,0,0,100,32,0,0
2021-08-23,2021,8,0,34,235,0,0,0,0,0,0,101,33,0,0
2021-08-24,2021,8,1,34,236,0,0,0,0,0,0,102,34,0,0
2021-08-25,2021,8,2,34,237,0,0,0,0,0,0,103,35,0,0
2021-08-26,2021,8,3,34,238,0,0,0,0,0,0,104,36,0,0
2021-08-27,2021,8,4,34,239,1,0,0,0,0,0,105,37,0,0
2021-08-28,2021,8,5,34,240,1,0,0,0,0,0,106,38,0,0
2021-08-29,2021,8,6,34,241,0,0,0,0,0,0,107,39,0,0
2021-08-30,2021,8,0,35,242,0,0,0,0,0,0,108,40,0,0
2021-08-31,2021,8,1,35,243,0,0,0,0,0,0,109,41,0,0
2021-09-01,2021,9,2,35,244,0,0,0,0,0,0,110,42,0,0
2021-09-02,2021,9,3,35,245,0,0,0,0,0,0,111,43,0,0
2021-09-03,2021,9,4,35,246,1,0,0,0,0,0,112,44,0,0
2021-09-04,2021,9,5,35,247,1,0,0,0,0,0,113,45,0,0
2021-09-05,2021,9,6,35,248,0,0,0,0,0,0,114,46,0,0
2021-09-06,2021,9,0,36,249,0,0,0,0,0,0,115,47,0,0
2021-09-07,2021,9,1,36,250,0,0,0,0,0,0,116,48,0,0
2021-09-08,2021,9,2,36,251,0,0,0,0,0,0,117,49,0,0
2021-09-09,2021,9,3,36,252,0,0,0,0,0,0,118,50,0,0
2021-09-10,2021,9,4,36,253,1,0,0,0,0,0,119,51,0,0
2021-09-11,2021,9,5,36,254,1,0,0,0,0,0,120,52,0,0
2021-09-12,2021,9,6,36,255,0,0,0,0,0,0,121,53,0,0
2021-09-13,2021,9,0,37,256,0,0,0,0,0,0,122,54,0,0
2021-09-14,2021,9,1,37,257,0,0,0,0,0,0,123,55,0,0
2021-09-15,2021,9,2,37,258,0,0,0,0,0,0,124,56,0,0
2021-09-16,2021,9,3,37,259,0,0,0,0,0,0,125,57,0,0
2021-09-17,2021,9,4,37,260,1,0,0,0,0,0,126,58,0,0
2021-09-18,2021,9,5,37,261,1,0,0,0,0,0,127,59,0,0
2021-09-19,2021,9,6,37,262,0,0,0,0,0,0,128,60,0,0
2021-09-20,2021,9,0,38,263,0,0,0,0,0,0,129,61,0,0
2021-09-21,2021,9,1,38,264,0,0,0,0,0,0,130,62,0,0
2021-09-22,2021,9,2,38,265,0,0,0,0,0,0,131,63,0,0
2021-09-23,2021,9,3,38,266,0,0,0,0,0,0,132,64,0,0
2021-09-24,2021,9,4,38,267,1,0,0,0,0,0,133,65,0,0
2021-09-25,2021,9,5,38,268,1,0,0,0,0,0,134,66,0,0
2021-09-26,2021,9,6,38,269,0,0,0,0,0,0,135,67,0,0
2021-09-27,2021,9,0,39,270,0,0,0,0,0,0,136,68,0,0
2021-09-28,2021,9,1,39,271,0,0,0,0,0,0,137,69,0,0
2021-09-29,2021,9,2,39,272,0,0,0,0,0,0,138,70,0,0
2021-09-30,2021,9,3,39,273,0,0,0,0,0,0,139,71,0,0
2021-10-01,2021,10,4,39,274,1,0,0,0,0,0,140,72,0,0
2021-10-02,2021,10,5,39,275,1,0,0,0,0,0,141,73,0,0
2021-10-03,2021,10,6,39,276,0,0,0,0,0,0,142,74,0,0
2021-10-04,2021,10,0,40,277,0,0,0,0,0,0,143,75,0,0
2021-10-05,2021,10,1,40,278,0,0,0,0,0,0,144,76,0,0
2021-10-06,2021,10,2,40,279,0,0,0,0,0,0,145,77,0,0
2021-10-07,2021,10,3,40,280,0,0,0,0,0,0,146,78,0,0
2021-10-08,2021,10,4,40,281,1,0,0,0,0,0,147,79,0,0
2021-10-09,2021,10,5,40,282,1,0,0,0,0,0,148,80,0,0
2021-10-10,2021,10,6,40,283,0,0,0,0,0,0,149,81,0,0
2021-10-11,2021,10,0,41,284,0,0,0,0,0,0,150,82,0,0
2021-10-12,2021,10,1,41,285,0,0,0,0,0,0,151,83,0,0
2021-10-13,2021,10,2,41,286,0,0,0,0,0,0,152,84,0,0
2021-10-14,2021,10,3,41,287,0,0,0,0,0,0,153,85,0,0
2021-10-15,2021,10,4,41,288,1,0,0,0,0,0,154,86,0,0
2021-10-16,2021,10,5,41,289,1,0,0,0,0,0,155,87,0,0
2021-10-17,2021,10,6,41,290,0,0,0,0,0,0,156,88,0,0
2021-10-18,2021,10,0,42,291,0,0,0,0,0,0,157,89,0,0
2021-10-19,2021,10,1,42,292,0,0,0,0,0,0,158,90,0,0
2021-10-20,2021,10,2,42,293,0,0,0,0,0,0,159,91,0,0
2021-10-21,2021,10,3,42,294,0,0,0,0,0,0,160,92,0,0
2021-10-22,2021,10,4,42,295,1,0,0,0,0,0,161,93,0,0
2021-10-23,2021,10,5,42,296,1,0,0,0,0,0,162,94,0,0
2021-10-24,2021,10,6,42,297,0,0,0,0,0,0,163,95,0,0
2021-10-25,2021,10,0,43,298,0,0,0,0,0,0,164,96,0,0
2021-10-26,2021,10,1,43,299,0,0,0,0,0,0,165,97,0,0
2021-10-27,2021,10,2,43,300,0,0,0,0,0,0,166,98,0,0
2021-10-28,2021,10,3,43,301,0,0,0,0,0,0,167,99,0,0
2021-10-29,2021,10,4,43,302,1,0,0,0,0,0,168,100,0,0
2021-10-30,2021,10,5,43,303,1,0,0,0,0,0,169,101,0,0
2021-10-31,2021,10,6,43,304,0,0,0,0,0,0,170,102,0,0
2021-11-01,2021,11,0,44,305,0,0,0,0,0,0,171,103,0,0
2021-11-02,2021,11,1,44,306,0,0,0,0,0,0,172,104,0,0
2021-11-03,2021,11,2,44,307,0,0,0,0,0,0,173,105,0,0
2021-11-04,2021,11,3,44,308,0,0,0,0,0,0,174,106,0,0
2021-11-05,2021,11,4,44,309,1,0,0,0,0,0,175,107,0,0
2021-11-06,2021,11,5,44,310,1,0,0,0,0,0,176,108,0,0
2021-11-07,2021,11,6,44,311,0,0,0,0,0,0,177,109,0,0
2021-11-08,2021,11,0,45,312,0,0,0,0,0,0,-176,110,0,0
2021-11-09,2021,11,1,45,313,0,0,0,0,0,0,-175,111,0,0
2021-11-10,2021,11,2,45,314,0,0,0,0,0,0,-174,112,0,0
2021-11-11,2021,11,3,45,315,0,0,0,0,0,0,-173,113,0,0
2021-11-12,2021,11,4,45,316,1,0,0,0,0,0,-172,114,0,0
2021-11-13,2021,11,5,45,317,1,0,0,0,0,0,-171,115,0,0
2021-11-14,2021,11,6,45,318,0,0,0,0,0,0,-170,116,0,0
2021-11-15,2021,11,0,46,319,0,0,0,0,0,0,-169,117,0,0
2021-11-16,2021,11,1,46,320,0,0,0,0,0,0,-168,118,0,0
2021-11-17,2021,11,2,46,321,0,0,0,0,0,0,-167,119,0,0
2021-11-18,2021,11,3,46,322,0,0,0,0,0,0,-166,120,0,0
2021-11-19,2021,11,4,46,323,1,0,0,0,0,0,-165,121,0,0
2021-11-20,2021,11,5,46,324,1,0,0,0,0,0,-164,122,0,0
2021-11-21,2021,11,6,46,325,0,0,0,0,0,0,-163,123,0,0
2021-11-22,2021,11,0,47,326,0,0,0,0,0,0,-162,124,0,0
2021-11-23,2021,11,1,47,327,0,0,0,0,0,0,-161,125,0,0
2021-11-24,2021,11,2,47,328,0,0,0,0,0,0,-160,126,0,0
2021-11-25,2021,11,3,47,329,0,0,0,0,0,0,-159,127,0,0
2021-11-26,2021,11,4,47,330,1,0,0,0,0,0,-158,128,0,0
2021-11-27,2021,11,5,47,331,1,0,0,0,0,0,-157,129,0,0
2021-11-28,2021,11,6,47,332,0,0,0,0,0,0,-156,130,0,0
2021-11-29,2021,11,0,48,333,0,0,0,0,0,0,-155,131,0,0
2021-11-30,2021,11,1,48,334,0,0,0,0,0,0,-154,132,0,0
2021-12-01,2021,12,2,48,335,0,0,0,0,0,0,-153,133,0,0
2021-12-02,2021,12,3,48,336,0,0,0,0,0,0,-152,134,0,0
2021-12-03,2021,12,4,48,337,1,0,0,0,0,0,-151,135,0,0
2021-12-04,2021,12,5,48,338,1,0,0,0,0,0,-150,136,0,0
2021-12-05,2021,12,6,48,339,0,0,0,0,0,0,-149,137,0,0
2021-12-06,2021,12,0,49,340,0,0,0,0,0,0,-148,138,0,0
2021-12-07,2021,12,1,49,341,0,0,0,0,0,0,-147,139,0,0
2021-12-08,2021,12,2,49,342,0,0,0,0,0,0,-146,140,0,0
2021-12-09,2021,12,3,49,343,0,0,0,0,0,0,-145,141,0,0
2021-12-10,2021,12,4,49,344,1,0,0,0,0,0,-144,142,0,0
2021-12-11,2021,12,5,49,345,1,0,0,0,0,0,-143,143,0,0
2021-12-12,2021,12,6,49,346,0,0,0,0,0,0,-142,144,0,0
2021-12-13,2021,12,0,50,347,0,0,0,0,0,0,-141,145,0,0
2021-12-14,2021,12,1,50,348,0,0,0,0,0,0,-140,146,0,0
2021-12-15,2021,12,2,50,349,0,0,0,0,0,0,-139,147,0,1
2021-12-16,2021,12,3,50,350,0,1,1,0,0,0,-138,148,0,1
2021-12-17,2021,12,4,50,351,1,0,0,0,0,0,-137,149,0,1
2021-12-18,2021,12,5,50,352,1,0,0,0,0,0,-136,150,0,1
2021-12-19,2021,12,6,50,353,0,0,0,0,0,0,-135,151,0,1
2021-12-20,2021,12,0,51,354,0,0,0,0,0,0,-134,152,0,1
2021-12-21,2021,12,1,51,355,0,0,0,0,0,0,-133,153,0,1
2021-12-22,2021,12,2,51,356,0,0,0,0,0,0,-132,154,0,1
2021-12-23,2021,12,3,51,357,0,0,0,0,0,0,-131,155,0,1
2021-12-24,2021,12,4,51,358,1,0,0,0,0,0,-130,156,0,1
2021-12-25,2021,12,5,51,359,1,1,1,0,0,0,-129,157,0,1
2021-12-26,2021,12,6,51,360,0,0,0,0,0,0,-128,158,0,1
2021-12-27,2021,12,0,52,361,0,0,0,0,0,0,-127,159,0,1
2021-12-28,2021,12,1,52,362,0,0,0,0,0,0,-126,160,0,1
2021-12-29,2021,12,2,52,363,0,0,0,0,0,0,-125,161,0,1
2021-12-30,2021,12,3,52,364,0,0,0,0,0,0,-124,162,0,1
2021-12-31,2021,12,4,52,365,1,0,0,0,0,0,-123,163,0,1
2022-01-01,2022,1,5,52,1,1,0,0,0,0,0,-122,164,0,1
2022-01-02,2022,1,6,52,2,0,0,0,0,0,0,-121,165,0,1
2022-01-03,2022,1,0,1,3,0,0,0,0,0,0,-120,166,0,1
2022-01-04,2022,1,1,1,4,0,0,0,0,0,0,-119,167,0,1
2022-01-05,2022,1,2,1,5,0,0,0,0,0,0,-118,168,0,1
2022-01-06,2022,1,3,1,6,0,0,0,0,0,0,-117,169,0,1
2022-01-07,2022,1,4,1,7,1,0,0,0,0,0,-116,170,0,1
2022-01-08,2022,1,5,1,8,1,0,0,0,0,0,-115,171,0,1
2022-01-09,2022,1,6,1,9,0,0,0,0,0,0,-114,172,0,1
2022-01-10,2022,1,0,2,10,0,0,0,0,0,0,-113,173,0,1
2022-01-11,2022,1,1,2,11,0,0,0,0,0,0,-112,174,0,1
2022-01-12,2022,1,2,2,12,0,0,0,0,0,0,-111,175,0,1
2022-01-13,2022,1,3,2,13,0,0,0,0,0,0,-110,176,0,1
2022-01-14,2022,1,4,2,14,1,0,0,0,0,0,-109,177,0,1
2022-01-15,2022,1,5,2,15,1,0,0,0,0,0,-108,-176,0,1
2022-01-16,2022,1,6,2,16,0,0,0,0,0,0,-107,-175,0,1
2022-01-17,2022,1,0,3,17,0,0,0,0,0,0,-106,-174,0,1
2022-01-18,2022,1,1,3,18,0,0,0,0,0,0,-105,-173,0,1
2022-01-19,2022,1,2,3,19,0,0,0,0,0,0,-104,-172,0,1
2022-01-20,2022,1,3,3,20,0,0,0,0,0,0,-103,-171,0,1
2022-01-21,2022,1,4,3,21,1,0,0,0,0,0,-102,-170,0,1
2022-01-22,2022,1,5,3,22,1,0,0,0,0,0,-101,-169,0,1
2022-01-23,2022,1,6,3,23,0,0,0,0,0,0,-100,-168,0,1
2022-01-24,2022,1,0,4,24,0,0,0,0,0,0,-99,-167,0,1
2022-01-25,2022,1,1,4,25,0,0,0,0,0,0,-98,-166,0,1
2022-01-26,2022,1,2,4,26,0,0,0,0,0,0,-97,-165,0,1
2022-01-27,2022,1,3,4,27,0,0,0,0,0,0,-96,-164,0,1
2022-01-28,2022,1,4,4,28,1,0,0,0,0,0,-95,-163,0,1
2022-01-29,2022,1,5,4,29,1,0,0,0,0,0,-94,-162,0,1
2022-01-30,2022,1,6,4,30,0,0,0,0,0,0,-93,-161,0,1
2022-01-31,2022,1,0,5,31,0,0,0,0,0,0,-92,-160,0,1
2022-02-01,2022,2,1,5,32,0,0,0,0,0,0,-91,-159,0,1
2022-02-02,2022,2,2,5,33,0,0,0,0,0,0,-90,-158,0,1
2022-02-03,2022,2,3,5,34,0,0,0,0,0,0,-89,-157,0,1
2022-02-04,2022,2,4,5,35,1,0,0,0,0,0,-88,-156,0,1
2022-02-05,2022,2,5,5,36,1,0,0,0,0,0,-87,-155,0,1
2022-02-06,2022,2,6,5,37,0,0,0,0,0,0,-86,-154,0,1
2022-02-07,2022,2,0,6,38,0,0,0,0,0,0,-85,-153,0,1
2022-02-08,2022,2,1,6,39,0,0,0,0,0,0,-84,-152,0,1
2022-02-09,2022,2,2,6,40,0,0,0,0,0,0,-83,-151,0,1
2022-02-10,2022,2,3,6,41,0,0,0,0,0,0,-82,-150,0,1
2022-02-11,2022,2,4,6,42,1,0,0,0,0,0,-81,-149,0,1
2022-02-12,2022,2,5,6,43,1,0,0,0,0,0,-80,-148,0,1
2022-02-13,2022,2,6,6,44,0,0,0,0,0,0,-79,-147,0,1
2022-02-14,2022,2,0,7,45,0,0,0,0,0,0,-78,-146,0,1
2022-02-15,2022,2,1,7,46,0,0,0,0,0,0,-77,-145,0,1
2022-02-16,2022,2,2,7,47,0,0,0,0,0,0,-76,-144,0,0
2022-02-17,2022,2,3,7,48,0,0,0,0,0,0,-75,-143,0,0
2022-02-18,2022,2,4,7,49,1,0,0,0,0,0,-74,-142,0,0
2022-02-19,2022,2,5,7,50,1,0,0,0,0,0,-73,-141,0,0
2022-02-20,2022,2,6,7,51,0,0,0,0,0,0,-72,-140,0,0
2022-02-21,2022,2,0,8,52,0,1,1,0,0,0,-71,-139,0,0
2022-02-22,2022,2,1,8,53,0,0,0,0,0,0,-70,-138,0,0
2022-02-23,2022,2,2,8,54,0,0,0,0,0,0,-69,-137,0,0
2022-02-24,2022,2,3,8,55,0,0,0,0,0,0,-68,-136,0,0
2022-02-25,2022,2,4,8,56,1,0,0,0,0,0,-67,-135,0,0
2022-02-26,2022,2,5,8,57,1,0,0,0,0,0,-66,-134,0,0
2022-02-27,2022,2,6,8,58,0,0,0,0,0,0,-65,-133,0,0
2022-02-28,2022,2,0,9,59,0,0,0,0,0,0,-64,-132,0,0
2022-03-01,2022,3,1,9,60,0,0,0,0,0,0,-63,-131,0,0
2022-03-02,2022,3,2,9,61,0,0,0,0,0,0,-62,-130,0,0
2022-03-03,2022,3,3,9,62,0,0,0,0,0,0,-61,-129,0,0
2022-03-04,2022,3,4,9,63,1,0,0,0,0,0,-60,-128,0,0
2022-03-05,2022,3,5,9,64,1,0,0,0,0,0,-59,-127,0,0
2022-03-06,2022,3,6,9,65,0,0,0,0,0,0,-58,-126,0,0
2022-03-07,2022,3,0,10,66,0,0,0,0,0,0,-57,-125,0,0
2022-03-08,2022,3,1,10,67,0,0,0,0,0,0,-56,-124,0,0
2022-03-09,2022,3,2,10,68,0,0,0,0,0,0,-55,-123,0,0
2022-03-10,2022,3,3,10,69,0,0,0,0,0,0,-54,-122,0,0
2022-03-11,2022,3,4,10,70,1,0,0,0,0,0,-53,-121,0,0
2022-03-12,2022,3,5,10,71,1,0,0,0,0,0,-52,-120,0,0
2022-03-13,2022,3,6,10,72,0,0,0,0,0,0,-51,-119,0,0
2022-03-14,2022,3,0,11,73,0,0,0,0,0,0,-50,-118,0,0
2022-03-15,2022,3,1,11,74,0,0,0,0,0,0,-49,-117,0,0
2022-03-16,2022,3,2,11,75,0,0,0,0,0,0,-48,-116,0,0
2022-03-17,2022,3,3,11,76,0,0,0,0,0,0,-47,-115,0,0
2022-03-18,2022,3,4,11,77,1,0,0,0,0,0,-46,-114,0,0
2022-03-19,2022,3,5,11,78,1,0,0,0,0,0,-45,-113,0,0
2022-03-20,2022,3,6,11,79,0,0,0,0,0,0,-44,-112,0,0
2022-03-21,2022,3,0,12,80,0,0,0,0,0,0,-43,-111,0,0
2022-03-22,2022,3,1,12,81,0,0,0,0,0,0,-42,-110,0,0
2022-03-23,2022,3,2,12,82,0,0,0,0,0,0,-41,-109,0,0
2022-03-24,2022,3,3,12,83,0,0,0,0,0,0,-40,-108,0,0
2022-03-25,2022,3,4,12,84,1,0,0,0,0,0,-39,-107,0,0
2022-03-26,2022,3,5,12,85,1,1,1,0,0,0,-38,-106,0,0
2022-03-27,2022,3,6,12,86,0,0,0,0,0,0,-37,-105,0,0
2022-03-28,2022,3,0,13,87,0,0,0,0,0,0,-36,-104,0,0
2022-03-29,2022,3,1,13,88,0,0,0,0,0,0,-35,-103,0,0
2022-03-30,2022,3,2,13,89,0,0,0,0,0,0,-34,-102,0,0
2022-03-31,2022,3,3,13,90,0,0,0,0,0,0,-33,-101,0,0
2022-04-01,2022,4,4,13,91,1,0,0,0,0,0,-32,-100,0,0
2022-04-02,2022,4,5,13,92,1,0,0,0,0,0,-31,-99,0,0
2022-04-03,2022,4,6,13,93,0,0,0,0,1,1,-30,-98,0,0
2022-04-04,2022,4,0,14,94,0,0,0,0,1,2,-29,-97,0,0
2022-04-05,2022,4,1,14,95,0,0,0,0,1,3,-28,-96,0,0
2022-04-06,2022,4,2,14,96,0,0,0,0,1,4,-27,-95,0,0
2022-04-07,2022,4,3,14,97,0,0,0,0,1,5,-26,-94,0,0
2022-04-08,2022,4,4,14,98,1,0,0,0,1,6,-25,-93,0,0
2022-04-09,2022,4,5,14,99,1,0,0,0,1,7,-24,-92,0,0
2022-04-10,2022,4,6,14,100,0,0,0,0,1,8,-23,-91,0,0
2022-04-11,2022,4,0,15,101,0,0,0,0,1,9,-22,-90,0,0
2022-04-12,2022,4,1,15,102,0,0,0,0,1,10,-21,-89,0,0
2022-04-13,2022,4,2,15,103,0,0,0,0,1,11,-20,-88,0,0
2022-04-14,2022,4,3,15,104,0,1,1,0,1,12,-19,-87,0,0
2022-04-15,2022,4,4,15,105,1,0,0,0,1,13,-18,-86,0,0
2022-04-16,2022,4,5,15,106,1,0,0,0,1,14,-17,-85,0,0
2022-04-17,2022,4,6,15,107,0,0,0,0,1,15,-16,-84,0,0
2022-04-18,2022,4,0,16,108,0,0,0,0,1,16,-15,-83,0,0
2022-04-19,2022,4,1,16,109,0,0,0,0,1,17,-14,-82,0,0
2022-04-20,2022,4,2,16,110,0,0,0,0,1,18,-13,-81,0,0
2022-04-21,2022,4,3,16,111,0,0,0,0,1,19,-12,-80,0,0
2022-04-22,2022,4,4,16,112,1,0,0,0,1,20,-11,-79,0,0
2022-04-23,2022,4,5,16,113,1,0,0,0,1,21,-10,-78,0,0
2022-04-24,2022,4,6,16,114,0,0,0,0,1,22,-9,-77,0,0
2022-04-25,2022,4,0,17,115,0,0,0,0,1,23,-8,-76,0,0
2022-04-26,2022,4,1,17,116,0,0,0,0,1,24,-7,-75,0,0
2022-04-27,2022,4,2,17,117,0,0,0,0,1,25,-6,-74,0,0
2022-04-28,2022,4,3,17,118,0,0,0,0,1,26,-5,-73,1,0
2022-04-29,2022,4,4,17,119,1,0,0,0,1,27,-4,-72,1,0
2022-04-30,2022,4,5,17,120,1,0,0,0,1,28,-3,-71,1,0
2022-05-01,2022,5,6,17,121,0,1,1,0,1,29,-2,-70,1,0
2022-05-02,2022,5,0,18,122,0,1,0,1,1,30,-1,-69,1,0
2022-05-03,2022,5,1,18,123,0,1,0,1,0,0,0,-68,1,0
2022-05-04,2022,5,2,18,124,0,1,0,1,0,0,1,-67,1,0
2022-05-05,2022,5,3,18,125,0,0,0,0,0,0,2,-66,1,0
2022-05-06,2022,5,4,18,126,1,0,0,0,0,0,3,-65,1,0
2022-05-07,2022,5,5,18,127,1,0,0,0,0,0,4,-64,1,0
2022-05-08,2022,5,6,18,128,0,0,0,0,0,0,5,-63,1,0
2022-05-09,2022,5,0,19,129,0,0,0,0,0,0,6,-62,0,0
2022-05-10,2022,5,1,19,130,0,0,0,0,0,0,7,-61,0,0
2022-05-11,2022,5,2,19,131,0,0,0,0,0,0,8,-60,0,0
2022-05-12,2022,5,3,19,132,0,0,0,0,0,0,9,-59,0,0
2022-05-13,2022,5,4,19,133,1,0,0,0,0,0,10,-58,0,0
2022-05-14,2022,5,5,19,134,1,0,0,0,0,0,11,-57,0,0
2022-05-15,2022,5,6,19,135,0,0,0,0,0,0,12,-56,0,0
2022-05-16,2022,5,0,20,136,0,0,0,0,0,0,13,-55,0,0
2022-05-17,2022,5,1,20,137,0,0,0,0,0,0,14,-54,0,0
2022-05-18,2022,5,2,20,138,0,0,0,0,0,0,15,-53,0,0
2022-05-19,2022,5,3,20,139,0,0,0,0,0,0,16,-52,0,0
2022-05-20,2022,5,4,20,140,1,0,0,0,0,0,17,-51,0,0
2022-05-21,2022,5,5,20,141,1,0,0,0,0,0,18,-50,0,0
2022-05-22,2022,5,6,20,142,0,0,0,0,0,0,19,-49,0,0
2022-05-23,2022,5,0,21,143,0,0,0,0,0,0,20,-48,0,0
2022-05-24,2022,5,1,21,144,0,0,0,0,0,0,21,-47,0,0
2022-05-25,2022,5,2,21,145,0,0,0,0,0,0,22,-46,0,0
2022-05-26,2022,5,3,21,146,0,0,0,0,0,0,23,-45,0,0
2022-05-27,2022,5,4,21,147,1,0,0,0,0,0,24,-44,0,0
2022-05-28,2022,5,5,21,148,1,0,0,0,0,0,25,-43,0,0
2022-05-29,2022,5,6,21,149,0,0,0,0,0,0,26,-42,0,0
2022-05-30,2022,5,0,22,150,0,0,0,0,0,0,27,-41,0,0
2022-05-31,2022,5,1,22,151,0,0,0,0,0,0,28,-40,0,0
2022-06-01,2022,6,2,22,152,0,0,0,0,0,0,29,-39,0,0
2022-06-02,2022,6,3,22,153,0,0,0,0,0,0,30,-38,0,0
2022-06-03,2022,6,4,22,154,1,0,0,0,0,0,31,-37,0,0
2022-06-04,2022,6,5,22,155,1,0,0,0,0,0,32,-36,0,0
2022-06-05,2022,6,6,22,156,0,0,0,0,0,0,33,-35,0,0
2022-06-06,2022,6,0,23,157,0,0,0,0,0,0,34,-34,0,0
2022-06-07,2022,6,1,23,158,0,0,0,0,0,0,35,-33,0,0
2022-06-08,2022,6,2,23,159,0,0,0,0,0,0,36,-32,0,0
2022-06-09,2022,6,3,23,160,0,0,0,0,0,0,37,-31,0,0
2022-06-10,2022,6,4,23,161,1,0,0,0,0,0,38,-30,0,0
2022-06-11,2022,6,5,23,162,1,0,0,0,0,0,39,-29,0,0
2022-06-12,2022,6,6,23,163,0,0,0,0,0,0,40,-28,0,0
2022-06-13,2022,6,0,24,164,0,0,0,0,0,0,41,-27,0,0
2022-06-14,2022,6,1,24,165,0,0,0,0,0,0,42,-26,0,0
2022-06-15,2022,6,2,24,166,0,0,0,0,0,0,43,-25,0,0
2022-06-16,2022,6,3,24,167,0,0,0,0,0,0,44,-24,0,0
2022-06-17,2022,6,4,24,168,1,0,0,0,0,0,45,-23,0,0
2022-06-18,2022,6,5,24,169,1,0,0,0,0,0,46,-22,0,0
2022-06-19,2022,6,6,24,170,0,0,0,0,0,0,47,-21,0,0
2022-06-20,2022,6,0,25,171,0,0,0,0,0,0,48,-20,0,0
2022-06-21,2022,6,1,25,172,0,0,0,0,0,0,49,-19,0,0
2022-06-22,2022,6,2,25,173,0,0,0,0,0,0,50,-18,0,0
2022-06-23,2022,6,3,25,174,0,0,0,0,0,0,51,-17,0,0
2022-06-24,2022,6,4,25,175,1,0,0,0,0,0,52,-16,0,0
2022-06-25,2022,6,5,25,176,1,0,0,0,0,0,53,-15,0,0
2022-06-26,2022,6,6,25,177,0,0,0,0,0,0,54,-14,0,0
2022-06-27,2022,6,0,26,178,0,0,0,0,0,0,55,-13,0,0
2022-06-28,2022,6,1,26,179,0,0,0,0,0,0,56,-12,0,0
2022-06-29,2022,6,2,26,180,0,0,0,0,0,0,57,-11,0,0
2022-06-30,2022,6,3,26,181,0,0,0,0,0,0,58,-10,0,0
2022-07-01,2022,7,4,26,182,1,0,0,0,0,0,59,-9,0,0
2022-07-02,2022,7,5,26,183,1,0,0,0,0,0,60,-8,0,0
2022-07-03,2022,7,6,26,184,0,0,0,0,0,0,61,-7,0,0
2022-07-04,2022,7,0,27,185,0,0,0,0,0,0,62,-6,0,0
2022-07-05,2022,7,1,27,186,0,0,0,0,0,0,63,-5,1,0
2022-07-06,2022,7,2,27,187,0,0,0,0,0,0,64,-4,1,0
2022-07-07,2022,7,3,27,188,0,0,0,0,0,0,65,-3,1,0
2022-07-08,2022,7,4,27,189,1,0,0,0,0,0,66,-2,1,0
2022-07-09,2022,7,5,27,190,1,1,0,1,0,0,67,-1,1,0
2022-07-10,2022,7,6,27,191,0,1,0,1,0,0,68,0,1,0
2022-07-11,2022,7,0,28,192,0,1,0,1,0,0,69,1,1,0
2022-07-12,2022,7,1,28,193,0,0,0,0,0,0,70,2,1,0
2022-07-13,2022,7,2,28,194,0,0,0,0,0,0,71,3,1,0
2022-07-14,2022,7,3,28,195,0,0,0,0,0,0,72,4,1,0
2022-07-15,2022,7,4,28,196,1,0,0,0,0,0,73,5,1,0
2022-07-16,2022,7,5,28,197,1,0,0,0,0,0,74,6,0,0
2022-07-17,2022,7,6,28,198,0,0,0,0,0,0,75,7,0,0
2022-07-18,2022,7,0,29,199,0,0,0,0,0,0,76,8,0,0
2022-07-19,2022,7,1,29,200,0,0,0,0,0,0,77,9,0,0
2022-07-20,2022,7,2,29,201,0,0,0,0,0,0,78,10,0,0
2022-07-21,2022,7,3,29,202,0,0,0,0,0,0,79,11,0,0
2022-07-22,2022,7,4,29,203,1,0,0,0,0,0,80,12,0,0
2022-07-23,2022,7,5,29,204,1,0,0,0,0,0,81,13,0,0
2022-07-24,2022,7,6,29,205,0,0,0,0,0,0,82,14,0,0
2022-07-25,2022,7,0,30,206,0,0,0,0,0,0,83,15,0,0
2022-07-26,2022,7,1,30,207,0,0,0,0,0,0,84,16,0,0
2022-07-27,2022,7,2,30,208,0,0,0,0,0,0,85,17,0,0
2022-07-28,2022,7,3,30,209,0,0,0,0,0,0,86,18,0,0
2022-07-29,2022,7,4,30,210,1,0,0,0,0,0,87,19,0,0
2022-07-30,2022,7,5,30,211,1,0,0,0,0,0,88,20,0,0
2022-07-31,2022,7,6,30,212,0,0,0,0,0,0,89,21,0,0
2022-08-01,2022,8,0,31,213,0,0,0,0,0,0,90,22,0,0
2022-08-02,2022,8,1,31,214,0,0,0,0,0,0,91,23,0,0
2022-08-03,2022,8,2,31,215,0,0,0,0,0,0,92,24,0,0
2022-08-04,2022,8,3,31,216,0,0,0,0,0,0,93,25,0,0
2022-08-05,2022,8,4,31,217,1,0,0,0,0,0,94,26,0,0
2022-08-06,2022,8,5,31,218,1,0,0,0,0,0,95,27,0,0
2022-08-07,2022,8,6,31,219,0,0,0,0,0,0,96,28,0,0
2022-08-08,2022,8,0,32,220,0,0,0,0,0,0,97,29,0,0
2022-08-09,2022,8,1,32,221,0,0,0,0,0,0,98,30,0,0
2022-08-10,2022,8,2,32,222,0,0,0,0,0,0,99,31,0,0
2022-08-11,2022,8,3,32,223,0,0,0,0,0,0,100,32,0,0
2022-08-12,2022,8,4,32,224,1,0,0,0,0,0,101,33,0,0
2022-08-13,2022,8,5,32,225,1,0,0,0,0,0,102,34,0,0
2022-08-14,2022,8,6,32,226,0,0,0,0,0,0,103,35,0,0
2022-08-15,2022,8,0,33,227,0,0,0,0,0,0,104,36,0,0
2022-08-16,2022,8,1,33,228,0,0,0,0,0,0,105,37,0,0
2022-08-17,2022,8,2,33,229,0,0,0,0,0,0,106,38,0,0
2022-08-18,2022,8,3,33,230,0,0,0,0,0,0,107,39,0,0
2022-08-19,2022,8,4,33,231,1,0,0,0,0,0,108,40,0,0
2022-08-20,2022,8,5,33,232,1,0,0,0,0,0,109,41,0,0
2022-08-21,2022,8,6,33,233,0,0,0,0,0,0,110,42,0,0
2022-08-22,2022,8,0,34,234,0,0,0,0,0,0,111,43,0,0
2022-08-23,2022,8,1,34,235,0,0,0,0,0,0,112,44,0,0
2022-08-24,2022,8,2,34,236,0,0,0,0,0,0,113,45,0,0
2022-08-25,2022,8,3,34,237,0,0,0,0,0,0,114,46,0,0
2022-08-26,2022,8,4,34,238,1,0,0,0,0,0,115,47,0,0
2022-08-27,2022,8,5,34,239,1,0,0,0,0,0,116,48,0,0
2022-08-28,2022,8,6,34,240,0,0,0,0,0,0,117,49,0,0
2022-08-29,2022,8,0,35,241,0,0,0,0,0,0,118,50,0,0
2022-08-30,2022,8,1,35,242,0,0,0,0,0,0,119,51,0,0
2022-08-31,2022,8,2,35,243,0,0,0,0,0,0,120,52,0,0
2022-09-01,2022,9,3,35,244,0,0,0,0,0,0,121,53,0,0
2022-09-02,2022,9,4,35,245,1,0,0,0,0,0,122,54,0,0
2022-09-03,2022,9,5,35,246,1,0,0,0,0,0,123,55,0,0
2022-09-04,2022,9,6,35,247,0,0,0,0,0,0,124,56,0,0
2022-09-05,2022,9,0,36,248,0,0,0,0,0,0,125,57,0,0
2022-09-06,2022,9,1,36,249,0,0,0,0,0,0,126,58,0,0
2022-09-07,2022,9,2,36,250,0,0,0,0,0,0,127,59,0,0
2022-09-08,2022,9,3,36,251,0,0,0,0,0,0,128,60,0,0
2022-09-09,2022,9,4,36,252,1,0,0,0,0,0,129,61,0,0
2022-09-10,2022,9,5,36,253,1,0,0,0,0,0,130,62,0,0
2022-09-11,2022,9,6,36,254,0,0,0,0,0,0,131,63,0,0
2022-09-12,2022,9,0,37,255,0,0,0,0,0,0,132,64,0,0
2022-09-13,2022,9,1,37,256,0,0,0,0,0,0,133,65,0,0
2022-09-14,2022,9,2,37,257,0,0,0,0,0,0,134,66,0,0
2022-09-15,2022,9,3,37,258,0,0,0,0,0,0,135,67,0,0
2022-09-16,2022,9,4,37,259,1,0,0,0,0,0,136,68,0,0
2022-09-17,2022,9,5,37,260,1,0,0,0,0,0,137,69,0,0
2022-09-18,2022,9,6,37,261,0,0,0,0,0,0,138,70,0,0
2022-09-19,2022,9,0,38,262,0,0,0,0,0,0,139,71,0,0
2022-09-20,2022,9,1,38,263,0,0,0,0,0,0,140,72,0,0
2022-09-21,2022,9,2,38,264,0,0,0,0,0,0,141,73,0,0
2022-09-22,2022,9,3,38,265,0,0,0,0,0,0,142,74,0,0
2022-09-23,2022,9,4,38,266,1,0,0,0,0,0,143,75,0,0
2022-09-24,2022,9,5,38,267,1,0,0,0,0,0,144,76,0,0
2022-09-25,2022,9,6,38,268,0,0,0,0,0,0,145,77,0,0
2022-09-26,2022,9,0,39,269,0,0,0,0,0,0,146,78,0,0
2022-09-27,2022,9,1,39,270,0,0,0,0,0,0,147,79,0,0
2022-09-28,2022,9,2,39,271,0,0,0,0,0,0,148,80,0,0
2022-09-29,2022,9,3,39,272,0,0,0,0,0,0,149,81,0,0
2022-09-30,2022,9,4,39,273,1,0,0,0,0,0,150,82,0,0
2022-10-01,2022,10,5,39,274,1,0,0,0,0,0,151,83,0,0
2022-10-02,2022,10,6,39,275,0,0,0,0,0,0,152,84,0,0
2022-10-03,2022,10,0,40,276,0,0,0,0,0,0,153,85,0,0
2022-10-04,2022,10,1,40,277,0,0,0,0,0,0,154,86,0,0
2022-10-05,2022,10,2,40,278,0,0,0,0,0,0,155,87,0,0
2022-10-06,2022,10,3,40,279,0,0,0,0,0,0,156,88,0,0
2022-10-07,2022,10,4,40,280,1,0,0,0,0,0,157,89,0,0
2022-10-08,2022,10,5,40,281,1,0,0,0,0,0,158,90,0,0
2022-10-09,2022,10,6,40,282,0,0,0,0,0,0,159,91,0,0
2022-10-10,2022,10,0,41,283,0,0,0,0,0,0,160,92,0,0
2022-10-11,2022,10,1,41,284,0,0,0,0,0,0,161,93,0,0
2022-10-12,2022,10,2,41,285,0,0,0,0,0,0,162,94,0,0
2022-10-13,2022,10,3,41,286,0,0,0,0,0,0,163,95,0,0
2022-10-14,2022,10,4,41,287,1,0,0,0,0,0,164,96,0,0
2022-10-15,2022,10,5,41,288,1,0,0,0,0,0,165,97,0,0
2022-10-16,2022,10,6,41,289,0,0,0,0,0,0,166,98,0,0
2022-10-17,2022,10,0,42,290,0,0,0,0,0,0,167,99,0,0
2022-10-18,2022,10,1,42,291,0,0,0,0,0,0,168,100,0,0
2022-10-19,2022,10,2,42,292,0,0,0,0,0,0,169,101,0,0
2022-10-20,2022,10,3,42,293,0,0,0,0,0,0,170,102,0,0
2022-10-21,2022,10,4,42,294,1,0,0,0,0,0,171,103,0,0
2022-10-22,2022,10,5,42,295,1,0,0,0,0,0,172,104,0,0
2022-10-23,2022,10,6,42,296,0,0,0,0,0,0,173,105,0,0
2022-10-24,2022,10,0,43,297,0,0,0,0,0,0,174,106,0,0
2022-10-25,2022,10,1,43,298,0,0,0,0,0,0,175,107,0,0
2022-10-26,2022,10,2,43,299,0,0,0,0,0,0,176,108,0,0
2022-10-27,2022,10,3,43,300,0,0,0,0,0,0,177,109,0,0
2022-10-28,2022,10,4,43,301,1,0,0,0,0,0,-176,110,0,0
2022-10-29,2022,10,5,43,302,1,0,0,0,0,0,-175,111,0,0
2022-10-30,2022,10,6,43,303,0,0,0,0,0,0,-174,112,0,0
2022-10-31,2022,10,0,44,304,0,0,0,0,0,0,-173,113,0,0
2022-11-01,2022,11,1,44,305,0,0,0,0,0,0,-172,114,0,0
2022-11-02,2022,11,2,44,306,0,0,0,0,0,0,-171,115,0,0
2022-11-03,2022,11,3,44,307,0,0,0,0,0,0,-170,116,0,0
2022-11-04,2022,11,4,44,308,1,0,0,0,0,0,-169,117,0,0
2022-11-05,2022,11,5,44,309,1,0,0,0,0,0,-168,118,0,0
2022-11-06,2022,11,6,44,310,0,0,0,0,0,0,-167,119,0,0
2022-11-07,2022,11,0,45,311,0,0,0,0,0,0,-166,120,0,0
2022-11-08,2022,11,1,45,312,0,0,0,0,0,0,-165,121,0,0
2022-11-09,2022,11,2,45,313,0,0,0,0,0,0,-164,122,0,0
2022-11-10,2022,11,3,45,314,0,0,0,0,0,0,-163,123,0,0
2022-11-11,2022,11,4,45,315,1,0,0,0,0,0,-162,124,0,0
2022-11-12,2022,11,5,45,316,1,0,0,0,0,0,-161,125,0,0
2022-11-13,2022,11,6,45,317,0,0,0,0,0,0,-160,126,0,0
2022-11-14,2022,11,0,46,318,0,0,0,0,0,0,-159,127,0,0
2022-11-15,2022,11,1,46,319,0,0,0,0,0,0,-158,128,0,0
2022-11-16,2022,11,2,46,320,0,0,0,0,0,0,-157,129,0,0
2022-11-17,2022,11,3,46,321,0,0,0,0,0,0,-156,130,0,0
2022-11-18,2022,11,4,46,322,1,0,0,0,0,0,-155,131,0,0
2022-11-19,2022,11,5,46,323,1,0,0,0,0,0,-154,132,0,0
2022-11-20,2022,11,6,46,324,0,0,0,0,0,0,-153,133,0,0
2022-11-21,2022,11,0,47,325,0,0,0,0,0,0,-152,134,0,0
2022-11-22,2022,11,1,47,326,0,0,0,0,0,0,-151,135,0,0
2022-11-23,2022,11,2,47,327,0,0,0,0,0,0,-150,136,0,0
2022-11-24,2022,11,3,47,328,0,0,0,0,0,0,-149,137,0,0
2022-11-25,2022,11,4,47,329,1,0,0,0,0,0,-148,138,0,0
2022-11-26,2022,11,5,47,330,1,0,0,0,0,0,-147,139,0,0
2022-11-27,2022,11,6,47,331,0,0,0,0,0,0,-146,140,0,0
2022-11-28,2022,11,0,48,332,0,0,0,0,0,0,-145,141,0,0
2022-11-29,2022,11,1,48,333,0,0,0,0,0,0,-144,142,0,0
2022-11-30,2022,11,2,48,334,0,0,0,0,0,0,-143,143,0,0
2022-12-01,2022,12,3,48,335,0,0,0,0,0,0,-142,144,0,0
2022-12-02,2022,12,4,48,336,1,0,0,0,0,0,-141,145,0,0
2022-12-03,2022,12,5,48,337,1,0,0,0,0,0,-140,146,0,0
2022-12-04,2022,12,6,48,338,0,0,0,0,0,0,-139,147,0,0
2022-12-05,2022,12,0,49,339,0,0,0,0,0,0,-138,148,0,0
2022-12-06,2022,12,1,49,340,0,0,0,0,0,0,-137,149,0,0
2022-12-07,2022,12,2,49,341,0,0,0,0,0,0,-136,150,0,0
2022-12-08,2022,12,3,49,342,0,0,0,0,0,0,-135,151,0,0
2022-12-09,2022,12,4,49,343,1,0,0,0,0,0,-134,152,0,0
2022-12-10,2022,12,5,49,344,1,0,0,0,0,0,-133,153,0,0
2022-12-11,2022,12,6,49,345,0,0,0,0,0,0,-132,154,0,0
2022-12-12,2022,12,0,50,346,0,0,0,0,0,0,-131,155,0,0
2022-12-13,2022,12,1,50,347,0,0,0,0,0,0,-130,156,0,0
2022-12-14,2022,12,2,50,348,0,0,0,0,0,0,-129,157,0,0
2022-12-15,2022,12,3,50,349,0,0,0,0,0,0,-128,158,0,1
2022-12-16,2022,12,4,50,350,1,1,1,0,0,0,-127,159,0,1
2022-12-17,2022,12,5,50,351,1,0,0,0,0,0,-126,160,0,1
2022-12-18,2022,12,6,50,352,0,0,0,0,0,0,-125,161,0,1
2022-12-19,2022,12,0,51,353,0,0,0,0,0,0,-124,162,0,1
2022-12-20,2022,12,1,51,354,0,0,0,0,0,0,-123,163,0,1
2022-12-21,2022,12,2,51,355,0,0,0,0,0,0,-122,164,0,1
2022-12-22,2022,12,3,51,356,0,0,0,0,0,0,-121,165,0,1
2022-12-23,2022,12,4,51,357,1,0,0,0,0,0,-120,166,0,1
2022-12-24,2022,12,5,51,358,1,0,0,0,0,0,-119,167,0,1
2022-12-25,2022,12,6,51,359,0,1,1,0,0,0,-118,168,0,1
2022-12-26,2022,12,0,52,360,0,0,0,0,0,0,-117,169,0,1
2022-12-27,2022,12,1,52,361,0,0,0,0,0,0,-116,170,0,1
2022-12-28,2022,12,2,52,362,0,0,0,0,0,0,-115,171,0,1
2022-12-29,2022,12,3,52,363,0,0,0,0,0,0,-114,172,0,1
2022-12-30,2022,12,4,52,364,1,0,0,0,0,0,-113,173,0,1
2022-12-31,2022,12,5,52,365,1,0,0,0,0,0,-112,174,0,1
2023-01-01,2023,1,6,52,1,0,0,0,0,0,0,-111,175,0,1
2023-01-02,2023,1,0,1,2,0,0,0,0,0,0,-110,176,0,1
2023-01-03,2023,1,1,1,3,0,0,0,0,0,0,-109,177,0,1
2023-01-04,2023,1,2,1,4,0,0,0,0,0,0,-108,-176,0,1
2023-01-05,2023,1,3,1,5,0,0,0,0,0,0,-107,-175,0,1
2023-01-06,2023,1,4,1,6,1,0,0,0,0,0,-106,-174,0,1
2023-01-07,2023,1,5,1,7,1,0,0,0,0,0,-105,-173,0,1
2023-01-08,2023,1,6,1,8,0,0,0,0,0,0,-104,-172,0,1
2023-01-09,2023,1,0,2,9,0,0,0,0,0,0,-103,-171,0,1
2023-01-10,2023,1,1,2,10,0,0,0,0,0,0,-102,-170,0,1
2023-01-11,2023,1,2,2,11,0,0,0,0,0,0,-101,-169,0,1
2023-01-12,2023,1,3,2,12,0,0,0,0,0,0,-100,-168,0,1
2023-01-13,2023,1,4,2,13,1,0,0,0,0,0,-99,-167,0,1
2023-01-14,2023,1,5,2,14,1,0,0,0,0,0,-98,-166,0,1
2023-01-15,2023,1,6,2,15,0,0,0,0,0,0,-97,-165,0,1
2023-01-16,2023,1,0,3,16,0,0,0,0,0,0,-96,-164,0,1
2023-01-17,2023,1,1,3,17,0,0,0,0,0,0,-95,-163,0,1
2023-01-18,2023,1,2,3,18,0,0,0,0,0,0,-94,-162,0,1
2023-01-19,2023,1,3,3,19,0,0,0,0,0,0,-93,-161,0,1
2023-01-20,2023,1,4,3,20,1,0,0,0,0,0,-92,-160,0,1
2023-01-21,2023,1,5,3,21,1,0,0,0,0,0,-91,-159,0,1
2023-01-22,2023,1,6,3,22,0,0,0,0,0,0,-90,-158,0,1
2023-01-23,2023,1,0,4,23,0,0,0,0,0,0,-89,-157,0,1
2023-01-24,2023,1,1,4,24,0,0,0,0,0,0,-88,-156,0,1
2023-01-25,2023,1,2,4,25,0,0,0,0,0,0,-87,-155,0,1
2023-01-26,2023,1,3,4,26,0,0,0,0,0,0,-86,-154,0,1
2023-01-27,2023,1,4,4,27,1,0,0,0,0,0,-85,-153,0,1
2023-01-28,2023,1,5,4,28,1,0,0,0,0,0,-84,-152,0,1
2023-01-29,2023,1,6,4,29,0,0,0,0,0,0,-83,-151,0,1
2023-01-30,2023,1,0,5,30,0,0,0,0,0,0,-82,-150,0,1
2023-01-31,2023,1,1,5,31,0,0,0,0,0,0,-81,-149,0,1
2023-02-01,2023,2,2,5,32,0,0,0,0,0,0,-80,-148,0,1
2023-02-02,2023,2,3,5,33,0,0,0,0,0,0,-79,-147,0,1
2023-02-03,2023,2,4,5,34,1,0,0,0,0,0,-78,-146,0,1
2023-02-04,2023,2,5,5,35,1,0,0,0,0,0,-77,-145,0,1
2023-02-05,2023,2,6,5,36,0,0,0,0,0,0,-76,-144,0,1
2023-02-06,2023,2,0,6,37,0,0,0,0,0,0,-75,-143,0,1
2023-02-07,2023,2,1,6,38,0,0,0,0,0,0,-74,-142,0,1
2023-02-08,2023,2,2,6,39,0,0,0,0,0,0,-73,-141,0,1
2023-02-09,2023,2,3,6,40,0,0,0,0,0,0,-72,-140,0,1
2023-02-10,2023,2,4,6,41,1,0,0,0,0,0,-71,-139,0,1
2023-02-11,2023,2,5,6,42,1,0,0,0,0,0,-70,-138,0,1
2023-02-12,2023,2,6,6,43,0,0,0,0,0,0,-69,-137,0,1
2023-02-13,2023,2,0,7,44,0,0,0,0,0,0,-68,-136,0,1
2023-02-14,2023,2,1,7,45,0,0,0,0,0,0,-67,-135,0,1
2023-02-15,2023,2,2,7,46,0,0,0,0,0,0,-66,-134,0,1
2023-02-16,2023,2,3,7,47,0,0,0,0,0,0,-65,-133,0,0
2023-02-17,2023,2,4,7,48,1,0,0,0,0,0,-64,-132,0,0
2023-02-18,2023,2,5,7,49,1,0,0,0,0,0,-63,-131,0,0
2023-02-19,2023,2,6,7,50,0,0,0,0,0,0,-62,-130,0,0
2023-02-20,2023,2,0,8,51,0,0,0,0,0,0,-61,-129,0,0
2023-02-21,2023,2,1,8,52,0,1,1,0,0,0,-60,-128,0,0
2023-02-22,2023,2,2,8,53,0,0,0,0,0,0,-59,-127,0,0
2023-02-23,2023,2,3,8,54,0,0,0,0,0,0,-58,-126,0,0
2023-02-24,2023,2,4,8,55,1,0,0,0,0,0,-57,-125,0,0
2023-02-25,2023,2,5,8,56,1,0,0,0,0,0,-56,-124,0,0
2023-02-26,2023,2,6,8,57,0,0,0,0,0,0,-55,-123,0,0
2023-02-27,2023,2,0,9,58,0,0,0,0,0,0,-54,-122,0,0
2023-02-28,2023,2,1,9,59,0,0,0,0,0,0,-53,-121,0,0
2023-03-01,2023,3,2,9,60,0,0,0,0,0,0,-52,-120,0,0
2023-03-02,2023,3,3,9,61,0,0,0,0,0,0,-51,-119,0,0
2023-03-03,2023,3,4,9,62,1,0,0,0,0,0,-50,-118,0,0
2023-03-04,2023,3,5,9,63,1,0,0,0,0,0,-49,-117,0,0
2023-03-05,2023,3,6,9,64,0,0,0,0,0,0,-48,-116,0,0
2023-03-06,2023,3,0,10,65,0,0,0,0,0,0,-47,-115,0,0
2023-03-07,2023,3,1,10,66,0,0,0,0,0,0,-46,-114,0,0
2023-03-08,2023,3,2,10,67,0,0,0,0,0,0,-45,-113,0,0
2023-03-09,2023,3,3,10,68,0,0,0,0,0,0,-44,-112,0,0
2023-03-10,2023,3,4,10,69,1,0,0,0,0,0,-43,-111,0,0
2023-03-11,2023,3,5,10,70,1,0,0,0,0,0,-42,-110,0,0
2023-03-12,2023,3,6,10,71,0,0,0,0,0,0,-41,-109,0,0
2023-03-13,2023,3,0,11,72,0,0,0,0,0,0,-40,-108,0,0
2023-03-14,2023,3,1,11,73,0,0,0,0,0,0,-39,-107,0,0
2023-03-15,2023,3,2,11,74,0,0,0,0,0,0,-38,-106,0,0
2023-03-16,2023,3,3,11,75,0,0,0,0,0,0,-37,-105,0,0
2023-03-17,2023,3,4,11,76,1,0,0,0,0,0,-36,-104,0,0
2023-03-18,2023,3,5,11,77,1,0,0,0,0,0,-35,-103,0,0
2023-03-19,2023,3,6,11,78,0,0,0,0,0,0,-34,-102,0,0
2023-03-20,2023,3,0,12,79,0,0,0,0,0,0,-33,-101,0,0
2023-03-21,2023,3,1,12,80,0,0,0,0,0,0,-32,-100,0,0
2023-03-22,2023,3,2,12,81,0,0,0,0,0,0,-31,-99,0,0
2023-03-23,2023,3,3,12,82,0,0,0,0,1,1,-30,-98,0,0
2023-03-24,2023,3,4,12,83,1,0,0,0,1,2,-29,-97,0,0
2023-03-25,2023,3,5,12,84,1,0,0,0,1,3,-28,-96,0,0
2023-03-26,2023,3,6,12,85,0,1,1,0,1,4,-27,-95,0,0
2023-03-27,2023,3,0,13,86,0,0,0,0,1,5,-26,-94,0,0
2023-03-28,2023,3,1,13,87,0,0,0,0,1,6,-25,-93,0,0
2023-03-29,2023,3,2,13,88,0,0,0,0,1,7,-24,-92,0,0
2023-03-30,2023,3,3,13,89,0,0,0,0,1,8,-23,-91,0,0
2023-03-31,2023,3,4,13,90,1,0,0,0,1,9,-22,-90,0,0
2023-04-01,2023,4,5,13,91,1,0,0,0,1,10,-21,-89,0,0
2023-04-02,2023,4,6,13,92,0,0,0,0,1,11,-20,-88,0,0
2023-04-03,2023,4,0,14,93,0,0,0,0,1,12,-19,-87,0,0
2023-04-04,2023,4,1,14,94,0,0,0,0,1,13,-18,-86,0,0
2023-04-05,2023,4,2,14,95,0,0,0,0,1,14,-17,-85,0,0
2023-04-06,2023,4,3,14,96,0,0,0,0,1,15,-16,-84,0,0
2023-04-07,2023,4,4,14,97,1,0,0,0,1,16,-15,-83,0,0
2023-04-08,2023,4,5,14,98,1,0,0,0,1,17,-14,-82,0,0
2023-04-09,2023,4,6,14,99,0,0,0,0,1,18,-13,-81,0,0
2023-04-10,2023,4,0,15,100,0,0,0,0,1,19,-12,-80,0,0
2023-04-11,2023,4,1,15,101,0,0,0,0,1,20,-11,-79,0,0
2023-04-12,2023,4,2,15,102,0,0,0,0,1,21,-10,-78,0,0
2023-04-13,2023,4,3,15,103,0,0,0,0,1,22,-9,-77,0,0
2023-04-14,2023,4,4,15,104,1,1,1,0,1,23,-8,-76,0,0
2023-04-15,2023,4,5,15,105,1,0,0,0,1,24,-7,-75,0,0
2023-04-16,2023,4,6,15,106,0,0,0,0,1,25,-6,-74,0,0
2023-04-17,2023,4,0,16,107,0,0,0,0,1,26,-5,-73,1,0
2023-04-18,2023,4,1,16,108,0,0,0,0,1,27,-4,-72,1,0
2023-04-19,2023,4,2,16,109,0,0,0,0,1,28,-3,-71,1,0
2023-04-20,2023,4,3,16,110,0,0,0,0,1,29,-2,-70,1,0
2023-04-21,2023,4,4,16,111,1,1,0,1,1,30,-1,-69,1,0
2023-04-22,2023,4,5,16,112,1,1,0,1,0,0,0,-68,1,0
2023-04-23,2023,4,6,16,113,0,1,0,1,0,0,1,-67,1,0
2023-04-24,2023,4,0,17,114,0,0,0,0,0,0,2,-66,1,0
2023-04-25,2023,4,1,17,115,0,0,0,0,0,0,3,-65,1,0
2023-04-26,2023,4,2,17,116,0,0,0,0,0,0,4,-64,1,0
2023-04-27,2023,4,3,17,117,0,0,0,0,0,0,5,-63,1,0
2023-04-28,2023,4,4,17,118,1,0,0,0,0,0,6,-62,0,0
2023-04-29,2023,4,5,17,119,1,0,0,0,0,0,7,-61,0,0
2023-04-30,2023,4,6,17,120,0,0,0,0,0,0,8,-60,0,0
2023-05-01,2023,5,0,18,121,0,1,1,0,0,0,9,-59,0,0
2023-05-02,2023,5,1,18,122,0,0,0,0,0,0,10,-58,0,0
2023-05-03,2023,5,2,18,123,0,0,0,0,0,0,11,-57,0,0
2023-05-04,2023,5,3,18,124,0,0,0,0,0,0,12,-56,0,0
2023-05-05,2023,5,4,18,125,1,0,0,0,0,0,13,-55,0,0
2023-05-06,2023,5,5,18,126,1,0,0,0,0,0,14,-54,0,0
2023-05-07,2023,5,6,18,127,0,0,0,0,0,0,15,-53,0,0
2023-05-08,2023,5,0,19,128,0,0,0,0,0,0,16,-52,0,0
2023-05-09,2023,5,1,19,129,0,0,0,0,0,0,17,-51,0,0
2023-05-10,2023,5,2,19,130,0,0,0,0,0,0,18,-50,0,0
2023-05-11,2023,5,3,19,131,0,0,0,0,0,0,19,-49,0,0
2023-05-12,2023,5,4,19,132,1,0,0,0,0,0,20,-48,0,0
2023-05-13,2023,5,5,19,133,1,0,0,0,0,0,21,-47,0,0
2023-05-14,2023,5,6,19,134,0,0,0,0,0,0,22,-46,0,0
2023-05-15,2023,5,0,20,135,0,0,0,0,0,0,23,-45,0,0
2023-05-16,2023,5,1,20,136,0,0,0,0,0,0,24,-44,0,0
2023-05-17,2023,5,2,20,137,0,0,0,0,0,0,25,-43,0,0
2023-05-18,2023,5,3,20,138,0,0,0,0,0,0,26,-42,0,0
2023-05-19,2023,5,4,20,139,1,0,0,0,0,0,27,-41,0,0
2023-05-20,2023,5,5,20,140,1,0,0,0,0,0,28,-40,0,0
2023-05-21,2023,5,6,20,141,0,0,0,0,0,0,29,-39,0,0
2023-05-22,2023,5,0,21,142,0,0,0,0,0,0,30,-38,0,0
2023-05-23,2023,5,1,21,143,0,0,0,0,0,0,31,-37,0,0
2023-05-24,2023,5,2,21,144,0,0,0,0,0,0,32,-36,0,0
2023-05-25,2023,5,3,21,145,0,0,0,0,0,0,33,-35,0,0
2023-05-26,2023,5,4,21,146,1,0,0,0,0,0,34,-34,0,0
2023-05-27,2023,5,5,21,147,1,0,0,0,0,0,35,-33,0,0
2023-05-28,2023,5,6,21,148,0,0,0,0,0,0,36,-32,0,0
2023-05-29,2023,5,0,22,149,0,0,0,0,0,0,37,-31,0,0
2023-05-30,2023,5,1,22,150,0,0,0,0,0,0,38,-30,0,0
2023-05-31,2023,5,2,22,151,0,0,0,0,0,0,39,-29,0,0
2023-06-01,2023,6,3,22,152,0,0,0,0,0,0,40,-28,0,0
2023-06-02,2023,6,4,22,153,1,0,0,0,0,0,41,-27,0,0
2023-06-03,2023,6,5,22,154,1,0,0,0,0,0,42,-26,0,0
2023-06-04,2023,6,6,22,155,0,0,0,0,0,0,43,-25,0,0
2023-06-05,2023,6,0,23,156,0,0,0,0,0,0,44,-24,0,0
2023-06-06,2023,6,1,23,157,0,0,0,0,0,0,45,-23,0,0
2023-06-07,2023,6,2,23,158,0,0,0,0,0,0,46,-22,0,0
2023-06-08,2023,6,3,23,159,0,0,0,0,0,0,47,-21,0,0
2023-06-09,2023,6,4,23,160,1,0,0,0,0,0,48,-20,0,0
2023-06-10,2023,6,5,23,161,1,0,0,0,0,0,49,-19,0,0
2023-06-11,2023,6,6,23,162,0,0,0,0,0,0,50,-18,0,0
2023-06-12,2023,6,0,24,163,0,0,0,0,0,0,51,-17,0,0
2023-06-13,2023,6,1,24,164,0,0,0,0,0,0,52,-16,0,0
2023-06-14,2023,6,2,24,165,0,0,0,0,0,0,53,-15,0,0
2023-06-15,2023,6,3,24,166,0,0,0,0,0,0,54,-14,0,0
2023-06-16,2023,6,4,24,167,1,0,0,0,0,0,55,-13,0,0
2023-06-17,2023,6,5,24,168,1,0,0,0,0,0,56,-12,0,0
2023-06-18,2023,6,6,24,169,0,0,0,0,0,0,57,-11,0,0
2023-06-19,2023,6,0,25,170,0,0,0,0,0,0,58,-10,0,0
2023-06-20,2023,6,1,25,171,0,0,0,0,0,0,59,-9,0,0
2023-06-21,2023,6,2,25,172,0,0,0,0,0,0,60,-8,0,0
2023-06-22,2023,6,3,25,173,0,0,0,0,0,0,61,-7,0,0
2023-06-23,2023,6,4,25,174,1,0,0,0,0,0,62,-6,0,0
2023-06-24,2023,6,5,25,175,1,0,0,0,0,0,63,-5,1,0
2023-06-25,2023,6,6,25,176,0,0,0,0,0,0,64,-4,1,0
2023-06-26,2023,6,0,26,177,0,0,0,0,0,0,65,-3,1,0
2023-06-27,2023,6,1,26,178,0,0,0,0,0,0,66,-2,1,0
2023-06-28,2023,6,2,26,179,0,1,0,1,0,0,67,-1,1,0
2023-06-29,2023,6,3,26,180,0,1,0,1,0,0,68,0,1,0
2023-06-30,2023,6,4,26,181,1,1,0,1,0,0,69,1,1,0
2023-07-01,2023,7,5,26,182,1,0,0,0,0,0,70,2,1,0
2023-07-02,2023,7,6,26,183,0,0,0,0,0,0,71,3,1,0
2023-07-03,2023,7,0,27,184,0,0,0,0,0,0,72,4,1,0
2023-07-04,2023,7,1,27,185,0,0,0,0,0,0,73,5,1,0
2023-07-05,2023,7,2,27,186,0,0,0,0,0,0,74,6,0,0
2023-07-06,2023,7,3,27,187,0,0,0,0,0,0,75,7,0,0
2023-07-07,2023,7,4,27,188,1,0,0,0,0,0,76,8,0,0
2023-07-08,2023,7,5,27,189,1,0,0,0,0,0,77,9,0,0
2023-07-09,2023,7,6,27,190,0,0,0,0,0,0,78,10,0,0
2023-07-10,2023,7,0,28,191,0,0,0,0,0,0,79,11,0,0
2023-07-11,2023,7,1,28,192,0,0,0,0,0,0,80,12,0,0
2023-07-12,2023,7,2,28,193,0,0,0,0,0,0,81,13,0,0
2023-07-13,2023,7,3,28,194,0,0,0,0,0,0,82,14,0,0
2023-07-14,2023,7,4,28,195,1,0,0,0,0,0,83,15,0,0
2023-07-15,2023,7,5,28,196,1,0,0,0,0,0,84,16,0,0
2023-07-16,2023,7,6,28,197,0,0,0,0,0,0,85,17,0,0
2023-07-17,2023,7,0,29,198,0,0,0,0,0,0,86,18,0,0
2023-07-18,2023,7,1,29,199,0,0,0,0,0,0,87,19,0,0
2023-07-19,2023,7,2,29,200,0,0,0,0,0,0,88,20,0,0
2023-07-20,2023,7,3,29,201,0,0,0,0,0,0,89,21,0,0
2023-07-21,2023,7,4,29,202,1,0,0,0,0,0,90,22,0,0
2023-07-22,2023,7,5,29,203,1,0,0,0,0,0,91,23,0,0
2023-07-23,2023,7,6,29,204,0,0,0,0,0,0,92,24,0,0
2023-07-24,2023,7,0,30,205,0,0,0,0,0,0,93,25,0,0
2023-07-25,2023,7,1,30,206,0,0,0,0,0,0,94,26,0,0
2023-07-26,2023,7,2,30,207,0,0,0,0,0,0,95,27,0,0
2023-07-27,2023,7,3,30,208,0,0,0,0,0,0,96,28,0,0
2023-07-28,2023,7,4,30,209,1,0,0,0,0,0,97,29,0,0
2023-07-29,2023,7,5,30,210,1,0,0,0,0,0,98,30,0,0
2023-07-30,2023,7,6,30,211,0,0,0,0,0,0,99,31,0,0
2023-07-31,2023,7,0,31,212,0,0,0,0,0,0,100,32,0,0
2023-08-01,2023,8,1,31,213,0,0,0,0,0,0,101,33,0,0
2023-08-02,2023,8,2,31,214,0,0,0,0,0,0,102,34,0,0
2023-08-03,2023,8,3,31,215,0,0,0,0,0,0,103,35,0,0
2023-08-04,2023,8,4,31,216,1,0,0,0,0,0,104,36,0,0
2023-08-05,2023,8,5,31,217,1,0,0,0,0,0,105,37,0,0
2023-08-06,2023,8,6,31,218,0,0,0,0,0,0,106,38,0,0
2023-08-07,2023,8,0,32,219,0,0,0,0,0,0,107,39,0,0
2023-08-08,2023,8,1,32,220,0,0,0,0,0,0,108,40,0,0
2023-08-09,2023,8,2,32,221,0,0,0,0,0,0,109,41,0,0
2023-08-10,2023,8,3,32,222,0,0,0,0,0,0,110,42,0,0
2023-08-11,2023,8,4,32,223,1,0,0,0,0,0,111,43,0,0
2023-08-12,2023,8,5,32,224,1,0,0,0,0,0,112,44,0,0
2023-08-13,2023,8,6,32,225,0,0,0,0,0,0,113,45,0,0
2023-08-14,2023,8,0,33,226,0,0,0,0,0,0,114,46,0,0
2023-08-15,2023,8,1,33,227,0,0,0,0,0,0,115,47,0,0
2023-08-16,2023,8,2,33,228,0,0,0,0,0,0,116,48,0,0
2023-08-17,2023,8,3,33,229,0,0,0,0,0,0,117,49,0,0
2023-08-18,2023,8,4,33,230,1,0,0,0,0,0,118,50,0,0
2023-08-19,2023,8,5,33,231,1,0,0,0,0,0,119,51,0,0
2023-08-20,2023,8,6,33,232,0,0,0,0,0,0,120,52,0,0
2023-08-21,2023,8,0,34,233,0,0,0,0,0,0,121,53,0,0
2023-08-22,2023,8,1,34,234,0,0,0,0,0,0,122,54,0,0
2023-08-23,2023,8,2,34,235,0,0,0,0,0,0,123,55,0,0
2023-08-24,2023,8,3,34,236,0,0,0,0,0,0,124,56,0,0
2023-08-25,2023,8,4,34,237,1,0,0,0,0,0,125,57,0,0
2023-08-26,2023,8,5,34,238,1,0,0,0,0,0,126,58,0,0
2023-08-27,2023,8,6,34,239,0,0,0,0,0,0,127,59,0,0
2023-08-28,2023,8,0,35,240,0,0,0,0,0,0,128,60,0,0
2023-08-29,2023,8,1,35,241,0,0,0,0,0,0,129,61,0,0
2023-08-30,2023,8,2,35,242,0,0,0,0,0,0,130,62,0,0
2023-08-31,2023,8,3,35,243,0,0,0,0,0,0,131,63,0,0
2023-09-01,2023,9,4,35,244,1,0,0,0,0,0,132,64,0,0
2023-09-02,2023,9,5,35,245,1,0,0,0,0,0,133,65,0,0
2023-09-03,2023,9,6,35,246,0,0,0,0,0,0,134,66,0,0
2023-09-04,2023,9,0,36,247,0,0,0,0,0,0,135,67,0,0
2023-09-05,2023,9,1,36,248,0,0,0,0,0,0,136,68,0,0
2023-09-06,2023,9,2,36,249,0,0,0,0,0,0,137,69,0,0
2023-09-07,2023,9,3,36,250,0,0,0,0,0,0,138,70,0,0
2023-09-08,2023,9,4,36,251,1,0,0,0,0,0,139,71,0,0
2023-09-09,2023,9,5,36,252,1,0,0,0,0,0,140,72,0,0
2023-09-10,2023,9,6,36,253,0,0,0,0,0,0,141,73,0,0
2023-09-11,2023,9,0,37,254,0,0,0,0,0,0,142,74,0,0
2023-09-12,2023,9,1,37,255,0,0,0,0,0,0,143,75,0,0
2023-09-13,2023,9,2,37,256,0,0,0,0,0,0,144,76,0,0
2023-09-14,2023,9,3,37,257,0,0,0,0,0,0,145,77,0,0
2023-09-15,2023,9,4,37,258,1,0,0,0,0,0,146,78,0,0
2023-09-16,2023,9,5,37,259,1,0,0,0,0,0,147,79,0,0
2023-09-17,2023,9,6,37,260,0,0,0,0,0,0,148,80,0,0
2023-09-18,2023,9,0,38,261,0,0,0,0,0,0,149,81,0,0
2023-09-19,2023,9,1,38,262,0,0,0,0,0,0,150,82,0,0
2023-09-20,2023,9,2,38,263,0,0,0,0,0,0,151,83,0,0
2023-09-21,2023,9,3,38,264,0,0,0,0,0,0,152,84,0,0
2023-09-22,2023,9,4,38,265,1,0,0,0,0,0,153,85,0,0
2023-09-23,2023,9,5,38,266,1,0,0,0,0,0,154,86,0,0
2023-09-24,2023,9,6,38,267,0,0,0,0,0,0,155,87,0,0
2023-09-25,2023,9,0,39,268,0,0,0,0,0,0,156,88,0,0
2023-09-26,2023,9,1,39,269,0,0,0,0,0,0,157,89,0,0
2023-09-27,2023,9,2,39,270,0,0,0,0,0,0,158,90,0,0
2023-09-28,2023,9,3,39,271,0,0,0,0,0,0,159,91,0,0
2023-09-29,2023,9,4,39,272,1,0,0,0,0,0,160,92,0,0
2023-09-30,2023,9,5,39,273,1,0,0,0,0,0,161,93,0,0
2023-10-01,2023,10,6,39,274,0,0,0,0,0,0,162,94,0,0
2023-10-02,2023,10,0,40,275,0,0,0,0,0,0,163,95,0,0
2023-10-03,2023,10,1,40,276,0,0,0,0,0,0,164,96,0,0
2023-10-04,2023,10,2,40,277,0,0,0,0,0,0,165,97,0,0
2023-10-05,2023,10,3,40,278,0,0,0,0,0,0,166,98,0,0
2023-10-06,2023,10,4,40,279,1,0,0,0,0,0,167,99,0,0
2023-10-07,2023,10,5,40,280,1,0,0,0,0,0,168,100,0,0
2023-10-08,2023,10,6,40,281,0,0,0,0,0,0,169,101,0,0
2023-10-09,2023,10,0,41,282,0,0,0,0,0,0,170,102,0,0
2023-10-10,2023,10,1,41,283,0,0,0,0,0,0,171,103,0,0
2023-10-11,2023,10,2,41,284,0,0,0,0,0,0,172,104,0,0
2023-10-12,2023,10,3,41,285,0,0,0,0,0,0,173,105,0,0
2023-10-13,2023,10,4,41,286,1,0,0,0,0,0,174,106,0,0
2023-10-14,2023,10,5,41,287,1,0,0,0,0,0,175,107,0,0
2023-10-15,2023,10,6,41,288,0,0,0,0,0,0,176,108,0,0
2023-10-16,2023,10,0,42,289,0,0,0,0,0,0,177,109,0,0
2023-10-17,2023,10,1,42,290,0,0,0,0,0,0,-176,110,0,0
2023-10-18,2023,10,2,42,291,0,0,0,0,0,0,-175,111,0,0
2023-10-19,2023,10,3,42,292,0,0,0,0,0,0,-174,112,0,0
2023-10-20,2023,10,4,42,293,1,0,0,0,0,0,-173,113,0,0
2023-10-21,2023,10,5,42,294,1,0,0,0,0,0,-172,114,0,0
2023-10-22,2023,10,6,42,295,0,0,0,0,0,0,-171,115,0,0
2023-10-23,2023,10,0,43,296,0,0,0,0,0,0,-170,116,0,0
2023-10-24,2023,10,1,43,297,0,0,0,0,0,0,-169,117,0,0
2023-10-25,2023,10,2,43,298,0,0,0,0,0,0,-168,118,0,0
2023-10-26,2023,10,3,43,299,0,0,0,0,0,0,-167,119,0,0
2023-10-27,2023,10,4,43,300,1,0,0,0,0,0,-166,120,0,0
2023-10-28,2023,10,5,43,301,1,0,0,0,0,0,-165,121,0,0
2023-10-29,2023,10,6,43,302,0,0,0,0,0,0,-164,122,0,0
2023-10-30,2023,10,0,44,303,0,0,0,0,0,0,-163,123,0,0
2023-10-31,2023,10,1,44,304,0,0,0,0,0,0,-162,124,0,0
2023-11-01,2023,11,2,44,305,0,0,0,0,0,0,-161,125,0,0
2023-11-02,2023,11,3,44,306,0,0,0,0,0,0,-160,126,0,0
2023-11-03,2023,11,4,44,307,1,0,0,0,0,0,-159,127,0,0
2023-11-04,2023,11,5,44,308,1,0,0,0,0,0,-158,128,0,0
2023-11-05,2023,11,6,44,309,0,0,0,0,0,0,-157,129,0,0
2023-11-06,2023,11,0,45,310,0,0,0,0,0,0,-156,130,0,0
2023-11-07,2023,11,1,45,311,0,0,0,0,0,0,-155,131,0,0
2023-11-08,2023,11,2,45,312,0,0,0,0,0,0,-154,132,0,0
2023-11-09,2023,11,3,45,313,0,0,0,0,0,0,-153,133,0,0
2023-11-10,2023,11,4,45,314,1,0,0,0,0,0,-152,134,0,0
2023-11-11,2023,11,5,45,315,1,0,0,0,0,0,-151,135,0,0
2023-11-12,2023,11,6,45,316,0,0,0,0,0,0,-150,136,0,0
2023-11-13,2023,11,0,46,317,0,0,0,0,0,0,-149,137,0,0
2023-11-14,2023,11,1,46,318,0,0,0,0,0,0,-148,138,0,0
2023-11-15,2023,11,2,46,319,0,0,0,0,0,0,-147,139,0,0
2023-11-16,2023,11,3,46,320,0,0,0,0,0,0,-146,140,0,0
2023-11-17,2023,11,4,46,321,1,0,0,0,0,0,-145,141,0,0
2023-11-18,2023,11,5,46,322,1,0,0,0,0,0,-144,142,0,0
2023-11-19,2023,11,6,46,323,0,0,0,0,0,0,-143,143,0,0
2023-11-20,2023,11,0,47,324,0,0,0,0,0,0,-142,144,0,0
2023-11-21,2023,11,1,47,325,0,0,0,0,0,0,-141,145,0,0
2023-11-22,2023,11,2,47,326,0,0,0,0,0,0,-140,146,0,0
2023-11-23,2023,11,3,47,327,0,0,0,0,0,0,-139,147,0,0
2023-11-24,2023,11,4,47,328,1,0,0,0,0,0,-138,148,0,0
2023-11-25,2023,11,5,47,329,1,0,0,0,0,0,-137,149,0,0
2023-11-26,2023,11,6,47,330,0,0,0,0,0,0,-136,150,0,0
2023-11-27,2023,11,0,48,331,0,0,0,0,0,0,-135,151,0,0
2023-11-28,2023,11,1,48,332,0,0,0,0,0,0,-134,152,0,0
2023-11-29,2023,11,2,48,333,0,0,0,0,0,0,-133,153,0,0
2023-11-30,2023,11,3,48,334,0,0,0,0,0,0,-132,154,0,0
2023-12-01,2023,12,4,48,335,1,0,0,0,0,0,-131,155,0,0
2023-12-02,2023,12,5,48,336,1,0,0,0,0,0,-130,156,0,0
2023-12-03,2023,12,6,48,337,0,0,0,0,0,0,-129,157,0,0
2023-12-04,2023,12,0,49,338,0,0,0,0,0,0,-128,158,0,0
2023-12-05,2023,12,1,49,339,0,0,0,0,0,0,-127,159,0,0
2023-12-06,2023,12,2,49,340,0,0,0,0,0,0,-126,160,0,0
2023-12-07,2023,12,3,49,341,0,0,0,0,0,0,-125,161,0,0
2023-12-08,2023,12,4,49,342,1,0,0,0,0,0,-124,162,0,0
2023-12-09,2023,12,5,49,343,1,0,0,0,0,0,-123,163,0,0
2023-12-10,2023,12,6,49,344,0,0,0,0,0,0,-122,164,0,0
2023-12-11,2023,12,0,50,345,0,0,0,0,0,0,-121,165,0,0
2023-12-12,2023,12,1,50,346,0,0,0,0,0,0,-120,166,0,0
2023-12-13,2023,12,2,50,347,0,0,0,0,0,0,-119,167,0,0
2023-12-14,2023,12,3,50,348,0,0,0,0,0,0,-118,168,0,0
2023-12-15,2023,12,4,50,349,1,0,0,0,0,0,-117,169,0,1
2023-12-16,2023,12,5,50,350,1,1,1,0,0,0,-116,170,0,1
2023-12-17,2023,12,6,50,351,0,0,0,0,0,0,-115,171,0,1
2023-12-18,2023,12,0,51,352,0,0,0,0,0,0,-114,172,0,1
2023-12-19,2023,12,1,51,353,0,0,0,0,0,0,-113,173,0,1
2023-12-20,2023,12,2,51,354,0,0,0,0,0,0,-112,174,0,1
2023-12-21,2023,12,3,51,355,0,0,0,0,0,0,-111,175,0,1
2023-12-22,2023,12,4,51,356,1,0,0,0,0,0,-110,176,0,1
2023-12-23,2023,12,5,51,357,1,0,0,0,0,0,-109,177,0,1
2023-12-24,2023,12,6,51,358,0,0,0,0,0,0,-108,-176,0,1
2023-12-25,2023,12,0,52,359,0,1,1,0,0,0,-107,-175,0,1
2023-12-26,2023,12,1,52,360,0,0,0,0,0,0,-106,-174,0,1
2023-12-27,2023,12,2,52,361,0,0,0,0,0,0,-105,-173,0,1
2023-12-28,2023,12,3,52,362,0,0,0,0,0,0,-104,-172,0,1
2023-12-29,2023,12,4,52,363,1,0,0,0,0,0,-103,-171,0,1
2023-12-30,2023,12,5,52,364,1,0,0,0,0,0,-102,-170,0,1
2023-12-31,2023,12,6,52,365,0,0,0,0,0,0,-101,-169,0,1
2024-01-01,2024,1,0,1,1,0,0,0,0,0,0,-100,-168,0,1
2024-01-02,2024,1,1,1,2,0,0,0,0,0,0,-99,-167,0,1
2024-01-03,2024,1,2,1,3,0,0,0,0,0,0,-98,-166,0,1
2024-01-04,2024,1,3,1,4,0,0,0,0,0,0,-97,-165,0,1
2024-01-05,2024,1,4,1,5,1,0,0,0,0,0,-96,-164,0,1
2024-01-06,2024,1,5,1,6,1,0,0,0,0,0,-95,-163,0,1
2024-01-07,2024,1,6,1,7,0,0,0,0,0,0,-94,-162,0,1
2024-01-08,2024,1,0,2,8,0,0,0,0,0,0,-93,-161,0,1
2024-01-09,2024,1,1,2,9,0,0,0,0,0,0,-92,-160,0,1
2024-01-10,2024,1,2,2,10,0,0,0,0,0,0,-91,-159,0,1
2024-01-11,2024,1,3,2,11,0,0,0,0,0,0,-90,-158,0,1
2024-01-12,2024,1,4,2,12,1,0,0,0,0,0,-89,-157,0,1
2024-01-13,2024,1,5,2,13,1,0,0,0,0,0,-88,-156,0,1
2024-01-14,2024,1,6,2,14,0,0,0,0,0,0,-87,-155,0,1
2024-01-15,2024,1,0,3,15,0,0,0,0,0,0,-86,-154,0,1
2024-01-16,2024,1,1,3,16,0,0,0,0,0,0,-85,-153,0,1
2024-01-17,2024,1,2,3,17,0,0,0,0,0,0,-84,-152,0,1
2024-01-18,2024,1,3,3,18,0,0,0,0,0,0,-83,-151,0,1
2024-01-19,2024,1,4,3,19,1,0,0,0,0,0,-82,-150,0,1
2024-01-20,2024,1,5,3,20,1,0,0,0,0,0,-81,-149,0,1
2024-01-21,2024,1,6,3,21,0,0,0,0,0,0,-80,-148,0,1
2024-01-22,2024,1,0,4,22,0,0,0,0,0,0,-79,-147,0,1
2024-01-23,2024,1,1,4,23,0,0,0,0,0,0,-78,-146,0,1
2024-01-24,2024,1,2,4,24,0,0,0,0,0,0,-77,-145,0,1
2024-01-25,2024,1,3,4,25,0,0,0,0,0,0,-76,-144,0,1
2024-01-26,2024,1,4,4,26,1,0,0,0,0,0,-75,-143,0,1
2024-01-27,2024,1,5,4,27,1,0,0,0,0,0,-74,-142,0,1
2024-01-28,2024,1,6,4,28,0,0,0,0,0,0,-73,-141,0,1
2024-01-29,2024,1,0,5,29,0,0,0,0,0,0,-72,-140,0,1
2024-01-30,2024,1,1,5,30,0,0,0,0,0,0,-71,-139,0,1
2024-01-31,2024,1,2,5,31,0,0,0,0,0,0,-70,-138,0,1
2024-02-01,2024,2,3,5,32,0,0,0,0,0,0,-69,-137,0,1
2024-02-02,2024,2,4,5,33,1,0,0,0,0,0,-68,-136,0,1
2024-02-03,2024,2,5,5,34,1,0,0,0,0,0,-67,-135,0,1
2024-02-04,2024,2,6,5,35,0,0,0,0,0,0,-66,-134,0,1
2024-02-05,2024,2,0,6,36,0,0,0,0,0,0,-65,-133,0,1
2024-02-06,2024,2,1,6,37,0,0,0,0,0,0,-64,-132,0,1
2024-02-07,2024,2,2,6,38,0,0,0,0,0,0,-63,-131,0,1
2024-02-08,2024,2,3,6,39,0,0,0,0,0,0,-62,-130,0,1
2024-02-09,2024,2,4,6,40,1,0,0,0,0,0,-61,-129,0,1
2024-02-10,2024,2,5,6,41,1,0,0,0,0,0,-60,-128,0,1
2024-02-11,2024,2,6,6,42,0,0,0,0,0,0,-59,-127,0,1
2024-02-12,2024,2,0,7,43,0,0,0,0,0,0,-58,-126,0,1
2024-02-13,2024,2,1,7,44,0,0,0,0,0,0,-57,-125,0,1
2024-02-14,2024,2,2,7,45,0,0,0,0,0,0,-56,-124,0,1
2024-02-15,2024,2,3,7,46,0,0,0,0,0,0,-55,-123,0,1
2024-02-16,2024,2,4,7,47,1,0,0,0,0,0,-54,-122,0,0
2024-02-17,2024,2,5,7,48,1,0,0,0,0,0,-53,-121,0,0
2024-02-18,2024,2,6,7,49,0,0,0,0,0,0,-52,-120,0,0
2024-02-19,2024,2,0,8,50,0,0,0,0,0,0,-51,-119,0,0
2024-02-20,2024,2,1,8,51,0,0,0,0,0,0,-50,-118,0,0
2024-02-21,2024,2,2,8,52,0,1,1,0,0,0,-49,-117,0,0
2024-02-22,2024,2,3,8,53,0,0,0,0,0,0,-48,-116,0,0
2024-02-23,2024,2,4,8,54,1,0,0,0,0,0,-47,-115,0,0
2024-02-24,2024,2,5,8,55,1,0,0,0,0,0,-46,-114,0,0
2024-02-25,2024,2,6,8,56,0,0,0,0,0,0,-45,-113,0,0
2024-02-26,2024,2,0,9,57,0,0,0,0,0,0,-44,-112,0,0
2024-02-27,2024,2,1,9,58,0,0,0,0,0,0,-43,-111,0,0
2024-02-28,2024,2,2,9,59,0,0,0,0,0,0,-42,-110,0,0
2024-02-29,2024,2,3,9,60,0,0,0,0,0,0,-41,-109,0,0
2024-03-01,2024,3,4,9,61,1,0,0,0,0,0,-40,-108,0,0
2024-03-02,2024,3,5,9,62,1,0,0,0,0,0,-39,-107,0,0
2024-03-03,2024,3,6,9,63,0,0,0,0,0,0,-38,-106,0,0
2024-03-04,2024,3,0,10,64,0,0,0,0,0,0,-37,-105,0,0
2024-03-05,2024,3,1,10,65,0,0,0,0,0,0,-36,-104,0,0
2024-03-06,2024,3,2,10,66,0,0,0,0,0,0,-35,-103,0,0
2024-03-07,2024,3,3,10,67,0,0,0,0,0,0,-34,-102,0,0
2024-03-08,2024,3,4,10,68,1,0,0,0,0,0,-33,-101,0,0
2024-03-09,2024,3,5,10,69,1,0,0,0,0,0,-32,-100,0,0
2024-03-10,2024,3,6,10,70,0,0,0,0,0,0,-31,-99,0,0
2024-03-11,2024,3,0,11,71,0,0,0,0,1,1,-30,-98,0,0
2024-03-12,2024,3,1,11,72,0,0,0,0,1,2,-29,-97,0,0
2024-03-13,2024,3,2,11,73,0,0,0,0,1,3,-28,-96,0,0
2024-03-14,2024,3,3,11,74,0,0,0,0,1,4,-27,-95,0,0
2024-03-15,2024,3,4,11,75,1,0,0,0,1,5,-26,-94,0,0
2024-03-16,2024,3,5,11,76,1,0,0,0,1,6,-25,-93,0,0
2024-03-17,2024,3,6,11,77,0,0,0,0,1,7,-24,-92,0,0
2024-03-18,2024,3,0,12,78,0,0,0,0,1,8,-23,-91,0,0
2024-03-19,2024,3,1,12,79,0,0,0,0,1,9,-22,-90,0,0
2024-03-20,2024,3,2,12,80,0,0,0,0,1,10,-21,-89,0,0
2024-03-21,2024,3,3,12,81,0,0,0,0,1,11,-20,-88,0,0
2024-03-22,2024,3,4,12,82,1,0,0,0,1,12,-19,-87,0,0
2024-03-23,2024,3,5,12,83,1,0,0,0,1,13,-18,-86,0,0
2024-03-24,2024,3,6,12,84,0,0,0,0,1,14,-17,-85,0,0
2024-03-25,2024,3,0,13,85,0,0,0,0,1,15,-16,-84,0,0
2024-03-26,2024,3,1,13,86,0,1,1,0,1,16,-15,-83,0,0
2024-03-27,2024,3,2,13,87,0,0,0,0,1,17,-14,-82,0,0
2024-03-28,2024,3,3,13,88,0,0,0,0,1,18,-13,-81,0,0
2024-03-29,2024,3,4,13,89,1,0,0,0,1,19,-12,-80,0,0
2024-03-30,2024,3,5,13,90,1,0,0,0,1,20,-11,-79,0,0
2024-03-31,2024,3,6,13,91,0,0,0,0,1,21,-10,-78,0,0
2024-04-01,2024,4,0,14,92,0,0,0,0,1,22,-9,-77,0,0
2024-04-02,2024,4,1,14,93,0,0,0,0,1,23,-8,-76,0,0
2024-04-03,2024,4,2,14,94,0,0,0,0,1,24,-7,-75,0,0
2024-04-04,2024,4,3,14,95,0,0,0,0,1,25,-6,-74,0,0
2024-04-05,2024,4,4,14,96,1,0,0,0,1,26,-5,-73,1,0
2024-04-06,2024,4,5,14,97,1,0,0,0,1,27,-4,-72,1,0
2024-04-07,2024,4,6,14,98,0,0,0,0,1,28,-3,-71,1,0
2024-04-08,2024,4,0,15,99,0,0,0,0,1,29,-2,-70,1,0
2024-04-09,2024,4,1,15,100,0,1,0,1,1,30,-1,-69,1,0
2024-04-10,2024,4,2,15,101,0,1,0,1,0,0,0,-68,1,0
2024-04-11,2024,4,3,15,102,0,1,0,1,0,0,1,-67,1,0
2024-04-12,2024,4,4,15,103,1,0,0,0,0,0,2,-66,1,0
2024-04-13,2024,4,5,15,104,1,0,0,0,0,0,3,-65,1,0
2024-04-14,2024,4,6,15,105,0,1,1,0,0,0,4,-64,1,0
2024-04-15,2024,4,0,16,106,0,0,0,0,0,0,5,-63,1,0
2024-04-16,2024,4,1,16,107,0,0,0,0,0,0,6,-62,0,0
2024-04-17,2024,4,2,16,108,0,0,0,0,0,0,7,-61,0,0
2024-04-18,2024,4,3,16,109,0,0,0,0,0,0,8,-60,0,0
2024-04-19,2024,4,4,16,110,1,0,0,0,0,0,9,-59,0,0
2024-04-20,2024,4,5,16,111,1,0,0,0,0,0,10,-58,0,0
2024-04-21,2024,4,6,16,112,0,0,0,0,0,0,11,-57,0,0
2024-04-22,2024,4,0,17,113,0,0,0,0,0,0,12,-56,0,0
2024-04-23,2024,4,1,17,114,0,0,0,0,0,0,13,-55,0,0
2024-04-24,2024,4,2,17,115,0,0,0,0,0,0,14,-54,0,0
2024-04-25,2024,4,3,17,116,0,0,0,0,0,0,15,-53,0,0
2024-04-26,2024,4,4,17,117,1,0,0,0,0,0,16,-52,0,0
2024-04-27,2024,4,5,17,118,1,0,0,0,0,0,17,-51,0,0
2024-04-28,2024,4,6,17,119,0,0,0,0,0,0,18,-50,0,0
2024-04-29,2024,4,0,18,120,0,0,0,0,0,0,19,-49,0,0
2024-04-30,2024,4,1,18,121,0,0,0,0,0,0,20,-48,0,0
2024-05-01,2024,5,2,18,122,0,1,1,0,0,0,21,-47,0,0
2024-05-02,2024,5,3,18,123,0,0,0,0,0,0,22,-46,0,0
2024-05-03,2024,5,4,18,124,1,0,0,0,0,0,23,-45,0,0
2024-05-04,2024,5,5,18,125,1,0,0,0,0,0,24,-44,0,0
2024-05-05,2024,5,6,18,126,0,0,0,0,0,0,25,-43,0,0
2024-05-06,2024,5,0,19,127,0,0,0,0,0,0,26,-42,0,0
2024-05-07,2024,5,1,19,128,0,0,0,0,0,0,27,-41,0,0
2024-05-08,2024,5,2,19,129,0,0,0,0,0,0,28,-40,0,0
2024-05-09,2024,5,3,19,130,0,0,0,0,0,0,29,-39,0,0
2024-05-10,2024,5,4,19,131,1,0,0,0,0,0,30,-38,0,0
2024-05-11,2024,5,5,19,132,1,0,0,0,0,0,31,-37,0,0
2024-05-12,2024,5,6,19,133,0,0,0,0,0,0,32,-36,0,0
2024-05-13,2024,5,0,20,134,0,0,0,0,0,0,33,-35,0,0
2024-05-14,2024,5,1,20,135,0,0,0,0,0,0,34,-34,0,0
2024-05-15,2024,5,2,20,136,0,0,0,0,0,0,35,-33,0,0
2024-05-16,2024,5,3,20,137,0,0,0,0,0,0,36,-32,0,0
2024-05-17,2024,5,4,20,138,1,0,0,0,0,0,37,-31,0,0
2024-05-18,2024,5,5,20,139,1,0,0,0,0,0,38,-30,0,0
2024-05-19,2024,5,6,20,140,0,0,0,0,0,0,39,-29,0,0
2024-05-20,2024,5,0,21,141,0,0,0,0,0,0,40,-28,0,0
2024-05-21,2024,5,1,21,142,0,0,0,0,0,0,41,-27,0,0
2024-05-22,2024,5,2,21,143,0,0,0,0,0,0,42,-26,0,0
2024-05-23,2024,5,3,21,144,0,0,0,0,0,0,43,-25,0,0
2024-05-24,2024,5,4,21,145,1,0,0,0,0,0,44,-24,0,0
2024-05-25,2024,5,5,21,146,1,0,0,0,0,0,45,-23,0,0
2024-05-26,2024,5,6,21,147,0,0,0,0,0,0,46,-22,0,0
2024-05-27,2024,5,0,22,148,0,0,0,0,0,0,47,-21,0,0
2024-05-28,2024,5,1,22,149,0,0,0,0,0,0,48,-20,0,0
2024-05-29,2024,5,2,22,150,0,0,0,0,0,0,49,-19,0,0
2024-05-30,2024,5,3,22,151,0,0,0,0,0,0,50,-18,0,0
2024-05-31,2024,5,4,22,152,1,0,0,0,0,0,51,-17,0,0
2024-06-01,2024,6,5,22,153,1,0,0,0,0,0,52,-16,0,0
2024-06-02,2024,6,6,22,154,0,0,0,0,0,0,53,-15,0,0
2024-06-03,2024,6,0,23,155,0,0,0,0,0,0,54,-14,0,0
2024-06-04,2024,6,1,23,156,0,0,0,0,0,0,55,-13,0,0
2024-06-05,2024,6,2,23,157,0,0,0,0,0,0,56,-12,0,0
2024-06-06,2024,6,3,23,158,0,0,0,0,0,0,57,-11,0,0
2024-06-07,2024,6,4,23,159,1,0,0,0,0,0,58,-10,0,0
2024-06-08,2024,6,5,23,160,1,0,0,0,0,0,59,-9,0,0
2024-06-09,2024,6,6,23,161,0,0,0,0,0,0,60,-8,0,0
2024-06-10,2024,6,0,24,162,0,0,0,0,0,0,61,-7,0,0
2024-06-11,2024,6,1,24,163,0,0,0,0,0,0,62,-6,0,0
2024-06-12,2024,6,2,24,164,0,0,0,0,0,0,63,-5,1,0
2024-06-13,2024,6,3,24,165,0,0,0,0,0,0,64,-4,1,0
2024-06-14,2024,6,4,24,166,1,0,0,0,0,0,65,-3,1,0
2024-06-15,2024,6,5,24,167,1,0,0,0,0,0,66,-2,1,0
2024-06-16,2024,6,6,24,168,0,1,0,1,0,0,67,-1,1,0
2024-06-17,2024,6,0,25,169,0,1,0,1,0,0,68,0,1,0
2024-06-18,2024,6,1,25,170,0,1,0,1,0,0,69,1,1,0
2024-06-19,2024,6,2,25,171,0,0,0,0,0,0,70,2,1,0
2024-06-20,2024,6,3,25,172,0,0,0,0,0,0,71,3,1,0
2024-06-21,2024,6,4,25,173,1,0,0,0,0,0,72,4,1,0
2024-06-22,2024,6,5,25,174,1,0,0,0,0,0,73,5,1,0
2024-06-23,2024,6,6,25,175,0,0,0,0,0,0,74,6,0,0
2024-06-24,2024,6,0,26,176,0,0,0,0,0,0,75,7,0,0
2024-06-25,2024,6,1,26,177,0,0,0,0,0,0,76,8,0,0
2024-06-26,2024,6,2,26,178,0,0,0,0,0,0,77,9,0,0
2024-06-27,2024,6,3,26,179,0,0,0,0,0,0,78,10,0,0
2024-06-28,2024,6,4,26,180,1,0,0,0,0,0,79,11,0,0
2024-06-29,2024,6,5,26,181,1,0,0,0,0,0,80,12,0,0
2024-06-30,2024,6,6,26,182,0,0,0,0,0,0,81,13,0,0
2024-07-01,2024,7,0,27,183,0,0,0,0,0,0,82,14,0,0
2024-07-02,2024,7,1,27,184,0,0,0,0,0,0,83,15,0,0
2024-07-03,2024,7,2,27,185,0,0,0,0,0,0,84,16,0,0
2024-07-04,2024,7,3,27,186,0,0,0,0,0,0,85,17,0,0
2024-07-05,2024,7,4,27,187,1,0,0,0,0,0,86,18,0,0
2024-07-06,2024,7,5,27,188,1,0,0,0,0,0,87,19,0,0
2024-07-07,2024,7,6,27,189,0,0,0,0,0,0,88,20,0,0
2024-07-08,2024,7,0,28,190,0,0,0,0,0,0,89,21,0,0
2024-07-09,2024,7,1,28,191,0,0,0,0,0,0,90,22,0,0
2024-07-10,2024,7,2,28,192,0,0,0,0,0,0,91,23,0,0
2024-07-11,2024,7,3,28,193,0,0,0,0,0,0,92,24,0,0
2024-07-12,2024,7,4,28,194,1,0,0,0,0,0,93,25,0,0
2024-07-13,2024,7,5,28,195,1,0,0,0,0,0,94,26,0,0
2024-07-14,2024,7,6,28,196,0,0,0,0,0,0,95,27,0,0
2024-07-15,2024,7,0,29,197,0,0,0,0,0,0,96,28,0,0
2024-07-16,2024,7,1,29,198,0,0,0,0,0,0,97,29,0,0
2024-07-17,2024,7,2,29,199,0,0,0,0,0,0,98,30,0,0
2024-07-18,2024,7,3,29,200,0,0,0,0,0,0,99,31,0,0
2024-07-19,2024,7,4,29,201,1,0,0,0,0,0,100,32,0,0
2024-07-20,2024,7,5,29,202,1,0,0,0,0,0,101,33,0,0
2024-07-21,2024,7,6,29,203,0,0,0,0,0,0,102,34,0,0
2024-07-22,2024,7,0,30,204,0,0,0,0,0,0,103,35,0,0
2024-07-23,2024,7,1,30,205,0,0,0,0,0,0,104,36,0,0
2024-07-24,2024,7,2,30,206,0,0,0,0,0,0,105,37,0,0
2024-07-25,2024,7,3,30,207,0,0,0,0,0,0,106,38,0,0
2024-07-26,2024,7,4,30,208,1,0,0,0,0,0,107,39,0,0
2024-07-27,2024,7,5,30,209,1,0,0,0,0,0,108,40,0,0
2024-07-28,2024,7,6,30,210,0,0,0,0,0,0,109,41,0,0
2024-07-29,2024,7,0,31,211,0,0,0,0,0,0,110,42,0,0
2024-07-30,2024,7,1,31,212,0,0,0,0,0,0,111,43,0,0
2024-07-31,2024,7,2,31,213,0,0,0,0,0,0,112,44,0,0
2024-08-01,2024,8,3,31,214,0,0,0,0,0,0,113,45,0,0
2024-08-02,2024,8,4,31,215,1,0,0,0,0,0,114,46,0,0
2024-08-03,2024,8,5,31,216,1,0,0,0,0,0,115,47,0,0
2024-08-04,2024,8,6,31,217,0,0,0,0,0,0,116,48,0,0
2024-08-05,2024,8,0,32,218,0,0,0,0,0,0,117,49,0,0
2024-08-06,2024,8,1,32,219,0,0,0,0,0,0,118,50,0,0
2024-08-07,2024,8,2,32,220,0,0,0,0,0,0,119,51,0,0
2024-08-08,2024,8,3,32,221,0,0,0,0,0,0,120,52,0,0
2024-08-09,2024,8,4,32,222,1,0,0,0,0,0,121,53,0,0
2024-08-10,2024,8,5,32,223,1,0,0,0,0,0,122,54,0,0
2024-08-11,2024,8,6,32,224,0,0,0,0,0,0,123,55,0,0
2024-08-12,2024,8,0,33,225,0,0,0,0,0,0,124,56,0,0
2024-08-13,2024,8,1,33,226,0,0,0,0,0,0,125,57,0,0
2024-08-14,2024,8,2,33,227,0,0,0,0,0,0,126,58,0,0
2024-08-15,2024,8,3,33,228,0,0,0,0,0,0,127,59,0,0
2024-08-16,2024,8,4,33,229,1,0,0,0,0,0,128,60,0,0
2024-08-17,2024,8,5,33,230,1,0,0,0,0,0,129,61,0,0
2024-08-18,2024,8,6,33,231,0,0,0,0,0,0,130,62,0,0
2024-08-19,2024,8,0,34,232,0,0,0,0,0,0,131,63,0,0
2024-08-20,2024,8,1,34,233,0,0,0,0,0,0,132,64,0,0
2024-08-21,2024,8,2,34,234,0,0,0,0,0,0,133,65,0,0
2024-08-22,2024,8,3,34,235,0,0,0,0,0,0,134,66,0,0
2024-08-23,2024,8,4,34,236,1,0,0,0,0,0,135,67,0,0
2024-08-24,2024,8,5,34,237,1,0,0,0,0,0,136,68,0,0
2024-08-25,2024,8,6,34,238,0,0,0,0,0,0,137,69,0,0
2024-08-26,2024,8,0,35,239,0,0,0,0,0,0,138,70,0,0
2024-08-27,2024,8,1,35,240,0,0,0,0,0,0,139,71,0,0
2024-08-28,2024,8,2,35,241,0,0,0,0,0,0,140,72,0,0
2024-08-29,2024,8,3,35,242,0,0,0,0,0,0,141,73,0,0
2024-08-30,2024,8,4,35,243,1,0,0,0,0,0,142,74,0,0
2024-08-31,2024,8,5,35,244,1,0,0,0,0,0,143,75,0,0
2024-09-01,2024,9,6,35,245,0,0,0,0,0,0,144,76,0,0
2024-09-02,2024,9,0,36,246,0,0,0,0,0,0,145,77,0,0
2024-09-03,2024,9,1,36,247,0,0,0,0,0,0,146,78,0,0
2024-09-04,2024,9,2,36,248,0,0,0,0,0,0,147,79,0,0
2024-09-05,2024,9,3,36,249,0,0,0,0,0,0,148,80,0,0
2024-09-06,2024,9,4,36,250,1,0,0,0,0,0,149,81,0,0
2024-09-07,2024,9,5,36,251,1,0,0,0,0,0,150,82,0,0
2024-09-08,2024,9,6,36,252,0,0,0,0,0,0,151,83,0,0
2024-09-09,2024,9,0,37,253,0,0,0,0,0,0,152,84,0,0
2024-09-10,2024,9,1,37,254,0,0,0,0,0,0,153,85,0,0
2024-09-11,2024,9,2,37,255,0,0,0,0,0,0,154,86,0,0
2024-09-12,2024,9,3,37,256,0,0,0,0,0,0,155,87,0,0
2024-09-13,2024,9,4,37,257,1,0,0,0,0,0,156,88,0,0
2024-09-14,2024,9,5,37,258,1,0,0,0,0,0,157,89,0,0
2024-09-15,2024,9,6,37,259,0,0,0,0,0,0,158,90,0,0
2024-09-16,2024,9,0,38,260,0,0,0,0,0,0,159,91,0,0
2024-09-17,2024,9,1,38,261,0,0,0,0,0,0,160,92,0,0
2024-09-18,2024,9,2,38,262,0,0,0,0,0,0,161,93,0,0
2024-09-19,2024,9,3,38,263,0,0,0,0,0,0,162,94,0,0
2024-09-20,2024,9,4,38,264,1,0,0,0,0,0,163,95,0,0
2024-09-21,2024,9,5,38,265,1,0,0,0,0,0,164,96,0,0
2024-09-22,2024,9,6,38,266,0,0,0,0,0,0,165,97,0,0
2024-09-23,2024,9,0,39,267,0,0,0,0,0,0,166,98,0,0
2024-09-24,2024,9,1,39,268,0,0,0,0,0,0,167,99,0,0
2024-09-25,2024,9,2,39,269,0,0,0,0,0,0,168,100,0,0
2024-09-26,2024,9,3,39,270,0,0,0,0,0,0,169,101,0,0
2024-09-27,2024,9,4,39,271,1,0,0,0,0,0,170,102,0,0
2024-09-28,2024,9,5,39,272,1,0,0,0,0,0,171,103,0,0
2024-09-29,2024,9,6,39,273,0,0,0,0,0,0,172,104,0,0
2024-09-30,2024,9,0,40,274,0,0,0,0,0,0,173,105,0,0
2024-10-01,2024,10,1,40,275,0,0,0,0,0,0,174,106,0,0
2024-10-02,2024,10,2,40,276,0,0,0,0,0,0,175,107,0,0
2024-10-03,2024,10,3,40,277,0,0,0,0,0,0,176,108,0,0
2024-10-04,2024,10,4,40,278,1,0,0,0,0,0,177,109,0,0
2024-10-05,2024,10,5,40,279,1,0,0,0,0,0,-177,110,0,0
2024-10-06,2024,10,6,40,280,0,0,0,0,0,0,-176,111,0,0
2024-10-07,2024,10,0,41,281,0,0,0,0,0,0,-175,112,0,0
2024-10-08,2024,10,1,41,282,0,0,0,0,0,0,-174,113,0,0
2024-10-09,2024,10,2,41,283,0,0,0,0,0,0,-173,114,0,0
2024-10-10,2024,10,3,41,284,0,0,0,0,0,0,-172,115,0,0
2024-10-11,2024,10,4,41,285,1,0,0,0,0,0,-171,116,0,0
2024-10-12,2024,10,5,41,286,1,0,0,0,0,0,-170,117,0,0
2024-10-13,2024,10,6,41,287,0,0,0,0,0,0,-169,118,0,0
2024-10-14,2024,10,0,42,288,0,0,0,0,0,0,-168,119,0,0
2024-10-15,2024,10,1,42,289,0,0,0,0,0,0,-167,120,0,0
2024-10-16,2024,10,2,42,290,0,0,0,0,0,0,-166,121,0,0
2024-10-17,2024,10,3,42,291,0,0,0,0,0,0,-165,122,0,0
2024-10-18,2024,10,4,42,292,1,0,0,0,0,0,-164,123,0,0
2024-10-19,2024,10,5,42,293,1,0,0,0,0,0,-163,124,0,0
2024-10-20,2024,10,6,42,294,0,0,0,0,0,0,-162,125,0,0
2024-10-21,2024,10,0,43,295,0,0,0,0,0,0,-161,126,0,0
2024-10-22,2024,10,1,43,296,0,0,0,0,0,0,-160,127,0,0
2024-10-23,2024,10,2,43,297,0,0,0,0,0,0,-159,128,0,0
2024-10-24,2024,10,3,43,298,0,0,0,0,0,0,-158,129,0,0
2024-10-25,2024,10,4,43,299,1,0,0,0,0,0,-157,130,0,0
2024-10-26,2024,10,5,43,300,1,0,0,0,0,0,-156,131,0,0
2024-10-27,2024,10,6,43,301,0,0,0,0,0,0,-155,132,0,0
2024-10-28,2024,10,0,44,302,0,0,0,0,0,0,-154,133,0,0
2024-10-29,2024,10,1,44,303,0,0,0,0,0,0,-153,134,0,0
2024-10-30,2024,10,2,44,304,0,0,0,0,0,0,-152,135,0,0
2024-10-31,2024,10,3,44,305,0,0,0,0,0,0,-151,136,0,0
2024-11-01,2024,11,4,44,306,1,0,0,0,0,0,-150,137,0,0
2024-11-02,2024,11,5,44,307,1,0,0,0,0,0,-149,138,0,0
2024-11-03,2024,11,6,44,308,0,0,0,0,0,0,-148,139,0,0
2024-11-04,2024,11,0,45,309,0,0,0,0,0,0,-147,140,0,0
2024-11-05,2024,11,1,45,310,0,0,0,0,0,0,-146,141,0,0
2024-11-06,2024,11,2,45,311,0,0,0,0,0,0,-145,142,0,0
2024-11-07,2024,11,3,45,312,0,0,0,0,0,0,-144,143,0,0
2024-11-08,2024,11,4,45,313,1,0,0,0,0,0,-143,144,0,0
2024-11-09,2024,11,5,45,314,1,0,0,0,0,0,-142,145,0,0
2024-11-10,2024,11,6,45,315,0,0,0,0,0,0,-141,146,0,0
2024-11-11,2024,11,0,46,316,0,0,0,0,0,0,-140,147,0,0
2024-11-12,2024,11,1,46,317,0,0,0,0,0,0,-139,148,0,0
2024-11-13,2024,11,2,46,318,0,0,0,0,0,0,-138,149,0,0
2024-11-14,2024,11,3,46,319,0,0,0,0,0,0,-137,150,0,0
2024-11-15,2024,11,4,46,320,1,0,0,0,0,0,-136,151,0,0
2024-11-16,2024,11,5,46,321,1,0,0,0,0,0,-135,152,0,0
2024-11-17,2024,11,6,46,322,0,0,0,0,0,0,-134,153,0,0
2024-11-18,2024,11,0,47,323,0,0,0,0,0,0,-133,154,0,0
2024-11-19,2024,11,1,47,324,0,0,0,0,0,0,-132,155,0,0
2024-11-20,2024,11,2,47,325,0,0,0,0,0,0,-131,156,0,0
2024-11-21,2024,11,3,47,326,0,0,0,0,0,0,-130,157,0,0
2024-11-22,2024,11,4,47,327,1,0,0,0,0,0,-129,158,0,0
2024-11-23,2024,11,5,47,328,1,0,0,0,0,0,-128,159,0,0
2024-11-24,2024,11,6,47,329,0,0,0,0,0,0,-127,160,0,0
2024-11-25,2024,11,0,48,330,0,0,0,0,0,0,-126,161,0,0
2024-11-26,2024,11,1,48,331,0,0,0,0,0,0,-125,162,0,0
2024-11-27,2024,11,2,48,332,0,0,0,0,0,0,-124,163,0,0
2024-11-28,2024,11,3,48,333,0,0,0,0,0,0,-123,164,0,0
2024-11-29,2024,11,4,48,334,1,0,0,0,0,0,-122,165,0,0
2024-11-30,2024,11,5,48,335,1,0,0,0,0,0,-121,166,0,0
2024-12-01,2024,12,6,48,336,0,0,0,0,0,0,-120,167,0,0
2024-12-02,2024,12,0,49,337,0,0,0,0,0,0,-119,168,0,0
2024-12-03,2024,12,1,49,338,0,0,0,0,0,0,-118,169,0,0
2024-12-04,2024,12,2,49,339,0,0,0,0,0,0,-117,170,0,0
2024-12-05,2024,12,3,49,340,0,0,0,0,0,0,-116,171,0,0
2024-12-06,2024,12,4,49,341,1,0,0,0,0,0,-115,172,0,0
2024-12-07,2024,12,5,49,342,1,0,0,0,0,0,-114,173,0,0
2024-12-08,2024,12,6,49,343,0,0,0,0,0,0,-113,174,0,0
2024-12-09,2024,12,0,50,344,0,0,0,0,0,0,-112,175,0,0
2024-12-10,2024,12,1,50,345,0,0,0,0,0,0,-111,176,0,0
2024-12-11,2024,12,2,50,346,0,0,0,0,0,0,-110,177,0,0
2024-12-12,2024,12,3,50,347,0,0,0,0,0,0,-109,-177,0,0
2024-12-13,2024,12,4,50,348,1,0,0,0,0,0,-108,-176,0,0
2024-12-14,2024,12,5,50,349,1,0,0,0,0,0,-107,-175,0,0
2024-12-15,2024,12,6,50,350,0,0,0,0,0,0,-106,-174,0,1
2024-12-16,2024,12,0,51,351,0,1,1,0,0,0,-105,-173,0,1
2024-12-17,2024,12,1,51,352,0,0,0,0,0,0,-104,-172,0,1
2024-12-18,2024,12,2,51,353,0,0,0,0,0,0,-103,-171,0,1
2024-12-19,2024,12,3,51,354,0,0,0,0,0,0,-102,-170,0,1
2024-12-20,2024,12,4,51,355,1,0,0,0,0,0,-101,-169,0,1
2024-12-21,2024,12,5,51,356,1,0,0,0,0,0,-100,-168,0,1
2024-12-22,2024,12,6,51,357,0,0,0,0,0,0,-99,-167,0,1
2024-12-23,2024,12,0,52,358,0,0,0,0,0,0,-98,-166,0,1
2024-12-24,2024,12,1,52,359,0,0,0,0,0,0,-97,-165,0,1
2024-12-25,2024,12,2,52,360,0,1,1,0,0,0,-96,-164,0,1
2024-12-26,2024,12,3,52,361,0,0,0,0,0,0,-95,-163,0,1
2024-12-27,2024,12,4,52,362,1,0,0,0,0,0,-94,-162,0,1
2024-12-28,2024,12,5,52,363,1,0,0,0,0,0,-93,-161,0,1
2024-12-29,2024,12,6,52,364,0,0,0,0,0,0,-92,-160,0,1
2024-12-30,2024,12,0,1,365,0,0,0,0,0,0,-91,-159,0,1
2024-12-31,2024,12,1,1,366,0,0,0,0,0,0,-90,-158,0,1
2025-01-01,2025,1,2,1,1,0,0,0,0,0,0,-89,-157,0,1
2025-01-02,2025,1,3,1,2,0,0,0,0,0,0,-88,-156,0,1
2025-01-03,2025,1,4,1,3,1,0,0,0,0,0,-87,-155,0,1
2025-01-04,2025,1,5,1,4,1,0,0,0,0,0,-86,-154,0,1
2025-01-05,2025,1,6,1,5,0,0,0,0,0,0,-85,-153,0,1
2025-01-06,2025,1,0,2,6,0,0,0,0,0,0,-84,-152,0,1
2025-01-07,2025,1,1,2,7,0,0,0,0,0,0,-83,-151,0,1
2025-01-08,2025,1,2,2,8,0,0,0,0,0,0,-82,-150,0,1
2025-01-09,2025,1,3,2,9,0,0,0,0,0,0,-81,-149,0,1
2025-01-10,2025,1,4,2,10,1,0,0,0,0,0,-80,-148,0,1
2025-01-11,2025,1,5,2,11,1,0,0,0,0,0,-79,-147,0,1
2025-01-12,2025,1,6,2,12,0,0,0,0,0,0,-78,-146,0,1
2025-01-13,2025,1,0,3,13,0,0,0,0,0,0,-77,-145,0,1
2025-01-14,2025,1,1,3,14,0,0,0,0,0,0,-76,-144,0,1
2025-01-15,2025,1,2,3,15,0,0,0,0,0,0,-75,-143,0,1
2025-01-16,2025,1,3,3,16,0,0,0,0,0,0,-74,-142,0,1
2025-01-17,2025,1,4,3,17,1,0,0,0,0,0,-73,-141,0,1
2025-01-18,2025,1,5,3,18,1,0,0,0,0,0,-72,-140,0,1
2025-01-19,2025,1,6,3,19,0,0,0,0,0,0,-71,-139,0,1
2025-01-20,2025,1,0,4,20,0,0,0,0,0,0,-70,-138,0,1
2025-01-21,2025,1,1,4,21,0,0,0,0,0,0,-69,-137,0,1
2025-01-22,2025,1,2,4,22,0,0,0,0,0,0,-68,-136,0,1
2025-01-23,2025,1,3,4,23,0,0,0,0,0,0,-67,-135,0,1
2025-01-24,2025,1,4,4,24,1,0,0,0,0,0,-66,-134,0,1
2025-01-25,2025,1,5,4,25,1,0,0,0,0,0,-65,-133,0,1
2025-01-26,2025,1,6,4,26,0,0,0,0,0,0,-64,-132,0,1
2025-01-27,2025,1,0,5,27,0,0,0,0,0,0,-63,-131,0,1
2025-01-28,2025,1,1,5,28,0,0,0,0,0,0,-62,-130,0,1
2025-01-29,2025,1,2,5,29,0,0,0,0,0,0,-61,-129,0,1
2025-01-30,2025,1,3,5,30,0,0,0,0,0,0,-60,-128,0,1
2025-01-31,2025,1,4,5,31,1,0,0,0,0,0,-59,-127,0,1
2025-02-01,2025,2,5,5,32,1,0,0,0,0,0,-58,-126,0,1
2025-02-02,2025,2,6,5,33,0,0,0,0,0,0,-57,-125,0,1
2025-02-03,2025,2,0,6,34,0,0,0,0,0,0,-56,-124,0,1
2025-02-04,2025,2,1,6,35,0,0,0,0,0,0,-55,-123,0,1
2025-02-05,2025,2,2,6,36,0,0,0,0,0,0,-54,-122,0,1
2025-02-06,2025,2,3,6,37,0,0,0,0,0,0,-53,-121,0,1
2025-02-07,2025,2,4,6,38,1,0,0,0,0,0,-52,-120,0,1
2025-02-08,2025,2,5,6,39,1,0,0,0,0,0,-51,-119,0,1
2025-02-09,2025,2,6,6,40,0,0,0,0,0,0,-50,-118,0,1
2025-02-10,2025,2,0,7,41,0,0,0,0,0,0,-49,-117,0,1
2025-02-11,2025,2,1,7,42,0,0,0,0,0,0,-48,-116,0,1
2025-02-12,2025,2,2,7,43,0,0,0,0,0,0,-47,-115,0,1
2025-02-13,2025,2,3,7,44,0,0,0,0,0,0,-46,-114,0,1
2025-02-14,2025,2,4,7,45,1,0,0,0,0,0,-45,-113,0,1
2025-02-15,2025,2,5,7,46,1,0,0,0,0,0,-44,-112,0,1
2025-02-16,2025,2,6,7,47,0,0,0,0,0,0,-43,-111,0,0
2025-02-17,2025,2,0,8,48,0,0,0,0,0,0,-42,-110,0,0
2025-02-18,2025,2,1,8,49,0,0,0,0,0,0,-41,-109,0,0
2025-02-19,2025,2,2,8,50,0,0,0,0,0,0,-40,-108,0,0
2025-02-20,2025,2,3,8,51,0,0,0,0,0,0,-39,-107,0,0
2025-02-21,2025,2,4,8,52,1,1,1,0,0,0,-38,-106,0,0
2025-02-22,2025,2,5,8,53,1,0,0,0,0,0,-37,-105,0,0
2025-02-23,2025,2,6,8,54,0,0,0,0,0,0,-36,-104,0,0
2025-02-24,2025,2,0,9,55,0,0,0,0,0,0,-35,-103,0,0
2025-02-25,2025,2,1,9,56,0,0,0,0,0,0,-34,-102,0,0
2025-02-26,2025,2,2,9,57,0,0,0,0,0,0,-33,-101,0,0
2025-02-27,2025,2,3,9,58,0,0,0,0,0,0,-32,-100,0,0
2025-02-28,2025,2,4,9,59,1,0,0,0,0,0,-31,-99,0,0
2025-03-01,2025,3,5,9,60,1,0,0,0,1,1,-30,-98,0,0
2025-03-02,2025,3,6,9,61,0,0,0,0,1,2,-29,-97,0,0
2025-03-03,2025,3,0,10,62,0,0,0,0,1,3,-28,-96,0,0
2025-03-04,2025,3,1,10,63,0,0,0,0,1,4,-27,-95,0,0
2025-03-05,2025,3,2,10,64,0,0,0,0,1,5,-26,-94,0,0
2025-03-06,2025,3,3,10,65,0,0,0,0,1,6,-25,-93,0,0
2025-03-07,2025,3,4,10,66,1,0,0,0,1,7,-24,-92,0,0
2025-03-08,2025,3,5,10,67,1,0,0,0,1,8,-23,-91,0,0
2025-03-09,2025,3,6,10,68,0,0,0,0,1,9,-22,-90,0,0
2025-03-10,2025,3,0,11,69,0,0,0,0,1,10,-21,-89,0,0
2025-03-11,2025,3,1,11,70,0,0,0,0,1,11,-20,-88,0,0
2025-03-12,2025,3,2,11,71,0,0,0,0,1,12,-19,-87,0,0
2025-03-13,2025,3,3,11,72,0,0,0,0,1,13,-18,-86,0,0
2025-03-14,2025,3,4,11,73,1,0,0,0,1,14,-17,-85,0,0
2025-03-15,2025,3,5,11,74,1,0,0,0,1,15,-16,-84,0,0
2025-03-16,2025,3,6,11,75,0,0,0,0,1,16,-15,-83,0,0
2025-03-17,2025,3,0,12,76,0,0,0,0,1,17,-14,-82,0,0
2025-03-18,2025,3,1,12,77,0,0,0,0,1,18,-13,-81,0,0
2025-03-19,2025,3,2,12,78,0,0,0,0,1,19,-12,-80,0,0
2025-03-20,2025,3,3,12,79,0,0,0,0,1,20,-11,-79,0,0
2025-03-21,2025,3,4,12,80,1,0,0,0,1,21,-10,-78,0,0
2025-03-22,2025,3,5,12,81,1,0,0,0,1,22,-9,-77,0,0
2025-03-23,2025,3,6,12,82,0,0,0,0,1,23,-8,-76,0,0
2025-03-24,2025,3,0,13,83,0,0,0,0,1,24,-7,-75,0,0
2025-03-25,2025,3,1,13,84,0,0,0,0,1,25,-6,-74,0,0
2025-03-26,2025,3,2,13,85,0,1,1,0,1,26,-5,-73,1,0
2025-03-27,2025,3,3,13,86,0,0,0,0,1,27,-4,-72,1,0
2025-03-28,2025,3,4,13,87,1,0,0,0,1,28,-3,-71,1,0
2025-03-29,2025,3,5,13,88,1,0,0,0,1,29,-2,-70,1,0
2025-03-30,2025,3,6,13,89,0,1,0,1,1,30,-1,-69,1,0
2025-03-31,2025,3,0,14,90,0,1,0,1,0,0,0,-68,1,0
2025-04-01,2025,4,1,14,91,0,1,0,1,0,0,1,-67,1,0
2025-04-02,2025,4,2,14,92,0,0,0,0,0,0,2,-66,1,0
2025-04-03,2025,4,3,14,93,0,0,0,0,0,0,3,-65,1,0
2025-04-04,2025,4,4,14,94,1,0,0,0,0,0,4,-64,1,0
2025-04-05,2025,4,5,14,95,1,0,0,0,0,0,5,-63,1,0
2025-04-06,2025,4,6,14,96,0,0,0,0,0,0,6,-62,0,0
2025-04-07,2025,4,0,15,97,0,0,0,0,0,0,7,-61,0,0
2025-04-08,2025,4,1,15,98,0,0,0,0,0,0,8,-60,0,0
2025-04-09,2025,4,2,15,99,0,0,0,0,0,0,9,-59,0,0
2025-04-10,2025,4,3,15,100,0,0,0,0,0,0,10,-58,0,0
2025-04-11,2025,4,4,15,101,1,0,0,0,0,0,11,-57,0,0
2025-04-12,2025,4,5,15,102,1,0,0,0,0,0,12,-56,0,0
2025-04-13,2025,4,6,15,103,0,0,0,0,0,0,13,-55,0,0
2025-04-14,2025,4,0,16,104,0,1,1,0,0,0,14,-54,0,0
2025-04-15,2025,4,1,16,105,0,0,0,0,0,0,15,-53,0,0
2025-04-16,2025,4,2,16,106,0,0,0,0,0,0,16,-52,0,0
2025-04-17,2025,4,3,16,107,0,0,0,0,0,0,17,-51,0,0
2025-04-18,2025,4,4,16,108,1,0,0,0,0,0,18,-50,0,0
2025-04-19,2025,4,5,16,109,1,0,0,0,0,0,19,-49,0,0
2025-04-20,2025,4,6,16,110,0,0,0,0,0,0,20,-48,0,0
2025-04-21,2025,4,0,17,111,0,0,0,0,0,0,21,-47,0,0
2025-04-22,2025,4,1,17,112,0,0,0,0,0,0,22,-46,0,0
2025-04-23,2025,4,2,17,113,0,0,0,0,0,0,23,-45,0,0
2025-04-24,2025,4,3,17,114,0,0,0,0,0,0,24,-44,0,0
2025-04-25,2025,4,4,17,115,1,0,0,0,0,0,25,-43,0,0
2025-04-26,2025,4,5,17,116,1,0,0,0,0,0,26,-42,0,0
2025-04-27,2025,4,6,17,117,0,0,0,0,0,0,27,-41,0,0
2025-04-28,2025,4,0,18,118,0,0,0,0,0,0,28,-40,0,0
2025-04-29,2025,4,1,18,119,0,0,0,0,0,0,29,-39,0,0
2025-04-30,2025,4,2,18,120,0,0,0,0,0,0,30,-38,0,0
2025-05-01,2025,5,3,18,121,0,1,1,0,0,0,31,-37,0,0
2025-05-02,2025,5,4,18,122,1,0,0,0,0,0,32,-36,0,0
2025-05-03,2025,5,5,18,123,1,0,0,0,0,0,33,-35,0,0
2025-05-04,2025,5,6,18,124,0,0,0,0,0,0,34,-34,0,0
2025-05-05,2025,5,0,19,125,0,0,0,0,0,0,35,-33,0,0
2025-05-06,2025,5,1,19,126,0,0,0,0,0,0,36,-32,0,0
2025-05-07,2025,5,2,19,127,0,0,0,0,0,0,37,-31,0,0
2025-05-08,2025,5,3,19,128,0,0,0,0,0,0,38,-30,0,0
2025-05-09,2025,5,4,19,129,1,0,0,0,0,0,39,-29,0,0
2025-05-10,2025,5,5,19,130,1,0,0,0,0,0,40,-28,0,0
2025-05-11,2025,5,6,19,131,0,0,0,0,0,0,41,-27,0,0
2025-05-12,2025,5,0,20,132,0,0,0,0,0,0,42,-26,0,0
2025-05-13,2025,5,1,20,133,0,0,0,0,0,0,43,-25,0,0
2025-05-14,2025,5,2,20,134,0,0,0,0,0,0,44,-24,0,0
2025-05-15,2025,5,3,20,135,0,0,0,0,0,0,45,-23,0,0
2025-05-16,2025,5,4,20,136,1,0,0,0,0,0,46,-22,0,0
2025-05-17,2025,5,5,20,137,1,0,0,0,0,0,47,-21,0,0
2025-05-18,2025,5,6,20,138,0,0,0,0,0,0,48,-20,0,0
2025-05-19,2025,5,0,21,139,0,0,0,0,0,0,49,-19,0,0
2025-05-20,2025,5,1,21,140,0,0,0,0,0,0,50,-18,0,0
2025-05-21,2025,5,2,21,141,0,0,0,0,0,0,51,-17,0,0
2025-05-22,2025,5,3,21,142,0,0,0,0,0,0,52,-16,0,0
2025-05-23,2025,5,4,21,143,1,0,0,0,0,0,53,-15,0,0
2025-05-24,2025,5,5,21,144,1,0,0,0,0,0,54,-14,0,0
2025-05-25,2025,5,6,21,145,0,0,0,0,0,0,55,-13,0,0
2025-05-26,2025,5,0,22,146,0,0,0,0,0,0,56,-12,0,0
2025-05-27,2025,5,1,22,147,0,0,0,0,0,0,57,-11,0,0
2025-05-28,2025,5,2,22,148,0,0,0,0,0,0,58,-10,0,0
2025-05-29,2025,5,3,22,149,0,0,0,0,0,0,59,-9,0,0
2025-05-30,2025,5,4,22,150,1,0,0,0,0,0,60,-8,0,0
2025-05-31,2025,5,5,22,151,1,0,0,0,0,0,61,-7,0,0
2025-06-01,2025,6,6,22,152,0,0,0,0,0,0,62,-6,0,0
2025-06-02,2025,6,0,23,153,0,0,0,0,0,0,63,-5,1,0
2025-06-03,2025,6,1,23,154,0,0,0,0,0,0,64,-4,1,0
2025-06-04,2025,6,2,23,155,0,0,0,0,0,0,65,-3,1,0
2025-06-05,2025,6,3,23,156,0,0,0,0,0,0,66,-2,1,0
2025-06-06,2025,6,4,23,157,1,1,0,1,0,0,67,-1,1,0
2025-06-07,2025,6,5,23,158,1,1,0,1,0,0,68,0,1,0
2025-06-08,2025,6,6,23,159,0,1,0,1,0,0,69,1,1,0
2025-06-09,2025,6,0,24,160,0,0,0,0,0,0,70,2,1,0
2025-06-10,2025,6,1,24,161,0,0,0,0,0,0,71,3,1,0
2025-06-11,2025,6,2,24,162,0,0,0,0,0,0,72,4,1,0
2025-06-12,2025,6,3,24,163,0,0,0,0,0,0,73,5,1,0
2025-06-13,2025,6,4,24,164,1,0,0,0,0,0,74,6,0,0
2025-06-14,2025,6,5,24,165,1,0,0,0,0,0,75,7,0,0
2025-06-15,2025,6,6,24,166,0,0,0,0,0,0,76,8,0,0
2025-06-16,2025,6,0,25,167,0,0,0,0,0,0,77,9,0,0
2025-06-17,2025,6,1,25,168,0,0,0,0,0,0,78,10,0,0
2025-06-18,2025,6,2,25,169,0,0,0,0,0,0,79,11,0,0
2025-06-19,2025,6,3,25,170,0,0,0,0,0,0,80,12,0,0
2025-06-20,2025,6,4,25,171,1,0,0,0,0,0,81,13,0,0
2025-06-21,2025,6,5,25,172,1,0,0,0,0,0,82,14,0,0
2025-06-22,2025,6,6,25,173,0,0,0,0,0,0,83,15,0,0
2025-06-23,2025,6,0,26,174,0,0,0,0,0,0,84,16,0,0
2025-06-24,2025,6,1,26,175,0,0,0,0,0,0,85,17,0,0
2025-06-25,2025,6,2,26,176,0,0,0,0,0,0,86,18,0,0
2025-06-26,2025,6,3,26,177,0,0,0,0,0,0,87,19,0,0
2025-06-27,2025,6,4,26,178,1,0,0,0,0,0,88,20,0,0
2025-06-28,2025,6,5,26,179,1,0,0,0,0,0,89,21,0,0
2025-06-29,2025,6,6,26,180,0,0,0,0,0,0,90,22,0,0
2025-06-30,2025,6,0,27,181,0,0,0,0,0,0,91,23,0,0
2025-07-01,2025,7,1,27,182,0,0,0,0,0,0,92,24,0,0
2025-07-02,2025,7,2,27,183,0,0,0,0,0,0,93,25,0,0
2025-07-03,2025,7,3,27,184,0,0,0,0,0,0,94,26,0,0
2025-07-04,2025,7,4,27,185,1,0,0,0,0,0,95,27,0,0
2025-07-05,2025,7,5,27,186,1,0,0,0,0,0,96,28,0,0
2025-07-06,2025,7,6,27,187,0,0,0,0,0,0,97,29,0,0
2025-07-07,2025,7,0,28,188,0,0,0,0,0,0,98,30,0,0
2025-07-08,2025,7,1,28,189,0,0,0,0,0,0,99,31,0,0
2025-07-09,2025,7,2,28,190,0,0,0,0,0,0,100,32,0,0
2025-07-10,2025,7,3,28,191,0,0,0,0,0,0,101,33,0,0
2025-07-11,2025,7,4,28,192,1,0,0,0,0,0,102,34,0,0
2025-07-12,2025,7,5,28,193,1,0,0,0,0,0,103,35,0,0
2025-07-13,2025,7,6,28,194,0,0,0,0,0,0,104,36,0,0
2025-07-14,2025,7,0,29,195,0,0,0,0,0,0,105,37,0,0
2025-07-15,2025,7,1,29,196,0,0,0,0,0,0,106,38,0,0
2025-07-16,2025,7,2,29,197,0,0,0,0,0,0,107,39,0,0
2025-07-17,2025,7,3,29,198,0,0,0,0,0,0,108,40,0,0
2025-07-18,2025,7,4,29,199,1,0,0,0,0,0,109,41,0,0
2025-07-19,2025,7,5,29,200,1,0,0,0,0,0,110,42,0,0
2025-07-20,2025,7,6,29,201,0,0,0,0,0,0,111,43,0,0
2025-07-21,2025,7,0,30,202,0,0,0,0,0,0,112,44,0,0
2025-07-22,2025,7,1,30,203,0,0,0,0,0,0,113,45,0,0
2025-07-23,2025,7,2,30,204,0,0,0,0,0,0,114,46,0,0
2025-07-24,2025,7,3,30,205,0,0,0,0,0,0,115,47,0,0
2025-07-25,2025,7,4,30,206,1,0,0,0,0,0,116,48,0,0
2025-07-26,2025,7,5,30,207,1,0,0,0,0,0,117,49,0,0
2025-07-27,2025,7,6,30,208,0,0,0,0,0,0,118,50,0,0
2025-07-28,2025,7,0,31,209,0,0,0,0,0,0,119,51,0,0
2025-07-29,2025,7,1,31,210,0,0,0,0,0,0,120,52,0,0
2025-07-30,2025,7,2,31,211,0,0,0,0,0,0,121,53,0,0
2025-07-31,2025,7,3,31,212,0,0,0,0,0,0,122,54,0,0
2025-08-01,2025,8,4,31,213,1,0,0,0,0,0,123,55,0,0
2025-08-02,2025,8,5,31,214,1,0,0,0,0,0,124,56,0,0
2025-08-03,2025,8,6,31,215,0,0,0,0,0,0,125,57,0,0
2025-08-04,2025,8,0,32,216,0,0,0,0,0,0,126,58,0,0
2025-08-05,2025,8,1,32,217,0,0,0,0,0,0,127,59,0,0
2025-08-06,2025,8,2,32,218,0,0,0,0,0,0,128,60,0,0
2025-08-07,2025,8,3,32,219,0,0,0,0,0,0,129,61,0,0
2025-08-08,2025,8,4,32,220,1,0,0,0,0,0,130,62,0,0
2025-08-09,2025,8,5,32,221,1,0,0,0,0,0,131,63,0,0
2025-08-10,2025,8,6,32,222,0,0,0,0,0,0,132,64,0,0
2025-08-11,2025,8,0,33,223,0,0,0,0,0,0,133,65,0,0
2025-08-12,2025,8,1,33,224,0,0,0,0,0,0,134,66,0,0
2025-08-13,2025,8,2,33,225,0,0,0,0,0,0,135,67,0,0
2025-08-14,2025,8,3,33,226,0,0,0,0,0,0,136,68,0,0
2025-08-15,2025,8,4,33,227,1,0,0,0,0,0,137,69,0,0
2025-08-16,2025,8,5,33,228,1,0,0,0,0,0,138,70,0,0
2025-08-17,2025,8,6,33,229,0,0,0,0,0,0,139,71,0,0
2025-08-18,2025,8,0,34,230,0,0,0,0,0,0,140,72,0,0
2025-08-19,2025,8,1,34,231,0,0,0,0,0,0,141,73,0,0
2025-08-20,2025,8,2,34,232,0,0,0,0,0,0,142,74,0,0
2025-08-21,2025,8,3,34,233,0,0,0,0,0,0,143,75,0,0
2025-08-22,2025,8,4,34,234,1,0,0,0,0,0,144,76,0,0
2025-08-23,2025,8,5,34,235,1,0,0,0,0,0,145,77,0,0
2025-08-24,2025,8,6,34,236,0,0,0,0,0,0,146,78,0,0
2025-08-25,2025,8,0,35,237,0,0,0,0,0,0,147,79,0,0
2025-08-26,2025,8,1,35,238,0,0,0,0,0,0,148,80,0,0
2025-08-27,2025,8,2,35,239,0,0,0,0,0,0,149,81,0,0
2025-08-28,2025,8,3,35,240,0,0,0,0,0,0,150,82,0,0
2025-08-29,2025,8,4,35,241,1,0,0,0,0,0,151,83,0,0
2025-08-30,2025,8,5,35,242,1,0,0,0,0,0,152,84,0,0
2025-08-31,2025,8,6,35,243,0,0,0,0,0,0,153,85,0,0
2025-09-01,2025,9,0,36,244,0,0,0,0,0,0,154,86,0,0
2025-09-02,2025,9,1,36,245,0,0,0,0,0,0,155,87,0,0
2025-09-03,2025,9,2,36,246,0,0,0,0,0,0,156,88,0,0
2025-09-04,2025,9,3,36,247,0,0,0,0,0,0,157,89,0,0
2025-09-05,2025,9,4,36,248,1,0,0,0,0,0,158,90,0,0
2025-09-06,2025,9,5,36,249,1,0,0,0,0,0,159,91,0,0
2025-09-07,2025,9,6,36,250,0,0,0,0,0,0,160,92,0,0
2025-09-08,2025,9,0,37,251,0,0,0,0,0,0,161,93,0,0
2025-09-09,2025,9,1,37,252,0,0,0,0,0,0,162,94,0,0
2025-09-10,2025,9,2,37,253,0,0,0,0,0,0,163,95,0,0
2025-09-11,2025,9,3,37,254,0,0,0,0,0,0,164,96,0,0
2025-09-12,2025,9,4,37,255,1,0,0,0,0,0,165,97,0,0
2025-09-13,2025,9,5,37,256,1,0,0,0,0,0,166,98,0,0
2025-09-14,2025,9,6,37,257,0,0,0,0,0,0,167,99,0,0
2025-09-15,2025,9,0,38,258,0,0,0,0,0,0,168,100,0,0
2025-09-16,2025,9,1,38,259,0,0,0,0,0,0,169,101,0,0
2025-09-17,2025,9,2,38,260,0,0,0,0,0,0,170,102,0,0
2025-09-18,2025,9,3,38,261,0,0,0,0,0,0,171,103,0,0
2025-09-19,2025,9,4,38,262,1,0,0,0,0,0,172,104,0,0
2025-09-20,2025,9,5,38,263,1,0,0,0,0,0,173,105,0,0
2025-09-21,2025,9,6,38,264,0,0,0,0,0,0,174,106,0,0
2025-09-22,2025,9,0,39,265,0,0,0,0,0,0,175,107,0,0
2025-09-23,2025,9,1,39,266,0,0,0,0,0,0,176,108,0,0
2025-09-24,2025,9,2,39,267,0,0,0,0,0,0,177,109,0,0
2025-09-25,2025,9,3,39,268,0,0,0,0,0,0,-177,110,0,0
2025-09-26,2025,9,4,39,269,1,0,0,0,0,0,-176,111,0,0
2025-09-27,2025,9,5,39,270,1,0,0,0,0,0,-175,112,0,0
2025-09-28,2025,9,6,39,271,0,0,0,0,0,0,-174,113,0,0
2025-09-29,2025,9,0,40,272,0,0,0,0,0,0,-173,114,0,0
2025-09-30,2025,9,1,40,273,0,0,0,0,0,0,-172,115,0,0
2025-10-01,2025,10,2,40,274,0,0,0,0,0,0,-171,116,0,0
2025-10-02,2025,10,3,40,275,0,0,0,0,0,0,-170,117,0,0
2025-10-03,2025,10,4,40,276,1,0,0,0,0,0,-169,118,0,0
2025-10-04,2025,10,5,40,277,1,0,0,0,0,0,-168,119,0,0
2025-10-05,2025,10,6,40,278,0,0,0,0,0,0,-167,120,0,0
2025-10-06,2025,10,0,41,279,0,0,0,0,0,0,-166,121,0,0
2025-10-07,2025,10,1,41,280,0,0,0,0,0,0,-165,122,0,0
2025-10-08,2025,10,2,41,281,0,0,0,0,0,0,-164,123,0,0
2025-10-09,2025,10,3,41,282,0,0,0,0,0,0,-163,124,0,0
2025-10-10,2025,10,4,41,283,1,0,0,0,0,0,-162,125,0,0
2025-10-11,2025,10,5,41,284,1,0,0,0,0,0,-161,126,0,0
2025-10-12,2025,10,6,41,285,0,0,0,0,0,0,-160,127,0,0
2025-10-13,2025,10,0,42,286,0,0,0,0,0,0,-159,128,0,0
2025-10-14,2025,10,1,42,287,0,0,0,0,0,0,-158,129,0,0
2025-10-15,2025,10,2,42,288,0,0,0,0,0,0,-157,130,0,0
2025-10-16,2025,10,3,42,289,0,0,0,0,0,0,-156,131,0,0
2025-10-17,2025,10,4,42,290,1,0,0,0,0,0,-155,132,0,0
2025-10-18,2025,10,5,42,291,1,0,0,0,0,0,-154,133,0,0
2025-10-19,2025,10,6,42,292,0,0,0,0,0,0,-153,134,0,0
2025-10-20,2025,10,0,43,293,0,0,0,0,0,0,-152,135,0,0
2025-10-21,2025,10,1,43,294,0,0,0,0,0,0,-151,136,0,0
2025-10-22,2025,10,2,43,295,0,0,0,0,0,0,-150,137,0,0
2025-10-23,2025,10,3,43,296,0,0,0,0,0,0,-149,138,0,0
2025-10-24,2025,10,4,43,297,1,0,0,0,0,0,-148,139,0,0
2025-10-25,2025,10,5,43,298,1,0,0,0,0,0,-147,140,0,0
2025-10-26,2025,10,6,43,299,0,0,0,0,0,0,-146,141,0,0
2025-10-27,2025,10,0,44,300,0,0,0,0,0,0,-145,142,0,0
2025-10-28,2025,10,1,44,301,0,0,0,0,0,0,-144,143,0,0
2025-10-29,2025,10,2,44,302,0,0,0,0,0,0,-143,144,0,0
2025-10-30,2025,10,3,44,303,0,0,0,0,0,0,-142,145,0,0
2025-10-31,2025,10,4,44,304,1,0,0,0,0,0,-141,146,0,0
2025-11-01,2025,11,5,44,305,1,0,0,0,0,0,-140,147,0,0
2025-11-02,2025,11,6,44,306,0,0,0,0,0,0,-139,148,0,0
2025-11-03,2025,11,0,45,307,0,0,0,0,0,0,-138,149,0,0
2025-11-04,2025,11,1,45,308,0,0,0,0,0,0,-137,150,0,0
2025-11-05,2025,11,2,45,309,0,0,0,0,0,0,-136,151,0,0
2025-11-06,2025,11,3,45,310,0,0,0,0,0,0,-135,152,0,0
2025-11-07,2025,11,4,45,311,1,0,0,0,0,0,-134,153,0,0
2025-11-08,2025,11,5,45,312,1,0,0,0,0,0,-133,154,0,0
2025-11-09,2025,11,6,45,313,0,0,0,0,0,0,-132,155,0,0
2025-11-10,2025,11,0,46,314,0,0,0,0,0,0,-131,156,0,0
2025-11-11,2025,11,1,46,315,0,0,0,0,0,0,-130,157,0,0
2025-11-12,2025,11,2,46,316,0,0,0,0,0,0,-129,158,0,0
2025-11-13,2025,11,3,46,317,0,0,0,0,0,0,-128,159,0,0
2025-11-14,2025,11,4,46,318,1,0,0,0,0,0,-127,160,0,0
2025-11-15,2025,11,5,46,319,1,0,0,0,0,0,-126,161,0,0
2025-11-16,2025,11,6,46,320,0,0,0,0,0,0,-125,162,0,0
2025-11-17,2025,11,0,47,321,0,0,0,0,0,0,-124,163,0,0
2025-11-18,2025,11,1,47,322,0,0,0,0,0,0,-123,164,0,0
2025-11-19,2025,11,2,47,323,0,0,0,0,0,0,-122,165,0,0
2025-11-20,2025,11,3,47,324,0,0,0,0,0,0,-121,166,0,0
2025-11-21,2025,11,4,47,325,1,0,0,0,0,0,-120,167,0,0
2025-11-22,2025,11,5,47,326,1,0,0,0,0,0,-119,168,0,0
2025-11-23,2025,11,6,47,327,0,0,0,0,0,0,-118,169,0,0
2025-11-24,2025,11,0,48,328,0,0,0,0,0,0,-117,170,0,0
2025-11-25,2025,11,1,48,329,0,0,0,0,0,0,-116,171,0,0
2025-11-26,2025,11,2,48,330,0,0,0,0,0,0,-115,172,0,0
2025-11-27,2025,11,3,48,331,0,0,0,0,0,0,-114,173,0,0
2025-11-28,2025,11,4,48,332,1,0,0,0,0,0,-113,174,0,0
2025-11-29,2025,11,5,48,333,1,0,0,0,0,0,-112,175,0,0
2025-11-30,2025,11,6,48,334,0,0,0,0,0,0,-111,176,0,0
2025-12-01,2025,12,0,49,335,0,0,0,0,0,0,-110,177,0,0
2025-12-02,2025,12,1,49,336,0,0,0,0,0,0,-109,-177,0,0
2025-12-03,2025,12,2,49,337,0,0,0,0,0,0,-108,-176,0,0
2025-12-04,2025,12,3,49,338,0,0,0,0,0,0,-107,-175,0,0
2025-12-05,2025,12,4,49,339,1,0,0,0,0,0,-106,-174,0,0
2025-12-06,2025,12,5,49,340,1,0,0,0,0,0,-105,-173,0,0
2025-12-07,2025,12,6,49,341,0,0,0,0,0,0,-104,-172,0,0
2025-12-08,2025,12,0,50,342,0,0,0,0,0,0,-103,-171,0,0
2025-12-09,2025,12,1,50,343,0,0,0,0,0,0,-102,-170,0,0
2025-12-10,2025,12,2,50,344,0,0,0,0,0,0,-101,-169,0,0
2025-12-11,2025,12,3,50,345,0,0,0,0,0,0,-100,-168,0,0
2025-12-12,2025,12,4,50,346,1,0,0,0,0,0,-99,-167,0,0
2025-12-13,2025,12,5,50,347,1,0,0,0,0,0,-98,-166,0,0
2025-12-14,2025,12,6,50,348,0,0,0,0,0,0,-97,-165,0,0
2025-12-15,2025,12,0,51,349,0,0,0,0,0,0,-96,-164,0,1
2025-12-16,2025,12,1,51,350,0,1,1,0,0,0,-95,-163,0,1
2025-12-17,2025,12,2,51,351,0,0,0,0,0,0,-94,-162,0,1
2025-12-18,2025,12,3,51,352,0,0,0,0,0,0,-93,-161,0,1
2025-12-19,2025,12,4,51,353,1,0,0,0,0,0,-92,-160,0,1
2025-12-20,2025,12,5,51,354,1,0,0,0,0,0,-91,-159,0,1
2025-12-21,2025,12,6,51,355,0,0,0,0,0,0,-90,-158,0,1
2025-12-22,2025,12,0,52,356,0,0,0,0,0,0,-89,-157,0,1
2025-12-23,2025,12,1,52,357,0,0,0,0,0,0,-88,-156,0,1
2025-12-24,2025,12,2,52,358,0,0,0,0,0,0,-87,-155,0,1
2025-12-25,2025,12,3,52,359,0,1,1,0,0,0,-86,-154,0,1
2025-12-26,2025,12,4,52,360,1,0,0,0,0,0,-85,-153,0,1
2025-12-27,2025,12,5,52,361,1,0,0,0,0,0,-84,-152,0,1
2025-12-28,2025,12,6,52,362,0,0,0,0,0,0,-83,-151,0,1
2025-12-29,2025,12,0,1,363,0,0,0,0,0,0,-82,-150,0,1
2025-12-30,2025,12,1,1,364,0,0,0,0,0,0,-81,-149,0,1
2025-12-31,2025,12,2,1,365,0,0,0,0,0,0,-80,-148,0,1
2026-01-01,2026,1,3,1,1,0,0,0,0,0,0,-79,-147,0,1
2026-01-02,2026,1,4,1,2,1,0,0,0,0,0,-78,-146,0,1
2026-01-03,2026,1,5,1,3,1,0,0,0,0,0,-77,-145,0,1
2026-01-04,2026,1,6,1,4,0,0,0,0,0,0,-76,-144,0,1
2026-01-05,2026,1,0,2,5,0,0,0,0,0,0,-75,-143,0,1
2026-01-06,2026,1,1,2,6,0,0,0,0,0,0,-74,-142,0,1
2026-01-07,2026,1,2,2,7,0,0,0,0,0,0,-73,-141,0,1
2026-01-08,2026,1,3,2,8,0,0,0,0,0,0,-72,-140,0,1
2026-01-09,2026,1,4,2,9,1,0,0,0,0,0,-71,-139,0,1
2026-01-10,2026,1,5,2,10,1,0,0,0,0,0,-70,-138,0,1
2026-01-11,2026,1,6,2,11,0,0,0,0,0,0,-69,-137,0,1
2026-01-12,2026,1,0,3,12,0,0,0,0,0,0,-68,-136,0,1
2026-01-13,2026,1,1,3,13,0,0,0,0,0,0,-67,-135,0,1
2026-01-14,2026,1,2,3,14,0,0,0,0,0,0,-66,-134,0,1
2026-01-15,2026,1,3,3,15,0,0,0,0,0,0,-65,-133,0,1
2026-01-16,2026,1,4,3,16,1,0,0,0,0,0,-64,-132,0,1
2026-01-17,2026,1,5,3,17,1,0,0,0,0,0,-63,-131,0,1
2026-01-18,2026,1,6,3,18,0,0,0,0,0,0,-62,-130,0,1
2026-01-19,2026,1,0,4,19,0,0,0,0,0,0,-61,-129,0,1
2026-01-20,2026,1,1,4,20,0,0,0,0,0,0,-60,-128,0,1
2026-01-21,2026,1,2,4,21,0,0,0,0,0,0,-59,-127,0,1
2026-01-22,2026,1,3,4,22,0,0,0,0,0,0,-58,-126,0,1
2026-01-23,2026,1,4,4,23,1,0,0,0,0,0,-57,-125,0,1
2026-01-24,2026,1,5,4,24,1,0,0,0,0,0,-56,-124,0,1
2026-01-25,2026,1,6,4,25,0,0,0,0,0,0,-55,-123,0,1
2026-01-26,2026,1,0,5,26,0,0,0,0,0,0,-54,-122,0,1
2026-01-27,2026,1,1,5,27,0,0,0,0,0,0,-53,-121,0,1
2026-01-28,2026,1,2,5,28,0,0,0,0,0,0,-52,-120,0,1
2026-01-29,2026,1,3,5,29,0,0,0,0,0,0,-51,-119,0,1
2026-01-30,2026,1,4,5,30,1,0,0,0,0,0,-50,-118,0,1
2026-01-31,2026,1,5,5,31,1,0,0,0,0,0,-49,-117,0,1
2026-02-01,2026,2,6,5,32,0,0,0,0,0,0,-48,-116,0,1
2026-02-02,2026,2,0,6,33,0,0,0,0,0,0,-47,-115,0,1
2026-02-03,2026,2,1,6,34,0,0,0,0,0,0,-46,-114,0,1
2026-02-04,2026,2,2,6,35,0,0,0,0,0,0,-45,-113,0,1
2026-02-05,2026,2,3,6,36,0,0,0,0,0,0,-44,-112,0,1
2026-02-06,2026,2,4,6,37,1,0,0,0,0,0,-43,-111,0,1
2026-02-07,2026,2,5,6,38,1,0,0,0,0,0,-42,-110,0,1
2026-02-08,2026,2,6,6,39,0,0,0,0,0,0,-41,-109,0,1
2026-02-09,2026,2,0,7,40,0,0,0,0,0,0,-40,-108,0,1
2026-02-10,2026,2,1,7,41,0,0,0,0,0,0,-39,-107,0,1
2026-02-11,2026,2,2,7,42,0,0,0,0,0,0,-38,-106,0,1
2026-02-12,2026,2,3,7,43,0,0,0,0,0,0,-37,-105,0,1
2026-02-13,2026,2,4,7,44,1,0,0,0,0,0,-36,-104,0,1
2026-02-14,2026,2,5,7,45,1,0,0,0,0,0,-35,-103,0,1
2026-02-15,2026,2,6,7,46,0,0,0,0,0,0,-34,-102,0,1
2026-02-16,2026,2,0,8,47,0,0,0,0,0,0,-33,-101,0,0
2026-02-17,2026,2,1,8,48,0,0,0,0,0,0,-32,-100,0,0
2026-02-18,2026,2,2,8,49,0,0,0,0,0,0,-31,-99,0,0
2026-02-19,2026,2,3,8,50,0,0,0,0,1,1,-30,-98,0,0
2026-02-20,2026,2,4,8,51,1,0,0,0,1,2,-29,-97,0,0
2026-02-21,2026,2,5,8,52,1,1,1,0,1,3,-28,-96,0,0
2026-02-22,2026,2,6,8,53,0,0,0,0,1,4,-27,-95,0,0
2026-02-23,2026,2,0,9,54,0,0,0,0,1,5,-26,-94,0,0
2026-02-24,2026,2,1,9,55,0,0,0,0,1,6,-25,-93,0,0
2026-02-25,2026,2,2,9,56,0,0,0,0,1,7,-24,-92,0,0
2026-02-26,2026,2,3,9,57,0,0,0,0,1,8,-23,-91,0,0
2026-02-27,2026,2,4,9,58,1,0,0,0,1,9,-22,-90,0,0
2026-02-28,2026,2,5,9,59,1,0,0,0,1,10,-21,-89,0,0
2026-03-01,2026,3,6,9,60,0,0,0,0,1,11,-20,-88,0,0
2026-03-02,2026,3,0,10,61,0,0,0,0,1,12,-19,-87,0,0
2026-03-03,2026,3,1,10,62,0,0,0,0,1,13,-18,-86,0,0
2026-03-04,2026,3,2,10,63,0,0,0,0,1,14,-17,-85,0,0
2026-03-05,2026,3,3,10,64,0,0,0,0,1,15,-16,-84,0,0
2026-03-06,2026,3,4,10,65,1,0,0,0,1,16,-15,-83,0,0
2026-03-07,2026,3,5,10,66,1,0,0,0,1,17,-14,-82,0,0
2026-03-08,2026,3,6,10,67,0,0,0,0,1,18,-13,-81,0,0
2026-03-09,2026,3,0,11,68,0,0,0,0,1,19,-12,-80,0,0
2026-03-10,2026,3,1,11,69,0,0,0,0,1,20,-11,-79,0,0
2026-03-11,2026,3,2,11,70,0,0,0,0,1,21,-10,-78,0,0
2026-03-12,2026,3,3,11,71,0,0,0,0,1,22,-9,-77,0,0
2026-03-13,2026,3,4,11,72,1,0,0,0,1,23,-8,-76,0,0
2026-03-14,2026,3,5,11,73,1,0,0,0,1,24,-7,-75,0,0
2026-03-15,2026,3,6,11,74,0,0,0,0,1,25,-6,-74,0,0
2026-03-16,2026,3,0,12,75,0,0,0,0,1,26,-5,-73,1,0
2026-03-17,2026,3,1,12,76,0,0,0,0,1,27,-4,-72,1,0
2026-03-18,2026,3,2,12,77,0,0,0,0,1,28,-3,-71,1,0
2026-03-19,2026,3,3,12,78,0,0,0,0,1,29,-2,-70,1,0
2026-03-20,2026,3,4,12,79,1,1,0,1,1,30,-1,-69,1,0
2026-03-21,2026,3,5,12,80,1,1,0,1,0,0,0,-68,1,0
2026-03-22,2026,3,6,12,81,0,1,0,1,0,0,1,-67,1,0
2026-03-23,2026,3,0,13,82,0,0,0,0,0,0,2,-66,1,0
2026-03-24,2026,3,1,13,83,0,0,0,0,0,0,3,-65,1,0
2026-03-25,2026,3,2,13,84,0,0,0,0,0,0,4,-64,1,0
2026-03-26,2026,3,3,13,85,0,1,1,0,0,0,5,-63,1,0
2026-03-27,2026,3,4,13,86,1,0,0,0,0,0,6,-62,0,0
2026-03-28,2026,3,5,13,87,1,0,0,0,0,0,7,-61,0,0
2026-03-29,2026,3,6,13,88,0,0,0,0,0,0,8,-60,0,0
2026-03-30,2026,3,0,14,89,0,0,0,0,0,0,9,-59,0,0
2026-03-31,2026,3,1,14,90,0,0,0,0,0,0,10,-58,0,0
2026-04-01,2026,4,2,14,91,0,0,0,0,0,0,11,-57,0,0
2026-04-02,2026,4,3,14,92,0,0,0,0,0,0,12,-56,0,0
2026-04-03,2026,4,4,14,93,1,0,0,0,0,0,13,-55,0,0
2026-04-04,2026,4,5,14,94,1,0,0,0,0,0,14,-54,0,0
2026-04-05,2026,4,6,14,95,0,0,0,0,0,0,15,-53,0,0
2026-04-06,2026,4,0,15,96,0,0,0,0,0,0,16,-52,0,0
2026-04-07,2026,4,1,15,97,0,0,0,0,0,0,17,-51,0,0
2026-04-08,2026,4,2,15,98,0,0,0,0,0,0,18,-50,0,0
2026-04-09,2026,4,3,15,99,0,0,0,0,0,0,19,-49,0,0
2026-04-10,2026,4,4,15,100,1,0,0,0,0,0,20,-48,0,0
2026-04-11,2026,4,5,15,101,1,0,0,0,0,0,21,-47,0,0
2026-04-12,2026,4,6,15,102,0,0,0,0,0,0,22,-46,0,0
2026-04-13,2026,4,0,16,103,0,0,0,0,0,0,23,-45,0,0
2026-04-14,2026,4,1,16,104,0,1,1,0,0,0,24,-44,0,0
2026-04-15,2026,4,2,16,105,0,0,0,0,0,0,25,-43,0,0
2026-04-16,2026,4,3,16,106,0,0,0,0,0,0,26,-42,0,0
2026-04-17,2026,4,4,16,107,1,0,0,0,0,0,27,-41,0,0
2026-04-18,2026,4,5,16,108,1,0,0,0,0,0,28,-40,0,0
2026-04-19,2026,4,6,16,109,0,0,0,0,0,0,29,-39,0,0
2026-04-20,2026,4,0,17,110,0,0,0,0,0,0,30,-38,0,0
2026-04-21,2026,4,1,17,111,0,0,0,0,0,0,31,-37,0,0
2026-04-22,2026,4,2,17,112,0,0,0,0,0,0,32,-36,0,0
2026-04-23,2026,4,3,17,113,0,0,0,0,0,0,33,-35,0,0
2026-04-24,2026,4,4,17,114,1,0,0,0,0,0,34,-34,0,0
2026-04-25,2026,4,5,17,115,1,0,0,0,0,0,35,-33,0,0
2026-04-26,2026,4,6,17,116,0,0,0,0,0,0,36,-32,0,0
2026-04-27,2026,4,0,18,117,0,0,0,0,0,0,37,-31,0,0
2026-04-28,2026,4,1,18,118,0,0,0,0,0,0,38,-30,0,0
2026-04-29,2026,4,2,18,119,0,0,0,0,0,0,39,-29,0,0
2026-04-30,2026,4,3,18,120,0,0,0,0,0,0,40,-28,0,0
2026-05-01,2026,5,4,18,121,1,1,1,0,0,0,41,-27,0,0
2026-05-02,2026,5,5,18,122,1,0,0,0,0,0,42,-26,0,0
2026-05-03,2026,5,6,18,123,0,0,0,0,0,0,43,-25,0,0
2026-05-04,2026,5,0,19,124,0,0,0,0,0,0,44,-24,0,0
2026-05-05,2026,5,1,19,125,0,0,0,0,0,0,45,-23,0,0
2026-05-06,2026,5,2,19,126,0,0,0,0,0,0,46,-22,0,0
2026-05-07,2026,5,3,19,127,0,0,0,0,0,0,47,-21,0,0
2026-05-08,2026,5,4,19,128,1,0,0,0,0,0,48,-20,0,0
2026-05-09,2026,5,5,19,129,1,0,0,0,0,0,49,-19,0,0
2026-05-10,2026,5,6,19,130,0,0,0,0,0,0,50,-18,0,0
2026-05-11,2026,5,0,20,131,0,0,0,0,0,0,51,-17,0,0
2026-05-12,2026,5,1,20,132,0,0,0,0,0,0,52,-16,0,0
2026-05-13,2026,5,2,20,133,0,0,0,0,0,0,53,-15,0,0
2026-05-14,2026,5,3,20,134,0,0,0,0,0,0,54,-14,0,0
2026-05-15,2026,5,4,20,135,1,0,0,0,0,0,55,-13,0,0
2026-05-16,2026,5,5,20,136,1,0,0,0,0,0,56,-12,0,0
2026-05-17,2026,5,6,20,137,0,0,0,0,0,0,57,-11,0,0
2026-05-18,2026,5,0,21,138,0,0,0,0,0,0,58,-10,0,0
2026-05-19,2026,5,1,21,139,0,0,0,0,0,0,59,-9,0,0
2026-05-20,2026,5,2,21,140,0,0,0,0,0,0,60,-8,0,0
2026-05-21,2026,5,3,21,141,0,0,0,0,0,0,61,-7,0,0
2026-05-22,2026,5,4,21,142,1,0,0,0,0,0,62,-6,0,0
2026-05-23,2026,5,5,21,143,1,0,0,0,0,0,63,-5,1,0
2026-05-24,2026,5,6,21,144,0,0,0,0,0,0,64,-4,1,0
2026-05-25,2026,5,0,22,145,0,0,0,0,0,0,65,-3,1,0
2026-05-26,2026,5,1,22,146,0,0,0,0,0,0,66,-2,1,0
2026-05-27,2026,5,2,22,147,0,1,0,1,0,0,67,-1,1,0
2026-05-28,2026,5,3,22,148,0,1,0,1,0,0,68,0,1,0
2026-05-29,2026,5,4,22,149,1,1,0,1,0,0,69,1,1,0
2026-05-30,2026,5,5,22,150,1,0,0,0,0,0,70,2,1,0
2026-05-31,2026,5,6,22,151,0,0,0,0,0,0,71,3,1,0
2026-06-01,2026,6,0,23,152,0,0,0,0,0,0,72,4,1,0
2026-06-02,2026,6,1,23,153,0,0,0,0,0,0,73,5,1,0
2026-06-03,2026,6,2,23,154,0,0,0,0,0,0,74,6,0,0
2026-06-04,2026,6,3,23,155,0,0,0,0,0,0,75,7,0,0
2026-06-05,2026,6,4,23,156,1,0,0,0,0,0,76,8,0,0
2026-06-06,2026,6,5,23,157,1,0,0,0,0,0,77,9,0,0
2026-06-07,2026,6,6,23,158,0,0,0,0,0,0,78,10,0,0
2026-06-08,2026,6,0,24,159,0,0,0,0,0,0,79,11,0,0
2026-06-09,2026,6,1,24,160,0,0,0,0,0,0,80,12,0,0
2026-06-10,2026,6,2,24,161,0,0,0,0,0,0,81,13,0,0
2026-06-11,2026,6,3,24,162,0,0,0,0,0,0,82,14,0,0
2026-06-12,2026,6,4,24,163,1,0,0,0,0,0,83,15,0,0
2026-06-13,2026,6,5,24,164,1,0,0,0,0,0,84,16,0,0
2026-06-14,2026,6,6,24,165,0,0,0,0,0,0,85,17,0,0
2026-06-15,2026,6,0,25,166,0,0,0,0,0,0,86,18,0,0
2026-06-16,2026,6,1,25,167,0,0,0,0,0,0,87,19,0,0
2026-06-17,2026,6,2,25,168,0,0,0,0,0,0,88,20,0,0
2026-06-18,2026,6,3,25,169,0,0,0,0,0,0,89,21,0,0
2026-06-19,2026,6,4,25,170,1,0,0,0,0,0,90,22,0,0
2026-06-20,2026,6,5,25,171,1,0,0,0,0,0,91,23,0,0
2026-06-21,2026,6,6,25,172,0,0,0,0,0,0,92,24,0,0
2026-06-22,2026,6,0,26,173,0,0,0,0,0,0,93,25,0,0
2026-06-23,2026,6,1,26,174,0,0,0,0,0,0,94,26,0,0
2026-06-24,2026,6,2,26,175,0,0,0,0,0,0,95,27,0,0
2026-06-25,2026,6,3,26,176,0,0,0,0,0,0,96,28,0,0
2026-06-26,2026,6,4,26,177,1,0,0,0,0,0,97,29,0,0
2026-06-27,2026,6,5,26,178,1,0,0,0,0,0,98,30,0,0
2026-06-28,2026,6,6,26,179,0,0,0,0,0,0,99,31,0,0
2026-06-29,2026,6,0,27,180,0,0,0,0,0,0,100,32,0,0
2026-06-30,2026,6,1,27,181,0,0,0,0,0,0,101,33,0,0
2026-07-01,2026,7,2,27,182,0,0,0,0,0,0,102,34,0,0
2026-07-02,2026,7,3,27,183,0,0,0,0,0,0,103,35,0,0
2026-07-03,2026,7,4,27,184,1,0,0,0,0,0,104,36,0,0
2026-07-04,2026,7,5,27,185,1,0,0,0,0,0,105,37,0,0
2026-07-05,2026,7,6,27,186,0,0,0,0,0,0,106,38,0,0
2026-07-06,2026,7,0,28,187,0,0,0,0,0,0,107,39,0,0
2026-07-07,2026,7,1,28,188,0,0,0,0,0,0,108,40,0,0
2026-07-08,2026,7,2,28,189,0,0,0,0,0,0,109,41,0,0
2026-07-09,2026,7,3,28,190,0,0,0,0,0,0,110,42,0,0
2026-07-10,2026,7,4,28,191,1,0,0,0,0,0,111,43,0,0
2026-07-11,2026,7,5,28,192,1,0,0,0,0,0,112,44,0,0
2026-07-12,2026,7,6,28,193,0,0,0,0,0,0,113,45,0,0
2026-07-13,2026,7,0,29,194,0,0,0,0,0,0,114,46,0,0
2026-07-14,2026,7,1,29,195,0,0,0,0,0,0,115,47,0,0
2026-07-15,2026,7,2,29,196,0,0,0,0,0,0,116,48,0,0
2026-07-16,2026,7,3,29,197,0,0,0,0,0,0,117,49,0,0
2026-07-17,2026,7,4,29,198,1,0,0,0,0,0,118,50,0,0
2026-07-18,2026,7,5,29,199,1,0,0,0,0,0,119,51,0,0
2026-07-19,2026,7,6,29,200,0,0,0,0,0,0,120,52,0,0
2026-07-20,2026,7,0,30,201,0,0,0,0,0,0,121,53,0,0
2026-07-21,2026,7,1,30,202,0,0,0,0,0,0,122,54,0,0
2026-07-22,2026,7,2,30,203,0,0,0,0,0,0,123,55,0,0
2026-07-23,2026,7,3,30,204,0,0,0,0,0,0,124,56,0,0
2026-07-24,2026,7,4,30,205,1,0,0,0,0,0,125,57,0,0
2026-07-25,2026,7,5,30,206,1,0,0,0,0,0,126,58,0,0
2026-07-26,2026,7,6,30,207,0,0,0,0,0,0,127,59,0,0
2026-07-27,2026,7,0,31,208,0,0,0,0,0,0,128,60,0,0
2026-07-28,2026,7,1,31,209,0,0,0,0,0,0,129,61,0,0
2026-07-29,2026,7,2,31,210,0,0,0,0,0,0,130,62,0,0
2026-07-30,2026,7,3,31,211,0,0,0,0,0,0,131,63,0,0
2026-07-31,2026,7,4,31,212,1,0,0,0,0,0,132,64,0,0
2026-08-01,2026,8,5,31,213,1,0,0,0,0,0,133,65,0,0
2026-08-02,2026,8,6,31,214,0,0,0,0,0,0,134,66,0,0
2026-08-03,2026,8,0,32,215,0,0,0,0,0,0,135,67,0,0
2026-08-04,2026,8,1,32,216,0,0,0,0,0,0,136,68,0,0
2026-08-05,2026,8,2,32,217,0,0,0,0,0,0,137,69,0,0
2026-08-06,2026,8,3,32,218,0,0,0,0,0,0,138,70,0,0
2026-08-07,2026,8,4,32,219,1,0,0,0,0,0,139,71,0,0
2026-08-08,2026,8,5,32,220,1,0,0,0,0,0,140,72,0,0
2026-08-09,2026,8,6,32,221,0,0,0,0,0,0,141,73,0,0
2026-08-10,2026,8,0,33,222,0,0,0,0,0,0,142,74,0,0
2026-08-11,2026,8,1,33,223,0,0,0,0,0,0,143,75,0,0
2026-08-12,2026,8,2,33,224,0,0,0,0,0,0,144,76,0,0
2026-08-13,2026,8,3,33,225,0,0,0,0,0,0,145,77,0,0
2026-08-14,2026,8,4,33,226,1,0,0,0,0,0,146,78,0,0
2026-08-15,2026,8,5,33,227,1,0,0,0,0,0,147,79,0,0
2026-08-16,2026,8,6,33,228,0,0,0,0,0,0,148,80,0,0
2026-08-17,2026,8,0,34,229,0,0,0,0,0,0,149,81,0,0
2026-08-18,2026,8,1,34,230,0,0,0,0,0,0,150,82,0,0
2026-08-19,2026,8,2,34,231,0,0,0,0,0,0,151,83,0,0
2026-08-20,2026,8,3,34,232,0,0,0,0,0,0,152,84,0,0
2026-08-21,2026,8,4,34,233,1,0,0,0,0,0,153,85,0,0
2026-08-22,2026,8,5,34,234,1,0,0,0,0,0,154,86,0,0
2026-08-23,2026,8,6,34,235,0,0,0,0,0,0,155,87,0,0
2026-08-24,2026,8,0,35,236,0,0,0,0,0,0,156,88,0,0
2026-08-25,2026,8,1,35,237,0,0,0,0,0,0,157,89,0,0
2026-08-26,2026,8,2,35,238,0,0,0,0,0,0,158,90,0,0
2026-08-27,2026,8,3,35,239,0,0,0,0,0,0,159,91,0,0
2026-08-28,2026,8,4,35,240,1,0,0,0,0,0,160,92,0,0
2026-08-29,2026,8,5,35,241,1,0,0,0,0,0,161,93,0,0
2026-08-30,2026,8,6,35,242,0,0,0,0,0,0,162,94,0,0
2026-08-31,2026,8,0,36,243,0,0,0,0,0,0,163,95,0,0
2026-09-01,2026,9,1,36,244,0,0,0,0,0,0,164,96,0,0
2026-09-02,2026,9,2,36,245,0,0,0,0,0,0,165,97,0,0
2026-09-03,2026,9,3,36,246,0,0,0,0,0,0,166,98,0,0
2026-09-04,2026,9,4,36,247,1,0,0,0,0,0,167,99,0,0
2026-09-05,2026,9,5,36,248,1,0,0,0,0,0,168,100,0,0
2026-09-06,2026,9,6,36,249,0,0,0,0,0,0,169,101,0,0
2026-09-07,2026,9,0,37,250,0,0,0,0,0,0,170,102,0,0
2026-09-08,2026,9,1,37,251,0,0,0,0,0,0,171,103,0,0
2026-09-09,2026,9,2,37,252,0,0,0,0,0,0,172,104,0,0
2026-09-10,2026,9,3,37,253,0,0,0,0,0,0,173,105,0,0
2026-09-11,2026,9,4,37,254,1,0,0,0,0,0,174,106,0,0
2026-09-12,2026,9,5,37,255,1,0,0,0,0,0,175,107,0,0
2026-09-13,2026,9,6,37,256,0,0,0,0,0,0,176,108,0,0
2026-09-14,2026,9,0,38,257,0,0,0,0,0,0,177,109,0,0
2026-09-15,2026,9,1,38,258,0,0,0,0,0,0,178,110,0,0
2026-09-16,2026,9,2,38,259,0,0,0,0,0,0,179,111,0,0
2026-09-17,2026,9,3,38,260,0,0,0,0,0,0,180,112,0,0
2026-09-18,2026,9,4,38,261,1,0,0,0,0,0,181,113,0,0
2026-09-19,2026,9,5,38,262,1,0,0,0,0,0,182,114,0,0
2026-09-20,2026,9,6,38,263,0,0,0,0,0,0,183,115,0,0
2026-09-21,2026,9,0,39,264,0,0,0,0,0,0,184,116,0,0
2026-09-22,2026,9,1,39,265,0,0,0,0,0,0,185,117,0,0
2026-09-23,2026,9,2,39,266,0,0,0,0,0,0,186,118,0,0
2026-09-24,2026,9,3,39,267,0,0,0,0,0,0,187,119,0,0
2026-09-25,2026,9,4,39,268,1,0,0,0,0,0,188,120,0,0
2026-09-26,2026,9,5,39,269,1,0,0,0,0,0,189,121,0,0
2026-09-27,2026,9,6,39,270,0,0,0,0,0,0,190,122,0,0
2026-09-28,2026,9,0,40,271,0,0,0,0,0,0,191,123,0,0
2026-09-29,2026,9,1,40,272,0,0,0,0,0,0,192,124,0,0
2026-09-30,2026,9,2,40,273,0,0,0,0,0,0,193,125,0,0
2026-10-01,2026,10,3,40,274,0,0,0,0,0,0,194,126,0,0
2026-10-02,2026,10,4,40,275,1,0,0,0,0,0,195,127,0,0
2026-10-03,2026,10,5,40,276,1,0,0,0,0,0,196,128,0,0
2026-10-04,2026,10,6,40,277,0,0,0,0,0,0,197,129,0,0
2026-10-05,2026,10,0,41,278,0,0,0,0,0,0,198,130,0,0
2026-10-06,2026,10,1,41,279,0,0,0,0,0,0,199,131,0,0
2026-10-07,2026,10,2,41,280,0,0,0,0,0,0,200,132,0,0
2026-10-08,2026,10,3,41,281,0,0,0,0,0,0,201,133,0,0
2026-10-09,2026,10,4,41,282,1,0,0,0,0,0,202,134,0,0
2026-10-10,2026,10,5,41,283,1,0,0,0,0,0,203,135,0,0
2026-10-11,2026,10,6,41,284,0,0,0,0,0,0,204,136,0,0
2026-10-12,2026,10,0,42,285,0,0,0,0,0,0,205,137,0,0
2026-10-13,2026,10,1,42,286,0,0,0,0,0,0,206,138,0,0
2026-10-14,2026,10,2,42,287,0,0,0,0,0,0,207,139,0,0
2026-10-15,2026,10,3,42,288,0,0,0,0,0,0,208,140,0,0
2026-10-16,2026,10,4,42,289,1,0,0,0,0,0,209,141,0,0
2026-10-17,2026,10,5,42,290,1,0,0,0,0,0,210,142,0,0
2026-10-18,2026,10,6,42,291,0,0,0,0,0,0,211,143,0,0
2026-10-19,2026,10,0,43,292,0,0,0,0,0,0,212,144,0,0
2026-10-20,2026,10,1,43,293,0,0,0,0,0,0,213,145,0,0
2026-10-21,2026,10,2,43,294,0,0,0,0,0,0,214,146,0,0
2026-10-22,2026,10,3,43,295,0,0,0,0,0,0,215,147,0,0
2026-10-23,2026,10,4,43,296,1,0,0,0,0,0,216,148,0,0
2026-10-24,2026,10,5,43,297,1,0,0,0,0,0,217,149,0,0
2026-10-25,2026,10,6,43,298,0,0,0,0,0,0,218,150,0,0
2026-10-26,2026,10,0,44,299,0,0,0,0,0,0,219,151,0,0
2026-10-27,2026,10,1,44,300,0,0,0,0,0,0,220,152,0,0
2026-10-28,2026,10,2,44,301,0,0,0,0,0,0,221,153,0,0
2026-10-29,2026,10,3,44,302,0,0,0,0,0,0,222,154,0,0
2026-10-30,2026,10,4,44,303,1,0,0,0,0,0,223,155,0,0
2026-10-31,2026,10,5,44,304,1,0,0,0,0,0,224,156,0,0
2026-11-01,2026,11,6,44,305,0,0,0,0,0,0,225,157,0,0
2026-11-02,2026,11,0,45,306,0,0,0,0,0,0,226,158,0,0
2026-11-03,2026,11,1,45,307,0,0,0,0,0,0,227,159,0,0
2026-11-04,2026,11,2,45,308,0,0,0,0,0,0,228,160,0,0
2026-11-05,2026,11,3,45,309,0,0,0,0,0,0,229,161,0,0
2026-11-06,2026,11,4,45,310,1,0,0,0,0,0,230,162,0,0
2026-11-07,2026,11,5,45,311,1,0,0,0,0,0,231,163,0,0
2026-11-08,2026,11,6,45,312,0,0,0,0,0,0,232,164,0,0
2026-11-09,2026,11,0,46,313,0,0,0,0,0,0,233,165,0,0
2026-11-10,2026,11,1,46,314,0,0,0,0,0,0,234,166,0,0
2026-11-11,2026,11,2,46,315,0,0,0,0,0,0,235,167,0,0
2026-11-12,2026,11,3,46,316,0,0,0,0,0,0,236,168,0,0
2026-11-13,2026,11,4,46,317,1,0,0,0,0,0,237,169,0,0
2026-11-14,2026,11,5,46,318,1,0,0,0,0,0,238,170,0,0
2026-11-15,2026,11,6,46,319,0,0,0,0,0,0,239,171,0,0
2026-11-16,2026,11,0,47,320,0,0,0,0,0,0,240,172,0,0
2026-11-17,2026,11,1,47,321,0,0,0,0,0,0,241,173,0,0
2026-11-18,2026,11,2,47,322,0,0,0,0,0,0,242,174,0,0
2026-11-19,2026,11,3,47,323,0,0,0,0,0,0,243,175,0,0
2026-11-20,2026,11,4,47,324,1,0,0,0,0,0,244,176,0,0
2026-11-21,2026,11,5,47,325,1,0,0,0,0,0,245,177,0,0
2026-11-22,2026,11,6,47,326,0,0,0,0,0,0,246,178,0,0
2026-11-23,2026,11,0,48,327,0,0,0,0,0,0,247,179,0,0
2026-11-24,2026,11,1,48,328,0,0,0,0,0,0,248,180,0,0
2026-11-25,2026,11,2,48,329,0,0,0,0,0,0,249,181,0,0
2026-11-26,2026,11,3,48,330,0,0,0,0,0,0,250,182,0,0
2026-11-27,2026,11,4,48,331,1,0,0,0,0,0,251,183,0,0
2026-11-28,2026,11,5,48,332,1,0,0,0,0,0,252,184,0,0
2026-11-29,2026,11,6,48,333,0,0,0,0,0,0,253,185,0,0
2026-11-30,2026,11,0,49,334,0,0,0,0,0,0,254,186,0,0
2026-12-01,2026,12,1,49,335,0,0,0,0,0,0,255,187,0,0
2026-12-02,2026,12,2,49,336,0,0,0,0,0,0,256,188,0,0
2026-12-03,2026,12,3,49,337,0,0,0,0,0,0,257,189,0,0
2026-12-04,2026,12,4,49,338,1,0,0,0,0,0,258,190,0,0
2026-12-05,2026,12,5,49,339,1,0,0,0,0,0,259,191,0,0
2026-12-06,2026,12,6,49,340,0,0,0,0,0,0,260,192,0,0
2026-12-07,2026,12,0,50,341,0,0,0,0,0,0,261,193,0,0
2026-12-08,2026,12,1,50,342,0,0,0,0,0,0,262,194,0,0
2026-12-09,2026,12,2,50,343,0,0,0,0,0,0,263,195,0,0
2026-12-10,2026,12,3,50,344,0,0,0,0,0,0,264,196,0,0
2026-12-11,2026,12,4,50,345,1,0,0,0,0,0,265,197,0,0
2026-12-12,2026,12,5,50,346,1,0,0,0,0,0,266,198,0,0
2026-12-13,2026,12,6,50,347,0,0,0,0,0,0,267,199,0,0
2026-12-14,2026,12,0,51,348,0,0,0,0,0,0,268,200,0,0
2026-12-15,2026,12,1,51,349,0,0,0,0,0,0,269,201,0,1
2026-12-16,2026,12,2,51,350,0,1,1,0,0,0,270,202,0,1
2026-12-17,2026,12,3,51,351,0,0,0,0,0,0,271,203,0,1
2026-12-18,2026,12,4,51,352,1,0,0,0,0,0,272,204,0,1
2026-12-19,2026,12,5,51,353,1,0,0,0,0,0,273,205,0,1
2026-12-20,2026,12,6,51,354,0,0,0,0,0,0,274,206,0,1
2026-12-21,2026,12,0,52,355,0,0,0,0,0,0,275,207,0,1
2026-12-22,2026,12,1,52,356,0,0,0,0,0,0,276,208,0,1
2026-12-23,2026,12,2,52,357,0,0,0,0,0,0,277,209,0,1
2026-12-24,2026,12,3,52,358,0,0,0,0,0,0,278,210,0,1
2026-12-25,2026,12,4,52,359,1,1,1,0,0,0,279,211,0,1
2026-12-26,2026,12,5,52,360,1,0,0,0,0,0,280,212,0,1
2026-12-27,2026,12,6,52,361,0,0,0,0,0,0,281,213,0,1
2026-12-28,2026,12,0,53,362,0,0,0,0,0,0,282,214,0,1
2026-12-29,2026,12,1,53,363,0,0,0,0,0,0,283,215,0,1
2026-12-30,2026,12,2,53,364,0,0,0,0,0,0,284,216,0,1
2026-12-31,2026,12,3,53,365,0,0,0,0,0,0,285,217,0,1
2027-01-01,2027,1,4,53,1,1,0,0,0,0,0,286,218,0,1
2027-01-02,2027,1,5,53,2,1,0,0,0,0,0,287,219,0,1
2027-01-03,2027,1,6,53,3,0,0,0,0,0,0,288,220,0,1
2027-01-04,2027,1,0,1,4,0,0,0,0,0,0,289,221,0,1
2027-01-05,2027,1,1,1,5,0,0,0,0,0,0,290,222,0,1
2027-01-06,2027,1,2,1,6,0,0,0,0,0,0,291,223,0,1
2027-01-07,2027,1,3,1,7,0,0,0,0,0,0,292,224,0,1
2027-01-08,2027,1,4,1,8,1,0,0,0,0,0,293,225,0,1
2027-01-09,2027,1,5,1,9,1,0,0,0,0,0,294,226,0,1
2027-01-10,2027,1,6,1,10,0,0,0,0,0,0,295,227,0,1
2027-01-11,2027,1,0,2,11,0,0,0,0,0,0,296,228,0,1
2027-01-12,2027,1,1,2,12,0,0,0,0,0,0,297,229,0,1
2027-01-13,2027,1,2,2,13,0,0,0,0,0,0,298,230,0,1
2027-01-14,2027,1,3,2,14,0,0,0,0,0,0,299,231,0,1
2027-01-15,2027,1,4,2,15,1,0,0,0,0,0,300,232,0,1
2027-01-16,2027,1,5,2,16,1,0,0,0,0,0,301,233,0,1
2027-01-17,2027,1,6,2,17,0,0,0,0,0,0,302,234,0,1
2027-01-18,2027,1,0,3,18,0,0,0,0,0,0,303,235,0,1
2027-01-19,2027,1,1,3,19,0,0,0,0,0,0,304,236,0,1
2027-01-20,2027,1,2,3,20,0,0,0,0,0,0,305,237,0,1
2027-01-21,2027,1,3,3,21,0,0,0,0,0,0,306,238,0,1
2027-01-22,2027,1,4,3,22,1,0,0,0,0,0,307,239,0,1
2027-01-23,2027,1,5,3,23,1,0,0,0,0,0,308,240,0,1
2027-01-24,2027,1,6,3,24,0,0,0,0,0,0,309,241,0,1
2027-01-25,2027,1,0,4,25,0,0,0,0,0,0,310,242,0,1
2027-01-26,2027,1,1,4,26,0,0,0,0,0,0,311,243,0,1
2027-01-27,2027,1,2,4,27,0,0,0,0,0,0,312,244,0,1
2027-01-28,2027,1,3,4,28,0,0,0,0,0,0,313,245,0,1
2027-01-29,2027,1,4,4,29,1,0,0,0,0,0,314,246,0,1
2027-01-30,2027,1,5,4,30,1,0,0,0,0,0,315,247,0,1
2027-01-31,2027,1,6,4,31,0,0,0,0,0,0,316,248,0,1
2027-02-01,2027,2,0,5,32,0,0,0,0,0,0,317,249,0,1
2027-02-02,2027,2,1,5,33,0,0,0,0,0,0,318,250,0,1
2027-02-03,2027,2,2,5,34,0,0,0,0,0,0,319,251,0,1
2027-02-04,2027,2,3,5,35,0,0,0,0,0,0,320,252,0,1
2027-02-05,2027,2,4,5,36,1,0,0,0,0,0,321,253,0,1
2027-02-06,2027,2,5,5,37,1,0,0,0,0,0,322,254,0,1
2027-02-07,2027,2,6,5,38,0,0,0,0,0,0,323,255,0,1
2027-02-08,2027,2,0,6,39,0,0,0,0,0,0,324,256,0,1
2027-02-09,2027,2,1,6,40,0,0,0,0,0,0,325,257,0,1
2027-02-10,2027,2,2,6,41,0,0,0,0,0,0,326,258,0,1
2027-02-11,2027,2,3,6,42,0,0,0,0,0,0,327,259,0,1
2027-02-12,2027,2,4,6,43,1,0,0,0,0,0,328,260,0,1
2027-02-13,2027,2,5,6,44,1,0,0,0,0,0,329,261,0,1
2027-02-14,2027,2,6,6,45,0,0,0,0,0,0,330,262,0,1
2027-02-15,2027,2,0,7,46,0,0,0,0,0,0,331,263,0,1
2027-02-16,2027,2,1,7,47,0,0,0,0,0,0,332,264,0,0
2027-02-17,2027,2,2,7,48,0,0,0,0,0,0,333,265,0,0
2027-02-18,2027,2,3,7,49,0,0,0,0,0,0,334,266,0,0
2027-02-19,2027,2,4,7,50,1,0,0,0,0,0,335,267,0,0
2027-02-20,2027,2,5,7,51,1,0,0,0,0,0,336,268,0,0
2027-02-21,2027,2,6,7,52,0,1,1,0,0,0,337,269,0,0
2027-02-22,2027,2,0,8,53,0,0,0,0,0,0,338,270,0,0
2027-02-23,2027,2,1,8,54,0,0,0,0,0,0,339,271,0,0
2027-02-24,2027,2,2,8,55,0,0,0,0,0,0,340,272,0,0
2027-02-25,2027,2,3,8,56,0,0,0,0,0,0,341,273,0,0
2027-02-26,2027,2,4,8,57,1,0,0,0,0,0,342,274,0,0
2027-02-27,2027,2,5,8,58,1,0,0,0,0,0,343,275,0,0
2027-02-28,2027,2,6,8,59,0,0,0,0,0,0,344,276,0,0
2027-03-01,2027,3,0,9,60,0,0,0,0,0,0,345,277,0,0
2027-03-02,2027,3,1,9,61,0,0,0,0,0,0,346,278,0,0
2027-03-03,2027,3,2,9,62,0,0,0,0,0,0,347,279,0,0
2027-03-04,2027,3,3,9,63,0,0,0,0,0,0,348,280,0,0
2027-03-05,2027,3,4,9,64,1,0,0,0,0,0,349,281,0,0
2027-03-06,2027,3,5,9,65,1,0,0,0,0,0,350,282,0,0
2027-03-07,2027,3,6,9,66,0,0,0,0,0,0,351,283,0,0
2027-03-08,2027,3,0,10,67,0,0,0,0,0,0,352,284,0,0
2027-03-09,2027,3,1,10,68,0,0,0,0,0,0,353,285,0,0
2027-03-10,2027,3,2,10,69,0,0,0,0,0,0,354,286,0,0
2027-03-11,2027,3,3,10,70,0,0,0,0,0,0,355,287,0,0
2027-03-12,2027,3,4,10,71,1,0,0,0,0,0,356,288,0,0
2027-03-13,2027,3,5,10,72,1,0,0,0,0,0,357,289,0,0
2027-03-14,2027,3,6,10,73,0,0,0,0,0,0,358,290,0,0
2027-03-15,2027,3,0,11,74,0,0,0,0,0,0,359,291,0,0
2027-03-16,2027,3,1,11,75,0,0,0,0,0,0,360,292,0,0
2027-03-17,2027,3,2,11,76,0,0,0,0,0,0,361,293,0,0
2027-03-18,2027,3,3,11,77,0,0,0,0,0,0,362,294,0,0
2027-03-19,2027,3,4,11,78,1,0,0,0,0,0,363,295,0,0
2027-03-20,2027,3,5,11,79,1,0,0,0,0,0,364,296,0,0
2027-03-21,2027,3,6,11,80,0,0,0,0,0,0,365,297,0,0
2027-03-22,2027,3,0,12,81,0,0,0,0,0,0,366,298,0,0
2027-03-23,2027,3,1,12,82,0,0,0,0,0,0,367,299,0,0
2027-03-24,2027,3,2,12,83,0,0,0,0,0,0,368,300,0,0
2027-03-25,2027,3,3,12,84,0,0,0,0,0,0,369,301,0,0
2027-03-26,2027,3,4,12,85,1,1,1,0,0,0,370,302,0,0
2027-03-27,2027,3,5,12,86,1,0,0,0,0,0,371,303,0,0
2027-03-28,2027,3,6,12,87,0,0,0,0,0,0,372,304,0,0
2027-03-29,2027,3,0,13,88,0,0,0,0,0,0,373,305,0,0
2027-03-30,2027,3,1,13,89,0,0,0,0,0,0,374,306,0,0
2027-03-31,2027,3,2,13,90,0,0,0,0,0,0,375,307,0,0
2027-04-01,2027,4,3,13,91,0,0,0,0,0,0,376,308,0,0
2027-04-02,2027,4,4,13,92,1,0,0,0,0,0,377,309,0,0
2027-04-03,2027,4,5,13,93,1,0,0,0,0,0,378,310,0,0
2027-04-04,2027,4,6,13,94,0,0,0,0,0,0,379,311,0,0
2027-04-05,2027,4,0,14,95,0,0,0,0,0,0,380,312,0,0
2027-04-06,2027,4,1,14,96,0,0,0,0,0,0,381,313,0,0
2027-04-07,2027,4,2,14,97,0,0,0,0,0,0,382,314,0,0
2027-04-08,2027,4,3,14,98,0,0,0,0,0,0,383,315,0,0
2027-04-09,2027,4,4,14,99,1,0,0,0,0,0,384,316,0,0
2027-04-10,2027,4,5,14,100,1,0,0,0,0,0,385,317,0,0
2027-04-11,2027,4,6,14,101,0,0,0,0,0,0,386,318,0,0
2027-04-12,2027,4,0,15,102,0,0,0,0,0,0,387,319,0,0
2027-04-13,2027,4,1,15,103,0,0,0,0,0,0,388,320,0,0
2027-04-14,2027,4,2,15,104,0,1,1,0,0,0,389,321,0,0
2027-04-15,2027,4,3,15,105,0,0,0,0,0,0,390,322,0,0
2027-04-16,2027,4,4,15,106,1,0,0,0,0,0,391,323,0,0
2027-04-17,2027,4,5,15,107,1,0,0,0,0,0,392,324,0,0
2027-04-18,2027,4,6,15,108,0,0,0,0,0,0,393,325,0,0
2027-04-19,2027,4,0,16,109,0,0,0,0,0,0,394,326,0,0
2027-04-20,2027,4,1,16,110,0,0,0,0,0,0,395,327,0,0
2027-04-21,2027,4,2,16,111,0,0,0,0,0,0,396,328,0,0
2027-04-22,2027,4,3,16,112,0,0,0,0,0,0,397,329,0,0
2027-04-23,2027,4,4,16,113,1,0,0,0,0,0,398,330,0,0
2027-04-24,2027,4,5,16,114,1,0,0,0,0,0,399,331,0,0
2027-04-25,2027,4,6,16,115,0,0,0,0,0,0,400,332,0,0
2027-04-26,2027,4,0,17,116,0,0,0,0,0,0,401,333,0,0
2027-04-27,2027,4,1,17,117,0,0,0,0,0,0,402,334,0,0
2027-04-28,2027,4,2,17,118,0,0,0,0,0,0,403,335,0,0
2027-04-29,2027,4,3,17,119,0,0,0,0,0,0,404,336,0,0
2027-04-30,2027,4,4,17,120,1,0,0,0,0,0,405,337,0,0
2027-05-01,2027,5,5,17,121,1,1,1,0,0,0,406,338,0,0
2027-05-02,2027,5,6,17,122,0,0,0,0,0,0,407,339,0,0
2027-05-03,2027,5,0,18,123,0,0,0,0,0,0,408,340,0,0
2027-05-04,2027,5,1,18,124,0,0,0,0,0,0,409,341,0,0
2027-05-05,2027,5,2,18,125,0,0,0,0,0,0,410,342,0,0
2027-05-06,2027,5,3,18,126,0,0,0,0,0,0,411,343,0,0
2027-05-07,2027,5,4,18,127,1,0,0,0,0,0,412,344,0,0
2027-05-08,2027,5,5,18,128,1,0,0,0,0,0,413,345,0,0
2027-05-09,2027,5,6,18,129,0,0,0,0,0,0,414,346,0,0
2027-05-10,2027,5,0,19,130,0,0,0,0,0,0,415,347,0,0
2027-05-11,2027,5,1,19,131,0,0,0,0,0,0,416,348,0,0
2027-05-12,2027,5,2,19,132,0,0,0,0,0,0,417,349,0,0
2027-05-13,2027,5,3,19,133,0,0,0,0,0,0,418,350,0,0
2027-05-14,2027,5,4,19,134,1,0,0,0,0,0,419,351,0,0
2027-05-15,2027,5,5,19,135,1,0,0,0,0,0,420,352,0,0
2027-05-16,2027,5,6,19,136,0,0,0,0,0,0,421,353,0,0
2027-05-17,2027,5,0,20,137,0,0,0,0,0,0,422,354,0,0
2027-05-18,2027,5,1,20,138,0,0,0,0,0,0,423,355,0,0
2027-05-19,2027,5,2,20,139,0,0,0,0,0,0,424,356,0,0
2027-05-20,2027,5,3,20,140,0,0,0,0,0,0,425,357,0,0
2027-05-21,2027,5,4,20,141,1,0,0,0,0,0,426,358,0,0
2027-05-22,2027,5,5,20,142,1,0,0,0,0,0,427,359,0,0
2027-05-23,2027,5,6,20,143,0,0,0,0,0,0,428,360,0,0
2027-05-24,2027,5,0,21,144,0,0,0,0,0,0,429,361,0,0
2027-05-25,2027,5,1,21,145,0,0,0,0,0,0,430,362,0,0
2027-05-26,2027,5,2,21,146,0,0,0,0,0,0,431,363,0,0
2027-05-27,2027,5,3,21,147,0,0,0,0,0,0,432,364,0,0
2027-05-28,2027,5,4,21,148,1,0,0,0,0,0,433,365,0,0
2027-05-29,2027,5,5,21,149,1,0,0,0,0,0,434,366,0,0
2027-05-30,2027,5,6,21,150,0,0,0,0,0,0,435,367,0,0
2027-05-31,2027,5,0,22,151,0,0,0,0,0,0,436,368,0,0
2027-06-01,2027,6,1,22,152,0,0,0,0,0,0,437,369,0,0
2027-06-02,2027,6,2,22,153,0,0,0,0,0,0,438,370,0,0
2027-06-03,2027,6,3,22,154,0,0,0,0,0,0,439,371,0,0
2027-06-04,2027,6,4,22,155,1,0,0,0,0,0,440,372,0,0
2027-06-05,2027,6,5,22,156,1,0,0,0,0,0,441,373,0,0
2027-06-06,2027,6,6,22,157,0,0,0,0,0,0,442,374,0,0
2027-06-07,2027,6,0,23,158,0,0,0,0,0,0,443,375,0,0
2027-06-08,2027,6,1,23,159,0,0,0,0,0,0,444,376,0,0
2027-06-09,2027,6,2,23,160,0,0,0,0,0,0,445,377,0,0
2027-06-10,2027,6,3,23,161,0,0,0,0,0,0,446,378,0,0
2027-06-11,2027,6,4,23,162,1,0,0,0,0,0,447,379,0,0
2027-06-12,2027,6,5,23,163,1,0,0,0,0,0,448,380,0,0
2027-06-13,2027,6,6,23,164,0,0,0,0,0,0,449,381,0,0
2027-06-14,2027,6,0,24,165,0,0,0,0,0,0,450,382,0,0
2027-06-15,2027,6,1,24,166,0,0,0,0,0,0,451,383,0,0
2027-06-16,2027,6,2,24,167,0,0,0,0,0,0,452,384,0,0
2027-06-17,2027,6,3,24,168,0,0,0,0,0,0,453,385,0,0
2027-06-18,2027,6,4,24,169,1,0,0,0,0,0,454,386,0,0
2027-06-19,2027,6,5,24,170,1,0,0,0,0,0,455,387,0,0
2027-06-20,2027,6,6,24,171,0,0,0,0,0,0,456,388,0,0
2027-06-21,2027,6,0,25,172,0,0,0,0,0,0,457,389,0,0
2027-06-22,2027,6,1,25,173,0,0,0,0,0,0,458,390,0,0
2027-06-23,2027,6,2,25,174,0,0,0,0,0,0,459,391,0,0
2027-06-24,2027,6,3,25,175,0,0,0,0,0,0,460,392,0,0
2027-06-25,2027,6,4,25,176,1,0,0,0,0,0,461,393,0,0
2027-06-26,2027,6,5,25,177,1,0,0,0,0,0,462,394,0,0
2027-06-27,2027,6,6,25,178,0,0,0,0,0,0,463,395,0,0
2027-06-28,2027,6,0,26,179,0,0,0,0,0,0,464,396,0,0
2027-06-29,2027,6,1,26,180,0,0,0,0,0,0,465,397,0,0
2027-06-30,2027,6,2,26,181,0,0,0,0,0,0,466,398,0,0
2027-07-01,2027,7,3,26,182,0,0,0,0,0,0,467,399,0,0
2027-07-02,2027,7,4,26,183,1,0,0,0,0,0,468,400,0,0
2027-07-03,2027,7,5,26,184,1,0,0,0,0,0,469,401,0,0
2027-07-04,2027,7,6,26,185,0,0,0,0,0,0,470,402,0,0
2027-07-05,2027,7,0,27,186,0,0,0,0,0,0,471,403,0,0
2027-07-06,2027,7,1,27,187,0,0,0,0,0,0,472,404,0,0
2027-07-07,2027,7,2,27,188,0,0,0,0,0,0,473,405,0,0
2027-07-08,2027,7,3,27,189,0,0,0,0,0,0,474,406,0,0
2027-07-09,2027,7,4,27,190,1,0,0,0,0,0,475,407,0,0
2027-07-10,2027,7,5,27,191,1,0,0,0,0,0,476,408,0,0
2027-07-11,2027,7,6,27,192,0,0,0,0,0,0,477,409,0,0
2027-07-12,2027,7,0,28,193,0,0,0,0,0,0,478,410,0,0
2027-07-13,2027,7,1,28,194,0,0,0,0,0,0,479,411,0,0
2027-07-14,2027,7,2,28,195,0,0,0,0,0,0,480,412,0,0
2027-07-15,2027,7,3,28,196,0,0,0,0,0,0,481,413,0,0
2027-07-16,2027,7,4,28,197,1,0,0,0,0,0,482,414,0,0
2027-07-17,2027,7,5,28,198,1,0,0,0,0,0,483,415,0,0
2027-07-18,2027,7,6,28,199,0,0,0,0,0,0,484,416,0,0
2027-07-19,2027,7,0,29,200,0,0,0,0,0,0,485,417,0,0
2027-07-20,2027,7,1,29,201,0,0,0,0,0,0,486,418,0,0
2027-07-21,2027,7,2,29,202,0,0,0,0,0,0,487,419,0,0
2027-07-22,2027,7,3,29,203,0,0,0,0,0,0,488,420,0,0
2027-07-23,2027,7,4,29,204,1,0,0,0,0,0,489,421,0,0
2027-07-24,2027,7,5,29,205,1,0,0,0,0,0,490,422,0,0
2027-07-25,2027,7,6,29,206,0,0,0,0,0,0,491,423,0,0
2027-07-26,2027,7,0,30,207,0,0,0,0,0,0,492,424,0,0
2027-07-27,2027,7,1,30,208,0,0,0,0,0,0,493,425,0,0
2027-07-28,2027,7,2,30,209,0,0,0,0,0,0,494,426,0,0
2027-07-29,2027,7,3,30,210,0,0,0,0,0,0,495,427,0,0
2027-07-30,2027,7,4,30,211,1,0,0,0,0,0,496,428,0,0
2027-07-31,2027,7,5,30,212,1,0,0,0,0,0,497,429,0,0
2027-08-01,2027,8,6,30,213,0,0,0,0,0,0,498,430,0,0
2027-08-02,2027,8,0,31,214,0,0,0,0,0,0,499,431,0,0
2027-08-03,2027,8,1,31,215,0,0,0,0,0,0,500,432,0,0
2027-08-04,2027,8,2,31,216,0,0,0,0,0,0,501,433,0,0
2027-08-05,2027,8,3,31,217,0,0,0,0,0,0,502,434,0,0
2027-08-06,2027,8,4,31,218,1,0,0,0,0,0,503,435,0,0
2027-08-07,2027,8,5,31,219,1,0,0,0,0,0,504,436,0,0
2027-08-08,2027,8,6,31,220,0,0,0,0,0,0,505,437,0,0
2027-08-09,2027,8,0,32,221,0,0,0,0,0,0,506,438,0,0
2027-08-10,2027,8,1,32,222,0,0,0,0,0,0,507,439,0,0
2027-08-11,2027,8,2,32,223,0,0,0,0,0,0,508,440,0,0
2027-08-12,2027,8,3,32,224,0,0,0,0,0,0,509,441,0,0
2027-08-13,2027,8,4,32,225,1,0,0,0,0,0,510,442,0,0
2027-08-14,2027,8,5,32,226,1,0,0,0,0,0,511,443,0,0
2027-08-15,2027,8,6,32,227,0,0,0,0,0,0,512,444,0,0
2027-08-16,2027,8,0,33,228,0,0,0,0,0,0,513,445,0,0
2027-08-17,2027,8,1,33,229,0,0,0,0,0,0,514,446,0,0
2027-08-18,2027,8,2,33,230,0,0,0,0,0,0,515,447,0,0
2027-08-19,2027,8,3,33,231,0,0,0,0,0,0,516,448,0,0
2027-08-20,2027,8,4,33,232,1,0,0,0,0,0,517,449,0,0
2027-08-21,2027,8,5,33,233,1,0,0,0,0,0,518,450,0,0
2027-08-22,2027,8,6,33,234,0,0,0,0,0,0,519,451,0,0
2027-08-23,2027,8,0,34,235,0,0,0,0,0,0,520,452,0,0
2027-08-24,2027,8,1,34,236,0,0,0,0,0,0,521,453,0,0
2027-08-25,2027,8,2,34,237,0,0,0,0,0,0,522,454,0,0
2027-08-26,2027,8,3,34,238,0,0,0,0,0,0,523,455,0,0
2027-08-27,2027,8,4,34,239,1,0,0,0,0,0,524,456,0,0
2027-08-28,2027,8,5,34,240,1,0,0,0,0,0,525,457,0,0
2027-08-29,2027,8,6,34,241,0,0,0,0,0,0,526,458,0,0
2027-08-30,2027,8,0,35,242,0,0,0,0,0,0,527,459,0,0
2027-08-31,2027,8,1,35,243,0,0,0,0,0,0,528,460,0,0
2027-09-01,2027,9,2,35,244,0,0,0,0,0,0,529,461,0,0
2027-09-02,2027,9,3,35,245,0,0,0,0,0,0,530,462,0,0
2027-09-03,2027,9,4,35,246,1,0,0,0,0,0,531,463,0,0
2027-09-04,2027,9,5,35,247,1,0,0,0,0,0,532,464,0,0
2027-09-05,2027,9,6,35,248,0,0,0,0,0,0,533,465,0,0
2027-09-06,2027,9,0,36,249,0,0,0,0,0,0,534,466,0,0
2027-09-07,2027,9,1,36,250,0,0,0,0,0,0,535,467,0,0
2027-09-08,2027,9,2,36,251,0,0,0,0,0,0,536,468,0,0
2027-09-09,2027,9,3,36,252,0,0,0,0,0,0,537,469,0,0
2027-09-10,2027,9,4,36,253,1,0,0,0,0,0,538,470,0,0
2027-09-11,2027,9,5,36,254,1,0,0,0,0,0,539,471,0,0
2027-09-12,2027,9,6,36,255,0,0,0,0,0,0,540,472,0,0
2027-09-13,2027,9,0,37,256,0,0,0,0,0,0,541,473,0,0
2027-09-14,2027,9,1,37,257,0,0,0,0,0,0,542,474,0,0
2027-09-15,2027,9,2,37,258,0,0,0,0,0,0,543,475,0,0
2027-09-16,2027,9,3,37,259,0,0,0,0,0,0,544,476,0,0
2027-09-17,2027,9,4,37,260,1,0,0,0,0,0,545,477,0,0
2027-09-18,2027,9,5,37,261,1,0,0,0,0,0,546,478,0,0
2027-09-19,2027,9,6,37,262,0,0,0,0,0,0,547,479,0,0
2027-09-20,2027,9,0,38,263,0,0,0,0,0,0,548,480,0,0
2027-09-21,2027,9,1,38,264,0,0,0,0,0,0,549,481,0,0
2027-09-22,2027,9,2,38,265,0,0,0,0,0,0,550,482,0,0
2027-09-23,2027,9,3,38,266,0,0,0,0,0,0,551,483,0,0
2027-09-24,2027,9,4,38,267,1,0,0,0,0,0,552,484,0,0
2027-09-25,2027,9,5,38,268,1,0,0,0,0,0,553,485,0,0
2027-09-26,2027,9,6,38,269,0,0,0,0,0,0,554,486,0,0
2027-09-27,2027,9,0,39,270,0,0,0,0,0,0,555,487,0,0
2027-09-28,2027,9,1,39,271,0,0,0,0,0,0,556,488,0,0
2027-09-29,2027,9,2,39,272,0,0,0,0,0,0,557,489,0,0
2027-09-30,2027,9,3,39,273,0,0,0,0,0,0,558,490,0,0
2027-10-01,2027,10,4,39,274,1,0,0,0,0,0,559,491,0,0
2027-10-02,2027,10,5,39,275,1,0,0,0,0,0,560,492,0,0
2027-10-03,2027,10,6,39,276,0,0,0,0,0,0,561,493,0,0
2027-10-04,2027,10,0,40,277,0,0,0,0,0,0,562,494,0,0
2027-10-05,2027,10,1,40,278,0,0,0,0,0,0,563,495,0,0
2027-10-06,2027,10,2,40,279,0,0,0,0,0,0,564,496,0,0
2027-10-07,2027,10,3,40,280,0,0,0,0,0,0,565,497,0,0
2027-10-08,2027,10,4,40,281,1,0,0,0,0,0,566,498,0,0
2027-10-09,2027,10,5,40,282,1,0,0,0,0,0,567,499,0,0
2027-10-10,2027,10,6,40,283,0,0,0,0,0,0,568,500,0,0
2027-10-11,2027,10,0,41,284,0,0,0,0,0,0,569,501,0,0
2027-10-12,2027,10,1,41,285,0,0,0,0,0,0,570,502,0,0
2027-10-13,2027,10,2,41,286,0,0,0,0,0,0,571,503,0,0
2027-10-14,2027,10,3,41,287,0,0,0,0,0,0,572,504,0,0
2027-10-15,2027,10,4,41,288,1,0,0,0,0,0,573,505,0,0
2027-10-16,2027,10,5,41,289,1,0,0,0,0,0,574,506,0,0
2027-10-17,2027,10,6,41,290,0,0,0,0,0,0,575,507,0,0
2027-10-18,2027,10,0,42,291,0,0,0,0,0,0,576,508,0,0
2027-10-19,2027,10,1,42,292,0,0,0,0,0,0,577,509,0,0
2027-10-20,2027,10,2,42,293,0,0,0,0,0,0,578,510,0,0
2027-10-21,2027,10,3,42,294,0,0,0,0,0,0,579,511,0,0
2027-10-22,2027,10,4,42,295,1,0,0,0,0,0,580,512,0,0
2027-10-23,2027,10,5,42,296,1,0,0,0,0,0,581,513,0,0
2027-10-24,2027,10,6,42,297,0,0,0,0,0,0,582,514,0,0
2027-10-25,2027,10,0,43,298,0,0,0,0,0,0,583,515,0,0
2027-10-26,2027,10,1,43,299,0,0,0,0,0,0,584,516,0,0
2027-10-27,2027,10,2,43,300,0,0,0,0,0,0,585,517,0,0
2027-10-28,2027,10,3,43,301,0,0,0,0,0,0,586,518,0,0
2027-10-29,2027,10,4,43,302,1,0,0,0,0,0,587,519,0,0
2027-10-30,2027,10,5,43,303,1,0,0,0,0,0,588,520,0,0
2027-10-31,2027,10,6,43,304,0,0,0,0,0,0,589,521,0,0
2027-11-01,2027,11,0,44,305,0,0,0,0,0,0,590,522,0,0
2027-11-02,2027,11,1,44,306,0,0,0,0,0,0,591,523,0,0
2027-11-03,2027,11,2,44,307,0,0,0,0,0,0,592,524,0,0
2027-11-04,2027,11,3,44,308,0,0,0,0,0,0,593,525,0,0
2027-11-05,2027,11,4,44,309,1,0,0,0,0,0,594,526,0,0
2027-11-06,2027,11,5,44,310,1,0,0,0,0,0,595,527,0,0
2027-11-07,2027,11,6,44,311,0,0,0,0,0,0,596,528,0,0
2027-11-08,2027,11,0,45,312,0,0,0,0,0,0,597,529,0,0
2027-11-09,2027,11,1,45,313,0,0,0,0,0,0,598,530,0,0
2027-11-10,2027,11,2,45,314,0,0,0,0,0,0,599,531,0,0
2027-11-11,2027,11,3,45,315,0,0,0,0,0,0,600,532,0,0
2027-11-12,2027,11,4,45,316,1,0,0,0,0,0,601,533,0,0
2027-11-13,2027,11,5,45,317,1,0,0,0,0,0,602,534,0,0
2027-11-14,2027,11,6,45,318,0,0,0,0,0,0,603,535,0,0
2027-11-15,2027,11,0,46,319,0,0,0,0,0,0,604,536,0,0
2027-11-16,2027,11,1,46,320,0,0,0,0,0,0,605,537,0,0
2027-11-17,2027,11,2,46,321,0,0,0,0,0,0,606,538,0,0
2027-11-18,2027,11,3,46,322,0,0,0,0,0,0,607,539,0,0
2027-11-19,2027,11,4,46,323,1,0,0,0,0,0,608,540,0,0
2027-11-20,2027,11,5,46,324,1,0,0,0,0,0,609,541,0,0
2027-11-21,2027,11,6,46,325,0,0,0,0,0,0,610,542,0,0
2027-11-22,2027,11,0,47,326,0,0,0,0,0,0,611,543,0,0
2027-11-23,2027,11,1,47,327,0,0,0,0,0,0,612,544,0,0
2027-11-24,2027,11,2,47,328,0,0,0,0,0,0,613,545,0,0
2027-11-25,2027,11,3,47,329,0,0,0,0,0,0,614,546,0,0
2027-11-26,2027,11,4,47,330,1,0,0,0,0,0,615,547,0,0
2027-11-27,2027,11,5,47,331,1,0,0,0,0,0,616,548,0,0
2027-11-28,2027,11,6,47,332,0,0,0,0,0,0,617,549,0,0
2027-11-29,2027,11,0,48,333,0,0,0,0,0,0,618,550,0,0
2027-11-30,2027,11,1,48,334,0,0,0,0,0,0,619,551,0,0
2027-12-01,2027,12,2,48,335,0,0,0,0,0,0,620,552,0,0
2027-12-02,2027,12,3,48,336,0,0,0,0,0,0,621,553,0,0
2027-12-03,2027,12,4,48,337,1,0,0,0,0,0,622,554,0,0
2027-12-04,2027,12,5,48,338,1,0,0,0,0,0,623,555,0,0
2027-12-05,2027,12,6,48,339,0,0,0,0,0,0,624,556,0,0
2027-12-06,2027,12,0,49,340,0,0,0,0,0,0,625,557,0,0
2027-12-07,2027,12,1,49,341,0,0,0,0,0,0,626,558,0,0
2027-12-08,2027,12,2,49,342,0,0,0,0,0,0,627,559,0,0
2027-12-09,2027,12,3,49,343,0,0,0,0,0,0,628,560,0,0
2027-12-10,2027,12,4,49,344,1,0,0,0,0,0,629,561,0,0
2027-12-11,2027,12,5,49,345,1,0,0,0,0,0,630,562,0,0
2027-12-12,2027,12,6,49,346,0,0,0,0,0,0,631,563,0,0
2027-12-13,2027,12,0,50,347,0,0,0,0,0,0,632,564,0,0
2027-12-14,2027,12,1,50,348,0,0,0,0,0,0,633,565,0,0
2027-12-15,2027,12,2,50,349,0,0,0,0,0,0,634,566,0,1
2027-12-16,2027,12,3,50,350,0,1,1,0,0,0,635,567,0,1
2027-12-17,2027,12,4,50,351,1,0,0,0,0,0,636,568,0,1
2027-12-18,2027,12,5,50,352,1,0,0,0,0,0,637,569,0,1
2027-12-19,2027,12,6,50,353,0,0,0,0,0,0,638,570,0,1
2027-12-20,2027,12,0,51,354,0,0,0,0,0,0,639,571,0,1
2027-12-21,2027,12,1,51,355,0,0,0,0,0,0,640,572,0,1
2027-12-22,2027,12,2,51,356,0,0,0,0,0,0,641,573,0,1
2027-12-23,2027,12,3,51,357,0,0,0,0,0,0,642,574,0,1
2027-12-24,2027,12,4,51,358,1,0,0,0,0,0,643,575,0,1
2027-12-25,2027,12,5,51,359,1,1,1,0,0,0,644,576,0,1
2027-12-26,2027,12,6,51,360,0,0,0,0,0,0,645,577,0,1
2027-12-27,2027,12,0,52,361,0,0,0,0,0,0,646,578,0,1
2027-12-28,2027,12,1,52,362,0,0,0,0,0,0,647,579,0,1
2027-12-29,2027,12,2,52,363,0,0,0,0,0,0,648,580,0,1
2027-12-30,2027,12,3,52,364,0,0,0,0,0,0,649,581,0,1
2027-12-31,2027,12,4,52,365,1,0,0,0,0,0,650,582,0,1
