date,division,admissions_observed,source
2019-08-27,Barishal,102,kaggle_shampabanik12
2019-08-27,Chattogram,108,kaggle_shampabanik12
2019-08-27,Dhaka,860,kaggle_shampabanik12
2019-08-27,Khulna,182,kaggle_shampabanik12
2019-08-27,Mymensingh,19,kaggle_shampabanik12
2019-08-27,Rajshahi,76,kaggle_shampabanik12
2019-08-27,Rangpur,21,kaggle_shampabanik12
2019-08-27,Sylhet,14,kaggle_shampabanik12
2019-08-28,Barishal,105,kaggle_shampabanik12
2019-08-28,Chattogram,97,kaggle_shampabanik12
2019-08-28,Dhaka,765,kaggle_shampabanik12
2019-08-28,Khulna,138,kaggle_shampabanik12
2019-08-28,Mymensingh,18,kaggle_shampabanik12
2019-08-28,Rajshahi,67,kaggle_shampabanik12
2019-08-28,Rangpur,13,kaggle_shampabanik12
2019-08-28,Sylhet,9,kaggle_shampabanik12
2019-08-29,Barishal,106,kaggle_shampabanik12
2019-08-29,Chattogram,94,kaggle_shampabanik12
2019-08-29,Dhaka,820,kaggle_shampabanik12
2019-08-29,Khulna,184,kaggle_shampabanik12
2019-08-29,Mymensingh,29,kaggle_shampabanik12
2019-08-29,Rajshahi,69,kaggle_shampabanik12
2019-08-29,Rangpur,15,kaggle_shampabanik12
2019-08-29,Sylhet,13,kaggle_shampabanik12
2019-08-30,Barishal,87,kaggle_shampabanik12
2019-08-30,Chattogram,86,kaggle_shampabanik12
2019-08-30,Dhaka,691,kaggle_shampabanik12
2019-08-30,Khulna,160,kaggle_shampabanik12
2019-08-30,Mymensingh,20,kaggle_shampabanik12
2019-08-30,Rajshahi,60,kaggle_shampabanik12
2019-08-30,Rangpur,11,kaggle_shampabanik12
2019-08-30,Sylhet,5,kaggle_shampabanik12
2019-08-31,Barishal,63,kaggle_shampabanik12
2019-08-31,Chattogram,61,kaggle_shampabanik12
2019-08-31,Dhaka,513,kaggle_shampabanik12
2019-08-31,Khulna,121,kaggle_shampabanik12
2019-08-31,Mymensingh,14,kaggle_shampabanik12
2019-08-31,Rajshahi,32,kaggle_shampabanik12
2019-08-31,Rangpur,12,kaggle_shampabanik12
2019-08-31,Sylhet,6,kaggle_shampabanik12
2019-09-01,Barishal,93,kaggle_shampabanik12
2019-09-01,Chattogram,68,kaggle_shampabanik12
2019-09-01,Dhaka,600,kaggle_shampabanik12
2019-09-01,Khulna,133,kaggle_shampabanik12
2019-09-01,Mymensingh,19,kaggle_shampabanik12
2019-09-01,Rajshahi,54,kaggle_shampabanik12
2019-09-01,Rangpur,17,kaggle_shampabanik12
2019-09-01,Sylhet,10,kaggle_shampabanik12
2019-09-02,Barishal,61,kaggle_shampabanik12
2019-09-02,Chattogram,72,kaggle_shampabanik12
2019-09-02,Dhaka,578,kaggle_shampabanik12
2019-09-02,Khulna,143,kaggle_shampabanik12
2019-09-02,Mymensingh,16,kaggle_shampabanik12
2019-09-02,Rajshahi,42,kaggle_shampabanik12
2019-09-02,Rangpur,17,kaggle_shampabanik12
2019-09-02,Sylhet,9,kaggle_shampabanik12
2019-09-03,Barishal,56,kaggle_shampabanik12
2019-09-03,Chattogram,71,kaggle_shampabanik12
2019-09-03,Dhaka,550,kaggle_shampabanik12
2019-09-03,Khulna,107,kaggle_shampabanik12
2019-09-03,Mymensingh,14,kaggle_shampabanik12
2019-09-03,Rajshahi,53,kaggle_shampabanik12
2019-09-03,Rangpur,21,kaggle_shampabanik12
2019-09-03,Sylhet,6,kaggle_shampabanik12
2019-09-04,Barishal,78,kaggle_shampabanik12
2019-09-04,Chattogram,52,kaggle_shampabanik12
2019-09-04,Dhaka,588,kaggle_shampabanik12
2019-09-04,Khulna,187,kaggle_shampabanik12
2019-09-04,Mymensingh,21,kaggle_shampabanik12
2019-09-04,Rajshahi,43,kaggle_shampabanik12
2019-09-04,Rangpur,13,kaggle_shampabanik12
2019-09-04,Sylhet,8,kaggle_shampabanik12
2019-09-05,Barishal,62,kaggle_shampabanik12
2019-09-05,Chattogram,63,kaggle_shampabanik12
2019-09-05,Dhaka,564,kaggle_shampabanik12
2019-09-05,Khulna,131,kaggle_shampabanik12
2019-09-05,Mymensingh,22,kaggle_shampabanik12
2019-09-05,Rajshahi,51,kaggle_shampabanik12
2019-09-05,Rangpur,16,kaggle_shampabanik12
2019-09-05,Sylhet,5,kaggle_shampabanik12
2019-09-06,Barishal,57,kaggle_shampabanik12
2019-09-06,Chattogram,89,kaggle_shampabanik12
2019-09-06,Dhaka,569,kaggle_shampabanik12
2019-09-06,Khulna,141,kaggle_shampabanik12
2019-09-06,Mymensingh,17,kaggle_shampabanik12
2019-09-06,Rajshahi,46,kaggle_shampabanik12
2019-09-06,Rangpur,8,kaggle_shampabanik12
2019-09-06,Sylhet,9,kaggle_shampabanik12
2019-09-07,Barishal,63,kaggle_shampabanik12
2019-09-07,Chattogram,47,kaggle_shampabanik12
2019-09-07,Dhaka,449,kaggle_shampabanik12
2019-09-07,Khulna,115,kaggle_shampabanik12
2019-09-07,Mymensingh,13,kaggle_shampabanik12
2019-09-07,Rajshahi,39,kaggle_shampabanik12
2019-09-07,Rangpur,11,kaggle_shampabanik12
2019-09-07,Sylhet,11,kaggle_shampabanik12
2019-09-08,Barishal,66,kaggle_shampabanik12
2019-09-08,Chattogram,51,kaggle_shampabanik12
2019-09-08,Dhaka,551,kaggle_shampabanik12
2019-09-08,Khulna,139,kaggle_shampabanik12
2019-09-08,Mymensingh,23,kaggle_shampabanik12
2019-09-08,Rajshahi,42,kaggle_shampabanik12
2019-09-08,Rangpur,13,kaggle_shampabanik12
2019-09-08,Sylhet,9,kaggle_shampabanik12
2019-09-09,Barishal,68,kaggle_shampabanik12
2019-09-09,Chattogram,54,kaggle_shampabanik12
2019-09-09,Dhaka,504,kaggle_shampabanik12
2019-09-09,Khulna,135,kaggle_shampabanik12
2019-09-09,Mymensingh,19,kaggle_shampabanik12
2019-09-09,Rajshahi,32,kaggle_shampabanik12
2019-09-09,Rangpur,13,kaggle_shampabanik12
2019-09-09,Sylhet,7,kaggle_shampabanik12
2019-09-10,Barishal,67,kaggle_shampabanik12
2019-09-10,Chattogram,49,kaggle_shampabanik12
2019-09-10,Dhaka,558,kaggle_shampabanik12
2019-09-10,Khulna,172,kaggle_shampabanik12
2019-09-10,Mymensingh,13,kaggle_shampabanik12
2019-09-10,Rajshahi,46,kaggle_shampabanik12
2019-09-10,Rangpur,9,kaggle_shampabanik12
2019-09-10,Sylhet,4,kaggle_shampabanik12
2019-09-11,Barishal,67,kaggle_shampabanik12
2019-09-11,Chattogram,51,kaggle_shampabanik12
2019-09-11,Dhaka,310,kaggle_shampabanik12
2019-09-11,Khulna,138,kaggle_shampabanik12
2019-09-11,Mymensingh,7,kaggle_shampabanik12
2019-09-11,Rajshahi,44,kaggle_shampabanik12
2019-09-11,Rangpur,12,kaggle_shampabanik12
2019-09-11,Sylhet,5,kaggle_shampabanik12
2019-09-12,Barishal,64,kaggle_shampabanik12
2019-09-12,Chattogram,46,kaggle_shampabanik12
2019-09-12,Dhaka,349,kaggle_shampabanik12
2019-09-12,Khulna,200,kaggle_shampabanik12
2019-09-12,Mymensingh,17,kaggle_shampabanik12
2019-09-12,Rajshahi,49,kaggle_shampabanik12
2019-09-12,Rangpur,12,kaggle_shampabanik12
2019-09-12,Sylhet,13,kaggle_shampabanik12
2019-09-13,Barishal,54,kaggle_shampabanik12
2019-09-13,Chattogram,47,kaggle_shampabanik12
2019-09-13,Dhaka,329,kaggle_shampabanik12
2019-09-13,Khulna,174,kaggle_shampabanik12
2019-09-13,Mymensingh,8,kaggle_shampabanik12
2019-09-13,Rajshahi,47,kaggle_shampabanik12
2019-09-13,Rangpur,8,kaggle_shampabanik12
2019-09-13,Sylhet,6,kaggle_shampabanik12
2019-09-14,Barishal,49,kaggle_shampabanik12
2019-09-14,Chattogram,46,kaggle_shampabanik12
2019-09-14,Dhaka,235,kaggle_shampabanik12
2019-09-14,Khulna,143,kaggle_shampabanik12
2019-09-14,Mymensingh,7,kaggle_shampabanik12
2019-09-14,Rajshahi,30,kaggle_shampabanik12
2019-09-14,Rangpur,8,kaggle_shampabanik12
2019-09-14,Sylhet,9,kaggle_shampabanik12
2019-09-15,Barishal,65,kaggle_shampabanik12
2019-09-15,Chattogram,54,kaggle_shampabanik12
2019-09-15,Dhaka,250,kaggle_shampabanik12
2019-09-15,Khulna,185,kaggle_shampabanik12
2019-09-15,Mymensingh,11,kaggle_shampabanik12
2019-09-15,Rajshahi,40,kaggle_shampabanik12
2019-09-15,Rangpur,10,kaggle_shampabanik12
2019-09-15,Sylhet,4,kaggle_shampabanik12
2019-09-16,Barishal,60,kaggle_shampabanik12
2019-09-16,Chattogram,41,kaggle_shampabanik12
2019-09-16,Dhaka,294,kaggle_shampabanik12
2019-09-16,Khulna,188,kaggle_shampabanik12
2019-09-16,Mymensingh,16,kaggle_shampabanik12
2019-09-16,Rajshahi,36,kaggle_shampabanik12
2019-09-16,Rangpur,10,kaggle_shampabanik12
2019-09-16,Sylhet,8,kaggle_shampabanik12
2019-09-17,Barishal,63,kaggle_shampabanik12
2019-09-17,Chattogram,48,kaggle_shampabanik12
2019-09-17,Dhaka,291,kaggle_shampabanik12
2019-09-17,Khulna,157,kaggle_shampabanik12
2019-09-17,Mymensingh,10,kaggle_shampabanik12
2019-09-17,Rajshahi,35,kaggle_shampabanik12
2019-09-17,Rangpur,8,kaggle_shampabanik12
2019-09-17,Sylhet,3,kaggle_shampabanik12
2019-09-18,Barishal,48,kaggle_shampabanik12
2019-09-18,Chattogram,37,kaggle_shampabanik12
2019-09-18,Dhaka,263,kaggle_shampabanik12
2019-09-18,Khulna,151,kaggle_shampabanik12
2019-09-18,Mymensingh,3,kaggle_shampabanik12
2019-09-18,Rajshahi,22,kaggle_shampabanik12
2019-09-18,Rangpur,6,kaggle_shampabanik12
2019-09-18,Sylhet,5,kaggle_shampabanik12
2019-09-19,Barishal,43,kaggle_shampabanik12
2019-09-19,Chattogram,45,kaggle_shampabanik12
2019-09-19,Dhaka,232,kaggle_shampabanik12
2019-09-19,Khulna,134,kaggle_shampabanik12
2019-09-19,Mymensingh,2,kaggle_shampabanik12
2019-09-19,Rajshahi,17,kaggle_shampabanik12
2019-09-19,Rangpur,16,kaggle_shampabanik12
2019-09-19,Sylhet,2,kaggle_shampabanik12
2019-09-20,Barishal,42,kaggle_shampabanik12
2019-09-20,Chattogram,34,kaggle_shampabanik12
2019-09-20,Dhaka,240,kaggle_shampabanik12
2019-09-20,Khulna,146,kaggle_shampabanik12
2019-09-20,Mymensingh,10,kaggle_shampabanik12
2019-09-20,Rajshahi,30,kaggle_shampabanik12
2019-09-20,Rangpur,3,kaggle_shampabanik12
2019-09-20,Sylhet,3,kaggle_shampabanik12
2019-09-21,Barishal,51,kaggle_shampabanik12
2019-09-21,Chattogram,26,kaggle_shampabanik12
2019-09-21,Dhaka,202,kaggle_shampabanik12
2019-09-21,Khulna,100,kaggle_shampabanik12
2019-09-21,Mymensingh,2,kaggle_shampabanik12
2019-09-21,Rajshahi,17,kaggle_shampabanik12
2019-09-21,Rangpur,8,kaggle_shampabanik12
2019-09-21,Sylhet,2,kaggle_shampabanik12
2019-09-22,Barishal,65,kaggle_shampabanik12
2019-09-22,Chattogram,39,kaggle_shampabanik12
2019-09-22,Dhaka,181,kaggle_shampabanik12
2019-09-22,Khulna,90,kaggle_shampabanik12
2019-09-22,Mymensingh,7,kaggle_shampabanik12
2019-09-22,Rajshahi,31,kaggle_shampabanik12
2019-09-22,Rangpur,9,kaggle_shampabanik12
2019-09-22,Sylhet,8,kaggle_shampabanik12
2019-09-23,Barishal,49,kaggle_shampabanik12
2019-09-23,Chattogram,35,kaggle_shampabanik12
2019-09-23,Dhaka,223,kaggle_shampabanik12
2019-09-23,Khulna,121,kaggle_shampabanik12
2019-09-23,Mymensingh,7,kaggle_shampabanik12
2019-09-23,Rajshahi,23,kaggle_shampabanik12
2019-09-23,Rangpur,8,kaggle_shampabanik12
2019-09-23,Sylhet,5,kaggle_shampabanik12
2019-09-24,Barishal,44,kaggle_shampabanik12
2019-09-24,Chattogram,45,kaggle_shampabanik12
2019-09-24,Dhaka,212,kaggle_shampabanik12
2019-09-24,Khulna,120,kaggle_shampabanik12
2019-09-24,Mymensingh,12,kaggle_shampabanik12
2019-09-24,Rajshahi,30,kaggle_shampabanik12
2019-09-24,Rangpur,3,kaggle_shampabanik12
2019-09-24,Sylhet,3,kaggle_shampabanik12
2019-09-25,Barishal,0,kaggle_shampabanik12
2019-09-25,Chattogram,0,kaggle_shampabanik12
2019-09-25,Dhaka,0,kaggle_shampabanik12
2019-09-25,Khulna,0,kaggle_shampabanik12
2019-09-25,Mymensingh,0,kaggle_shampabanik12
2019-09-25,Rajshahi,0,kaggle_shampabanik12
2019-09-25,Rangpur,0,kaggle_shampabanik12
2019-09-25,Sylhet,0,kaggle_shampabanik12
2019-09-26,Barishal,0,kaggle_shampabanik12
2019-09-26,Chattogram,0,kaggle_shampabanik12
2019-09-26,Dhaka,0,kaggle_shampabanik12
2019-09-26,Khulna,0,kaggle_shampabanik12
2019-09-26,Mymensingh,0,kaggle_shampabanik12
2019-09-26,Rajshahi,0,kaggle_shampabanik12
2019-09-26,Rangpur,0,kaggle_shampabanik12
2019-09-26,Sylhet,0,kaggle_shampabanik12
2019-09-27,Barishal,38,kaggle_shampabanik12
2019-09-27,Chattogram,29,kaggle_shampabanik12
2019-09-27,Dhaka,134,kaggle_shampabanik12
2019-09-27,Khulna,107,kaggle_shampabanik12
2019-09-27,Mymensingh,7,kaggle_shampabanik12
2019-09-27,Rajshahi,36,kaggle_shampabanik12
2019-09-27,Rangpur,4,kaggle_shampabanik12
2019-09-27,Sylhet,5,kaggle_shampabanik12
2019-09-28,Barishal,30,kaggle_shampabanik12
2019-09-28,Chattogram,31,kaggle_shampabanik12
2019-09-28,Dhaka,165,kaggle_shampabanik12
2019-09-28,Khulna,107,kaggle_shampabanik12
2019-09-28,Mymensingh,2,kaggle_shampabanik12
2019-09-28,Rajshahi,16,kaggle_shampabanik12
2019-09-28,Rangpur,8,kaggle_shampabanik12
2019-09-28,Sylhet,1,kaggle_shampabanik12
2019-09-29,Barishal,36,kaggle_shampabanik12
2019-09-29,Chattogram,37,kaggle_shampabanik12
2019-09-29,Dhaka,149,kaggle_shampabanik12
2019-09-29,Khulna,81,kaggle_shampabanik12
2019-09-29,Mymensingh,7,kaggle_shampabanik12
2019-09-29,Rajshahi,21,kaggle_shampabanik12
2019-09-29,Rangpur,10,kaggle_shampabanik12
2019-09-29,Sylhet,1,kaggle_shampabanik12
2019-09-30,Barishal,30,kaggle_shampabanik12
2019-09-30,Chattogram,29,kaggle_shampabanik12
2019-09-30,Dhaka,163,kaggle_shampabanik12
2019-09-30,Khulna,92,kaggle_shampabanik12
2019-09-30,Mymensingh,6,kaggle_shampabanik12
2019-09-30,Rajshahi,15,kaggle_shampabanik12
2019-09-30,Rangpur,8,kaggle_shampabanik12
2019-09-30,Sylhet,5,kaggle_shampabanik12
2019-10-01,Barishal,46,kaggle_shampabanik12
2019-10-01,Chattogram,20,kaggle_shampabanik12
2019-10-01,Dhaka,169,kaggle_shampabanik12
2019-10-01,Khulna,98,kaggle_shampabanik12
2019-10-01,Mymensingh,9,kaggle_shampabanik12
2019-10-01,Rajshahi,17,kaggle_shampabanik12
2019-10-01,Rangpur,7,kaggle_shampabanik12
2019-10-01,Sylhet,5,kaggle_shampabanik12
2019-10-02,Barishal,31,kaggle_shampabanik12
2019-10-02,Chattogram,25,kaggle_shampabanik12
2019-10-02,Dhaka,152,kaggle_shampabanik12
2019-10-02,Khulna,95,kaggle_shampabanik12
2019-10-02,Mymensingh,6,kaggle_shampabanik12
2019-10-02,Rajshahi,15,kaggle_shampabanik12
2019-10-02,Rangpur,7,kaggle_shampabanik12
2019-10-02,Sylhet,5,kaggle_shampabanik12
2019-10-03,Barishal,36,kaggle_shampabanik12
2019-10-03,Chattogram,25,kaggle_shampabanik12
2019-10-03,Dhaka,151,kaggle_shampabanik12
2019-10-03,Khulna,124,kaggle_shampabanik12
2019-10-03,Mymensingh,7,kaggle_shampabanik12
2019-10-03,Rajshahi,15,kaggle_shampabanik12
2019-10-03,Rangpur,2,kaggle_shampabanik12
2019-10-03,Sylhet,1,kaggle_shampabanik12
2019-10-04,Barishal,29,kaggle_shampabanik12
2019-10-04,Chattogram,22,kaggle_shampabanik12
2019-10-04,Dhaka,119,kaggle_shampabanik12
2019-10-04,Khulna,124,kaggle_shampabanik12
2019-10-04,Mymensingh,6,kaggle_shampabanik12
2019-10-04,Rajshahi,22,kaggle_shampabanik12
2019-10-04,Rangpur,4,kaggle_shampabanik12
2019-10-04,Sylhet,0,kaggle_shampabanik12
2019-10-05,Barishal,38,kaggle_shampabanik12
2019-10-05,Chattogram,41,kaggle_shampabanik12
2019-10-05,Dhaka,92,kaggle_shampabanik12
2019-10-05,Khulna,79,kaggle_shampabanik12
2019-10-05,Mymensingh,4,kaggle_shampabanik12
2019-10-05,Rajshahi,10,kaggle_shampabanik12
2019-10-05,Rangpur,2,kaggle_shampabanik12
2019-10-05,Sylhet,3,kaggle_shampabanik12
2019-10-06,Barishal,38,kaggle_shampabanik12
2019-10-06,Chattogram,41,kaggle_shampabanik12
2019-10-06,Dhaka,105,kaggle_shampabanik12
2019-10-06,Khulna,108,kaggle_shampabanik12
2019-10-06,Mymensingh,4,kaggle_shampabanik12
2019-10-06,Rajshahi,14,kaggle_shampabanik12
2019-10-06,Rangpur,1,kaggle_shampabanik12
2019-10-06,Sylhet,2,kaggle_shampabanik12
2019-10-07,Barishal,31,kaggle_shampabanik12
2019-10-07,Chattogram,23,kaggle_shampabanik12
2019-10-07,Dhaka,149,kaggle_shampabanik12
2019-10-07,Khulna,114,kaggle_shampabanik12
2019-10-07,Mymensingh,3,kaggle_shampabanik12
2019-10-07,Rajshahi,19,kaggle_shampabanik12
2019-10-07,Rangpur,8,kaggle_shampabanik12
2019-10-07,Sylhet,1,kaggle_shampabanik12
2019-10-08,Barishal,23,kaggle_shampabanik12
2019-10-08,Chattogram,17,kaggle_shampabanik12
2019-10-08,Dhaka,101,kaggle_shampabanik12
2019-10-08,Khulna,106,kaggle_shampabanik12
2019-10-08,Mymensingh,4,kaggle_shampabanik12
2019-10-08,Rajshahi,13,kaggle_shampabanik12
2019-10-08,Rangpur,2,kaggle_shampabanik12
2019-10-08,Sylhet,1,kaggle_shampabanik12
2019-10-09,Barishal,35,kaggle_shampabanik12
2019-10-09,Chattogram,21,kaggle_shampabanik12
2019-10-09,Dhaka,92,kaggle_shampabanik12
2019-10-09,Khulna,82,kaggle_shampabanik12
2019-10-09,Mymensingh,6,kaggle_shampabanik12
2019-10-09,Rajshahi,9,kaggle_shampabanik12
2019-10-09,Rangpur,8,kaggle_shampabanik12
2019-10-09,Sylhet,1,kaggle_shampabanik12
2019-10-10,Barishal,37,kaggle_shampabanik12
2019-10-10,Chattogram,20,kaggle_shampabanik12
2019-10-10,Dhaka,130,kaggle_shampabanik12
2019-10-10,Khulna,106,kaggle_shampabanik12
2019-10-10,Mymensingh,3,kaggle_shampabanik12
2019-10-10,Rajshahi,14,kaggle_shampabanik12
2019-10-10,Rangpur,3,kaggle_shampabanik12
2019-10-10,Sylhet,1,kaggle_shampabanik12
2019-10-11,Barishal,30,kaggle_shampabanik12
2019-10-11,Chattogram,17,kaggle_shampabanik12
2019-10-11,Dhaka,90,kaggle_shampabanik12
2019-10-11,Khulna,74,kaggle_shampabanik12
2019-10-11,Mymensingh,3,kaggle_shampabanik12
2019-10-11,Rajshahi,20,kaggle_shampabanik12
2019-10-11,Rangpur,2,kaggle_shampabanik12
2019-10-11,Sylhet,2,kaggle_shampabanik12
2019-10-12,Barishal,25,kaggle_shampabanik12
2019-10-12,Chattogram,30,kaggle_shampabanik12
2019-10-12,Dhaka,131,kaggle_shampabanik12
2019-10-12,Khulna,45,kaggle_shampabanik12
2019-10-12,Mymensingh,5,kaggle_shampabanik12
2019-10-12,Rajshahi,15,kaggle_shampabanik12
2019-10-12,Rangpur,2,kaggle_shampabanik12
2019-10-12,Sylhet,1,kaggle_shampabanik12
2019-10-13,Barishal,30,kaggle_shampabanik12
2019-10-13,Chattogram,27,kaggle_shampabanik12
2019-10-13,Dhaka,136,kaggle_shampabanik12
2019-10-13,Khulna,69,kaggle_shampabanik12
2019-10-13,Mymensingh,4,kaggle_shampabanik12
2019-10-13,Rajshahi,16,kaggle_shampabanik12
2019-10-13,Rangpur,2,kaggle_shampabanik12
2019-10-13,Sylhet,3,kaggle_shampabanik12
2019-10-14,Barishal,28,kaggle_shampabanik12
2019-10-14,Chattogram,41,kaggle_shampabanik12
2019-10-14,Dhaka,123,kaggle_shampabanik12
2019-10-14,Khulna,77,kaggle_shampabanik12
2019-10-14,Mymensingh,2,kaggle_shampabanik12
2019-10-14,Rajshahi,23,kaggle_shampabanik12
2019-10-14,Rangpur,3,kaggle_shampabanik12
2019-10-14,Sylhet,3,kaggle_shampabanik12
2019-10-15,Barishal,31,kaggle_shampabanik12
2019-10-15,Chattogram,29,kaggle_shampabanik12
2019-10-15,Dhaka,147,kaggle_shampabanik12
2019-10-15,Khulna,68,kaggle_shampabanik12
2019-10-15,Mymensingh,6,kaggle_shampabanik12
2019-10-15,Rajshahi,12,kaggle_shampabanik12
2019-10-15,Rangpur,7,kaggle_shampabanik12
2019-10-15,Sylhet,1,kaggle_shampabanik12
2019-10-16,Barishal,32,kaggle_shampabanik12
2019-10-16,Chattogram,39,kaggle_shampabanik12
2019-10-16,Dhaka,133,kaggle_shampabanik12
2019-10-16,Khulna,45,kaggle_shampabanik12
2019-10-16,Mymensingh,6,kaggle_shampabanik12
2019-10-16,Rajshahi,25,kaggle_shampabanik12
2019-10-16,Rangpur,2,kaggle_shampabanik12
2019-10-16,Sylhet,1,kaggle_shampabanik12
2019-10-17,Barishal,44,kaggle_shampabanik12
2019-10-17,Chattogram,28,kaggle_shampabanik12
2019-10-17,Dhaka,105,kaggle_shampabanik12
2019-10-17,Khulna,47,kaggle_shampabanik12
2019-10-17,Mymensingh,5,kaggle_shampabanik12
2019-10-17,Rajshahi,13,kaggle_shampabanik12
2019-10-17,Rangpur,6,kaggle_shampabanik12
2019-10-17,Sylhet,0,kaggle_shampabanik12
2019-10-18,Barishal,26,kaggle_shampabanik12
2019-10-18,Chattogram,14,kaggle_shampabanik12
2019-10-18,Dhaka,80,kaggle_shampabanik12
2019-10-18,Khulna,42,kaggle_shampabanik12
2019-10-18,Mymensingh,4,kaggle_shampabanik12
2019-10-18,Rajshahi,6,kaggle_shampabanik12
2019-10-18,Rangpur,4,kaggle_shampabanik12
2019-10-18,Sylhet,2,kaggle_shampabanik12
2019-10-19,Barishal,42,kaggle_shampabanik12
2019-10-19,Chattogram,11,kaggle_shampabanik12
2019-10-19,Dhaka,79,kaggle_shampabanik12
2019-10-19,Khulna,41,kaggle_shampabanik12
2019-10-19,Mymensingh,3,kaggle_shampabanik12
2019-10-19,Rajshahi,6,kaggle_shampabanik12
2019-10-19,Rangpur,0,kaggle_shampabanik12
2019-10-19,Sylhet,0,kaggle_shampabanik12
2019-10-20,Barishal,25,kaggle_shampabanik12
2019-10-20,Chattogram,32,kaggle_shampabanik12
2019-10-20,Dhaka,114,kaggle_shampabanik12
2019-10-20,Khulna,40,kaggle_shampabanik12
2019-10-20,Mymensingh,6,kaggle_shampabanik12
2019-10-20,Rajshahi,25,kaggle_shampabanik12
2019-10-20,Rangpur,1,kaggle_shampabanik12
2019-10-20,Sylhet,1,kaggle_shampabanik12
2019-10-21,Barishal,28,kaggle_shampabanik12
2019-10-21,Chattogram,23,kaggle_shampabanik12
2019-10-21,Dhaka,102,kaggle_shampabanik12
2019-10-21,Khulna,47,kaggle_shampabanik12
2019-10-21,Mymensingh,4,kaggle_shampabanik12
2019-10-21,Rajshahi,5,kaggle_shampabanik12
2019-10-21,Rangpur,5,kaggle_shampabanik12
2019-10-21,Sylhet,3,kaggle_shampabanik12
2019-10-22,Barishal,32,kaggle_shampabanik12
2019-10-22,Chattogram,16,kaggle_shampabanik12
2019-10-22,Dhaka,110,kaggle_shampabanik12
2019-10-22,Khulna,45,kaggle_shampabanik12
2019-10-22,Mymensingh,4,kaggle_shampabanik12
2019-10-22,Rajshahi,7,kaggle_shampabanik12
2019-10-22,Rangpur,5,kaggle_shampabanik12
2019-10-22,Sylhet,3,kaggle_shampabanik12
2019-10-23,Barishal,22,kaggle_shampabanik12
2019-10-23,Chattogram,30,kaggle_shampabanik12
2019-10-23,Dhaka,114,kaggle_shampabanik12
2019-10-23,Khulna,50,kaggle_shampabanik12
2019-10-23,Mymensingh,4,kaggle_shampabanik12
2019-10-23,Rajshahi,8,kaggle_shampabanik12
2019-10-23,Rangpur,6,kaggle_shampabanik12
2019-10-23,Sylhet,2,kaggle_shampabanik12
2019-10-24,Barishal,21,kaggle_shampabanik12
2019-10-24,Chattogram,21,kaggle_shampabanik12
2019-10-24,Dhaka,99,kaggle_shampabanik12
2019-10-24,Khulna,47,kaggle_shampabanik12
2019-10-24,Mymensingh,4,kaggle_shampabanik12
2019-10-24,Rajshahi,11,kaggle_shampabanik12
2019-10-24,Rangpur,5,kaggle_shampabanik12
2019-10-24,Sylhet,2,kaggle_shampabanik12
2019-10-25,Barishal,23,kaggle_shampabanik12
2019-10-25,Chattogram,24,kaggle_shampabanik12
2019-10-25,Dhaka,90,kaggle_shampabanik12
2019-10-25,Khulna,41,kaggle_shampabanik12
2019-10-25,Mymensingh,1,kaggle_shampabanik12
2019-10-25,Rajshahi,4,kaggle_shampabanik12
2019-10-25,Rangpur,2,kaggle_shampabanik12
2019-10-25,Sylhet,1,kaggle_shampabanik12
2019-10-26,Barishal,22,kaggle_shampabanik12
2019-10-26,Chattogram,15,kaggle_shampabanik12
2019-10-26,Dhaka,104,kaggle_shampabanik12
2019-10-26,Khulna,36,kaggle_shampabanik12
2019-10-26,Mymensingh,3,kaggle_shampabanik12
2019-10-26,Rajshahi,11,kaggle_shampabanik12
2019-10-26,Rangpur,11,kaggle_shampabanik12
2019-10-26,Sylhet,1,kaggle_shampabanik12
2019-10-27,Barishal,33,kaggle_shampabanik12
2019-10-27,Chattogram,33,kaggle_shampabanik12
2019-10-27,Dhaka,105,kaggle_shampabanik12
2019-10-27,Khulna,56,kaggle_shampabanik12
2019-10-27,Mymensingh,10,kaggle_shampabanik12
2019-10-27,Rajshahi,15,kaggle_shampabanik12
2019-10-27,Rangpur,3,kaggle_shampabanik12
2019-10-27,Sylhet,2,kaggle_shampabanik12
2019-10-28,Barishal,44,kaggle_shampabanik12
2019-10-28,Chattogram,26,kaggle_shampabanik12
2019-10-28,Dhaka,124,kaggle_shampabanik12
2019-10-28,Khulna,44,kaggle_shampabanik12
2019-10-28,Mymensingh,1,kaggle_shampabanik12
2019-10-28,Rajshahi,6,kaggle_shampabanik12
2019-10-28,Rangpur,4,kaggle_shampabanik12
2019-10-28,Sylhet,2,kaggle_shampabanik12
2019-10-29,Barishal,29,kaggle_shampabanik12
2019-10-29,Chattogram,32,kaggle_shampabanik12
2019-10-29,Dhaka,128,kaggle_shampabanik12
2019-10-29,Khulna,40,kaggle_shampabanik12
2019-10-29,Mymensingh,5,kaggle_shampabanik12
2019-10-29,Rajshahi,9,kaggle_shampabanik12
2019-10-29,Rangpur,3,kaggle_shampabanik12
2019-10-29,Sylhet,2,kaggle_shampabanik12
2019-10-30,Barishal,35,kaggle_shampabanik12
2019-10-30,Chattogram,36,kaggle_shampabanik12
2019-10-30,Dhaka,121,kaggle_shampabanik12
2019-10-30,Khulna,52,kaggle_shampabanik12
2019-10-30,Mymensingh,11,kaggle_shampabanik12
2019-10-30,Rajshahi,4,kaggle_shampabanik12
2019-10-30,Rangpur,4,kaggle_shampabanik12
2019-10-30,Sylhet,0,kaggle_shampabanik12
2019-10-31,Barishal,25,kaggle_shampabanik12
2019-10-31,Chattogram,27,kaggle_shampabanik12
2019-10-31,Dhaka,95,kaggle_shampabanik12
2019-10-31,Khulna,50,kaggle_shampabanik12
2019-10-31,Mymensingh,1,kaggle_shampabanik12
2019-10-31,Rajshahi,9,kaggle_shampabanik12
2019-10-31,Rangpur,6,kaggle_shampabanik12
2019-10-31,Sylhet,0,kaggle_shampabanik12
2019-11-01,Barishal,34,kaggle_shampabanik12
2019-11-01,Chattogram,22,kaggle_shampabanik12
2019-11-01,Dhaka,88,kaggle_shampabanik12
2019-11-01,Khulna,57,kaggle_shampabanik12
2019-11-01,Mymensingh,4,kaggle_shampabanik12
2019-11-01,Rajshahi,6,kaggle_shampabanik12
2019-11-01,Rangpur,3,kaggle_shampabanik12
2019-11-01,Sylhet,1,kaggle_shampabanik12
2019-11-02,Barishal,13,kaggle_shampabanik12
2019-11-02,Chattogram,22,kaggle_shampabanik12
2019-11-02,Dhaka,77,kaggle_shampabanik12
2019-11-02,Khulna,27,kaggle_shampabanik12
2019-11-02,Mymensingh,6,kaggle_shampabanik12
2019-11-02,Rajshahi,3,kaggle_shampabanik12
2019-11-02,Rangpur,1,kaggle_shampabanik12
2019-11-02,Sylhet,1,kaggle_shampabanik12
2019-11-03,Barishal,24,kaggle_shampabanik12
2019-11-03,Chattogram,24,kaggle_shampabanik12
2019-11-03,Dhaka,73,kaggle_shampabanik12
2019-11-03,Khulna,47,kaggle_shampabanik12
2019-11-03,Mymensingh,5,kaggle_shampabanik12
2019-11-03,Rajshahi,8,kaggle_shampabanik12
2019-11-03,Rangpur,2,kaggle_shampabanik12
2019-11-03,Sylhet,1,kaggle_shampabanik12
2019-11-04,Barishal,23,kaggle_shampabanik12
2019-11-04,Chattogram,33,kaggle_shampabanik12
2019-11-04,Dhaka,77,kaggle_shampabanik12
2019-11-04,Khulna,35,kaggle_shampabanik12
2019-11-04,Mymensingh,1,kaggle_shampabanik12
2019-11-04,Rajshahi,4,kaggle_shampabanik12
2019-11-04,Rangpur,1,kaggle_shampabanik12
2019-11-04,Sylhet,0,kaggle_shampabanik12
2019-11-05,Barishal,27,kaggle_shampabanik12
2019-11-05,Chattogram,28,kaggle_shampabanik12
2019-11-05,Dhaka,100,kaggle_shampabanik12
2019-11-05,Khulna,24,kaggle_shampabanik12
2019-11-05,Mymensingh,2,kaggle_shampabanik12
2019-11-05,Rajshahi,4,kaggle_shampabanik12
2019-11-05,Rangpur,3,kaggle_shampabanik12
2019-11-05,Sylhet,0,kaggle_shampabanik12
2019-11-06,Barishal,17,kaggle_shampabanik12
2019-11-06,Chattogram,33,kaggle_shampabanik12
2019-11-06,Dhaka,83,kaggle_shampabanik12
2019-11-06,Khulna,36,kaggle_shampabanik12
2019-11-06,Mymensingh,4,kaggle_shampabanik12
2019-11-06,Rajshahi,4,kaggle_shampabanik12
2019-11-06,Rangpur,4,kaggle_shampabanik12
2019-11-06,Sylhet,3,kaggle_shampabanik12
2019-11-07,Barishal,32,kaggle_shampabanik12
2019-11-07,Chattogram,19,kaggle_shampabanik12
2019-11-07,Dhaka,73,kaggle_shampabanik12
2019-11-07,Khulna,56,kaggle_shampabanik12
2019-11-07,Mymensingh,3,kaggle_shampabanik12
2019-11-07,Rajshahi,11,kaggle_shampabanik12
2019-11-07,Rangpur,3,kaggle_shampabanik12
2019-11-07,Sylhet,1,kaggle_shampabanik12
2019-11-08,Barishal,18,kaggle_shampabanik12
2019-11-08,Chattogram,22,kaggle_shampabanik12
2019-11-08,Dhaka,75,kaggle_shampabanik12
2019-11-08,Khulna,31,kaggle_shampabanik12
2019-11-08,Mymensingh,1,kaggle_shampabanik12
2019-11-08,Rajshahi,2,kaggle_shampabanik12
2019-11-08,Rangpur,0,kaggle_shampabanik12
2019-11-08,Sylhet,0,kaggle_shampabanik12
2019-11-09,Barishal,6,kaggle_shampabanik12
2019-11-09,Chattogram,22,kaggle_shampabanik12
2019-11-09,Dhaka,71,kaggle_shampabanik12
2019-11-09,Khulna,25,kaggle_shampabanik12
2019-11-09,Mymensingh,6,kaggle_shampabanik12
2019-11-09,Rajshahi,8,kaggle_shampabanik12
2019-11-09,Rangpur,2,kaggle_shampabanik12
2019-11-09,Sylhet,6,kaggle_shampabanik12
2019-11-10,Barishal,6,kaggle_shampabanik12
2019-11-10,Chattogram,16,kaggle_shampabanik12
2019-11-10,Dhaka,65,kaggle_shampabanik12
2019-11-10,Khulna,21,kaggle_shampabanik12
2019-11-10,Mymensingh,4,kaggle_shampabanik12
2019-11-10,Rajshahi,4,kaggle_shampabanik12
2019-11-10,Rangpur,2,kaggle_shampabanik12
2019-11-10,Sylhet,0,kaggle_shampabanik12
2019-11-11,Barishal,2,kaggle_shampabanik12
2019-11-11,Chattogram,18,kaggle_shampabanik12
2019-11-11,Dhaka,74,kaggle_shampabanik12
2019-11-11,Khulna,26,kaggle_shampabanik12
2019-11-11,Mymensingh,2,kaggle_shampabanik12
2019-11-11,Rajshahi,4,kaggle_shampabanik12
2019-11-11,Rangpur,2,kaggle_shampabanik12
2019-11-11,Sylhet,0,kaggle_shampabanik12
2019-11-12,Barishal,15,kaggle_shampabanik12
2019-11-12,Chattogram,22,kaggle_shampabanik12
2019-11-12,Dhaka,82,kaggle_shampabanik12
2019-11-12,Khulna,30,kaggle_shampabanik12
2019-11-12,Mymensingh,2,kaggle_shampabanik12
2019-11-12,Rajshahi,5,kaggle_shampabanik12
2019-11-12,Rangpur,0,kaggle_shampabanik12
2019-11-12,Sylhet,1,kaggle_shampabanik12
2019-11-13,Barishal,18,kaggle_shampabanik12
2019-11-13,Chattogram,34,kaggle_shampabanik12
2019-11-13,Dhaka,79,kaggle_shampabanik12
2019-11-13,Khulna,25,kaggle_shampabanik12
2019-11-13,Mymensingh,4,kaggle_shampabanik12
2019-11-13,Rajshahi,5,kaggle_shampabanik12
2019-11-13,Rangpur,0,kaggle_shampabanik12
2019-11-13,Sylhet,2,kaggle_shampabanik12
2019-11-14,Barishal,13,kaggle_shampabanik12
2019-11-14,Chattogram,32,kaggle_shampabanik12
2019-11-14,Dhaka,74,kaggle_shampabanik12
2019-11-14,Khulna,23,kaggle_shampabanik12
2019-11-14,Mymensingh,2,kaggle_shampabanik12
2019-11-14,Rajshahi,4,kaggle_shampabanik12
2019-11-14,Rangpur,2,kaggle_shampabanik12
2019-11-14,Sylhet,0,kaggle_shampabanik12
2019-11-15,Barishal,7,kaggle_shampabanik12
2019-11-15,Chattogram,21,kaggle_shampabanik12
2019-11-15,Dhaka,49,kaggle_shampabanik12
2019-11-15,Khulna,17,kaggle_shampabanik12
2019-11-15,Mymensingh,1,kaggle_shampabanik12
2019-11-15,Rajshahi,0,kaggle_shampabanik12
2019-11-15,Rangpur,1,kaggle_shampabanik12
2019-11-15,Sylhet,1,kaggle_shampabanik12
2019-11-16,Barishal,15,kaggle_shampabanik12
2019-11-16,Chattogram,20,kaggle_shampabanik12
2019-11-16,Dhaka,67,kaggle_shampabanik12
2019-11-16,Khulna,24,kaggle_shampabanik12
2019-11-16,Mymensingh,1,kaggle_shampabanik12
2019-11-16,Rajshahi,7,kaggle_shampabanik12
2019-11-16,Rangpur,1,kaggle_shampabanik12
2019-11-16,Sylhet,1,kaggle_shampabanik12
2019-11-17,Barishal,10,kaggle_shampabanik12
2019-11-17,Chattogram,29,kaggle_shampabanik12
2019-11-17,Dhaka,64,kaggle_shampabanik12
2019-11-17,Khulna,26,kaggle_shampabanik12
2019-11-17,Mymensingh,3,kaggle_shampabanik12
2019-11-17,Rajshahi,7,kaggle_shampabanik12
2019-11-17,Rangpur,3,kaggle_shampabanik12
2019-11-17,Sylhet,1,kaggle_shampabanik12
2019-11-18,Barishal,9,kaggle_shampabanik12
2019-11-18,Chattogram,22,kaggle_shampabanik12
2019-11-18,Dhaka,60,kaggle_shampabanik12
2019-11-18,Khulna,19,kaggle_shampabanik12
2019-11-18,Mymensingh,2,kaggle_shampabanik12
2019-11-18,Rajshahi,5,kaggle_shampabanik12
2019-11-18,Rangpur,3,kaggle_shampabanik12
2019-11-18,Sylhet,0,kaggle_shampabanik12
2019-11-19,Barishal,9,kaggle_shampabanik12
2019-11-19,Chattogram,22,kaggle_shampabanik12
2019-11-19,Dhaka,60,kaggle_shampabanik12
2019-11-19,Khulna,20,kaggle_shampabanik12
2019-11-19,Mymensingh,3,kaggle_shampabanik12
2019-11-19,Rajshahi,8,kaggle_shampabanik12
2019-11-19,Rangpur,1,kaggle_shampabanik12
2019-11-19,Sylhet,1,kaggle_shampabanik12
2019-11-20,Barishal,5,kaggle_shampabanik12
2019-11-20,Chattogram,20,kaggle_shampabanik12
2019-11-20,Dhaka,60,kaggle_shampabanik12
2019-11-20,Khulna,24,kaggle_shampabanik12
2019-11-20,Mymensingh,1,kaggle_shampabanik12
2019-11-20,Rajshahi,5,kaggle_shampabanik12
2019-11-20,Rangpur,2,kaggle_shampabanik12
2019-11-20,Sylhet,0,kaggle_shampabanik12
2019-11-21,Barishal,9,kaggle_shampabanik12
2019-11-21,Chattogram,24,kaggle_shampabanik12
2019-11-21,Dhaka,65,kaggle_shampabanik12
2019-11-21,Khulna,17,kaggle_shampabanik12
2019-11-21,Mymensingh,1,kaggle_shampabanik12
2019-11-21,Rajshahi,6,kaggle_shampabanik12
2019-11-21,Rangpur,1,kaggle_shampabanik12
2019-11-21,Sylhet,0,kaggle_shampabanik12
2019-11-22,Barishal,4,kaggle_shampabanik12
2019-11-22,Chattogram,13,kaggle_shampabanik12
2019-11-22,Dhaka,68,kaggle_shampabanik12
2019-11-22,Khulna,17,kaggle_shampabanik12
2019-11-22,Mymensingh,1,kaggle_shampabanik12
2019-11-22,Rajshahi,2,kaggle_shampabanik12
2019-11-22,Rangpur,0,kaggle_shampabanik12
2019-11-22,Sylhet,0,kaggle_shampabanik12
2019-11-23,Barishal,22,kaggle_shampabanik12
2019-11-23,Chattogram,30,kaggle_shampabanik12
2019-11-23,Dhaka,114,kaggle_shampabanik12
2019-11-23,Khulna,50,kaggle_shampabanik12
2019-11-23,Mymensingh,4,kaggle_shampabanik12
2019-11-23,Rajshahi,8,kaggle_shampabanik12
2019-11-23,Rangpur,6,kaggle_shampabanik12
2019-11-23,Sylhet,2,kaggle_shampabanik12
2019-11-24,Barishal,3,kaggle_shampabanik12
2019-11-24,Chattogram,16,kaggle_shampabanik12
2019-11-24,Dhaka,57,kaggle_shampabanik12
2019-11-24,Khulna,9,kaggle_shampabanik12
2019-11-24,Mymensingh,3,kaggle_shampabanik12
2019-11-24,Rajshahi,3,kaggle_shampabanik12
2019-11-24,Rangpur,1,kaggle_shampabanik12
2019-11-24,Sylhet,0,kaggle_shampabanik12
2019-11-25,Barishal,5,kaggle_shampabanik12
2019-11-25,Chattogram,18,kaggle_shampabanik12
2019-11-25,Dhaka,64,kaggle_shampabanik12
2019-11-25,Khulna,17,kaggle_shampabanik12
2019-11-25,Mymensingh,1,kaggle_shampabanik12
2019-11-25,Rajshahi,4,kaggle_shampabanik12
2019-11-25,Rangpur,3,kaggle_shampabanik12
2019-11-25,Sylhet,0,kaggle_shampabanik12
2019-11-26,Barishal,5,kaggle_shampabanik12
2019-11-26,Chattogram,12,kaggle_shampabanik12
2019-11-26,Dhaka,55,kaggle_shampabanik12
2019-11-26,Khulna,14,kaggle_shampabanik12
2019-11-26,Mymensingh,5,kaggle_shampabanik12
2019-11-26,Rajshahi,5,kaggle_shampabanik12
2019-11-26,Rangpur,1,kaggle_shampabanik12
2019-11-26,Sylhet,1,kaggle_shampabanik12
2019-11-27,Barishal,9,kaggle_shampabanik12
2019-11-27,Chattogram,21,kaggle_shampabanik12
2019-11-27,Dhaka,58,kaggle_shampabanik12
2019-11-27,Khulna,15,kaggle_shampabanik12
2019-11-27,Mymensingh,1,kaggle_shampabanik12
2019-11-27,Rajshahi,4,kaggle_shampabanik12
2019-11-27,Rangpur,0,kaggle_shampabanik12
2019-11-27,Sylhet,0,kaggle_shampabanik12
2019-11-28,Barishal,5,kaggle_shampabanik12
2019-11-28,Chattogram,10,kaggle_shampabanik12
2019-11-28,Dhaka,50,kaggle_shampabanik12
2019-11-28,Khulna,14,kaggle_shampabanik12
2019-11-28,Mymensingh,3,kaggle_shampabanik12
2019-11-28,Rajshahi,2,kaggle_shampabanik12
2019-11-28,Rangpur,1,kaggle_shampabanik12
2019-11-28,Sylhet,0,kaggle_shampabanik12
2019-11-29,Barishal,4,kaggle_shampabanik12
2019-11-29,Chattogram,6,kaggle_shampabanik12
2019-11-29,Dhaka,49,kaggle_shampabanik12
2019-11-29,Khulna,11,kaggle_shampabanik12
2019-11-29,Mymensingh,0,kaggle_shampabanik12
2019-11-29,Rajshahi,2,kaggle_shampabanik12
2019-11-29,Rangpur,1,kaggle_shampabanik12
2019-11-29,Sylhet,0,kaggle_shampabanik12
2019-11-30,Barishal,4,kaggle_shampabanik12
2019-11-30,Chattogram,10,kaggle_shampabanik12
2019-11-30,Dhaka,56,kaggle_shampabanik12
2019-11-30,Khulna,10,kaggle_shampabanik12
2019-11-30,Mymensingh,1,kaggle_shampabanik12
2019-11-30,Rajshahi,2,kaggle_shampabanik12
2019-11-30,Rangpur,1,kaggle_shampabanik12
2019-11-30,Sylhet,2,kaggle_shampabanik12
2019-12-01,Barishal,6,kaggle_shampabanik12
2019-12-01,Chattogram,10,kaggle_shampabanik12
2019-12-01,Dhaka,55,kaggle_shampabanik12
2019-12-01,Khulna,10,kaggle_shampabanik12
2019-12-01,Mymensingh,1,kaggle_shampabanik12
2019-12-01,Rajshahi,6,kaggle_shampabanik12
2019-12-01,Rangpur,6,kaggle_shampabanik12
2019-12-01,Sylhet,0,kaggle_shampabanik12
2019-12-02,Barishal,1,kaggle_shampabanik12
2019-12-02,Chattogram,8,kaggle_shampabanik12
2019-12-02,Dhaka,53,kaggle_shampabanik12
2019-12-02,Khulna,12,kaggle_shampabanik12
2019-12-02,Mymensingh,2,kaggle_shampabanik12
2019-12-02,Rajshahi,2,kaggle_shampabanik12
2019-12-02,Rangpur,3,kaggle_shampabanik12
2019-12-02,Sylhet,0,kaggle_shampabanik12
2019-12-03,Barishal,7,kaggle_shampabanik12
2019-12-03,Chattogram,12,kaggle_shampabanik12
2019-12-03,Dhaka,48,kaggle_shampabanik12
2019-12-03,Khulna,9,kaggle_shampabanik12
2019-12-03,Mymensingh,1,kaggle_shampabanik12
2019-12-03,Rajshahi,0,kaggle_shampabanik12
2019-12-03,Rangpur,2,kaggle_shampabanik12
2019-12-03,Sylhet,0,kaggle_shampabanik12
2019-12-04,Barishal,3,kaggle_shampabanik12
2019-12-04,Chattogram,14,kaggle_shampabanik12
2019-12-04,Dhaka,45,kaggle_shampabanik12
2019-12-04,Khulna,12,kaggle_shampabanik12
2019-12-04,Mymensingh,0,kaggle_shampabanik12
2019-12-04,Rajshahi,1,kaggle_shampabanik12
2019-12-04,Rangpur,0,kaggle_shampabanik12
2019-12-04,Sylhet,0,kaggle_shampabanik12
2019-12-05,Barishal,6,kaggle_shampabanik12
2019-12-05,Chattogram,6,kaggle_shampabanik12
2019-12-05,Dhaka,61,kaggle_shampabanik12
2019-12-05,Khulna,12,kaggle_shampabanik12
2019-12-05,Mymensingh,0,kaggle_shampabanik12
2019-12-05,Rajshahi,2,kaggle_shampabanik12
2019-12-05,Rangpur,1,kaggle_shampabanik12
2019-12-05,Sylhet,0,kaggle_shampabanik12
2019-12-06,Barishal,4,kaggle_shampabanik12
2019-12-06,Chattogram,3,kaggle_shampabanik12
2019-12-06,Dhaka,32,kaggle_shampabanik12
2019-12-06,Khulna,4,kaggle_shampabanik12
2019-12-06,Mymensingh,0,kaggle_shampabanik12
2019-12-06,Rajshahi,0,kaggle_shampabanik12
2019-12-06,Rangpur,0,kaggle_shampabanik12
2019-12-06,Sylhet,0,kaggle_shampabanik12
2019-12-07,Barishal,0,kaggle_shampabanik12
2019-12-07,Chattogram,7,kaggle_shampabanik12
2019-12-07,Dhaka,31,kaggle_shampabanik12
2019-12-07,Khulna,5,kaggle_shampabanik12
2019-12-07,Mymensingh,2,kaggle_shampabanik12
2019-12-07,Rajshahi,1,kaggle_shampabanik12
2019-12-07,Rangpur,0,kaggle_shampabanik12
2019-12-07,Sylhet,0,kaggle_shampabanik12
2019-12-08,Barishal,5,kaggle_shampabanik12
2019-12-08,Chattogram,7,kaggle_shampabanik12
2019-12-08,Dhaka,38,kaggle_shampabanik12
2019-12-08,Khulna,9,kaggle_shampabanik12
2019-12-08,Mymensingh,0,kaggle_shampabanik12
2019-12-08,Rajshahi,2,kaggle_shampabanik12
2019-12-08,Rangpur,1,kaggle_shampabanik12
2019-12-08,Sylhet,0,kaggle_shampabanik12
2019-12-09,Barishal,2,kaggle_shampabanik12
2019-12-09,Chattogram,13,kaggle_shampabanik12
2019-12-09,Dhaka,45,kaggle_shampabanik12
2019-12-09,Khulna,6,kaggle_shampabanik12
2019-12-09,Mymensingh,1,kaggle_shampabanik12
2019-12-09,Rajshahi,0,kaggle_shampabanik12
2019-12-09,Rangpur,0,kaggle_shampabanik12
2019-12-09,Sylhet,0,kaggle_shampabanik12
2019-12-10,Barishal,3,kaggle_shampabanik12
2019-12-10,Chattogram,7,kaggle_shampabanik12
2019-12-10,Dhaka,30,kaggle_shampabanik12
2019-12-10,Khulna,7,kaggle_shampabanik12
2019-12-10,Mymensingh,2,kaggle_shampabanik12
2019-12-10,Rajshahi,0,kaggle_shampabanik12
2019-12-10,Rangpur,0,kaggle_shampabanik12
2019-12-10,Sylhet,1,kaggle_shampabanik12
2019-12-11,Barishal,1,kaggle_shampabanik12
2019-12-11,Chattogram,4,kaggle_shampabanik12
2019-12-11,Dhaka,27,kaggle_shampabanik12
2019-12-11,Khulna,2,kaggle_shampabanik12
2019-12-11,Mymensingh,0,kaggle_shampabanik12
2019-12-11,Rajshahi,0,kaggle_shampabanik12
2019-12-11,Rangpur,2,kaggle_shampabanik12
2019-12-11,Sylhet,0,kaggle_shampabanik12
2019-12-12,Barishal,2,kaggle_shampabanik12
2019-12-12,Chattogram,7,kaggle_shampabanik12
2019-12-12,Dhaka,34,kaggle_shampabanik12
2019-12-12,Khulna,6,kaggle_shampabanik12
2019-12-12,Mymensingh,1,kaggle_shampabanik12
2019-12-12,Rajshahi,1,kaggle_shampabanik12
2019-12-12,Rangpur,0,kaggle_shampabanik12
2019-12-12,Sylhet,0,kaggle_shampabanik12
2019-12-13,Barishal,1,kaggle_shampabanik12
2019-12-13,Chattogram,5,kaggle_shampabanik12
2019-12-13,Dhaka,29,kaggle_shampabanik12
2019-12-13,Khulna,6,kaggle_shampabanik12
2019-12-13,Mymensingh,2,kaggle_shampabanik12
2019-12-13,Rajshahi,1,kaggle_shampabanik12
2019-12-13,Rangpur,0,kaggle_shampabanik12
2019-12-13,Sylhet,0,kaggle_shampabanik12
2019-12-14,Barishal,2,kaggle_shampabanik12
2019-12-14,Chattogram,8,kaggle_shampabanik12
2019-12-14,Dhaka,28,kaggle_shampabanik12
2019-12-14,Khulna,3,kaggle_shampabanik12
2019-12-14,Mymensingh,1,kaggle_shampabanik12
2019-12-14,Rajshahi,0,kaggle_shampabanik12
2019-12-14,Rangpur,0,kaggle_shampabanik12
2019-12-14,Sylhet,0,kaggle_shampabanik12
2019-12-15,Barishal,1,kaggle_shampabanik12
2019-12-15,Chattogram,7,kaggle_shampabanik12
2019-12-15,Dhaka,26,kaggle_shampabanik12
2019-12-15,Khulna,2,kaggle_shampabanik12
2019-12-15,Mymensingh,1,kaggle_shampabanik12
2019-12-15,Rajshahi,0,kaggle_shampabanik12
2019-12-15,Rangpur,0,kaggle_shampabanik12
2019-12-15,Sylhet,0,kaggle_shampabanik12
2019-12-16,Barishal,2,kaggle_shampabanik12
2019-12-16,Chattogram,4,kaggle_shampabanik12
2019-12-16,Dhaka,16,kaggle_shampabanik12
2019-12-16,Khulna,2,kaggle_shampabanik12
2019-12-16,Mymensingh,1,kaggle_shampabanik12
2019-12-16,Rajshahi,0,kaggle_shampabanik12
2019-12-16,Rangpur,0,kaggle_shampabanik12
2019-12-16,Sylhet,0,kaggle_shampabanik12
2019-12-17,Barishal,0,kaggle_shampabanik12
2019-12-17,Chattogram,7,kaggle_shampabanik12
2019-12-17,Dhaka,33,kaggle_shampabanik12
2019-12-17,Khulna,5,kaggle_shampabanik12
2019-12-17,Mymensingh,0,kaggle_shampabanik12
2019-12-17,Rajshahi,1,kaggle_shampabanik12
2019-12-17,Rangpur,1,kaggle_shampabanik12
2019-12-17,Sylhet,2,kaggle_shampabanik12
2019-12-18,Barishal,2,kaggle_shampabanik12
2019-12-18,Chattogram,5,kaggle_shampabanik12
2019-12-18,Dhaka,24,kaggle_shampabanik12
2019-12-18,Khulna,3,kaggle_shampabanik12
2019-12-18,Mymensingh,2,kaggle_shampabanik12
2019-12-18,Rajshahi,1,kaggle_shampabanik12
2019-12-18,Rangpur,0,kaggle_shampabanik12
2019-12-18,Sylhet,0,kaggle_shampabanik12
2019-12-19,Barishal,3,kaggle_shampabanik12
2019-12-19,Chattogram,6,kaggle_shampabanik12
2019-12-19,Dhaka,17,kaggle_shampabanik12
2019-12-19,Khulna,5,kaggle_shampabanik12
2019-12-19,Mymensingh,0,kaggle_shampabanik12
2019-12-19,Rajshahi,1,kaggle_shampabanik12
2019-12-19,Rangpur,0,kaggle_shampabanik12
2019-12-19,Sylhet,0,kaggle_shampabanik12
2019-12-20,Barishal,1,kaggle_shampabanik12
2019-12-20,Chattogram,4,kaggle_shampabanik12
2019-12-20,Dhaka,21,kaggle_shampabanik12
2019-12-20,Khulna,3,kaggle_shampabanik12
2019-12-20,Mymensingh,0,kaggle_shampabanik12
2019-12-20,Rajshahi,0,kaggle_shampabanik12
2019-12-20,Rangpur,0,kaggle_shampabanik12
2019-12-20,Sylhet,0,kaggle_shampabanik12
2019-12-21,Barishal,0,kaggle_shampabanik12
2019-12-21,Chattogram,2,kaggle_shampabanik12
2019-12-21,Dhaka,11,kaggle_shampabanik12
2019-12-21,Khulna,2,kaggle_shampabanik12
2019-12-21,Mymensingh,1,kaggle_shampabanik12
2019-12-21,Rajshahi,0,kaggle_shampabanik12
2019-12-21,Rangpur,0,kaggle_shampabanik12
2019-12-21,Sylhet,0,kaggle_shampabanik12
2019-12-22,Barishal,2,kaggle_shampabanik12
2019-12-22,Chattogram,4,kaggle_shampabanik12
2019-12-22,Dhaka,11,kaggle_shampabanik12
2019-12-22,Khulna,0,kaggle_shampabanik12
2019-12-22,Mymensingh,1,kaggle_shampabanik12
2019-12-22,Rajshahi,0,kaggle_shampabanik12
2019-12-22,Rangpur,1,kaggle_shampabanik12
2019-12-22,Sylhet,0,kaggle_shampabanik12
2019-12-23,Barishal,0,kaggle_shampabanik12
2019-12-23,Chattogram,6,kaggle_shampabanik12
2019-12-23,Dhaka,24,kaggle_shampabanik12
2019-12-23,Khulna,4,kaggle_shampabanik12
2019-12-23,Mymensingh,1,kaggle_shampabanik12
2019-12-23,Rajshahi,0,kaggle_shampabanik12
2019-12-23,Rangpur,0,kaggle_shampabanik12
2019-12-23,Sylhet,0,kaggle_shampabanik12
2019-12-24,Barishal,0,kaggle_shampabanik12
2019-12-24,Chattogram,3,kaggle_shampabanik12
2019-12-24,Dhaka,9,kaggle_shampabanik12
2019-12-24,Khulna,0,kaggle_shampabanik12
2019-12-24,Mymensingh,0,kaggle_shampabanik12
2019-12-24,Rajshahi,0,kaggle_shampabanik12
2019-12-24,Rangpur,0,kaggle_shampabanik12
2019-12-24,Sylhet,0,kaggle_shampabanik12
2019-12-25,Barishal,0,kaggle_shampabanik12
2019-12-25,Chattogram,4,kaggle_shampabanik12
2019-12-25,Dhaka,12,kaggle_shampabanik12
2019-12-25,Khulna,1,kaggle_shampabanik12
2019-12-25,Mymensingh,0,kaggle_shampabanik12
2019-12-25,Rajshahi,0,kaggle_shampabanik12
2019-12-25,Rangpur,0,kaggle_shampabanik12
2019-12-25,Sylhet,0,kaggle_shampabanik12
2019-12-26,Barishal,0,kaggle_shampabanik12
2019-12-26,Chattogram,7,kaggle_shampabanik12
2019-12-26,Dhaka,17,kaggle_shampabanik12
2019-12-26,Khulna,0,kaggle_shampabanik12
2019-12-26,Mymensingh,0,kaggle_shampabanik12
2019-12-26,Rajshahi,0,kaggle_shampabanik12
2019-12-26,Rangpur,0,kaggle_shampabanik12
2019-12-26,Sylhet,0,kaggle_shampabanik12
2019-12-27,Barishal,0,kaggle_shampabanik12
2019-12-27,Chattogram,6,kaggle_shampabanik12
2019-12-27,Dhaka,14,kaggle_shampabanik12
2019-12-27,Khulna,2,kaggle_shampabanik12
2019-12-27,Mymensingh,0,kaggle_shampabanik12
2019-12-27,Rajshahi,0,kaggle_shampabanik12
2019-12-27,Rangpur,0,kaggle_shampabanik12
2019-12-27,Sylhet,0,kaggle_shampabanik12
2019-12-28,Barishal,1,kaggle_shampabanik12
2019-12-28,Chattogram,1,kaggle_shampabanik12
2019-12-28,Dhaka,7,kaggle_shampabanik12
2019-12-28,Khulna,0,kaggle_shampabanik12
2019-12-28,Mymensingh,0,kaggle_shampabanik12
2019-12-28,Rajshahi,0,kaggle_shampabanik12
2019-12-28,Rangpur,1,kaggle_shampabanik12
2019-12-28,Sylhet,0,kaggle_shampabanik12
2019-12-29,Barishal,0,kaggle_shampabanik12
2019-12-29,Chattogram,0,kaggle_shampabanik12
2019-12-29,Dhaka,3,kaggle_shampabanik12
2019-12-29,Khulna,1,kaggle_shampabanik12
2019-12-29,Mymensingh,0,kaggle_shampabanik12
2019-12-29,Rajshahi,1,kaggle_shampabanik12
2019-12-29,Rangpur,0,kaggle_shampabanik12
2019-12-29,Sylhet,0,kaggle_shampabanik12
2019-12-30,Barishal,0,kaggle_shampabanik12
2019-12-30,Chattogram,2,kaggle_shampabanik12
2019-12-30,Dhaka,7,kaggle_shampabanik12
2019-12-30,Khulna,0,kaggle_shampabanik12
2019-12-30,Mymensingh,0,kaggle_shampabanik12
2019-12-30,Rajshahi,1,kaggle_shampabanik12
2019-12-30,Rangpur,0,kaggle_shampabanik12
2019-12-30,Sylhet,0,kaggle_shampabanik12
2019-12-31,Barishal,0,kaggle_shampabanik12
2019-12-31,Chattogram,0,kaggle_shampabanik12
2019-12-31,Dhaka,6,kaggle_shampabanik12
2019-12-31,Khulna,2,kaggle_shampabanik12
2019-12-31,Mymensingh,0,kaggle_shampabanik12
2019-12-31,Rajshahi,0,kaggle_shampabanik12
2019-12-31,Rangpur,1,kaggle_shampabanik12
2019-12-31,Sylhet,1,kaggle_shampabanik12
2020-01-01,Barishal,0,kaggle_shampabanik12
2020-01-01,Chattogram,0,kaggle_shampabanik12
2020-01-01,Dhaka,6,kaggle_shampabanik12
2020-01-01,Khulna,1,kaggle_shampabanik12
2020-01-01,Mymensingh,0,kaggle_shampabanik12
2020-01-01,Rajshahi,0,kaggle_shampabanik12
2020-01-01,Rangpur,0,kaggle_shampabanik12
2020-01-01,Sylhet,0,kaggle_shampabanik12
2020-01-02,Barishal,1,kaggle_shampabanik12
2020-01-02,Chattogram,0,kaggle_shampabanik12
2020-01-02,Dhaka,16,kaggle_shampabanik12
2020-01-02,Khulna,0,kaggle_shampabanik12
2020-01-02,Mymensingh,0,kaggle_shampabanik12
2020-01-02,Rajshahi,0,kaggle_shampabanik12
2020-01-02,Rangpur,0,kaggle_shampabanik12
2020-01-02,Sylhet,0,kaggle_shampabanik12
2020-01-03,Barishal,0,kaggle_shampabanik12
2020-01-03,Chattogram,0,kaggle_shampabanik12
2020-01-03,Dhaka,4,kaggle_shampabanik12
2020-01-03,Khulna,0,kaggle_shampabanik12
2020-01-03,Mymensingh,2,kaggle_shampabanik12
2020-01-03,Rajshahi,0,kaggle_shampabanik12
2020-01-03,Rangpur,0,kaggle_shampabanik12
2020-01-03,Sylhet,0,kaggle_shampabanik12
2020-01-04,Barishal,1,kaggle_shampabanik12
2020-01-04,Chattogram,0,kaggle_shampabanik12
2020-01-04,Dhaka,20,kaggle_shampabanik12
2020-01-04,Khulna,0,kaggle_shampabanik12
2020-01-04,Mymensingh,0,kaggle_shampabanik12
2020-01-04,Rajshahi,0,kaggle_shampabanik12
2020-01-04,Rangpur,0,kaggle_shampabanik12
2020-01-04,Sylhet,0,kaggle_shampabanik12
2020-01-05,Barishal,1,kaggle_shampabanik12
2020-01-05,Chattogram,0,kaggle_shampabanik12
2020-01-05,Dhaka,12,kaggle_shampabanik12
2020-01-05,Khulna,0,kaggle_shampabanik12
2020-01-05,Mymensingh,0,kaggle_shampabanik12
2020-01-05,Rajshahi,0,kaggle_shampabanik12
2020-01-05,Rangpur,0,kaggle_shampabanik12
2020-01-05,Sylhet,0,kaggle_shampabanik12
2020-01-06,Barishal,0,kaggle_shampabanik12
2020-01-06,Chattogram,0,kaggle_shampabanik12
2020-01-06,Dhaka,6,kaggle_shampabanik12
2020-01-06,Khulna,1,kaggle_shampabanik12
2020-01-06,Mymensingh,1,kaggle_shampabanik12
2020-01-06,Rajshahi,0,kaggle_shampabanik12
2020-01-06,Rangpur,0,kaggle_shampabanik12
2020-01-06,Sylhet,0,kaggle_shampabanik12
2020-01-07,Barishal,0,kaggle_shampabanik12
2020-01-07,Chattogram,0,kaggle_shampabanik12
2020-01-07,Dhaka,17,kaggle_shampabanik12
2020-01-07,Khulna,2,kaggle_shampabanik12
2020-01-07,Mymensingh,0,kaggle_shampabanik12
2020-01-07,Rajshahi,0,kaggle_shampabanik12
2020-01-07,Rangpur,0,kaggle_shampabanik12
2020-01-07,Sylhet,0,kaggle_shampabanik12
2020-01-08,Barishal,0,kaggle_shampabanik12
2020-01-08,Chattogram,0,kaggle_shampabanik12
2020-01-08,Dhaka,3,kaggle_shampabanik12
2020-01-08,Khulna,1,kaggle_shampabanik12
2020-01-08,Mymensingh,0,kaggle_shampabanik12
2020-01-08,Rajshahi,1,kaggle_shampabanik12
2020-01-08,Rangpur,0,kaggle_shampabanik12
2020-01-08,Sylhet,0,kaggle_shampabanik12
2020-01-09,Barishal,0,kaggle_shampabanik12
2020-01-09,Chattogram,2,kaggle_shampabanik12
2020-01-09,Dhaka,12,kaggle_shampabanik12
2020-01-09,Khulna,0,kaggle_shampabanik12
2020-01-09,Mymensingh,0,kaggle_shampabanik12
2020-01-09,Rajshahi,0,kaggle_shampabanik12
2020-01-09,Rangpur,0,kaggle_shampabanik12
2020-01-09,Sylhet,0,kaggle_shampabanik12
2020-01-10,Barishal,0,kaggle_shampabanik12
2020-01-10,Chattogram,0,kaggle_shampabanik12
2020-01-10,Dhaka,6,kaggle_shampabanik12
2020-01-10,Khulna,0,kaggle_shampabanik12
2020-01-10,Mymensingh,0,kaggle_shampabanik12
2020-01-10,Rajshahi,0,kaggle_shampabanik12
2020-01-10,Rangpur,0,kaggle_shampabanik12
2020-01-10,Sylhet,0,kaggle_shampabanik12
2020-01-11,Barishal,0,kaggle_shampabanik12
2020-01-11,Chattogram,1,kaggle_shampabanik12
2020-01-11,Dhaka,13,kaggle_shampabanik12
2020-01-11,Khulna,0,kaggle_shampabanik12
2020-01-11,Mymensingh,0,kaggle_shampabanik12
2020-01-11,Rajshahi,0,kaggle_shampabanik12
2020-01-11,Rangpur,0,kaggle_shampabanik12
2020-01-11,Sylhet,0,kaggle_shampabanik12
2020-01-12,Barishal,0,kaggle_shampabanik12
2020-01-12,Chattogram,0,kaggle_shampabanik12
2020-01-12,Dhaka,3,kaggle_shampabanik12
2020-01-12,Khulna,0,kaggle_shampabanik12
2020-01-12,Mymensingh,0,kaggle_shampabanik12
2020-01-12,Rajshahi,0,kaggle_shampabanik12
2020-01-12,Rangpur,0,kaggle_shampabanik12
2020-01-12,Sylhet,0,kaggle_shampabanik12
2020-01-13,Barishal,0,kaggle_shampabanik12
2020-01-13,Chattogram,0,kaggle_shampabanik12
2020-01-13,Dhaka,10,kaggle_shampabanik12
2020-01-13,Khulna,0,kaggle_shampabanik12
2020-01-13,Mymensingh,0,kaggle_shampabanik12
2020-01-13,Rajshahi,0,kaggle_shampabanik12
2020-01-13,Rangpur,0,kaggle_shampabanik12
2020-01-13,Sylhet,0,kaggle_shampabanik12
2020-01-14,Barishal,0,kaggle_shampabanik12
2020-01-14,Chattogram,0,kaggle_shampabanik12
2020-01-14,Dhaka,2,kaggle_shampabanik12
2020-01-14,Khulna,0,kaggle_shampabanik12
2020-01-14,Mymensingh,1,kaggle_shampabanik12
2020-01-14,Rajshahi,0,kaggle_shampabanik12
2020-01-14,Rangpur,0,kaggle_shampabanik12
2020-01-14,Sylhet,0,kaggle_shampabanik12
2020-01-15,Barishal,0,kaggle_shampabanik12
2020-01-15,Chattogram,0,kaggle_shampabanik12
2020-01-15,Dhaka,4,kaggle_shampabanik12
2020-01-15,Khulna,0,kaggle_shampabanik12
2020-01-15,Mymensingh,0,kaggle_shampabanik12
2020-01-15,Rajshahi,0,kaggle_shampabanik12
2020-01-15,Rangpur,0,kaggle_shampabanik12
2020-01-15,Sylhet,0,kaggle_shampabanik12
2020-01-16,Barishal,0,kaggle_shampabanik12
2020-01-16,Chattogram,0,kaggle_shampabanik12
2020-01-16,Dhaka,0,kaggle_shampabanik12
2020-01-16,Khulna,0,kaggle_shampabanik12
2020-01-16,Mymensingh,0,kaggle_shampabanik12
2020-01-16,Rajshahi,0,kaggle_shampabanik12
2020-01-16,Rangpur,0,kaggle_shampabanik12
2020-01-16,Sylhet,0,kaggle_shampabanik12
2020-01-17,Barishal,0,kaggle_shampabanik12
2020-01-17,Chattogram,0,kaggle_shampabanik12
2020-01-17,Dhaka,0,kaggle_shampabanik12
2020-01-17,Khulna,0,kaggle_shampabanik12
2020-01-17,Mymensingh,1,kaggle_shampabanik12
2020-01-17,Rajshahi,0,kaggle_shampabanik12
2020-01-17,Rangpur,0,kaggle_shampabanik12
2020-01-17,Sylhet,0,kaggle_shampabanik12
2020-01-18,Barishal,0,kaggle_shampabanik12
2020-01-18,Chattogram,1,kaggle_shampabanik12
2020-01-18,Dhaka,2,kaggle_shampabanik12
2020-01-18,Khulna,0,kaggle_shampabanik12
2020-01-18,Mymensingh,0,kaggle_shampabanik12
2020-01-18,Rajshahi,0,kaggle_shampabanik12
2020-01-18,Rangpur,0,kaggle_shampabanik12
2020-01-18,Sylhet,0,kaggle_shampabanik12
2020-01-19,Barishal,0,kaggle_shampabanik12
2020-01-19,Chattogram,0,kaggle_shampabanik12
2020-01-19,Dhaka,4,kaggle_shampabanik12
2020-01-19,Khulna,0,kaggle_shampabanik12
2020-01-19,Mymensingh,0,kaggle_shampabanik12
2020-01-19,Rajshahi,0,kaggle_shampabanik12
2020-01-19,Rangpur,0,kaggle_shampabanik12
2020-01-19,Sylhet,0,kaggle_shampabanik12
2020-01-20,Barishal,0,kaggle_shampabanik12
2020-01-20,Chattogram,0,kaggle_shampabanik12
2020-01-20,Dhaka,2,kaggle_shampabanik12
2020-01-20,Khulna,0,kaggle_shampabanik12
2020-01-20,Mymensingh,0,kaggle_shampabanik12
2020-01-20,Rajshahi,0,kaggle_shampabanik12
2020-01-20,Rangpur,0,kaggle_shampabanik12
2020-01-20,Sylhet,0,kaggle_shampabanik12
2020-01-21,Barishal,0,kaggle_shampabanik12
2020-01-21,Chattogram,0,kaggle_shampabanik12
2020-01-21,Dhaka,4,kaggle_shampabanik12
2020-01-21,Khulna,0,kaggle_shampabanik12
2020-01-21,Mymensingh,0,kaggle_shampabanik12
2020-01-21,Rajshahi,0,kaggle_shampabanik12
2020-01-21,Rangpur,0,kaggle_shampabanik12
2020-01-21,Sylhet,0,kaggle_shampabanik12
2020-01-22,Barishal,0,kaggle_shampabanik12
2020-01-22,Chattogram,0,kaggle_shampabanik12
2020-01-22,Dhaka,2,kaggle_shampabanik12
2020-01-22,Khulna,0,kaggle_shampabanik12
2020-01-22,Mymensingh,0,kaggle_shampabanik12
2020-01-22,Rajshahi,0,kaggle_shampabanik12
2020-01-22,Rangpur,0,kaggle_shampabanik12
2020-01-22,Sylhet,0,kaggle_shampabanik12
2020-01-23,Barishal,0,kaggle_shampabanik12
2020-01-23,Chattogram,0,kaggle_shampabanik12
2020-01-23,Dhaka,4,kaggle_shampabanik12
2020-01-23,Khulna,0,kaggle_shampabanik12
2020-01-23,Mymensingh,0,kaggle_shampabanik12
2020-01-23,Rajshahi,0,kaggle_shampabanik12
2020-01-23,Rangpur,0,kaggle_shampabanik12
2020-01-23,Sylhet,0,kaggle_shampabanik12
2020-01-24,Barishal,0,kaggle_shampabanik12
2020-01-24,Chattogram,0,kaggle_shampabanik12
2020-01-24,Dhaka,1,kaggle_shampabanik12
2020-01-24,Khulna,0,kaggle_shampabanik12
2020-01-24,Mymensingh,0,kaggle_shampabanik12
2020-01-24,Rajshahi,0,kaggle_shampabanik12
2020-01-24,Rangpur,0,kaggle_shampabanik12
2020-01-24,Sylhet,0,kaggle_shampabanik12
2020-01-25,Barishal,0,kaggle_shampabanik12
2020-01-25,Chattogram,0,kaggle_shampabanik12
2020-01-25,Dhaka,4,kaggle_shampabanik12
2020-01-25,Khulna,0,kaggle_shampabanik12
2020-01-25,Mymensingh,0,kaggle_shampabanik12
2020-01-25,Rajshahi,0,kaggle_shampabanik12
2020-01-25,Rangpur,0,kaggle_shampabanik12
2020-01-25,Sylhet,0,kaggle_shampabanik12
2020-01-26,Barishal,0,kaggle_shampabanik12
2020-01-26,Chattogram,0,kaggle_shampabanik12
2020-01-26,Dhaka,2,kaggle_shampabanik12
2020-01-26,Khulna,0,kaggle_shampabanik12
2020-01-26,Mymensingh,0,kaggle_shampabanik12
2020-01-26,Rajshahi,0,kaggle_shampabanik12
2020-01-26,Rangpur,0,kaggle_shampabanik12
2020-01-26,Sylhet,0,kaggle_shampabanik12
2020-01-27,Barishal,0,kaggle_shampabanik12
2020-01-27,Chattogram,0,kaggle_shampabanik12
2020-01-27,Dhaka,7,kaggle_shampabanik12
2020-01-27,Khulna,0,kaggle_shampabanik12
2020-01-27,Mymensingh,0,kaggle_shampabanik12
2020-01-27,Rajshahi,0,kaggle_shampabanik12
2020-01-27,Rangpur,0,kaggle_shampabanik12
2020-01-27,Sylhet,0,kaggle_shampabanik12
2020-01-28,Barishal,0,kaggle_shampabanik12
2020-01-28,Chattogram,1,kaggle_shampabanik12
2020-01-28,Dhaka,3,kaggle_shampabanik12
2020-01-28,Khulna,0,kaggle_shampabanik12
2020-01-28,Mymensingh,2,kaggle_shampabanik12
2020-01-28,Rajshahi,0,kaggle_shampabanik12
2020-01-28,Rangpur,0,kaggle_shampabanik12
2020-01-28,Sylhet,0,kaggle_shampabanik12
2020-01-29,Barishal,0,kaggle_shampabanik12
2020-01-29,Chattogram,0,kaggle_shampabanik12
2020-01-29,Dhaka,1,kaggle_shampabanik12
2020-01-29,Khulna,0,kaggle_shampabanik12
2020-01-29,Mymensingh,0,kaggle_shampabanik12
2020-01-29,Rajshahi,0,kaggle_shampabanik12
2020-01-29,Rangpur,0,kaggle_shampabanik12
2020-01-29,Sylhet,0,kaggle_shampabanik12
2020-01-30,Barishal,0,kaggle_shampabanik12
2020-01-30,Chattogram,1,kaggle_shampabanik12
2020-01-30,Dhaka,1,kaggle_shampabanik12
2020-01-30,Khulna,0,kaggle_shampabanik12
2020-01-30,Mymensingh,0,kaggle_shampabanik12
2020-01-30,Rajshahi,0,kaggle_shampabanik12
2020-01-30,Rangpur,0,kaggle_shampabanik12
2020-01-30,Sylhet,0,kaggle_shampabanik12
2021-02-04,Barishal,0,kaggle_shampabanik12
2021-02-04,Chattogram,0,kaggle_shampabanik12
2021-02-04,Dhaka,2,kaggle_shampabanik12
2021-02-04,Khulna,0,kaggle_shampabanik12
2021-02-04,Mymensingh,0,kaggle_shampabanik12
2021-02-04,Rajshahi,0,kaggle_shampabanik12
2021-02-04,Rangpur,0,kaggle_shampabanik12
2021-02-04,Sylhet,0,kaggle_shampabanik12
2021-12-13,Barishal,2,kaggle_shampabanik12
2021-12-13,Chattogram,23,kaggle_shampabanik12
2021-12-13,Dhaka,15,kaggle_shampabanik12
2021-12-13,Khulna,2,kaggle_shampabanik12
2021-12-13,Mymensingh,0,kaggle_shampabanik12
2021-12-13,Rajshahi,0,kaggle_shampabanik12
2021-12-13,Rangpur,0,kaggle_shampabanik12
2021-12-13,Sylhet,0,kaggle_shampabanik12
2021-12-14,Barishal,3,kaggle_shampabanik12
2021-12-14,Chattogram,9,kaggle_shampabanik12
2021-12-14,Dhaka,27,kaggle_shampabanik12
2021-12-14,Khulna,1,kaggle_shampabanik12
2021-12-14,Mymensingh,0,kaggle_shampabanik12
2021-12-14,Rajshahi,0,kaggle_shampabanik12
2021-12-14,Rangpur,0,kaggle_shampabanik12
2021-12-14,Sylhet,0,kaggle_shampabanik12
2021-12-15,Barishal,0,kaggle_shampabanik12
2021-12-15,Chattogram,2,kaggle_shampabanik12
2021-12-15,Dhaka,12,kaggle_shampabanik12
2021-12-15,Khulna,1,kaggle_shampabanik12
2021-12-15,Mymensingh,1,kaggle_shampabanik12
2021-12-15,Rajshahi,0,kaggle_shampabanik12
2021-12-15,Rangpur,0,kaggle_shampabanik12
2021-12-15,Sylhet,0,kaggle_shampabanik12
2021-12-16,Barishal,1,kaggle_shampabanik12
2021-12-16,Chattogram,2,kaggle_shampabanik12
2021-12-16,Dhaka,12,kaggle_shampabanik12
2021-12-16,Khulna,0,kaggle_shampabanik12
2021-12-16,Mymensingh,1,kaggle_shampabanik12
2021-12-16,Rajshahi,0,kaggle_shampabanik12
2021-12-16,Rangpur,0,kaggle_shampabanik12
2021-12-16,Sylhet,0,kaggle_shampabanik12
2021-12-17,Barishal,0,kaggle_shampabanik12
2021-12-17,Chattogram,0,kaggle_shampabanik12
2021-12-17,Dhaka,14,kaggle_shampabanik12
2021-12-17,Khulna,0,kaggle_shampabanik12
2021-12-17,Mymensingh,0,kaggle_shampabanik12
2021-12-17,Rajshahi,0,kaggle_shampabanik12
2021-12-17,Rangpur,0,kaggle_shampabanik12
2021-12-17,Sylhet,0,kaggle_shampabanik12
2021-12-18,Barishal,0,kaggle_shampabanik12
2021-12-18,Chattogram,5,kaggle_shampabanik12
2021-12-18,Dhaka,21,kaggle_shampabanik12
2021-12-18,Khulna,0,kaggle_shampabanik12
2021-12-18,Mymensingh,0,kaggle_shampabanik12
2021-12-18,Rajshahi,2,kaggle_shampabanik12
2021-12-18,Rangpur,0,kaggle_shampabanik12
2021-12-18,Sylhet,0,kaggle_shampabanik12
2021-12-19,Barishal,0,kaggle_shampabanik12
2021-12-19,Chattogram,26,kaggle_shampabanik12
2021-12-19,Dhaka,20,kaggle_shampabanik12
2021-12-19,Khulna,3,kaggle_shampabanik12
2021-12-19,Mymensingh,1,kaggle_shampabanik12
2021-12-19,Rajshahi,0,kaggle_shampabanik12
2021-12-19,Rangpur,0,kaggle_shampabanik12
2021-12-19,Sylhet,0,kaggle_shampabanik12
2021-12-20,Barishal,2,kaggle_shampabanik12
2021-12-20,Chattogram,19,kaggle_shampabanik12
2021-12-20,Dhaka,18,kaggle_shampabanik12
2021-12-20,Khulna,0,kaggle_shampabanik12
2021-12-20,Mymensingh,0,kaggle_shampabanik12
2021-12-20,Rajshahi,0,kaggle_shampabanik12
2021-12-20,Rangpur,0,kaggle_shampabanik12
2021-12-20,Sylhet,0,kaggle_shampabanik12
2021-12-21,Barishal,0,kaggle_shampabanik12
2021-12-21,Chattogram,1,kaggle_shampabanik12
2021-12-21,Dhaka,12,kaggle_shampabanik12
2021-12-21,Khulna,0,kaggle_shampabanik12
2021-12-21,Mymensingh,0,kaggle_shampabanik12
2021-12-21,Rajshahi,0,kaggle_shampabanik12
2021-12-21,Rangpur,0,kaggle_shampabanik12
2021-12-21,Sylhet,0,kaggle_shampabanik12
2021-12-22,Barishal,0,kaggle_shampabanik12
2021-12-22,Chattogram,57,kaggle_shampabanik12
2021-12-22,Dhaka,10,kaggle_shampabanik12
2021-12-22,Khulna,1,kaggle_shampabanik12
2021-12-22,Mymensingh,1,kaggle_shampabanik12
2021-12-22,Rajshahi,0,kaggle_shampabanik12
2021-12-22,Rangpur,0,kaggle_shampabanik12
2021-12-22,Sylhet,0,kaggle_shampabanik12
2021-12-23,Barishal,1,kaggle_shampabanik12
2021-12-23,Chattogram,14,kaggle_shampabanik12
2021-12-23,Dhaka,9,kaggle_shampabanik12
2021-12-23,Khulna,0,kaggle_shampabanik12
2021-12-23,Mymensingh,0,kaggle_shampabanik12
2021-12-23,Rajshahi,0,kaggle_shampabanik12
2021-12-23,Rangpur,0,kaggle_shampabanik12
2021-12-23,Sylhet,0,kaggle_shampabanik12
2021-12-24,Barishal,0,kaggle_shampabanik12
2021-12-24,Chattogram,0,kaggle_shampabanik12
2021-12-24,Dhaka,7,kaggle_shampabanik12
2021-12-24,Khulna,0,kaggle_shampabanik12
2021-12-24,Mymensingh,0,kaggle_shampabanik12
2021-12-24,Rajshahi,0,kaggle_shampabanik12
2021-12-24,Rangpur,0,kaggle_shampabanik12
2021-12-24,Sylhet,0,kaggle_shampabanik12
2021-12-25,Barishal,0,kaggle_shampabanik12
2021-12-25,Chattogram,0,kaggle_shampabanik12
2021-12-25,Dhaka,16,kaggle_shampabanik12
2021-12-25,Khulna,1,kaggle_shampabanik12
2021-12-25,Mymensingh,0,kaggle_shampabanik12
2021-12-25,Rajshahi,1,kaggle_shampabanik12
2021-12-25,Rangpur,0,kaggle_shampabanik12
2021-12-25,Sylhet,0,kaggle_shampabanik12
2021-12-26,Barishal,0,kaggle_shampabanik12
2021-12-26,Chattogram,3,kaggle_shampabanik12
2021-12-26,Dhaka,4,kaggle_shampabanik12
2021-12-26,Khulna,0,kaggle_shampabanik12
2021-12-26,Mymensingh,0,kaggle_shampabanik12
2021-12-26,Rajshahi,0,kaggle_shampabanik12
2021-12-26,Rangpur,0,kaggle_shampabanik12
2021-12-26,Sylhet,0,kaggle_shampabanik12
2021-12-27,Barishal,0,kaggle_shampabanik12
2021-12-27,Chattogram,2,kaggle_shampabanik12
2021-12-27,Dhaka,7,kaggle_shampabanik12
2021-12-27,Khulna,0,kaggle_shampabanik12
2021-12-27,Mymensingh,1,kaggle_shampabanik12
2021-12-27,Rajshahi,0,kaggle_shampabanik12
2021-12-27,Rangpur,0,kaggle_shampabanik12
2021-12-27,Sylhet,0,kaggle_shampabanik12
2021-12-28,Barishal,0,kaggle_shampabanik12
2021-12-28,Chattogram,7,kaggle_shampabanik12
2021-12-28,Dhaka,6,kaggle_shampabanik12
2021-12-28,Khulna,0,kaggle_shampabanik12
2021-12-28,Mymensingh,0,kaggle_shampabanik12
2021-12-28,Rajshahi,0,kaggle_shampabanik12
2021-12-28,Rangpur,0,kaggle_shampabanik12
2021-12-28,Sylhet,0,kaggle_shampabanik12
2021-12-29,Barishal,0,kaggle_shampabanik12
2021-12-29,Chattogram,1,kaggle_shampabanik12
2021-12-29,Dhaka,9,kaggle_shampabanik12
2021-12-29,Khulna,0,kaggle_shampabanik12
2021-12-29,Mymensingh,1,kaggle_shampabanik12
2021-12-29,Rajshahi,0,kaggle_shampabanik12
2021-12-29,Rangpur,0,kaggle_shampabanik12
2021-12-29,Sylhet,0,kaggle_shampabanik12
2021-12-30,Barishal,0,kaggle_shampabanik12
2021-12-30,Chattogram,28,kaggle_shampabanik12
2021-12-30,Dhaka,3,kaggle_shampabanik12
2021-12-30,Khulna,0,kaggle_shampabanik12
2021-12-30,Mymensingh,0,kaggle_shampabanik12
2021-12-30,Rajshahi,0,kaggle_shampabanik12
2021-12-30,Rangpur,0,kaggle_shampabanik12
2021-12-30,Sylhet,0,kaggle_shampabanik12
2022-01-01,Barishal,1,kaggle_shampabanik12
2022-01-01,Chattogram,1,kaggle_shampabanik12
2022-01-01,Dhaka,2,kaggle_shampabanik12
2022-01-01,Khulna,0,kaggle_shampabanik12
2022-01-01,Mymensingh,0,kaggle_shampabanik12
2022-01-01,Rajshahi,0,kaggle_shampabanik12
2022-01-01,Rangpur,0,kaggle_shampabanik12
2022-01-01,Sylhet,0,kaggle_shampabanik12
2022-01-02,Barishal,0,kaggle_shampabanik12
2022-01-02,Chattogram,1,kaggle_shampabanik12
2022-01-02,Dhaka,9,kaggle_shampabanik12
2022-01-02,Khulna,0,kaggle_shampabanik12
2022-01-02,Mymensingh,0,kaggle_shampabanik12
2022-01-02,Rajshahi,0,kaggle_shampabanik12
2022-01-02,Rangpur,0,kaggle_shampabanik12
2022-01-02,Sylhet,0,kaggle_shampabanik12
2022-01-03,Barishal,0,kaggle_shampabanik12
2022-01-03,Chattogram,26,kaggle_shampabanik12
2022-01-03,Dhaka,13,kaggle_shampabanik12
2022-01-03,Khulna,0,kaggle_shampabanik12
2022-01-03,Mymensingh,0,kaggle_shampabanik12
2022-01-03,Rajshahi,0,kaggle_shampabanik12
2022-01-03,Rangpur,0,kaggle_shampabanik12
2022-01-03,Sylhet,0,kaggle_shampabanik12
2022-01-04,Barishal,1,kaggle_shampabanik12
2022-01-04,Chattogram,0,kaggle_shampabanik12
2022-01-04,Dhaka,3,kaggle_shampabanik12
2022-01-04,Khulna,0,kaggle_shampabanik12
2022-01-04,Mymensingh,0,kaggle_shampabanik12
2022-01-04,Rajshahi,0,kaggle_shampabanik12
2022-01-04,Rangpur,0,kaggle_shampabanik12
2022-01-04,Sylhet,0,kaggle_shampabanik12
2022-01-05,Barishal,0,kaggle_shampabanik12
2022-01-05,Chattogram,2,kaggle_shampabanik12
2022-01-05,Dhaka,2,kaggle_shampabanik12
2022-01-05,Khulna,0,kaggle_shampabanik12
2022-01-05,Mymensingh,0,kaggle_shampabanik12
2022-01-05,Rajshahi,0,kaggle_shampabanik12
2022-01-05,Rangpur,0,kaggle_shampabanik12
2022-01-05,Sylhet,0,kaggle_shampabanik12
2022-01-06,Barishal,0,kaggle_shampabanik12
2022-01-06,Chattogram,6,kaggle_shampabanik12
2022-01-06,Dhaka,3,kaggle_shampabanik12
2022-01-06,Khulna,0,kaggle_shampabanik12
2022-01-06,Mymensingh,0,kaggle_shampabanik12
2022-01-06,Rajshahi,0,kaggle_shampabanik12
2022-01-06,Rangpur,0,kaggle_shampabanik12
2022-01-06,Sylhet,0,kaggle_shampabanik12
2022-01-07,Barishal,0,kaggle_shampabanik12
2022-01-07,Chattogram,0,kaggle_shampabanik12
2022-01-07,Dhaka,1,kaggle_shampabanik12
2022-01-07,Khulna,0,kaggle_shampabanik12
2022-01-07,Mymensingh,0,kaggle_shampabanik12
2022-01-07,Rajshahi,0,kaggle_shampabanik12
2022-01-07,Rangpur,0,kaggle_shampabanik12
2022-01-07,Sylhet,0,kaggle_shampabanik12
2022-01-08,Barishal,0,kaggle_shampabanik12
2022-01-08,Chattogram,0,kaggle_shampabanik12
2022-01-08,Dhaka,2,kaggle_shampabanik12
2022-01-08,Khulna,0,kaggle_shampabanik12
2022-01-08,Mymensingh,0,kaggle_shampabanik12
2022-01-08,Rajshahi,0,kaggle_shampabanik12
2022-01-08,Rangpur,0,kaggle_shampabanik12
2022-01-08,Sylhet,0,kaggle_shampabanik12
2022-01-09,Barishal,0,kaggle_shampabanik12
2022-01-09,Chattogram,3,kaggle_shampabanik12
2022-01-09,Dhaka,28,kaggle_shampabanik12
2022-01-09,Khulna,0,kaggle_shampabanik12
2022-01-09,Mymensingh,0,kaggle_shampabanik12
2022-01-09,Rajshahi,0,kaggle_shampabanik12
2022-01-09,Rangpur,0,kaggle_shampabanik12
2022-01-09,Sylhet,0,kaggle_shampabanik12
2022-01-10,Barishal,0,kaggle_shampabanik12
2022-01-10,Chattogram,1,kaggle_shampabanik12
2022-01-10,Dhaka,2,kaggle_shampabanik12
2022-01-10,Khulna,0,kaggle_shampabanik12
2022-01-10,Mymensingh,0,kaggle_shampabanik12
2022-01-10,Rajshahi,0,kaggle_shampabanik12
2022-01-10,Rangpur,0,kaggle_shampabanik12
2022-01-10,Sylhet,0,kaggle_shampabanik12
2022-01-11,Barishal,0,kaggle_shampabanik12
2022-01-11,Chattogram,1,kaggle_shampabanik12
2022-01-11,Dhaka,3,kaggle_shampabanik12
2022-01-11,Khulna,0,kaggle_shampabanik12
2022-01-11,Mymensingh,0,kaggle_shampabanik12
2022-01-11,Rajshahi,0,kaggle_shampabanik12
2022-01-11,Rangpur,0,kaggle_shampabanik12
2022-01-11,Sylhet,0,kaggle_shampabanik12
2022-01-12,Barishal,1,kaggle_shampabanik12
2022-01-12,Chattogram,12,kaggle_shampabanik12
2022-01-12,Dhaka,0,kaggle_shampabanik12
2022-01-12,Khulna,0,kaggle_shampabanik12
2022-01-12,Mymensingh,0,kaggle_shampabanik12
2022-01-12,Rajshahi,0,kaggle_shampabanik12
2022-01-12,Rangpur,0,kaggle_shampabanik12
2022-01-12,Sylhet,0,kaggle_shampabanik12
2022-01-13,Barishal,0,kaggle_shampabanik12
2022-01-13,Chattogram,0,kaggle_shampabanik12
2022-01-13,Dhaka,3,kaggle_shampabanik12
2022-01-13,Khulna,0,kaggle_shampabanik12
2022-01-13,Mymensingh,0,kaggle_shampabanik12
2022-01-13,Rajshahi,0,kaggle_shampabanik12
2022-01-13,Rangpur,0,kaggle_shampabanik12
2022-01-13,Sylhet,0,kaggle_shampabanik12
2022-01-14,Barishal,0,kaggle_shampabanik12
2022-01-14,Chattogram,0,kaggle_shampabanik12
2022-01-14,Dhaka,1,kaggle_shampabanik12
2022-01-14,Khulna,0,kaggle_shampabanik12
2022-01-14,Mymensingh,0,kaggle_shampabanik12
2022-01-14,Rajshahi,0,kaggle_shampabanik12
2022-01-14,Rangpur,0,kaggle_shampabanik12
2022-01-14,Sylhet,0,kaggle_shampabanik12
2022-01-15,Barishal,0,kaggle_shampabanik12
2022-01-15,Chattogram,0,kaggle_shampabanik12
2022-01-15,Dhaka,3,kaggle_shampabanik12
2022-01-15,Khulna,0,kaggle_shampabanik12
2022-01-15,Mymensingh,0,kaggle_shampabanik12
2022-01-15,Rajshahi,0,kaggle_shampabanik12
2022-01-15,Rangpur,0,kaggle_shampabanik12
2022-01-15,Sylhet,0,kaggle_shampabanik12
2022-01-16,Barishal,0,kaggle_shampabanik12
2022-01-16,Chattogram,0,kaggle_shampabanik12
2022-01-16,Dhaka,2,kaggle_shampabanik12
2022-01-16,Khulna,0,kaggle_shampabanik12
2022-01-16,Mymensingh,0,kaggle_shampabanik12
2022-01-16,Rajshahi,0,kaggle_shampabanik12
2022-01-16,Rangpur,0,kaggle_shampabanik12
2022-01-16,Sylhet,0,kaggle_shampabanik12
2022-01-17,Barishal,0,kaggle_shampabanik12
2022-01-17,Chattogram,0,kaggle_shampabanik12
2022-01-17,Dhaka,2,kaggle_shampabanik12
2022-01-17,Khulna,0,kaggle_shampabanik12
2022-01-17,Mymensingh,0,kaggle_shampabanik12
2022-01-17,Rajshahi,0,kaggle_shampabanik12
2022-01-17,Rangpur,0,kaggle_shampabanik12
2022-01-17,Sylhet,0,kaggle_shampabanik12
2022-01-18,Barishal,0,kaggle_shampabanik12
2022-01-18,Chattogram,1,kaggle_shampabanik12
2022-01-18,Dhaka,3,kaggle_shampabanik12
2022-01-18,Khulna,0,kaggle_shampabanik12
2022-01-18,Mymensingh,0,kaggle_shampabanik12
2022-01-18,Rajshahi,0,kaggle_shampabanik12
2022-01-18,Rangpur,0,kaggle_shampabanik12
2022-01-18,Sylhet,0,kaggle_shampabanik12
2022-01-19,Barishal,0,kaggle_shampabanik12
2022-01-19,Chattogram,2,kaggle_shampabanik12
2022-01-19,Dhaka,5,kaggle_shampabanik12
2022-01-19,Khulna,0,kaggle_shampabanik12
2022-01-19,Mymensingh,0,kaggle_shampabanik12
2022-01-19,Rajshahi,0,kaggle_shampabanik12
2022-01-19,Rangpur,0,kaggle_shampabanik12
2022-01-19,Sylhet,0,kaggle_shampabanik12
2022-01-20,Barishal,0,kaggle_shampabanik12
2022-01-20,Chattogram,0,kaggle_shampabanik12
2022-01-20,Dhaka,1,kaggle_shampabanik12
2022-01-20,Khulna,0,kaggle_shampabanik12
2022-01-20,Mymensingh,0,kaggle_shampabanik12
2022-01-20,Rajshahi,0,kaggle_shampabanik12
2022-01-20,Rangpur,0,kaggle_shampabanik12
2022-01-20,Sylhet,0,kaggle_shampabanik12
2022-01-21,Barishal,0,kaggle_shampabanik12
2022-01-21,Chattogram,0,kaggle_shampabanik12
2022-01-21,Dhaka,0,kaggle_shampabanik12
2022-01-21,Khulna,0,kaggle_shampabanik12
2022-01-21,Mymensingh,0,kaggle_shampabanik12
2022-01-21,Rajshahi,0,kaggle_shampabanik12
2022-01-21,Rangpur,0,kaggle_shampabanik12
2022-01-21,Sylhet,0,kaggle_shampabanik12
2022-01-22,Barishal,0,kaggle_shampabanik12
2022-01-22,Chattogram,0,kaggle_shampabanik12
2022-01-22,Dhaka,0,kaggle_shampabanik12
2022-01-22,Khulna,0,kaggle_shampabanik12
2022-01-22,Mymensingh,0,kaggle_shampabanik12
2022-01-22,Rajshahi,0,kaggle_shampabanik12
2022-01-22,Rangpur,0,kaggle_shampabanik12
2022-01-22,Sylhet,0,kaggle_shampabanik12
2022-01-23,Barishal,0,kaggle_shampabanik12
2022-01-23,Chattogram,0,kaggle_shampabanik12
2022-01-23,Dhaka,1,kaggle_shampabanik12
2022-01-23,Khulna,1,kaggle_shampabanik12
2022-01-23,Mymensingh,0,kaggle_shampabanik12
2022-01-23,Rajshahi,0,kaggle_shampabanik12
2022-01-23,Rangpur,0,kaggle_shampabanik12
2022-01-23,Sylhet,0,kaggle_shampabanik12
2022-01-24,Barishal,0,kaggle_shampabanik12
2022-01-24,Chattogram,1,kaggle_shampabanik12
2022-01-24,Dhaka,2,kaggle_shampabanik12
2022-01-24,Khulna,0,kaggle_shampabanik12
2022-01-24,Mymensingh,0,kaggle_shampabanik12
2022-01-24,Rajshahi,0,kaggle_shampabanik12
2022-01-24,Rangpur,0,kaggle_shampabanik12
2022-01-24,Sylhet,0,kaggle_shampabanik12
2022-01-25,Barishal,0,kaggle_shampabanik12
2022-01-25,Chattogram,0,kaggle_shampabanik12
2022-01-25,Dhaka,1,kaggle_shampabanik12
2022-01-25,Khulna,0,kaggle_shampabanik12
2022-01-25,Mymensingh,0,kaggle_shampabanik12
2022-01-25,Rajshahi,0,kaggle_shampabanik12
2022-01-25,Rangpur,0,kaggle_shampabanik12
2022-01-25,Sylhet,0,kaggle_shampabanik12
2022-01-26,Barishal,0,kaggle_shampabanik12
2022-01-26,Chattogram,0,kaggle_shampabanik12
2022-01-26,Dhaka,0,kaggle_shampabanik12
2022-01-26,Khulna,0,kaggle_shampabanik12
2022-01-26,Mymensingh,0,kaggle_shampabanik12
2022-01-26,Rajshahi,0,kaggle_shampabanik12
2022-01-26,Rangpur,0,kaggle_shampabanik12
2022-01-26,Sylhet,0,kaggle_shampabanik12
2022-01-27,Barishal,0,kaggle_shampabanik12
2022-01-27,Chattogram,0,kaggle_shampabanik12
2022-01-27,Dhaka,1,kaggle_shampabanik12
2022-01-27,Khulna,0,kaggle_shampabanik12
2022-01-27,Mymensingh,0,kaggle_shampabanik12
2022-01-27,Rajshahi,0,kaggle_shampabanik12
2022-01-27,Rangpur,0,kaggle_shampabanik12
2022-01-27,Sylhet,0,kaggle_shampabanik12
2022-01-28,Barishal,0,kaggle_shampabanik12
2022-01-28,Chattogram,0,kaggle_shampabanik12
2022-01-28,Dhaka,2,kaggle_shampabanik12
2022-01-28,Khulna,0,kaggle_shampabanik12
2022-01-28,Mymensingh,0,kaggle_shampabanik12
2022-01-28,Rajshahi,0,kaggle_shampabanik12
2022-01-28,Rangpur,0,kaggle_shampabanik12
2022-01-28,Sylhet,0,kaggle_shampabanik12
2022-01-29,Barishal,0,kaggle_shampabanik12
2022-01-29,Chattogram,0,kaggle_shampabanik12
2022-01-29,Dhaka,0,kaggle_shampabanik12
2022-01-29,Khulna,0,kaggle_shampabanik12
2022-01-29,Mymensingh,0,kaggle_shampabanik12
2022-01-29,Rajshahi,0,kaggle_shampabanik12
2022-01-29,Rangpur,0,kaggle_shampabanik12
2022-01-29,Sylhet,0,kaggle_shampabanik12
2022-01-30,Barishal,0,kaggle_shampabanik12
2022-01-30,Chattogram,0,kaggle_shampabanik12
2022-01-30,Dhaka,0,kaggle_shampabanik12
2022-01-30,Khulna,0,kaggle_shampabanik12
2022-01-30,Mymensingh,0,kaggle_shampabanik12
2022-01-30,Rajshahi,0,kaggle_shampabanik12
2022-01-30,Rangpur,0,kaggle_shampabanik12
2022-01-30,Sylhet,0,kaggle_shampabanik12
2022-01-31,Barishal,0,kaggle_shampabanik12
2022-01-31,Chattogram,1,kaggle_shampabanik12
2022-01-31,Dhaka,0,kaggle_shampabanik12
2022-01-31,Khulna,0,kaggle_shampabanik12
2022-01-31,Mymensingh,0,kaggle_shampabanik12
2022-01-31,Rajshahi,0,kaggle_shampabanik12
2022-01-31,Rangpur,0,kaggle_shampabanik12
2022-01-31,Sylhet,0,kaggle_shampabanik12
2022-07-01,Barishal,0,kaggle_shampabanik12
2022-07-01,Chattogram,3,kaggle_shampabanik12
2022-07-01,Dhaka,19,kaggle_shampabanik12
2022-07-01,Khulna,0,kaggle_shampabanik12
2022-07-01,Mymensingh,0,kaggle_shampabanik12
2022-07-01,Rajshahi,0,kaggle_shampabanik12
2022-07-01,Rangpur,0,kaggle_shampabanik12
2022-07-01,Sylhet,0,kaggle_shampabanik12
2022-07-02,Barishal,0,kaggle_shampabanik12
2022-07-02,Chattogram,1,kaggle_shampabanik12
2022-07-02,Dhaka,47,kaggle_shampabanik12
2022-07-02,Khulna,0,kaggle_shampabanik12
2022-07-02,Mymensingh,0,kaggle_shampabanik12
2022-07-02,Rajshahi,0,kaggle_shampabanik12
2022-07-02,Rangpur,0,kaggle_shampabanik12
2022-07-02,Sylhet,0,kaggle_shampabanik12
2022-07-03,Barishal,4,kaggle_shampabanik12
2022-07-03,Chattogram,5,kaggle_shampabanik12
2022-07-03,Dhaka,32,kaggle_shampabanik12
2022-07-03,Khulna,0,kaggle_shampabanik12
2022-07-03,Mymensingh,1,kaggle_shampabanik12
2022-07-03,Rajshahi,0,kaggle_shampabanik12
2022-07-03,Rangpur,0,kaggle_shampabanik12
2022-07-03,Sylhet,0,kaggle_shampabanik12
2022-07-04,Barishal,0,kaggle_shampabanik12
2022-07-04,Chattogram,3,kaggle_shampabanik12
2022-07-04,Dhaka,31,kaggle_shampabanik12
2022-07-04,Khulna,2,kaggle_shampabanik12
2022-07-04,Mymensingh,0,kaggle_shampabanik12
2022-07-04,Rajshahi,0,kaggle_shampabanik12
2022-07-04,Rangpur,0,kaggle_shampabanik12
2022-07-04,Sylhet,0,kaggle_shampabanik12
2022-07-05,Barishal,0,kaggle_shampabanik12
2022-07-05,Chattogram,0,kaggle_shampabanik12
2022-07-05,Dhaka,43,kaggle_shampabanik12
2022-07-05,Khulna,0,kaggle_shampabanik12
2022-07-05,Mymensingh,2,kaggle_shampabanik12
2022-07-05,Rajshahi,0,kaggle_shampabanik12
2022-07-05,Rangpur,0,kaggle_shampabanik12
2022-07-05,Sylhet,0,kaggle_shampabanik12
2022-07-06,Barishal,0,kaggle_shampabanik12
2022-07-06,Chattogram,0,kaggle_shampabanik12
2022-07-06,Dhaka,32,kaggle_shampabanik12
2022-07-06,Khulna,0,kaggle_shampabanik12
2022-07-06,Mymensingh,0,kaggle_shampabanik12
2022-07-06,Rajshahi,0,kaggle_shampabanik12
2022-07-06,Rangpur,0,kaggle_shampabanik12
2022-07-06,Sylhet,0,kaggle_shampabanik12
2022-07-07,Barishal,0,kaggle_shampabanik12
2022-07-07,Chattogram,0,kaggle_shampabanik12
2022-07-07,Dhaka,28,kaggle_shampabanik12
2022-07-07,Khulna,0,kaggle_shampabanik12
2022-07-07,Mymensingh,0,kaggle_shampabanik12
2022-07-07,Rajshahi,0,kaggle_shampabanik12
2022-07-07,Rangpur,0,kaggle_shampabanik12
2022-07-07,Sylhet,0,kaggle_shampabanik12
2022-07-08,Barishal,0,kaggle_shampabanik12
2022-07-08,Chattogram,0,kaggle_shampabanik12
2022-07-08,Dhaka,29,kaggle_shampabanik12
2022-07-08,Khulna,0,kaggle_shampabanik12
2022-07-08,Mymensingh,0,kaggle_shampabanik12
2022-07-08,Rajshahi,0,kaggle_shampabanik12
2022-07-08,Rangpur,0,kaggle_shampabanik12
2022-07-08,Sylhet,0,kaggle_shampabanik12
2022-07-09,Barishal,0,kaggle_shampabanik12
2022-07-09,Chattogram,0,kaggle_shampabanik12
2022-07-09,Dhaka,17,kaggle_shampabanik12
2022-07-09,Khulna,0,kaggle_shampabanik12
2022-07-09,Mymensingh,0,kaggle_shampabanik12
2022-07-09,Rajshahi,0,kaggle_shampabanik12
2022-07-09,Rangpur,0,kaggle_shampabanik12
2022-07-09,Sylhet,0,kaggle_shampabanik12
2022-08-01,Barishal,0,kaggle_shampabanik12
2022-08-01,Chattogram,17,kaggle_shampabanik12
2022-08-01,Dhaka,68,kaggle_shampabanik12
2022-08-01,Khulna,1,kaggle_shampabanik12
2022-08-01,Mymensingh,1,kaggle_shampabanik12
2022-08-01,Rajshahi,3,kaggle_shampabanik12
2022-08-01,Rangpur,0,kaggle_shampabanik12
2022-08-01,Sylhet,0,kaggle_shampabanik12
2022-08-02,Barishal,0,kaggle_shampabanik12
2022-08-02,Chattogram,14,kaggle_shampabanik12
2022-08-02,Dhaka,51,kaggle_shampabanik12
2022-08-02,Khulna,0,kaggle_shampabanik12
2022-08-02,Mymensingh,0,kaggle_shampabanik12
2022-08-02,Rajshahi,0,kaggle_shampabanik12
2022-08-02,Rangpur,0,kaggle_shampabanik12
2022-08-02,Sylhet,0,kaggle_shampabanik12
2022-08-03,Barishal,0,kaggle_shampabanik12
2022-08-03,Chattogram,17,kaggle_shampabanik12
2022-08-03,Dhaka,59,kaggle_shampabanik12
2022-08-03,Khulna,0,kaggle_shampabanik12
2022-08-03,Mymensingh,1,kaggle_shampabanik12
2022-08-03,Rajshahi,0,kaggle_shampabanik12
2022-08-03,Rangpur,0,kaggle_shampabanik12
2022-08-03,Sylhet,0,kaggle_shampabanik12
2022-08-04,Barishal,0,kaggle_shampabanik12
2022-08-04,Chattogram,19,kaggle_shampabanik12
2022-08-04,Dhaka,67,kaggle_shampabanik12
2022-08-04,Khulna,0,kaggle_shampabanik12
2022-08-04,Mymensingh,1,kaggle_shampabanik12
2022-08-04,Rajshahi,0,kaggle_shampabanik12
2022-08-04,Rangpur,0,kaggle_shampabanik12
2022-08-04,Sylhet,0,kaggle_shampabanik12
2022-08-05,Barishal,0,kaggle_shampabanik12
2022-08-05,Chattogram,0,kaggle_shampabanik12
2022-08-05,Dhaka,40,kaggle_shampabanik12
2022-08-05,Khulna,0,kaggle_shampabanik12
2022-08-05,Mymensingh,0,kaggle_shampabanik12
2022-08-05,Rajshahi,0,kaggle_shampabanik12
2022-08-05,Rangpur,0,kaggle_shampabanik12
2022-08-05,Sylhet,0,kaggle_shampabanik12
2022-08-06,Barishal,0,kaggle_shampabanik12
2022-08-06,Chattogram,0,kaggle_shampabanik12
2022-08-06,Dhaka,77,kaggle_shampabanik12
2022-08-06,Khulna,0,kaggle_shampabanik12
2022-08-06,Mymensingh,0,kaggle_shampabanik12
2022-08-06,Rajshahi,0,kaggle_shampabanik12
2022-08-06,Rangpur,0,kaggle_shampabanik12
2022-08-06,Sylhet,0,kaggle_shampabanik12
2022-08-07,Barishal,0,kaggle_shampabanik12
2022-08-07,Chattogram,14,kaggle_shampabanik12
2022-08-07,Dhaka,73,kaggle_shampabanik12
2022-08-07,Khulna,0,kaggle_shampabanik12
2022-08-07,Mymensingh,0,kaggle_shampabanik12
2022-08-07,Rajshahi,0,kaggle_shampabanik12
2022-08-07,Rangpur,0,kaggle_shampabanik12
2022-08-07,Sylhet,0,kaggle_shampabanik12
2022-08-08,Barishal,0,kaggle_shampabanik12
2022-08-08,Chattogram,18,kaggle_shampabanik12
2022-08-08,Dhaka,59,kaggle_shampabanik12
2022-08-08,Khulna,2,kaggle_shampabanik12
2022-08-08,Mymensingh,0,kaggle_shampabanik12
2022-08-08,Rajshahi,0,kaggle_shampabanik12
2022-08-08,Rangpur,0,kaggle_shampabanik12
2022-08-08,Sylhet,0,kaggle_shampabanik12
2022-08-09,Barishal,0,kaggle_shampabanik12
2022-08-09,Chattogram,0,kaggle_shampabanik12
2022-08-09,Dhaka,50,kaggle_shampabanik12
2022-08-09,Khulna,0,kaggle_shampabanik12
2022-08-09,Mymensingh,3,kaggle_shampabanik12
2022-08-09,Rajshahi,0,kaggle_shampabanik12
2022-08-09,Rangpur,0,kaggle_shampabanik12
2022-08-09,Sylhet,0,kaggle_shampabanik12
2022-08-10,Barishal,0,kaggle_shampabanik12
2022-08-10,Chattogram,18,kaggle_shampabanik12
2022-08-10,Dhaka,73,kaggle_shampabanik12
2022-08-10,Khulna,1,kaggle_shampabanik12
2022-08-10,Mymensingh,0,kaggle_shampabanik12
2022-08-10,Rajshahi,0,kaggle_shampabanik12
2022-08-10,Rangpur,0,kaggle_shampabanik12
2022-08-10,Sylhet,0,kaggle_shampabanik12
2022-08-11,Barishal,0,kaggle_shampabanik12
2022-08-11,Chattogram,13,kaggle_shampabanik12
2022-08-11,Dhaka,73,kaggle_shampabanik12
2022-08-11,Khulna,4,kaggle_shampabanik12
2022-08-11,Mymensingh,0,kaggle_shampabanik12
2022-08-11,Rajshahi,0,kaggle_shampabanik12
2022-08-11,Rangpur,0,kaggle_shampabanik12
2022-08-11,Sylhet,0,kaggle_shampabanik12
2022-08-12,Barishal,0,kaggle_shampabanik12
2022-08-12,Chattogram,0,kaggle_shampabanik12
2022-08-12,Dhaka,50,kaggle_shampabanik12
2022-08-12,Khulna,1,kaggle_shampabanik12
2022-08-12,Mymensingh,0,kaggle_shampabanik12
2022-08-12,Rajshahi,0,kaggle_shampabanik12
2022-08-12,Rangpur,0,kaggle_shampabanik12
2022-08-12,Sylhet,0,kaggle_shampabanik12
2022-08-13,Barishal,1,kaggle_shampabanik12
2022-08-13,Chattogram,0,kaggle_shampabanik12
2022-08-13,Dhaka,89,kaggle_shampabanik12
2022-08-13,Khulna,1,kaggle_shampabanik12
2022-08-13,Mymensingh,1,kaggle_shampabanik12
2022-08-13,Rajshahi,0,kaggle_shampabanik12
2022-08-13,Rangpur,0,kaggle_shampabanik12
2022-08-13,Sylhet,0,kaggle_shampabanik12
2022-08-14,Barishal,1,kaggle_shampabanik12
2022-08-14,Chattogram,39,kaggle_shampabanik12
2022-08-14,Dhaka,72,kaggle_shampabanik12
2022-08-14,Khulna,3,kaggle_shampabanik12
2022-08-14,Mymensingh,1,kaggle_shampabanik12
2022-08-14,Rajshahi,0,kaggle_shampabanik12
2022-08-14,Rangpur,0,kaggle_shampabanik12
2022-08-14,Sylhet,0,kaggle_shampabanik12
2022-08-15,Barishal,1,kaggle_shampabanik12
2022-08-15,Chattogram,24,kaggle_shampabanik12
2022-08-15,Dhaka,59,kaggle_shampabanik12
2022-08-15,Khulna,2,kaggle_shampabanik12
2022-08-15,Mymensingh,0,kaggle_shampabanik12
2022-08-15,Rajshahi,0,kaggle_shampabanik12
2022-08-15,Rangpur,0,kaggle_shampabanik12
2022-08-15,Sylhet,0,kaggle_shampabanik12
2022-08-16,Barishal,1,kaggle_shampabanik12
2022-08-16,Chattogram,16,kaggle_shampabanik12
2022-08-16,Dhaka,108,kaggle_shampabanik12
2022-08-16,Khulna,1,kaggle_shampabanik12
2022-08-16,Mymensingh,2,kaggle_shampabanik12
2022-08-16,Rajshahi,0,kaggle_shampabanik12
2022-08-16,Rangpur,0,kaggle_shampabanik12
2022-08-16,Sylhet,0,kaggle_shampabanik12
2022-08-17,Barishal,1,kaggle_shampabanik12
2022-08-17,Chattogram,14,kaggle_shampabanik12
2022-08-17,Dhaka,81,kaggle_shampabanik12
2022-08-17,Khulna,1,kaggle_shampabanik12
2022-08-17,Mymensingh,0,kaggle_shampabanik12
2022-08-17,Rajshahi,0,kaggle_shampabanik12
2022-08-17,Rangpur,0,kaggle_shampabanik12
2022-08-17,Sylhet,0,kaggle_shampabanik12
2022-08-18,Barishal,0,kaggle_shampabanik12
2022-08-18,Chattogram,8,kaggle_shampabanik12
2022-08-18,Dhaka,81,kaggle_shampabanik12
2022-08-18,Khulna,0,kaggle_shampabanik12
2022-08-18,Mymensingh,4,kaggle_shampabanik12
2022-08-18,Rajshahi,0,kaggle_shampabanik12
2022-08-18,Rangpur,0,kaggle_shampabanik12
2022-08-18,Sylhet,0,kaggle_shampabanik12
2022-08-23,Barishal,0,kaggle_shampabanik12
2022-08-23,Chattogram,43,kaggle_shampabanik12
2022-08-23,Dhaka,108,kaggle_shampabanik12
2022-08-23,Khulna,1,kaggle_shampabanik12
2022-08-23,Mymensingh,1,kaggle_shampabanik12
2022-08-23,Rajshahi,0,kaggle_shampabanik12
2022-08-23,Rangpur,0,kaggle_shampabanik12
2022-08-23,Sylhet,0,kaggle_shampabanik12
2022-08-24,Barishal,0,kaggle_shampabanik12
2022-08-24,Chattogram,29,kaggle_shampabanik12
2022-08-24,Dhaka,127,kaggle_shampabanik12
2022-08-24,Khulna,6,kaggle_shampabanik12
2022-08-24,Mymensingh,0,kaggle_shampabanik12
2022-08-24,Rajshahi,0,kaggle_shampabanik12
2022-08-24,Rangpur,0,kaggle_shampabanik12
2022-08-24,Sylhet,0,kaggle_shampabanik12
2022-08-25,Barishal,4,kaggle_shampabanik12
2022-08-25,Chattogram,31,kaggle_shampabanik12
2022-08-25,Dhaka,142,kaggle_shampabanik12
2022-08-25,Khulna,1,kaggle_shampabanik12
2022-08-25,Mymensingh,2,kaggle_shampabanik12
2022-08-25,Rajshahi,0,kaggle_shampabanik12
2022-08-25,Rangpur,0,kaggle_shampabanik12
2022-08-25,Sylhet,0,kaggle_shampabanik12
2022-08-27,Barishal,3,kaggle_shampabanik12
2022-08-27,Chattogram,12,kaggle_shampabanik12
2022-08-27,Dhaka,111,kaggle_shampabanik12
2022-08-27,Khulna,2,kaggle_shampabanik12
2022-08-27,Mymensingh,3,kaggle_shampabanik12
2022-08-27,Rajshahi,0,kaggle_shampabanik12
2022-08-27,Rangpur,0,kaggle_shampabanik12
2022-08-27,Sylhet,0,kaggle_shampabanik12
2022-08-28,Barishal,4,kaggle_shampabanik12
2022-08-28,Chattogram,26,kaggle_shampabanik12
2022-08-28,Dhaka,144,kaggle_shampabanik12
2022-08-28,Khulna,1,kaggle_shampabanik12
2022-08-28,Mymensingh,0,kaggle_shampabanik12
2022-08-28,Rajshahi,1,kaggle_shampabanik12
2022-08-28,Rangpur,1,kaggle_shampabanik12
2022-08-28,Sylhet,0,kaggle_shampabanik12
2022-08-29,Barishal,2,kaggle_shampabanik12
2022-08-29,Chattogram,47,kaggle_shampabanik12
2022-08-29,Dhaka,149,kaggle_shampabanik12
2022-08-29,Khulna,0,kaggle_shampabanik12
2022-08-29,Mymensingh,2,kaggle_shampabanik12
2022-08-29,Rajshahi,0,kaggle_shampabanik12
2022-08-29,Rangpur,1,kaggle_shampabanik12
2022-08-29,Sylhet,0,kaggle_shampabanik12
2022-08-30,Barishal,4,kaggle_shampabanik12
2022-08-30,Chattogram,32,kaggle_shampabanik12
2022-08-30,Dhaka,198,kaggle_shampabanik12
2022-08-30,Khulna,2,kaggle_shampabanik12
2022-08-30,Mymensingh,1,kaggle_shampabanik12
2022-08-30,Rajshahi,0,kaggle_shampabanik12
2022-08-30,Rangpur,0,kaggle_shampabanik12
2022-08-30,Sylhet,0,kaggle_shampabanik12
2022-08-31,Barishal,74,kaggle_shampabanik12
2022-08-31,Chattogram,33,kaggle_shampabanik12
2022-08-31,Dhaka,205,kaggle_shampabanik12
2022-08-31,Khulna,7,kaggle_shampabanik12
2022-08-31,Mymensingh,1,kaggle_shampabanik12
2022-08-31,Rajshahi,4,kaggle_shampabanik12
2022-08-31,Rangpur,5,kaggle_shampabanik12
2022-08-31,Sylhet,1,kaggle_shampabanik12
2022-09-01,Barishal,4,kaggle_shampabanik12
2022-09-01,Chattogram,17,kaggle_shampabanik12
2022-09-01,Dhaka,147,kaggle_shampabanik12
2022-09-01,Khulna,7,kaggle_shampabanik12
2022-09-01,Mymensingh,1,kaggle_shampabanik12
2022-09-01,Rajshahi,0,kaggle_shampabanik12
2022-09-01,Rangpur,0,kaggle_shampabanik12
2022-09-01,Sylhet,0,kaggle_shampabanik12
2022-09-02,Barishal,0,kaggle_shampabanik12
2022-09-02,Chattogram,11,kaggle_shampabanik12
2022-09-02,Dhaka,73,kaggle_shampabanik12
2022-09-02,Khulna,6,kaggle_shampabanik12
2022-09-02,Mymensingh,0,kaggle_shampabanik12
2022-09-02,Rajshahi,0,kaggle_shampabanik12
2022-09-02,Rangpur,0,kaggle_shampabanik12
2022-09-02,Sylhet,0,kaggle_shampabanik12
2022-09-03,Barishal,2,kaggle_shampabanik12
2022-09-03,Chattogram,25,kaggle_shampabanik12
2022-09-03,Dhaka,208,kaggle_shampabanik12
2022-09-03,Khulna,7,kaggle_shampabanik12
2022-09-03,Mymensingh,7,kaggle_shampabanik12
2022-09-03,Rajshahi,0,kaggle_shampabanik12
2022-09-03,Rangpur,0,kaggle_shampabanik12
2022-09-03,Sylhet,0,kaggle_shampabanik12
2022-09-04,Barishal,10,kaggle_shampabanik12
2022-09-04,Chattogram,28,kaggle_shampabanik12
2022-09-04,Dhaka,159,kaggle_shampabanik12
2022-09-04,Khulna,14,kaggle_shampabanik12
2022-09-04,Mymensingh,1,kaggle_shampabanik12
2022-09-04,Rajshahi,0,kaggle_shampabanik12
2022-09-04,Rangpur,0,kaggle_shampabanik12
2022-09-04,Sylhet,1,kaggle_shampabanik12
2022-09-05,Barishal,6,kaggle_shampabanik12
2022-09-05,Chattogram,32,kaggle_shampabanik12
2022-09-05,Dhaka,157,kaggle_shampabanik12
2022-09-05,Khulna,8,kaggle_shampabanik12
2022-09-05,Mymensingh,5,kaggle_shampabanik12
2022-09-05,Rajshahi,0,kaggle_shampabanik12
2022-09-05,Rangpur,0,kaggle_shampabanik12
2022-09-05,Sylhet,0,kaggle_shampabanik12
2022-09-06,Barishal,9,kaggle_shampabanik12
2022-09-06,Chattogram,33,kaggle_shampabanik12
2022-09-06,Dhaka,228,kaggle_shampabanik12
2022-09-06,Khulna,13,kaggle_shampabanik12
2022-09-06,Mymensingh,1,kaggle_shampabanik12
2022-09-06,Rajshahi,0,kaggle_shampabanik12
2022-09-06,Rangpur,0,kaggle_shampabanik12
2022-09-06,Sylhet,0,kaggle_shampabanik12
2022-09-07,Barishal,6,kaggle_shampabanik12
2022-09-07,Chattogram,47,kaggle_shampabanik12
2022-09-07,Dhaka,201,kaggle_shampabanik12
2022-09-07,Khulna,20,kaggle_shampabanik12
2022-09-07,Mymensingh,4,kaggle_shampabanik12
2022-09-07,Rajshahi,0,kaggle_shampabanik12
2022-09-07,Rangpur,0,kaggle_shampabanik12
2022-09-07,Sylhet,1,kaggle_shampabanik12
2022-09-08,Barishal,20,kaggle_shampabanik12
2022-09-08,Chattogram,40,kaggle_shampabanik12
2022-09-08,Dhaka,204,kaggle_shampabanik12
2022-09-08,Khulna,7,kaggle_shampabanik12
2022-09-08,Mymensingh,1,kaggle_shampabanik12
2022-09-08,Rajshahi,3,kaggle_shampabanik12
2022-09-08,Rangpur,0,kaggle_shampabanik12
2022-09-08,Sylhet,3,kaggle_shampabanik12
2022-09-09,Barishal,0,kaggle_shampabanik12
2022-09-09,Chattogram,0,kaggle_shampabanik12
2022-09-09,Dhaka,140,kaggle_shampabanik12
2022-09-09,Khulna,1,kaggle_shampabanik12
2022-09-09,Mymensingh,0,kaggle_shampabanik12
2022-09-09,Rajshahi,4,kaggle_shampabanik12
2022-09-09,Rangpur,0,kaggle_shampabanik12
2022-09-09,Sylhet,5,kaggle_shampabanik12
2022-09-10,Barishal,8,kaggle_shampabanik12
2022-09-10,Chattogram,33,kaggle_shampabanik12
2022-09-10,Dhaka,244,kaggle_shampabanik12
2022-09-10,Khulna,4,kaggle_shampabanik12
2022-09-10,Mymensingh,5,kaggle_shampabanik12
2022-09-10,Rajshahi,0,kaggle_shampabanik12
2022-09-10,Rangpur,0,kaggle_shampabanik12
2022-09-10,Sylhet,0,kaggle_shampabanik12
2022-09-11,Barishal,11,kaggle_shampabanik12
2022-09-11,Chattogram,88,kaggle_shampabanik12
2022-09-11,Dhaka,242,kaggle_shampabanik12
2022-09-11,Khulna,15,kaggle_shampabanik12
2022-09-11,Mymensingh,1,kaggle_shampabanik12
2022-09-11,Rajshahi,1,kaggle_shampabanik12
2022-09-11,Rangpur,1,kaggle_shampabanik12
2022-09-11,Sylhet,4,kaggle_shampabanik12
2022-09-12,Barishal,18,kaggle_shampabanik12
2022-09-12,Chattogram,52,kaggle_shampabanik12
2022-09-12,Dhaka,245,kaggle_shampabanik12
2022-09-12,Khulna,13,kaggle_shampabanik12
2022-09-12,Mymensingh,7,kaggle_shampabanik12
2022-09-12,Rajshahi,9,kaggle_shampabanik12
2022-09-12,Rangpur,6,kaggle_shampabanik12
2022-09-12,Sylhet,5,kaggle_shampabanik12
2022-09-13,Barishal,15,kaggle_shampabanik12
2022-09-13,Chattogram,53,kaggle_shampabanik12
2022-09-13,Dhaka,254,kaggle_shampabanik12
2022-09-13,Khulna,16,kaggle_shampabanik12
2022-09-13,Mymensingh,9,kaggle_shampabanik12
2022-09-13,Rajshahi,3,kaggle_shampabanik12
2022-09-13,Rangpur,3,kaggle_shampabanik12
2022-09-13,Sylhet,0,kaggle_shampabanik12
2022-09-14,Barishal,8,kaggle_shampabanik12
2022-09-14,Chattogram,49,kaggle_shampabanik12
2022-09-14,Dhaka,223,kaggle_shampabanik12
2022-09-14,Khulna,17,kaggle_shampabanik12
2022-09-14,Mymensingh,3,kaggle_shampabanik12
2022-09-14,Rajshahi,15,kaggle_shampabanik12
2022-09-14,Rangpur,0,kaggle_shampabanik12
2022-09-14,Sylhet,0,kaggle_shampabanik12
2022-09-15,Barishal,8,kaggle_shampabanik12
2022-09-15,Chattogram,49,kaggle_shampabanik12
2022-09-15,Dhaka,303,kaggle_shampabanik12
2022-09-15,Khulna,17,kaggle_shampabanik12
2022-09-15,Mymensingh,3,kaggle_shampabanik12
2022-09-15,Rajshahi,15,kaggle_shampabanik12
2022-09-15,Rangpur,0,kaggle_shampabanik12
2022-09-15,Sylhet,0,kaggle_shampabanik12
2022-09-16,Barishal,0,kaggle_shampabanik12
2022-09-16,Chattogram,7,kaggle_shampabanik12
2022-09-16,Dhaka,138,kaggle_shampabanik12
2022-09-16,Khulna,6,kaggle_shampabanik12
2022-09-16,Mymensingh,4,kaggle_shampabanik12
2022-09-16,Rajshahi,9,kaggle_shampabanik12
2022-09-16,Rangpur,0,kaggle_shampabanik12
2022-09-16,Sylhet,0,kaggle_shampabanik12
2022-09-17,Barishal,17,kaggle_shampabanik12
2022-09-17,Chattogram,14,kaggle_shampabanik12
2022-09-17,Dhaka,317,kaggle_shampabanik12
2022-09-17,Khulna,14,kaggle_shampabanik12
2022-09-17,Mymensingh,5,kaggle_shampabanik12
2022-09-17,Rajshahi,8,kaggle_shampabanik12
2022-09-17,Rangpur,6,kaggle_shampabanik12
2022-09-17,Sylhet,0,kaggle_shampabanik12
2022-09-18,Barishal,11,kaggle_shampabanik12
2022-09-18,Chattogram,49,kaggle_shampabanik12
2022-09-18,Dhaka,288,kaggle_shampabanik12
2022-09-18,Khulna,34,kaggle_shampabanik12
2022-09-18,Mymensingh,5,kaggle_shampabanik12
2022-09-18,Rajshahi,12,kaggle_shampabanik12
2022-09-18,Rangpur,0,kaggle_shampabanik12
2022-09-18,Sylhet,5,kaggle_shampabanik12
2022-09-19,Barishal,19,kaggle_shampabanik12
2022-09-19,Chattogram,57,kaggle_shampabanik12
2022-09-19,Dhaka,263,kaggle_shampabanik12
2022-09-19,Khulna,20,kaggle_shampabanik12
2022-09-19,Mymensingh,4,kaggle_shampabanik12
2022-09-19,Rajshahi,26,kaggle_shampabanik12
2022-09-19,Rangpur,1,kaggle_shampabanik12
2022-09-19,Sylhet,2,kaggle_shampabanik12
2022-09-20,Barishal,13,kaggle_shampabanik12
2022-09-20,Chattogram,50,kaggle_shampabanik12
2022-09-20,Dhaka,326,kaggle_shampabanik12
2022-09-20,Khulna,32,kaggle_shampabanik12
2022-09-20,Mymensingh,7,kaggle_shampabanik12
2022-09-20,Rajshahi,10,kaggle_shampabanik12
2022-09-20,Rangpur,0,kaggle_shampabanik12
2022-09-20,Sylhet,0,kaggle_shampabanik12
2022-09-21,Barishal,17,kaggle_shampabanik12
2022-09-21,Chattogram,34,kaggle_shampabanik12
2022-09-21,Dhaka,339,kaggle_shampabanik12
2022-09-21,Khulna,24,kaggle_shampabanik12
2022-09-21,Mymensingh,1,kaggle_shampabanik12
2022-09-21,Rajshahi,16,kaggle_shampabanik12
2022-09-21,Rangpur,0,kaggle_shampabanik12
2022-09-21,Sylhet,0,kaggle_shampabanik12
2022-09-22,Barishal,17,kaggle_shampabanik12
2022-09-22,Chattogram,55,kaggle_shampabanik12
2022-09-22,Dhaka,320,kaggle_shampabanik12
2022-09-22,Khulna,20,kaggle_shampabanik12
2022-09-22,Mymensingh,7,kaggle_shampabanik12
2022-09-22,Rajshahi,18,kaggle_shampabanik12
2022-09-22,Rangpur,0,kaggle_shampabanik12
2022-09-22,Sylhet,0,kaggle_shampabanik12
2022-09-23,Barishal,1,kaggle_shampabanik12
2022-09-23,Chattogram,16,kaggle_shampabanik12
2022-09-23,Dhaka,92,kaggle_shampabanik12
2022-09-23,Khulna,7,kaggle_shampabanik12
2022-09-23,Mymensingh,5,kaggle_shampabanik12
2022-09-23,Rajshahi,2,kaggle_shampabanik12
2022-09-23,Rangpur,0,kaggle_shampabanik12
2022-09-23,Sylhet,2,kaggle_shampabanik12
2022-09-24,Barishal,9,kaggle_shampabanik12
2022-09-24,Chattogram,67,kaggle_shampabanik12
2022-09-24,Dhaka,326,kaggle_shampabanik12
2022-09-24,Khulna,13,kaggle_shampabanik12
2022-09-24,Mymensingh,8,kaggle_shampabanik12
2022-09-24,Rajshahi,15,kaggle_shampabanik12
2022-09-24,Rangpur,2,kaggle_shampabanik12
2022-09-24,Sylhet,0,kaggle_shampabanik12
2022-09-25,Barishal,19,kaggle_shampabanik12
2022-09-25,Chattogram,42,kaggle_shampabanik12
2022-09-25,Dhaka,329,kaggle_shampabanik12
2022-09-25,Khulna,30,kaggle_shampabanik12
2022-09-25,Mymensingh,7,kaggle_shampabanik12
2022-09-25,Rajshahi,12,kaggle_shampabanik12
2022-09-25,Rangpur,1,kaggle_shampabanik12
2022-09-25,Sylhet,9,kaggle_shampabanik12
2022-09-26,Barishal,14,kaggle_shampabanik12
2022-09-26,Chattogram,44,kaggle_shampabanik12
2022-09-26,Dhaka,348,kaggle_shampabanik12
2022-09-26,Khulna,50,kaggle_shampabanik12
2022-09-26,Mymensingh,3,kaggle_shampabanik12
2022-09-26,Rajshahi,23,kaggle_shampabanik12
2022-09-26,Rangpur,0,kaggle_shampabanik12
2022-09-26,Sylhet,0,kaggle_shampabanik12
2022-09-27,Barishal,17,kaggle_shampabanik12
2022-09-27,Chattogram,42,kaggle_shampabanik12
2022-09-27,Dhaka,35,kaggle_shampabanik12
2022-09-27,Khulna,40,kaggle_shampabanik12
2022-09-27,Mymensingh,7,kaggle_shampabanik12
2022-09-27,Rajshahi,22,kaggle_shampabanik12
2022-09-27,Rangpur,1,kaggle_shampabanik12
2022-09-27,Sylhet,0,kaggle_shampabanik12
2022-09-28,Barishal,19,kaggle_shampabanik12
2022-09-28,Chattogram,58,kaggle_shampabanik12
2022-09-28,Dhaka,392,kaggle_shampabanik12
2022-09-28,Khulna,24,kaggle_shampabanik12
2022-09-28,Mymensingh,1,kaggle_shampabanik12
2022-09-28,Rajshahi,30,kaggle_shampabanik12
2022-09-28,Rangpur,0,kaggle_shampabanik12
2022-09-28,Sylhet,0,kaggle_shampabanik12
2022-09-29,Barishal,21,kaggle_shampabanik12
2022-09-29,Chattogram,45,kaggle_shampabanik12
2022-09-29,Dhaka,372,kaggle_shampabanik12
2022-09-29,Khulna,44,kaggle_shampabanik12
2022-09-29,Mymensingh,4,kaggle_shampabanik12
2022-09-29,Rajshahi,20,kaggle_shampabanik12
2022-09-29,Rangpur,0,kaggle_shampabanik12
2022-09-29,Sylhet,0,kaggle_shampabanik12
2022-09-30,Barishal,2,kaggle_shampabanik12
2022-09-30,Chattogram,36,kaggle_shampabanik12
2022-09-30,Dhaka,157,kaggle_shampabanik12
2022-09-30,Khulna,18,kaggle_shampabanik12
2022-09-30,Mymensingh,10,kaggle_shampabanik12
2022-09-30,Rajshahi,16,kaggle_shampabanik12
2022-09-30,Rangpur,0,kaggle_shampabanik12
2022-09-30,Sylhet,1,kaggle_shampabanik12
2022-10-01,Barishal,17,kaggle_shampabanik12
2022-10-01,Chattogram,42,kaggle_shampabanik12
2022-10-01,Dhaka,521,kaggle_shampabanik12
2022-10-01,Khulna,26,kaggle_shampabanik12
2022-10-01,Mymensingh,1,kaggle_shampabanik12
2022-10-01,Rajshahi,28,kaggle_shampabanik12
2022-10-01,Rangpur,0,kaggle_shampabanik12
2022-10-01,Sylhet,0,kaggle_shampabanik12
2022-10-02,Barishal,44,kaggle_shampabanik12
2022-10-02,Chattogram,69,kaggle_shampabanik12
2022-10-02,Dhaka,396,kaggle_shampabanik12
2022-10-02,Khulna,31,kaggle_shampabanik12
2022-10-02,Mymensingh,6,kaggle_shampabanik12
2022-10-02,Rajshahi,22,kaggle_shampabanik12
2022-10-02,Rangpur,0,kaggle_shampabanik12
2022-10-02,Sylhet,0,kaggle_shampabanik12
2022-10-03,Barishal,23,kaggle_shampabanik12
2022-10-03,Chattogram,60,kaggle_shampabanik12
2022-10-03,Dhaka,364,kaggle_shampabanik12
2022-10-03,Khulna,39,kaggle_shampabanik12
2022-10-03,Mymensingh,4,kaggle_shampabanik12
2022-10-03,Rajshahi,28,kaggle_shampabanik12
2022-10-03,Rangpur,1,kaggle_shampabanik12
2022-10-03,Sylhet,1,kaggle_shampabanik12
2022-10-04,Barishal,24,kaggle_shampabanik12
2022-10-04,Chattogram,33,kaggle_shampabanik12
2022-10-04,Dhaka,368,kaggle_shampabanik12
2022-10-04,Khulna,29,kaggle_shampabanik12
2022-10-04,Mymensingh,0,kaggle_shampabanik12
2022-10-04,Rajshahi,27,kaggle_shampabanik12
2022-10-04,Rangpur,0,kaggle_shampabanik12
2022-10-04,Sylhet,1,kaggle_shampabanik12
2022-10-05,Barishal,6,kaggle_shampabanik12
2022-10-05,Chattogram,21,kaggle_shampabanik12
2022-10-05,Dhaka,290,kaggle_shampabanik12
2022-10-05,Khulna,15,kaggle_shampabanik12
2022-10-05,Mymensingh,4,kaggle_shampabanik12
2022-10-05,Rajshahi,8,kaggle_shampabanik12
2022-10-05,Rangpur,0,kaggle_shampabanik12
2022-10-05,Sylhet,0,kaggle_shampabanik12
2022-10-06,Barishal,35,kaggle_shampabanik12
2022-10-06,Chattogram,22,kaggle_shampabanik12
2022-10-06,Dhaka,196,kaggle_shampabanik12
2022-10-06,Khulna,43,kaggle_shampabanik12
2022-10-06,Mymensingh,10,kaggle_shampabanik12
2022-10-06,Rajshahi,12,kaggle_shampabanik12
2022-10-06,Rangpur,0,kaggle_shampabanik12
2022-10-06,Sylhet,0,kaggle_shampabanik12
2022-10-07,Barishal,1,kaggle_shampabanik12
2022-10-07,Chattogram,0,kaggle_shampabanik12
2022-10-07,Dhaka,195,kaggle_shampabanik12
2022-10-07,Khulna,13,kaggle_shampabanik12
2022-10-07,Mymensingh,0,kaggle_shampabanik12
2022-10-07,Rajshahi,25,kaggle_shampabanik12
2022-10-07,Rangpur,0,kaggle_shampabanik12
2022-10-07,Sylhet,0,kaggle_shampabanik12
2022-10-08,Barishal,42,kaggle_shampabanik12
2022-10-08,Chattogram,102,kaggle_shampabanik12
2022-10-08,Dhaka,513,kaggle_shampabanik12
2022-10-08,Khulna,28,kaggle_shampabanik12
2022-10-08,Mymensingh,5,kaggle_shampabanik12
2022-10-08,Rajshahi,18,kaggle_shampabanik12
2022-10-08,Rangpur,0,kaggle_shampabanik12
2022-10-08,Sylhet,4,kaggle_shampabanik12
2022-10-09,Barishal,9,kaggle_shampabanik12
2022-10-09,Chattogram,18,kaggle_shampabanik12
2022-10-09,Dhaka,251,kaggle_shampabanik12
2022-10-09,Khulna,34,kaggle_shampabanik12
2022-10-09,Mymensingh,6,kaggle_shampabanik12
2022-10-09,Rajshahi,15,kaggle_shampabanik12
2022-10-09,Rangpur,1,kaggle_shampabanik12
2022-10-09,Sylhet,0,kaggle_shampabanik12
2022-10-10,Barishal,51,kaggle_shampabanik12
2022-10-10,Chattogram,90,kaggle_shampabanik12
2022-10-10,Dhaka,407,kaggle_shampabanik12
2022-10-10,Khulna,34,kaggle_shampabanik12
2022-10-10,Mymensingh,15,kaggle_shampabanik12
2022-10-10,Rajshahi,19,kaggle_shampabanik12
2022-10-10,Rangpur,8,kaggle_shampabanik12
2022-10-10,Sylhet,0,kaggle_shampabanik12
2022-10-11,Barishal,34,kaggle_shampabanik12
2022-10-11,Chattogram,23,kaggle_shampabanik12
2022-10-11,Dhaka,231,kaggle_shampabanik12
2022-10-11,Khulna,48,kaggle_shampabanik12
2022-10-11,Mymensingh,8,kaggle_shampabanik12
2022-10-11,Rajshahi,18,kaggle_shampabanik12
2022-10-11,Rangpur,2,kaggle_shampabanik12
2022-10-11,Sylhet,0,kaggle_shampabanik12
2022-10-12,Barishal,49,kaggle_shampabanik12
2022-10-12,Chattogram,75,kaggle_shampabanik12
2022-10-12,Dhaka,427,kaggle_shampabanik12
2022-10-12,Khulna,40,kaggle_shampabanik12
2022-10-12,Mymensingh,8,kaggle_shampabanik12
2022-10-12,Rajshahi,41,kaggle_shampabanik12
2022-10-12,Rangpur,3,kaggle_shampabanik12
2022-10-12,Sylhet,4,kaggle_shampabanik12
2022-10-13,Barishal,40,kaggle_shampabanik12
2022-10-13,Chattogram,87,kaggle_shampabanik12
2022-10-13,Dhaka,532,kaggle_shampabanik12
2022-10-13,Khulna,48,kaggle_shampabanik12
2022-10-13,Mymensingh,15,kaggle_shampabanik12
2022-10-13,Rajshahi,40,kaggle_shampabanik12
2022-10-13,Rangpur,1,kaggle_shampabanik12
2022-10-13,Sylhet,2,kaggle_shampabanik12
2022-10-14,Barishal,20,kaggle_shampabanik12
2022-10-14,Chattogram,26,kaggle_shampabanik12
2022-10-14,Dhaka,204,kaggle_shampabanik12
2022-10-14,Khulna,14,kaggle_shampabanik12
2022-10-14,Mymensingh,1,kaggle_shampabanik12
2022-10-14,Rajshahi,33,kaggle_shampabanik12
2022-10-14,Rangpur,0,kaggle_shampabanik12
2022-10-14,Sylhet,0,kaggle_shampabanik12
2022-10-15,Barishal,51,kaggle_shampabanik12
2022-10-15,Chattogram,96,kaggle_shampabanik12
2022-10-15,Dhaka,502,kaggle_shampabanik12
2022-10-15,Khulna,32,kaggle_shampabanik12
2022-10-15,Mymensingh,20,kaggle_shampabanik12
2022-10-15,Rajshahi,32,kaggle_shampabanik12
2022-10-15,Rangpur,0,kaggle_shampabanik12
2022-10-15,Sylhet,1,kaggle_shampabanik12
2022-10-16,Barishal,47,kaggle_shampabanik12
2022-10-16,Chattogram,195,kaggle_shampabanik12
2022-10-16,Dhaka,568,kaggle_shampabanik12
2022-10-16,Khulna,62,kaggle_shampabanik12
2022-10-16,Mymensingh,16,kaggle_shampabanik12
2022-10-16,Rajshahi,42,kaggle_shampabanik12
2022-10-16,Rangpur,2,kaggle_shampabanik12
2022-10-16,Sylhet,2,kaggle_shampabanik12
2022-10-17,Barishal,68,kaggle_shampabanik12
2022-10-17,Chattogram,88,kaggle_shampabanik12
2022-10-17,Dhaka,603,kaggle_shampabanik12
2022-10-17,Khulna,65,kaggle_shampabanik12
2022-10-17,Mymensingh,5,kaggle_shampabanik12
2022-10-17,Rajshahi,26,kaggle_shampabanik12
2022-10-17,Rangpur,0,kaggle_shampabanik12
2022-10-17,Sylhet,2,kaggle_shampabanik12
2022-10-18,Barishal,44,kaggle_shampabanik12
2022-10-18,Chattogram,123,kaggle_shampabanik12
2022-10-18,Dhaka,614,kaggle_shampabanik12
2022-10-18,Khulna,43,kaggle_shampabanik12
2022-10-18,Mymensingh,21,kaggle_shampabanik12
2022-10-18,Rajshahi,51,kaggle_shampabanik12
2022-10-18,Rangpur,1,kaggle_shampabanik12
2022-10-18,Sylhet,3,kaggle_shampabanik12
2022-10-19,Barishal,42,kaggle_shampabanik12
2022-10-19,Chattogram,96,kaggle_shampabanik12
2022-10-19,Dhaka,623,kaggle_shampabanik12
2022-10-19,Khulna,40,kaggle_shampabanik12
2022-10-19,Mymensingh,13,kaggle_shampabanik12
2022-10-19,Rajshahi,43,kaggle_shampabanik12
2022-10-19,Rangpur,0,kaggle_shampabanik12
2022-10-19,Sylhet,7,kaggle_shampabanik12
2022-10-20,Barishal,72,kaggle_shampabanik12
2022-10-20,Chattogram,97,kaggle_shampabanik12
2022-10-20,Dhaka,546,kaggle_shampabanik12
2022-10-20,Khulna,67,kaggle_shampabanik12
2022-10-20,Mymensingh,16,kaggle_shampabanik12
2022-10-20,Rajshahi,52,kaggle_shampabanik12
2022-10-20,Rangpur,1,kaggle_shampabanik12
2022-10-20,Sylhet,5,kaggle_shampabanik12
2022-10-21,Barishal,10,kaggle_shampabanik12
2022-10-21,Chattogram,20,kaggle_shampabanik12
2022-10-21,Dhaka,309,kaggle_shampabanik12
2022-10-21,Khulna,33,kaggle_shampabanik12
2022-10-21,Mymensingh,6,kaggle_shampabanik12
2022-10-21,Rajshahi,29,kaggle_shampabanik12
2022-10-21,Rangpur,0,kaggle_shampabanik12
2022-10-21,Sylhet,2,kaggle_shampabanik12
2022-10-22,Barishal,82,kaggle_shampabanik12
2022-10-22,Chattogram,120,kaggle_shampabanik12
2022-10-22,Dhaka,607,kaggle_shampabanik12
2022-10-22,Khulna,61,kaggle_shampabanik12
2022-10-22,Mymensingh,19,kaggle_shampabanik12
2022-10-22,Rajshahi,25,kaggle_shampabanik12
2022-10-22,Rangpur,6,kaggle_shampabanik12
2022-10-22,Sylhet,2,kaggle_shampabanik12
2022-10-23,Barishal,75,kaggle_shampabanik12
2022-10-23,Chattogram,145,kaggle_shampabanik12
2022-10-23,Dhaka,694,kaggle_shampabanik12
2022-10-23,Khulna,65,kaggle_shampabanik12
2022-10-23,Mymensingh,14,kaggle_shampabanik12
2022-10-23,Rajshahi,41,kaggle_shampabanik12
2022-10-23,Rangpur,0,kaggle_shampabanik12
2022-10-23,Sylhet,0,kaggle_shampabanik12
2022-10-24,Barishal,48,kaggle_shampabanik12
2022-10-24,Chattogram,110,kaggle_shampabanik12
2022-10-24,Dhaka,642,kaggle_shampabanik12
2022-10-24,Khulna,37,kaggle_shampabanik12
2022-10-24,Mymensingh,20,kaggle_shampabanik12
2022-10-24,Rajshahi,30,kaggle_shampabanik12
2022-10-24,Rangpur,6,kaggle_shampabanik12
2022-10-24,Sylhet,7,kaggle_shampabanik12
2022-10-25,Barishal,16,kaggle_shampabanik12
2022-10-25,Chattogram,96,kaggle_shampabanik12
2022-10-25,Dhaka,533,kaggle_shampabanik12
2022-10-25,Khulna,42,kaggle_shampabanik12
2022-10-25,Mymensingh,17,kaggle_shampabanik12
2022-10-25,Rajshahi,40,kaggle_shampabanik12
2022-10-25,Rangpur,6,kaggle_shampabanik12
2022-10-25,Sylhet,0,kaggle_shampabanik12
2022-10-26,Barishal,54,kaggle_shampabanik12
2022-10-26,Chattogram,127,kaggle_shampabanik12
2022-10-26,Dhaka,592,kaggle_shampabanik12
2022-10-26,Khulna,65,kaggle_shampabanik12
2022-10-26,Mymensingh,27,kaggle_shampabanik12
2022-10-26,Rajshahi,54,kaggle_shampabanik12
2022-10-26,Rangpur,2,kaggle_shampabanik12
2022-10-26,Sylhet,2,kaggle_shampabanik12
2022-10-27,Barishal,76,kaggle_shampabanik12
2022-10-27,Chattogram,153,kaggle_shampabanik12
2022-10-27,Dhaka,559,kaggle_shampabanik12
2022-10-27,Khulna,51,kaggle_shampabanik12
2022-10-27,Mymensingh,21,kaggle_shampabanik12
2022-10-27,Rajshahi,34,kaggle_shampabanik12
2022-10-27,Rangpur,1,kaggle_shampabanik12
2022-10-27,Sylhet,4,kaggle_shampabanik12
2022-10-28,Barishal,7,kaggle_shampabanik12
2022-10-28,Chattogram,48,kaggle_shampabanik12
2022-10-28,Dhaka,326,kaggle_shampabanik12
2022-10-28,Khulna,15,kaggle_shampabanik12
2022-10-28,Mymensingh,19,kaggle_shampabanik12
2022-10-28,Rajshahi,23,kaggle_shampabanik12
2022-10-28,Rangpur,0,kaggle_shampabanik12
2022-10-28,Sylhet,2,kaggle_shampabanik12
2022-10-29,Barishal,91,kaggle_shampabanik12
2022-10-29,Chattogram,158,kaggle_shampabanik12
2022-10-29,Dhaka,526,kaggle_shampabanik12
2022-10-29,Khulna,41,kaggle_shampabanik12
2022-10-29,Mymensingh,12,kaggle_shampabanik12
2022-10-29,Rajshahi,37,kaggle_shampabanik12
2022-10-29,Rangpur,0,kaggle_shampabanik12
2022-10-29,Sylhet,0,kaggle_shampabanik12
2022-10-30,Barishal,57,kaggle_shampabanik12
2022-10-30,Chattogram,143,kaggle_shampabanik12
2022-10-30,Dhaka,691,kaggle_shampabanik12
2022-10-30,Khulna,67,kaggle_shampabanik12
2022-10-30,Mymensingh,17,kaggle_shampabanik12
2022-10-30,Rajshahi,36,kaggle_shampabanik12
2022-10-30,Rangpur,3,kaggle_shampabanik12
2022-10-30,Sylhet,6,kaggle_shampabanik12
2022-10-31,Barishal,75,kaggle_shampabanik12
2022-10-31,Chattogram,148,kaggle_shampabanik12
2022-10-31,Dhaka,545,kaggle_shampabanik12
2022-10-31,Khulna,48,kaggle_shampabanik12
2022-10-31,Mymensingh,20,kaggle_shampabanik12
2022-10-31,Rajshahi,33,kaggle_shampabanik12
2022-10-31,Rangpur,4,kaggle_shampabanik12
2022-10-31,Sylhet,0,kaggle_shampabanik12
2022-11-01,Barishal,51,kaggle_shampabanik12
2022-11-01,Chattogram,102,kaggle_shampabanik12
2022-11-01,Dhaka,682,kaggle_shampabanik12
2022-11-01,Khulna,57,kaggle_shampabanik12
2022-11-01,Mymensingh,28,kaggle_shampabanik12
2022-11-01,Rajshahi,59,kaggle_shampabanik12
2022-11-01,Rangpur,1,kaggle_shampabanik12
2022-11-01,Sylhet,3,kaggle_shampabanik12
2022-11-02,Barishal,72,kaggle_shampabanik12
2022-11-02,Chattogram,140,kaggle_shampabanik12
2022-11-02,Dhaka,749,kaggle_shampabanik12
2022-11-02,Khulna,56,kaggle_shampabanik12
2022-11-02,Mymensingh,6,kaggle_shampabanik12
2022-11-02,Rajshahi,67,kaggle_shampabanik12
2022-11-02,Rangpur,0,kaggle_shampabanik12
2022-11-02,Sylhet,4,kaggle_shampabanik12
2022-11-03,Barishal,60,kaggle_shampabanik12
2022-11-03,Chattogram,127,kaggle_shampabanik12
2022-11-03,Dhaka,538,kaggle_shampabanik12
2022-11-03,Khulna,59,kaggle_shampabanik12
2022-11-03,Mymensingh,21,kaggle_shampabanik12
2022-11-03,Rajshahi,54,kaggle_shampabanik12
2022-11-03,Rangpur,19,kaggle_shampabanik12
2022-11-03,Sylhet,4,kaggle_shampabanik12
2022-11-04,Barishal,21,kaggle_shampabanik12
2022-11-04,Chattogram,44,kaggle_shampabanik12
2022-11-04,Dhaka,297,kaggle_shampabanik12
2022-11-04,Khulna,32,kaggle_shampabanik12
2022-11-04,Mymensingh,9,kaggle_shampabanik12
2022-11-04,Rajshahi,25,kaggle_shampabanik12
2022-11-04,Rangpur,0,kaggle_shampabanik12
2022-11-04,Sylhet,0,kaggle_shampabanik12
2022-11-05,Barishal,69,kaggle_shampabanik12
2022-11-05,Chattogram,153,kaggle_shampabanik12
2022-11-05,Dhaka,440,kaggle_shampabanik12
2022-11-05,Khulna,85,kaggle_shampabanik12
2022-11-05,Mymensingh,13,kaggle_shampabanik12
2022-11-05,Rajshahi,22,kaggle_shampabanik12
2022-11-05,Rangpur,5,kaggle_shampabanik12
2022-11-05,Sylhet,1,kaggle_shampabanik12
2022-11-06,Barishal,65,kaggle_shampabanik12
2022-11-06,Chattogram,102,kaggle_shampabanik12
2022-11-06,Dhaka,625,kaggle_shampabanik12
2022-11-06,Khulna,45,kaggle_shampabanik12
2022-11-06,Mymensingh,20,kaggle_shampabanik12
2022-11-06,Rajshahi,47,kaggle_shampabanik12
2022-11-06,Rangpur,0,kaggle_shampabanik12
2022-11-06,Sylhet,1,kaggle_shampabanik12
2022-11-07,Barishal,69,kaggle_shampabanik12
2022-11-07,Chattogram,92,kaggle_shampabanik12
2022-11-07,Dhaka,582,kaggle_shampabanik12
2022-11-07,Khulna,63,kaggle_shampabanik12
2022-11-07,Mymensingh,25,kaggle_shampabanik12
2022-11-07,Rajshahi,36,kaggle_shampabanik12
2022-11-07,Rangpur,6,kaggle_shampabanik12
2022-11-07,Sylhet,2,kaggle_shampabanik12
2022-11-08,Barishal,52,kaggle_shampabanik12
2022-11-08,Chattogram,111,kaggle_shampabanik12
2022-11-08,Dhaka,522,kaggle_shampabanik12
2022-11-08,Khulna,74,kaggle_shampabanik12
2022-11-08,Mymensingh,14,kaggle_shampabanik12
2022-11-08,Rajshahi,33,kaggle_shampabanik12
2022-11-08,Rangpur,6,kaggle_shampabanik12
2022-11-08,Sylhet,8,kaggle_shampabanik12
2022-11-09,Barishal,53,kaggle_shampabanik12
2022-11-09,Chattogram,129,kaggle_shampabanik12
2022-11-09,Dhaka,511,kaggle_shampabanik12
2022-11-09,Khulna,51,kaggle_shampabanik12
2022-11-09,Mymensingh,14,kaggle_shampabanik12
2022-11-09,Rajshahi,31,kaggle_shampabanik12
2022-11-09,Rangpur,4,kaggle_shampabanik12
2022-11-09,Sylhet,3,kaggle_shampabanik12
2022-11-10,Barishal,53,kaggle_shampabanik12
2022-11-10,Chattogram,169,kaggle_shampabanik12
2022-11-10,Dhaka,552,kaggle_shampabanik12
2022-11-10,Khulna,59,kaggle_shampabanik12
2022-11-10,Mymensingh,14,kaggle_shampabanik12
2022-11-10,Rajshahi,29,kaggle_shampabanik12
2022-11-10,Rangpur,6,kaggle_shampabanik12
2022-11-10,Sylhet,6,kaggle_shampabanik12
2022-11-11,Barishal,6,kaggle_shampabanik12
2022-11-11,Chattogram,38,kaggle_shampabanik12
2022-11-11,Dhaka,180,kaggle_shampabanik12
2022-11-11,Khulna,20,kaggle_shampabanik12
2022-11-11,Mymensingh,9,kaggle_shampabanik12
2022-11-11,Rajshahi,13,kaggle_shampabanik12
2022-11-11,Rangpur,0,kaggle_shampabanik12
2022-11-11,Sylhet,0,kaggle_shampabanik12
2022-11-12,Barishal,20,kaggle_shampabanik12
2022-11-12,Chattogram,149,kaggle_shampabanik12
2022-11-12,Dhaka,602,kaggle_shampabanik12
2022-11-12,Khulna,54,kaggle_shampabanik12
2022-11-12,Mymensingh,18,kaggle_shampabanik12
2022-11-12,Rajshahi,41,kaggle_shampabanik12
2022-11-12,Rangpur,5,kaggle_shampabanik12
2022-11-12,Sylhet,0,kaggle_shampabanik12
2022-11-13,Barishal,62,kaggle_shampabanik12
2022-11-13,Chattogram,200,kaggle_shampabanik12
2022-11-13,Dhaka,480,kaggle_shampabanik12
2022-11-13,Khulna,48,kaggle_shampabanik12
2022-11-13,Mymensingh,27,kaggle_shampabanik12
2022-11-13,Rajshahi,35,kaggle_shampabanik12
2022-11-13,Rangpur,0,kaggle_shampabanik12
2022-11-13,Sylhet,7,kaggle_shampabanik12
2022-11-14,Barishal,60,kaggle_shampabanik12
2022-11-14,Chattogram,123,kaggle_shampabanik12
2022-11-14,Dhaka,489,kaggle_shampabanik12
2022-11-14,Khulna,53,kaggle_shampabanik12
2022-11-14,Mymensingh,13,kaggle_shampabanik12
2022-11-14,Rajshahi,19,kaggle_shampabanik12
2022-11-14,Rangpur,3,kaggle_shampabanik12
2022-11-14,Sylhet,0,kaggle_shampabanik12
2022-11-15,Barishal,43,kaggle_shampabanik12
2022-11-15,Chattogram,112,kaggle_shampabanik12
2022-11-15,Dhaka,456,kaggle_shampabanik12
2022-11-15,Khulna,45,kaggle_shampabanik12
2022-11-15,Mymensingh,9,kaggle_shampabanik12
2022-11-15,Rajshahi,23,kaggle_shampabanik12
2022-11-15,Rangpur,3,kaggle_shampabanik12
2022-11-15,Sylhet,1,kaggle_shampabanik12
2022-11-16,Barishal,43,kaggle_shampabanik12
2022-11-16,Chattogram,15,kaggle_shampabanik12
2022-11-16,Dhaka,470,kaggle_shampabanik12
2022-11-16,Khulna,25,kaggle_shampabanik12
2022-11-16,Mymensingh,16,kaggle_shampabanik12
2022-11-16,Rajshahi,22,kaggle_shampabanik12
2022-11-16,Rangpur,1,kaggle_shampabanik12
2022-11-16,Sylhet,3,kaggle_shampabanik12
2022-11-17,Barishal,34,kaggle_shampabanik12
2022-11-17,Chattogram,139,kaggle_shampabanik12
2022-11-17,Dhaka,619,kaggle_shampabanik12
2022-11-17,Khulna,52,kaggle_shampabanik12
2022-11-17,Mymensingh,14,kaggle_shampabanik12
2022-11-17,Rajshahi,23,kaggle_shampabanik12
2022-11-17,Rangpur,3,kaggle_shampabanik12
2022-11-17,Sylhet,1,kaggle_shampabanik12
2022-11-18,Barishal,4,kaggle_shampabanik12
2022-11-18,Chattogram,21,kaggle_shampabanik12
2022-11-18,Dhaka,184,kaggle_shampabanik12
2022-11-18,Khulna,17,kaggle_shampabanik12
2022-11-18,Mymensingh,14,kaggle_shampabanik12
2022-11-18,Rajshahi,9,kaggle_shampabanik12
2022-11-18,Rangpur,0,kaggle_shampabanik12
2022-11-18,Sylhet,1,kaggle_shampabanik12
2022-11-19,Barishal,31,kaggle_shampabanik12
2022-11-19,Chattogram,114,kaggle_shampabanik12
2022-11-19,Dhaka,340,kaggle_shampabanik12
2022-11-19,Khulna,44,kaggle_shampabanik12
2022-11-19,Mymensingh,10,kaggle_shampabanik12
2022-11-19,Rajshahi,20,kaggle_shampabanik12
2022-11-19,Rangpur,0,kaggle_shampabanik12
2022-11-19,Sylhet,0,kaggle_shampabanik12
2022-11-20,Barishal,46,kaggle_shampabanik12
2022-11-20,Chattogram,130,kaggle_shampabanik12
2022-11-20,Dhaka,398,kaggle_shampabanik12
2022-11-20,Khulna,39,kaggle_shampabanik12
2022-11-20,Mymensingh,9,kaggle_shampabanik12
2022-11-20,Rajshahi,18,kaggle_shampabanik12
2022-11-20,Rangpur,0,kaggle_shampabanik12
2022-11-20,Sylhet,0,kaggle_shampabanik12
2022-11-21,Barishal,33,kaggle_shampabanik12
2022-11-21,Chattogram,172,kaggle_shampabanik12
2022-11-21,Dhaka,242,kaggle_shampabanik12
2022-11-21,Khulna,31,kaggle_shampabanik12
2022-11-21,Mymensingh,13,kaggle_shampabanik12
2022-11-21,Rajshahi,10,kaggle_shampabanik12
2022-11-21,Rangpur,5,kaggle_shampabanik12
2022-11-21,Sylhet,0,kaggle_shampabanik12
2022-11-22,Barishal,34,kaggle_shampabanik12
2022-11-22,Chattogram,90,kaggle_shampabanik12
2022-11-22,Dhaka,320,kaggle_shampabanik12
2022-11-22,Khulna,40,kaggle_shampabanik12
2022-11-22,Mymensingh,13,kaggle_shampabanik12
2022-11-22,Rajshahi,17,kaggle_shampabanik12
2022-11-22,Rangpur,1,kaggle_shampabanik12
2022-11-22,Sylhet,0,kaggle_shampabanik12
2022-11-23,Barishal,35,kaggle_shampabanik12
2022-11-23,Chattogram,100,kaggle_shampabanik12
2022-11-23,Dhaka,199,kaggle_shampabanik12
2022-11-23,Khulna,19,kaggle_shampabanik12
2022-11-23,Mymensingh,7,kaggle_shampabanik12
2022-11-23,Rajshahi,15,kaggle_shampabanik12
2022-11-23,Rangpur,2,kaggle_shampabanik12
2022-11-23,Sylhet,0,kaggle_shampabanik12
2022-11-24,Barishal,38,kaggle_shampabanik12
2022-11-24,Chattogram,124,kaggle_shampabanik12
2022-11-24,Dhaka,334,kaggle_shampabanik12
2022-11-24,Khulna,21,kaggle_shampabanik12
2022-11-24,Mymensingh,4,kaggle_shampabanik12
2022-11-24,Rajshahi,19,kaggle_shampabanik12
2022-11-24,Rangpur,5,kaggle_shampabanik12
2022-11-24,Sylhet,1,kaggle_shampabanik12
2022-11-25,Barishal,0,kaggle_shampabanik12
2022-11-25,Chattogram,30,kaggle_shampabanik12
2022-11-25,Dhaka,164,kaggle_shampabanik12
2022-11-25,Khulna,4,kaggle_shampabanik12
2022-11-25,Mymensingh,8,kaggle_shampabanik12
2022-11-25,Rajshahi,15,kaggle_shampabanik12
2022-11-25,Rangpur,0,kaggle_shampabanik12
2022-11-25,Sylhet,0,kaggle_shampabanik12
2022-11-26,Barishal,38,kaggle_shampabanik12
2022-11-26,Chattogram,96,kaggle_shampabanik12
2022-11-26,Dhaka,294,kaggle_shampabanik12
2022-11-26,Khulna,12,kaggle_shampabanik12
2022-11-26,Mymensingh,7,kaggle_shampabanik12
2022-11-26,Rajshahi,14,kaggle_shampabanik12
2022-11-26,Rangpur,1,kaggle_shampabanik12
2022-11-26,Sylhet,0,kaggle_shampabanik12
2022-11-27,Barishal,24,kaggle_shampabanik12
2022-11-27,Chattogram,95,kaggle_shampabanik12
2022-11-27,Dhaka,349,kaggle_shampabanik12
2022-11-27,Khulna,31,kaggle_shampabanik12
2022-11-27,Mymensingh,6,kaggle_shampabanik12
2022-11-27,Rajshahi,13,kaggle_shampabanik12
2022-11-27,Rangpur,2,kaggle_shampabanik12
2022-11-27,Sylhet,3,kaggle_shampabanik12
2022-11-28,Barishal,19,kaggle_shampabanik12
2022-11-28,Chattogram,86,kaggle_shampabanik12
2022-11-28,Dhaka,215,kaggle_shampabanik12
2022-11-28,Khulna,25,kaggle_shampabanik12
2022-11-28,Mymensingh,9,kaggle_shampabanik12
2022-11-28,Rajshahi,12,kaggle_shampabanik12
2022-11-28,Rangpur,0,kaggle_shampabanik12
2022-11-28,Sylhet,0,kaggle_shampabanik12
2022-11-29,Barishal,18,kaggle_shampabanik12
2022-11-29,Chattogram,74,kaggle_shampabanik12
2022-11-29,Dhaka,302,kaggle_shampabanik12
2022-11-29,Khulna,25,kaggle_shampabanik12
2022-11-29,Mymensingh,8,kaggle_shampabanik12
2022-11-29,Rajshahi,5,kaggle_shampabanik12
2022-11-29,Rangpur,1,kaggle_shampabanik12
2022-11-29,Sylhet,3,kaggle_shampabanik12
2022-11-30,Barishal,20,kaggle_shampabanik12
2022-11-30,Chattogram,96,kaggle_shampabanik12
2022-11-30,Dhaka,278,kaggle_shampabanik12
2022-11-30,Khulna,14,kaggle_shampabanik12
2022-11-30,Mymensingh,9,kaggle_shampabanik12
2022-11-30,Rajshahi,9,kaggle_shampabanik12
2022-11-30,Rangpur,0,kaggle_shampabanik12
2022-11-30,Sylhet,0,kaggle_shampabanik12
2022-12-01,Barishal,20,kaggle_shampabanik12
2022-12-01,Chattogram,59,kaggle_shampabanik12
2022-12-01,Dhaka,271,kaggle_shampabanik12
2022-12-01,Khulna,14,kaggle_shampabanik12
2022-12-01,Mymensingh,7,kaggle_shampabanik12
2022-12-01,Rajshahi,9,kaggle_shampabanik12
2022-12-01,Rangpur,0,kaggle_shampabanik12
2022-12-01,Sylhet,0,kaggle_shampabanik12
2022-12-02,Barishal,3,kaggle_shampabanik12
2022-12-02,Chattogram,29,kaggle_shampabanik12
2022-12-02,Dhaka,78,kaggle_shampabanik12
2022-12-02,Khulna,3,kaggle_shampabanik12
2022-12-02,Mymensingh,3,kaggle_shampabanik12
2022-12-02,Rajshahi,4,kaggle_shampabanik12
2022-12-02,Rangpur,0,kaggle_shampabanik12
2022-12-02,Sylhet,0,kaggle_shampabanik12
2022-12-03,Barishal,16,kaggle_shampabanik12
2022-12-03,Chattogram,68,kaggle_shampabanik12
2022-12-03,Dhaka,224,kaggle_shampabanik12
2022-12-03,Khulna,21,kaggle_shampabanik12
2022-12-03,Mymensingh,5,kaggle_shampabanik12
2022-12-03,Rajshahi,10,kaggle_shampabanik12
2022-12-03,Rangpur,2,kaggle_shampabanik12
2022-12-03,Sylhet,5,kaggle_shampabanik12
2022-12-04,Barishal,11,kaggle_shampabanik12
2022-12-04,Chattogram,108,kaggle_shampabanik12
2022-12-04,Dhaka,253,kaggle_shampabanik12
2022-12-04,Khulna,19,kaggle_shampabanik12
2022-12-04,Mymensingh,9,kaggle_shampabanik12
2022-12-04,Rajshahi,9,kaggle_shampabanik12
2022-12-04,Rangpur,1,kaggle_shampabanik12
2022-12-04,Sylhet,0,kaggle_shampabanik12
2022-12-05,Barishal,12,kaggle_shampabanik12
2022-12-05,Chattogram,84,kaggle_shampabanik12
2022-12-05,Dhaka,183,kaggle_shampabanik12
2022-12-05,Khulna,13,kaggle_shampabanik12
2022-12-05,Mymensingh,5,kaggle_shampabanik12
2022-12-05,Rajshahi,8,kaggle_shampabanik12
2022-12-05,Rangpur,3,kaggle_shampabanik12
2022-12-05,Sylhet,0,kaggle_shampabanik12
2022-12-06,Barishal,9,kaggle_shampabanik12
2022-12-06,Chattogram,73,kaggle_shampabanik12
2022-12-06,Dhaka,165,kaggle_shampabanik12
2022-12-06,Khulna,11,kaggle_shampabanik12
2022-12-06,Mymensingh,2,kaggle_shampabanik12
2022-12-06,Rajshahi,7,kaggle_shampabanik12
2022-12-06,Rangpur,2,kaggle_shampabanik12
2022-12-06,Sylhet,0,kaggle_shampabanik12
2022-12-07,Barishal,18,kaggle_shampabanik12
2022-12-07,Chattogram,54,kaggle_shampabanik12
2022-12-07,Dhaka,225,kaggle_shampabanik12
2022-12-07,Khulna,12,kaggle_shampabanik12
2022-12-07,Mymensingh,8,kaggle_shampabanik12
2022-12-07,Rajshahi,5,kaggle_shampabanik12
2022-12-07,Rangpur,1,kaggle_shampabanik12
2022-12-07,Sylhet,0,kaggle_shampabanik12
2022-12-08,Barishal,10,kaggle_shampabanik12
2022-12-08,Chattogram,47,kaggle_shampabanik12
2022-12-08,Dhaka,164,kaggle_shampabanik12
2022-12-08,Khulna,11,kaggle_shampabanik12
2022-12-08,Mymensingh,4,kaggle_shampabanik12
2022-12-08,Rajshahi,10,kaggle_shampabanik12
2022-12-08,Rangpur,0,kaggle_shampabanik12
2022-12-08,Sylhet,0,kaggle_shampabanik12
2022-12-09,Barishal,4,kaggle_shampabanik12
2022-12-09,Chattogram,12,kaggle_shampabanik12
2022-12-09,Dhaka,87,kaggle_shampabanik12
2022-12-09,Khulna,9,kaggle_shampabanik12
2022-12-09,Mymensingh,1,kaggle_shampabanik12
2022-12-09,Rajshahi,4,kaggle_shampabanik12
2022-12-09,Rangpur,1,kaggle_shampabanik12
2022-12-09,Sylhet,0,kaggle_shampabanik12
2022-12-10,Barishal,11,kaggle_shampabanik12
2022-12-10,Chattogram,79,kaggle_shampabanik12
2022-12-10,Dhaka,166,kaggle_shampabanik12
2022-12-10,Khulna,3,kaggle_shampabanik12
2022-12-10,Mymensingh,3,kaggle_shampabanik12
2022-12-10,Rajshahi,2,kaggle_shampabanik12
2022-12-10,Rangpur,1,kaggle_shampabanik12
2022-12-10,Sylhet,0,kaggle_shampabanik12
2022-12-11,Barishal,15,kaggle_shampabanik12
2022-12-11,Chattogram,14,kaggle_shampabanik12
2022-12-11,Dhaka,139,kaggle_shampabanik12
2022-12-11,Khulna,12,kaggle_shampabanik12
2022-12-11,Mymensingh,4,kaggle_shampabanik12
2022-12-11,Rajshahi,4,kaggle_shampabanik12
2022-12-11,Rangpur,1,kaggle_shampabanik12
2022-12-11,Sylhet,0,kaggle_shampabanik12
2022-12-12,Barishal,19,kaggle_shampabanik12
2022-12-12,Chattogram,45,kaggle_shampabanik12
2022-12-12,Dhaka,144,kaggle_shampabanik12
2022-12-12,Khulna,13,kaggle_shampabanik12
2022-12-12,Mymensingh,1,kaggle_shampabanik12
2022-12-12,Rajshahi,2,kaggle_shampabanik12
2022-12-12,Rangpur,0,kaggle_shampabanik12
2022-12-12,Sylhet,0,kaggle_shampabanik12
2022-12-13,Barishal,10,kaggle_shampabanik12
2022-12-13,Chattogram,68,kaggle_shampabanik12
2022-12-13,Dhaka,127,kaggle_shampabanik12
2022-12-13,Khulna,9,kaggle_shampabanik12
2022-12-13,Mymensingh,3,kaggle_shampabanik12
2022-12-13,Rajshahi,3,kaggle_shampabanik12
2022-12-13,Rangpur,0,kaggle_shampabanik12
2022-12-13,Sylhet,0,kaggle_shampabanik12
2022-12-14,Barishal,9,kaggle_shampabanik12
2022-12-14,Chattogram,51,kaggle_shampabanik12
2022-12-14,Dhaka,112,kaggle_shampabanik12
2022-12-14,Khulna,4,kaggle_shampabanik12
2022-12-14,Mymensingh,5,kaggle_shampabanik12
2022-12-14,Rajshahi,3,kaggle_shampabanik12
2022-12-14,Rangpur,0,kaggle_shampabanik12
2022-12-14,Sylhet,0,kaggle_shampabanik12
2022-12-15,Barishal,6,kaggle_shampabanik12
2022-12-15,Chattogram,14,kaggle_shampabanik12
2022-12-15,Dhaka,106,kaggle_shampabanik12
2022-12-15,Khulna,6,kaggle_shampabanik12
2022-12-15,Mymensingh,1,kaggle_shampabanik12
2022-12-15,Rajshahi,7,kaggle_shampabanik12
2022-12-15,Rangpur,0,kaggle_shampabanik12
2022-12-15,Sylhet,0,kaggle_shampabanik12
2022-12-16,Barishal,0,kaggle_shampabanik12
2022-12-16,Chattogram,10,kaggle_shampabanik12
2022-12-16,Dhaka,32,kaggle_shampabanik12
2022-12-16,Khulna,4,kaggle_shampabanik12
2022-12-16,Mymensingh,1,kaggle_shampabanik12
2022-12-16,Rajshahi,1,kaggle_shampabanik12
2022-12-16,Rangpur,0,kaggle_shampabanik12
2022-12-16,Sylhet,1,kaggle_shampabanik12
2022-12-17,Barishal,11,kaggle_shampabanik12
2022-12-17,Chattogram,28,kaggle_shampabanik12
2022-12-17,Dhaka,78,kaggle_shampabanik12
2022-12-17,Khulna,7,kaggle_shampabanik12
2022-12-17,Mymensingh,0,kaggle_shampabanik12
2022-12-17,Rajshahi,1,kaggle_shampabanik12
2022-12-17,Rangpur,0,kaggle_shampabanik12
2022-12-17,Sylhet,0,kaggle_shampabanik12
2022-12-18,Barishal,7,kaggle_shampabanik12
2022-12-18,Chattogram,40,kaggle_shampabanik12
2022-12-18,Dhaka,78,kaggle_shampabanik12
2022-12-18,Khulna,14,kaggle_shampabanik12
2022-12-18,Mymensingh,1,kaggle_shampabanik12
2022-12-18,Rajshahi,5,kaggle_shampabanik12
2022-12-18,Rangpur,0,kaggle_shampabanik12
2022-12-18,Sylhet,0,kaggle_shampabanik12
2022-12-19,Barishal,10,kaggle_shampabanik12
2022-12-19,Chattogram,19,kaggle_shampabanik12
2022-12-19,Dhaka,72,kaggle_shampabanik12
2022-12-19,Khulna,6,kaggle_shampabanik12
2022-12-19,Mymensingh,1,kaggle_shampabanik12
2022-12-19,Rajshahi,5,kaggle_shampabanik12
2022-12-19,Rangpur,0,kaggle_shampabanik12
2022-12-19,Sylhet,0,kaggle_shampabanik12
2022-12-20,Barishal,3,kaggle_shampabanik12
2022-12-20,Chattogram,17,kaggle_shampabanik12
2022-12-20,Dhaka,81,kaggle_shampabanik12
2022-12-20,Khulna,4,kaggle_shampabanik12
2022-12-20,Mymensingh,2,kaggle_shampabanik12
2022-12-20,Rajshahi,2,kaggle_shampabanik12
2022-12-20,Rangpur,0,kaggle_shampabanik12
2022-12-20,Sylhet,0,kaggle_shampabanik12
2022-12-21,Barishal,3,kaggle_shampabanik12
2022-12-21,Chattogram,27,kaggle_shampabanik12
2022-12-21,Dhaka,86,kaggle_shampabanik12
2022-12-21,Khulna,8,kaggle_shampabanik12
2022-12-21,Mymensingh,2,kaggle_shampabanik12
2022-12-21,Rajshahi,0,kaggle_shampabanik12
2022-12-21,Rangpur,0,kaggle_shampabanik12
2022-12-21,Sylhet,0,kaggle_shampabanik12
2022-12-22,Barishal,3,kaggle_shampabanik12
2022-12-22,Chattogram,20,kaggle_shampabanik12
2022-12-22,Dhaka,56,kaggle_shampabanik12
2022-12-22,Khulna,9,kaggle_shampabanik12
2022-12-22,Mymensingh,0,kaggle_shampabanik12
2022-12-22,Rajshahi,1,kaggle_shampabanik12
2022-12-22,Rangpur,0,kaggle_shampabanik12
2022-12-22,Sylhet,0,kaggle_shampabanik12
2022-12-23,Barishal,0,kaggle_shampabanik12
2022-12-23,Chattogram,3,kaggle_shampabanik12
2022-12-23,Dhaka,27,kaggle_shampabanik12
2022-12-23,Khulna,3,kaggle_shampabanik12
2022-12-23,Mymensingh,3,kaggle_shampabanik12
2022-12-23,Rajshahi,3,kaggle_shampabanik12
2022-12-23,Rangpur,0,kaggle_shampabanik12
2022-12-23,Sylhet,0,kaggle_shampabanik12
2022-12-24,Barishal,5,kaggle_shampabanik12
2022-12-24,Chattogram,19,kaggle_shampabanik12
2022-12-24,Dhaka,61,kaggle_shampabanik12
2022-12-24,Khulna,0,kaggle_shampabanik12
2022-12-24,Mymensingh,3,kaggle_shampabanik12
2022-12-24,Rajshahi,1,kaggle_shampabanik12
2022-12-24,Rangpur,0,kaggle_shampabanik12
2022-12-24,Sylhet,0,kaggle_shampabanik12
2022-12-25,Barishal,0,kaggle_shampabanik12
2022-12-25,Chattogram,10,kaggle_shampabanik12
2022-12-25,Dhaka,35,kaggle_shampabanik12
2022-12-25,Khulna,0,kaggle_shampabanik12
2022-12-25,Mymensingh,3,kaggle_shampabanik12
2022-12-25,Rajshahi,0,kaggle_shampabanik12
2022-12-25,Rangpur,1,kaggle_shampabanik12
2022-12-25,Sylhet,0,kaggle_shampabanik12
2022-12-26,Barishal,10,kaggle_shampabanik12
2022-12-26,Chattogram,36,kaggle_shampabanik12
2022-12-26,Dhaka,52,kaggle_shampabanik12
2022-12-26,Khulna,8,kaggle_shampabanik12
2022-12-26,Mymensingh,1,kaggle_shampabanik12
2022-12-26,Rajshahi,0,kaggle_shampabanik12
2022-12-26,Rangpur,0,kaggle_shampabanik12
2022-12-26,Sylhet,0,kaggle_shampabanik12
2022-12-27,Barishal,3,kaggle_shampabanik12
2022-12-27,Chattogram,18,kaggle_shampabanik12
2022-12-27,Dhaka,40,kaggle_shampabanik12
2022-12-27,Khulna,0,kaggle_shampabanik12
2022-12-27,Mymensingh,1,kaggle_shampabanik12
2022-12-27,Rajshahi,0,kaggle_shampabanik12
2022-12-27,Rangpur,0,kaggle_shampabanik12
2022-12-27,Sylhet,0,kaggle_shampabanik12
2022-12-28,Barishal,4,kaggle_shampabanik12
2022-12-28,Chattogram,18,kaggle_shampabanik12
2022-12-28,Dhaka,39,kaggle_shampabanik12
2022-12-28,Khulna,5,kaggle_shampabanik12
2022-12-28,Mymensingh,0,kaggle_shampabanik12
2022-12-28,Rajshahi,0,kaggle_shampabanik12
2022-12-28,Rangpur,1,kaggle_shampabanik12
2022-12-28,Sylhet,0,kaggle_shampabanik12
2022-12-29,Barishal,7,kaggle_shampabanik12
2022-12-29,Chattogram,19,kaggle_shampabanik12
2022-12-29,Dhaka,31,kaggle_shampabanik12
2022-12-29,Khulna,4,kaggle_shampabanik12
2022-12-29,Mymensingh,1,kaggle_shampabanik12
2022-12-29,Rajshahi,3,kaggle_shampabanik12
2022-12-29,Rangpur,0,kaggle_shampabanik12
2022-12-29,Sylhet,0,kaggle_shampabanik12
2022-12-30,Barishal,0,kaggle_shampabanik12
2022-12-30,Chattogram,5,kaggle_shampabanik12
2022-12-30,Dhaka,6,kaggle_shampabanik12
2022-12-30,Khulna,1,kaggle_shampabanik12
2022-12-30,Mymensingh,0,kaggle_shampabanik12
2022-12-30,Rajshahi,2,kaggle_shampabanik12
2022-12-30,Rangpur,0,kaggle_shampabanik12
2022-12-30,Sylhet,0,kaggle_shampabanik12
2022-12-31,Barishal,2,kaggle_shampabanik12
2022-12-31,Chattogram,11,kaggle_shampabanik12
2022-12-31,Dhaka,30,kaggle_shampabanik12
2022-12-31,Khulna,1,kaggle_shampabanik12
2022-12-31,Mymensingh,1,kaggle_shampabanik12
2022-12-31,Rajshahi,1,kaggle_shampabanik12
2022-12-31,Rangpur,1,kaggle_shampabanik12
2022-12-31,Sylhet,1,kaggle_shampabanik12
2023-01-01,Barishal,6,kaggle_shampabanik12
2023-01-01,Chattogram,4,kaggle_shampabanik12
2023-01-01,Dhaka,39,kaggle_shampabanik12
2023-01-01,Khulna,6,kaggle_shampabanik12
2023-01-01,Mymensingh,3,kaggle_shampabanik12
2023-01-01,Rajshahi,1,kaggle_shampabanik12
2023-01-01,Rangpur,0,kaggle_shampabanik12
2023-01-01,Sylhet,0,kaggle_shampabanik12
2023-01-02,Barishal,3,kaggle_shampabanik12
2023-01-02,Chattogram,8,kaggle_shampabanik12
2023-01-02,Dhaka,25,kaggle_shampabanik12
2023-01-02,Khulna,0,kaggle_shampabanik12
2023-01-02,Mymensingh,1,kaggle_shampabanik12
2023-01-02,Rajshahi,1,kaggle_shampabanik12
2023-01-02,Rangpur,0,kaggle_shampabanik12
2023-01-02,Sylhet,0,kaggle_shampabanik12
2023-01-03,Barishal,5,kaggle_shampabanik12
2023-01-03,Chattogram,7,kaggle_shampabanik12
2023-01-03,Dhaka,23,kaggle_shampabanik12
2023-01-03,Khulna,4,kaggle_shampabanik12
2023-01-03,Mymensingh,0,kaggle_shampabanik12
2023-01-03,Rajshahi,0,kaggle_shampabanik12
2023-01-03,Rangpur,0,kaggle_shampabanik12
2023-01-03,Sylhet,0,kaggle_shampabanik12
2023-01-04,Barishal,4,kaggle_shampabanik12
2023-01-04,Chattogram,15,kaggle_shampabanik12
2023-01-04,Dhaka,27,kaggle_shampabanik12
2023-01-04,Khulna,2,kaggle_shampabanik12
2023-01-04,Mymensingh,0,kaggle_shampabanik12
2023-01-04,Rajshahi,0,kaggle_shampabanik12
2023-01-04,Rangpur,1,kaggle_shampabanik12
2023-01-04,Sylhet,0,kaggle_shampabanik12
2023-01-05,Barishal,1,kaggle_shampabanik12
2023-01-05,Chattogram,4,kaggle_shampabanik12
2023-01-05,Dhaka,25,kaggle_shampabanik12
2023-01-05,Khulna,0,kaggle_shampabanik12
2023-01-05,Mymensingh,0,kaggle_shampabanik12
2023-01-05,Rajshahi,0,kaggle_shampabanik12
2023-01-05,Rangpur,1,kaggle_shampabanik12
2023-01-05,Sylhet,0,kaggle_shampabanik12
2023-01-06,Barishal,1,kaggle_shampabanik12
2023-01-06,Chattogram,2,kaggle_shampabanik12
2023-01-06,Dhaka,5,kaggle_shampabanik12
2023-01-06,Khulna,2,kaggle_shampabanik12
2023-01-06,Mymensingh,0,kaggle_shampabanik12
2023-01-06,Rajshahi,0,kaggle_shampabanik12
2023-01-06,Rangpur,0,kaggle_shampabanik12
2023-01-06,Sylhet,0,kaggle_shampabanik12
2023-01-07,Barishal,0,kaggle_shampabanik12
2023-01-07,Chattogram,2,kaggle_shampabanik12
2023-01-07,Dhaka,14,kaggle_shampabanik12
2023-01-07,Khulna,0,kaggle_shampabanik12
2023-01-07,Mymensingh,0,kaggle_shampabanik12
2023-01-07,Rajshahi,0,kaggle_shampabanik12
2023-01-07,Rangpur,0,kaggle_shampabanik12
2023-01-07,Sylhet,0,kaggle_shampabanik12
2023-01-08,Barishal,10,kaggle_shampabanik12
2023-01-08,Chattogram,8,kaggle_shampabanik12
2023-01-08,Dhaka,7,kaggle_shampabanik12
2023-01-08,Khulna,1,kaggle_shampabanik12
2023-01-08,Mymensingh,0,kaggle_shampabanik12
2023-01-08,Rajshahi,0,kaggle_shampabanik12
2023-01-08,Rangpur,0,kaggle_shampabanik12
2023-01-08,Sylhet,0,kaggle_shampabanik12
2023-01-09,Barishal,2,kaggle_shampabanik12
2023-01-09,Chattogram,4,kaggle_shampabanik12
2023-01-09,Dhaka,12,kaggle_shampabanik12
2023-01-09,Khulna,2,kaggle_shampabanik12
2023-01-09,Mymensingh,0,kaggle_shampabanik12
2023-01-09,Rajshahi,0,kaggle_shampabanik12
2023-01-09,Rangpur,0,kaggle_shampabanik12
2023-01-09,Sylhet,0,kaggle_shampabanik12
2023-01-10,Barishal,0,kaggle_shampabanik12
2023-01-10,Chattogram,13,kaggle_shampabanik12
2023-01-10,Dhaka,18,kaggle_shampabanik12
2023-01-10,Khulna,1,kaggle_shampabanik12
2023-01-10,Mymensingh,0,kaggle_shampabanik12
2023-01-10,Rajshahi,0,kaggle_shampabanik12
2023-01-10,Rangpur,0,kaggle_shampabanik12
2023-01-10,Sylhet,0,kaggle_shampabanik12
2023-01-11,Barishal,0,kaggle_shampabanik12
2023-01-11,Chattogram,0,kaggle_shampabanik12
2023-01-11,Dhaka,0,kaggle_shampabanik12
2023-01-11,Khulna,0,kaggle_shampabanik12
2023-01-11,Mymensingh,0,kaggle_shampabanik12
2023-01-11,Rajshahi,0,kaggle_shampabanik12
2023-01-11,Rangpur,0,kaggle_shampabanik12
2023-01-11,Sylhet,0,kaggle_shampabanik12
2023-01-12,Barishal,1,kaggle_shampabanik12
2023-01-12,Chattogram,0,kaggle_shampabanik12
2023-01-12,Dhaka,16,kaggle_shampabanik12
2023-01-12,Khulna,0,kaggle_shampabanik12
2023-01-12,Mymensingh,0,kaggle_shampabanik12
2023-01-12,Rajshahi,0,kaggle_shampabanik12
2023-01-12,Rangpur,0,kaggle_shampabanik12
2023-01-12,Sylhet,1,kaggle_shampabanik12
2023-01-13,Barishal,0,kaggle_shampabanik12
2023-01-13,Chattogram,5,kaggle_shampabanik12
2023-01-13,Dhaka,4,kaggle_shampabanik12
2023-01-13,Khulna,0,kaggle_shampabanik12
2023-01-13,Mymensingh,0,kaggle_shampabanik12
2023-01-13,Rajshahi,0,kaggle_shampabanik12
2023-01-13,Rangpur,0,kaggle_shampabanik12
2023-01-13,Sylhet,1,kaggle_shampabanik12
2023-01-14,Barishal,1,kaggle_shampabanik12
2023-01-14,Chattogram,0,kaggle_shampabanik12
2023-01-14,Dhaka,5,kaggle_shampabanik12
2023-01-14,Khulna,0,kaggle_shampabanik12
2023-01-14,Mymensingh,0,kaggle_shampabanik12
2023-01-14,Rajshahi,1,kaggle_shampabanik12
2023-01-14,Rangpur,0,kaggle_shampabanik12
2023-01-14,Sylhet,0,kaggle_shampabanik12
2023-01-15,Barishal,1,kaggle_shampabanik12
2023-01-15,Chattogram,10,kaggle_shampabanik12
2023-01-15,Dhaka,9,kaggle_shampabanik12
2023-01-15,Khulna,1,kaggle_shampabanik12
2023-01-15,Mymensingh,0,kaggle_shampabanik12
2023-01-15,Rajshahi,1,kaggle_shampabanik12
2023-01-15,Rangpur,0,kaggle_shampabanik12
2023-01-15,Sylhet,0,kaggle_shampabanik12
2023-01-16,Barishal,0,kaggle_shampabanik12
2023-01-16,Chattogram,3,kaggle_shampabanik12
2023-01-16,Dhaka,10,kaggle_shampabanik12
2023-01-16,Khulna,0,kaggle_shampabanik12
2023-01-16,Mymensingh,0,kaggle_shampabanik12
2023-01-16,Rajshahi,0,kaggle_shampabanik12
2023-01-16,Rangpur,0,kaggle_shampabanik12
2023-01-16,Sylhet,0,kaggle_shampabanik12
2023-01-17,Barishal,0,kaggle_shampabanik12
2023-01-17,Chattogram,5,kaggle_shampabanik12
2023-01-17,Dhaka,6,kaggle_shampabanik12
2023-01-17,Khulna,1,kaggle_shampabanik12
2023-01-17,Mymensingh,0,kaggle_shampabanik12
2023-01-17,Rajshahi,0,kaggle_shampabanik12
2023-01-17,Rangpur,0,kaggle_shampabanik12
2023-01-17,Sylhet,0,kaggle_shampabanik12
2023-01-18,Barishal,0,kaggle_shampabanik12
2023-01-18,Chattogram,2,kaggle_shampabanik12
2023-01-18,Dhaka,10,kaggle_shampabanik12
2023-01-18,Khulna,1,kaggle_shampabanik12
2023-01-18,Mymensingh,0,kaggle_shampabanik12
2023-01-18,Rajshahi,1,kaggle_shampabanik12
2023-01-18,Rangpur,0,kaggle_shampabanik12
2023-01-18,Sylhet,0,kaggle_shampabanik12
2023-01-19,Barishal,0,kaggle_shampabanik12
2023-01-19,Chattogram,3,kaggle_shampabanik12
2023-01-19,Dhaka,12,kaggle_shampabanik12
2023-01-19,Khulna,0,kaggle_shampabanik12
2023-01-19,Mymensingh,0,kaggle_shampabanik12
2023-01-19,Rajshahi,0,kaggle_shampabanik12
2023-01-19,Rangpur,0,kaggle_shampabanik12
2023-01-19,Sylhet,0,kaggle_shampabanik12
2023-01-20,Barishal,0,kaggle_shampabanik12
2023-01-20,Chattogram,0,kaggle_shampabanik12
2023-01-20,Dhaka,1,kaggle_shampabanik12
2023-01-20,Khulna,0,kaggle_shampabanik12
2023-01-20,Mymensingh,0,kaggle_shampabanik12
2023-01-20,Rajshahi,0,kaggle_shampabanik12
2023-01-20,Rangpur,0,kaggle_shampabanik12
2023-01-20,Sylhet,0,kaggle_shampabanik12
2023-01-21,Barishal,0,kaggle_shampabanik12
2023-01-21,Chattogram,2,kaggle_shampabanik12
2023-01-21,Dhaka,9,kaggle_shampabanik12
2023-01-21,Khulna,0,kaggle_shampabanik12
2023-01-21,Mymensingh,0,kaggle_shampabanik12
2023-01-21,Rajshahi,0,kaggle_shampabanik12
2023-01-21,Rangpur,0,kaggle_shampabanik12
2023-01-21,Sylhet,0,kaggle_shampabanik12
2023-01-22,Barishal,3,kaggle_shampabanik12
2023-01-22,Chattogram,1,kaggle_shampabanik12
2023-01-22,Dhaka,4,kaggle_shampabanik12
2023-01-22,Khulna,0,kaggle_shampabanik12
2023-01-22,Mymensingh,0,kaggle_shampabanik12
2023-01-22,Rajshahi,0,kaggle_shampabanik12
2023-01-22,Rangpur,0,kaggle_shampabanik12
2023-01-22,Sylhet,0,kaggle_shampabanik12
2023-01-23,Barishal,2,kaggle_shampabanik12
2023-01-23,Chattogram,3,kaggle_shampabanik12
2023-01-23,Dhaka,9,kaggle_shampabanik12
2023-01-23,Khulna,0,kaggle_shampabanik12
2023-01-23,Mymensingh,0,kaggle_shampabanik12
2023-01-23,Rajshahi,0,kaggle_shampabanik12
2023-01-23,Rangpur,0,kaggle_shampabanik12
2023-01-23,Sylhet,0,kaggle_shampabanik12
2023-01-24,Barishal,2,kaggle_shampabanik12
2023-01-24,Chattogram,3,kaggle_shampabanik12
2023-01-24,Dhaka,9,kaggle_shampabanik12
2023-01-24,Khulna,0,kaggle_shampabanik12
2023-01-24,Mymensingh,0,kaggle_shampabanik12
2023-01-24,Rajshahi,0,kaggle_shampabanik12
2023-01-24,Rangpur,0,kaggle_shampabanik12
2023-01-24,Sylhet,0,kaggle_shampabanik12
2023-01-25,Barishal,2,kaggle_shampabanik12
2023-01-25,Chattogram,2,kaggle_shampabanik12
2023-01-25,Dhaka,7,kaggle_shampabanik12
2023-01-25,Khulna,0,kaggle_shampabanik12
2023-01-25,Mymensingh,0,kaggle_shampabanik12
2023-01-25,Rajshahi,1,kaggle_shampabanik12
2023-01-25,Rangpur,0,kaggle_shampabanik12
2023-01-25,Sylhet,0,kaggle_shampabanik12
2023-01-26,Barishal,0,kaggle_shampabanik12
2023-01-26,Chattogram,0,kaggle_shampabanik12
2023-01-26,Dhaka,0,kaggle_shampabanik12
2023-01-26,Khulna,0,kaggle_shampabanik12
2023-01-26,Mymensingh,0,kaggle_shampabanik12
2023-01-26,Rajshahi,0,kaggle_shampabanik12
2023-01-26,Rangpur,0,kaggle_shampabanik12
2023-01-26,Sylhet,0,kaggle_shampabanik12
2023-01-27,Barishal,0,kaggle_shampabanik12
2023-01-27,Chattogram,0,kaggle_shampabanik12
2023-01-27,Dhaka,2,kaggle_shampabanik12
2023-01-27,Khulna,0,kaggle_shampabanik12
2023-01-27,Mymensingh,0,kaggle_shampabanik12
2023-01-27,Rajshahi,0,kaggle_shampabanik12
2023-01-27,Rangpur,0,kaggle_shampabanik12
2023-01-27,Sylhet,0,kaggle_shampabanik12
2023-01-28,Barishal,2,kaggle_shampabanik12
2023-01-28,Chattogram,1,kaggle_shampabanik12
2023-01-28,Dhaka,3,kaggle_shampabanik12
2023-01-28,Khulna,0,kaggle_shampabanik12
2023-01-28,Mymensingh,0,kaggle_shampabanik12
2023-01-28,Rajshahi,0,kaggle_shampabanik12
2023-01-28,Rangpur,0,kaggle_shampabanik12
2023-01-28,Sylhet,0,kaggle_shampabanik12
2023-01-29,Barishal,0,kaggle_shampabanik12
2023-01-29,Chattogram,4,kaggle_shampabanik12
2023-01-29,Dhaka,8,kaggle_shampabanik12
2023-01-29,Khulna,2,kaggle_shampabanik12
2023-01-29,Mymensingh,0,kaggle_shampabanik12
2023-01-29,Rajshahi,0,kaggle_shampabanik12
2023-01-29,Rangpur,0,kaggle_shampabanik12
2023-01-29,Sylhet,0,kaggle_shampabanik12
2023-01-30,Barishal,1,kaggle_shampabanik12
2023-01-30,Chattogram,0,kaggle_shampabanik12
2023-01-30,Dhaka,4,kaggle_shampabanik12
2023-01-30,Khulna,0,kaggle_shampabanik12
2023-01-30,Mymensingh,0,kaggle_shampabanik12
2023-01-30,Rajshahi,1,kaggle_shampabanik12
2023-01-30,Rangpur,0,kaggle_shampabanik12
2023-01-30,Sylhet,0,kaggle_shampabanik12
2023-01-31,Barishal,3,kaggle_shampabanik12
2023-01-31,Chattogram,2,kaggle_shampabanik12
2023-01-31,Dhaka,7,kaggle_shampabanik12
2023-01-31,Khulna,2,kaggle_shampabanik12
2023-01-31,Mymensingh,0,kaggle_shampabanik12
2023-01-31,Rajshahi,1,kaggle_shampabanik12
2023-01-31,Rangpur,0,kaggle_shampabanik12
2023-01-31,Sylhet,0,kaggle_shampabanik12
2023-02-01,Barishal,0,kaggle_shampabanik12
2023-02-01,Chattogram,0,kaggle_shampabanik12
2023-02-01,Dhaka,2,kaggle_shampabanik12
2023-02-01,Khulna,0,kaggle_shampabanik12
2023-02-01,Mymensingh,0,kaggle_shampabanik12
2023-02-01,Rajshahi,0,kaggle_shampabanik12
2023-02-01,Rangpur,0,kaggle_shampabanik12
2023-02-01,Sylhet,0,kaggle_shampabanik12
2023-02-02,Barishal,0,kaggle_shampabanik12
2023-02-02,Chattogram,2,kaggle_shampabanik12
2023-02-02,Dhaka,4,kaggle_shampabanik12
2023-02-02,Khulna,0,kaggle_shampabanik12
2023-02-02,Mymensingh,0,kaggle_shampabanik12
2023-02-02,Rajshahi,0,kaggle_shampabanik12
2023-02-02,Rangpur,0,kaggle_shampabanik12
2023-02-02,Sylhet,0,kaggle_shampabanik12
2023-02-03,Barishal,0,kaggle_shampabanik12
2023-02-03,Chattogram,0,kaggle_shampabanik12
2023-02-03,Dhaka,2,kaggle_shampabanik12
2023-02-03,Khulna,0,kaggle_shampabanik12
2023-02-03,Mymensingh,0,kaggle_shampabanik12
2023-02-03,Rajshahi,0,kaggle_shampabanik12
2023-02-03,Rangpur,0,kaggle_shampabanik12
2023-02-03,Sylhet,0,kaggle_shampabanik12
2023-02-04,Barishal,0,kaggle_shampabanik12
2023-02-04,Chattogram,3,kaggle_shampabanik12
2023-02-04,Dhaka,7,kaggle_shampabanik12
2023-02-04,Khulna,0,kaggle_shampabanik12
2023-02-04,Mymensingh,0,kaggle_shampabanik12
2023-02-04,Rajshahi,0,kaggle_shampabanik12
2023-02-04,Rangpur,0,kaggle_shampabanik12
2023-02-04,Sylhet,0,kaggle_shampabanik12
2023-02-05,Barishal,0,kaggle_shampabanik12
2023-02-05,Chattogram,2,kaggle_shampabanik12
2023-02-05,Dhaka,3,kaggle_shampabanik12
2023-02-05,Khulna,0,kaggle_shampabanik12
2023-02-05,Mymensingh,0,kaggle_shampabanik12
2023-02-05,Rajshahi,0,kaggle_shampabanik12
2023-02-05,Rangpur,0,kaggle_shampabanik12
2023-02-05,Sylhet,0,kaggle_shampabanik12
2023-02-06,Barishal,0,kaggle_shampabanik12
2023-02-06,Chattogram,4,kaggle_shampabanik12
2023-02-06,Dhaka,7,kaggle_shampabanik12
2023-02-06,Khulna,0,kaggle_shampabanik12
2023-02-06,Mymensingh,0,kaggle_shampabanik12
2023-02-06,Rajshahi,0,kaggle_shampabanik12
2023-02-06,Rangpur,0,kaggle_shampabanik12
2023-02-06,Sylhet,0,kaggle_shampabanik12
2023-02-07,Barishal,1,kaggle_shampabanik12
2023-02-07,Chattogram,2,kaggle_shampabanik12
2023-02-07,Dhaka,4,kaggle_shampabanik12
2023-02-07,Khulna,0,kaggle_shampabanik12
2023-02-07,Mymensingh,0,kaggle_shampabanik12
2023-02-07,Rajshahi,0,kaggle_shampabanik12
2023-02-07,Rangpur,0,kaggle_shampabanik12
2023-02-07,Sylhet,0,kaggle_shampabanik12
2023-02-08,Barishal,0,kaggle_shampabanik12
2023-02-08,Chattogram,3,kaggle_shampabanik12
2023-02-08,Dhaka,5,kaggle_shampabanik12
2023-02-08,Khulna,1,kaggle_shampabanik12
2023-02-08,Mymensingh,0,kaggle_shampabanik12
2023-02-08,Rajshahi,0,kaggle_shampabanik12
2023-02-08,Rangpur,0,kaggle_shampabanik12
2023-02-08,Sylhet,0,kaggle_shampabanik12
2023-02-09,Barishal,3,kaggle_shampabanik12
2023-02-09,Chattogram,0,kaggle_shampabanik12
2023-02-09,Dhaka,3,kaggle_shampabanik12
2023-02-09,Khulna,0,kaggle_shampabanik12
2023-02-09,Mymensingh,0,kaggle_shampabanik12
2023-02-09,Rajshahi,0,kaggle_shampabanik12
2023-02-09,Rangpur,0,kaggle_shampabanik12
2023-02-09,Sylhet,0,kaggle_shampabanik12
2023-02-10,Barishal,0,kaggle_shampabanik12
2023-02-10,Chattogram,0,kaggle_shampabanik12
2023-02-10,Dhaka,30,kaggle_shampabanik12
2023-02-10,Khulna,0,kaggle_shampabanik12
2023-02-10,Mymensingh,0,kaggle_shampabanik12
2023-02-10,Rajshahi,0,kaggle_shampabanik12
2023-02-10,Rangpur,0,kaggle_shampabanik12
2023-02-10,Sylhet,0,kaggle_shampabanik12
2023-02-11,Barishal,0,kaggle_shampabanik12
2023-02-11,Chattogram,1,kaggle_shampabanik12
2023-02-11,Dhaka,42,kaggle_shampabanik12
2023-02-11,Khulna,0,kaggle_shampabanik12
2023-02-11,Mymensingh,0,kaggle_shampabanik12
2023-02-11,Rajshahi,0,kaggle_shampabanik12
2023-02-11,Rangpur,0,kaggle_shampabanik12
2023-02-11,Sylhet,0,kaggle_shampabanik12
2023-02-12,Barishal,8,kaggle_shampabanik12
2023-02-12,Chattogram,0,kaggle_shampabanik12
2023-02-12,Dhaka,6,kaggle_shampabanik12
2023-02-12,Khulna,0,kaggle_shampabanik12
2023-02-12,Mymensingh,0,kaggle_shampabanik12
2023-02-12,Rajshahi,0,kaggle_shampabanik12
2023-02-12,Rangpur,0,kaggle_shampabanik12
2023-02-12,Sylhet,0,kaggle_shampabanik12
2023-02-13,Barishal,0,kaggle_shampabanik12
2023-02-13,Chattogram,2,kaggle_shampabanik12
2023-02-13,Dhaka,3,kaggle_shampabanik12
2023-02-13,Khulna,0,kaggle_shampabanik12
2023-02-13,Mymensingh,0,kaggle_shampabanik12
2023-02-13,Rajshahi,0,kaggle_shampabanik12
2023-02-13,Rangpur,0,kaggle_shampabanik12
2023-02-13,Sylhet,0,kaggle_shampabanik12
2023-02-14,Barishal,0,kaggle_shampabanik12
2023-02-14,Chattogram,4,kaggle_shampabanik12
2023-02-14,Dhaka,6,kaggle_shampabanik12
2023-02-14,Khulna,0,kaggle_shampabanik12
2023-02-14,Mymensingh,0,kaggle_shampabanik12
2023-02-14,Rajshahi,0,kaggle_shampabanik12
2023-02-14,Rangpur,0,kaggle_shampabanik12
2023-02-14,Sylhet,0,kaggle_shampabanik12
2023-02-15,Barishal,0,kaggle_shampabanik12
2023-02-15,Chattogram,2,kaggle_shampabanik12
2023-02-15,Dhaka,6,kaggle_shampabanik12
2023-02-15,Khulna,0,kaggle_shampabanik12
2023-02-15,Mymensingh,0,kaggle_shampabanik12
2023-02-15,Rajshahi,0,kaggle_shampabanik12
2023-02-15,Rangpur,0,kaggle_shampabanik12
2023-02-15,Sylhet,0,kaggle_shampabanik12
2023-02-16,Barishal,0,kaggle_shampabanik12
2023-02-16,Chattogram,0,kaggle_shampabanik12
2023-02-16,Dhaka,0,kaggle_shampabanik12
2023-02-16,Khulna,0,kaggle_shampabanik12
2023-02-16,Mymensingh,0,kaggle_shampabanik12
2023-02-16,Rajshahi,0,kaggle_shampabanik12
2023-02-16,Rangpur,0,kaggle_shampabanik12
2023-02-16,Sylhet,0,kaggle_shampabanik12
2023-02-17,Barishal,0,kaggle_shampabanik12
2023-02-17,Chattogram,0,kaggle_shampabanik12
2023-02-17,Dhaka,0,kaggle_shampabanik12
2023-02-17,Khulna,0,kaggle_shampabanik12
2023-02-17,Mymensingh,0,kaggle_shampabanik12
2023-02-17,Rajshahi,0,kaggle_shampabanik12
2023-02-17,Rangpur,0,kaggle_shampabanik12
2023-02-17,Sylhet,0,kaggle_shampabanik12
2023-02-18,Barishal,0,kaggle_shampabanik12
2023-02-18,Chattogram,3,kaggle_shampabanik12
2023-02-18,Dhaka,0,kaggle_shampabanik12
2023-02-18,Khulna,2,kaggle_shampabanik12
2023-02-18,Mymensingh,0,kaggle_shampabanik12
2023-02-18,Rajshahi,0,kaggle_shampabanik12
2023-02-18,Rangpur,0,kaggle_shampabanik12
2023-02-18,Sylhet,0,kaggle_shampabanik12
2023-02-19,Barishal,1,kaggle_shampabanik12
2023-02-19,Chattogram,0,kaggle_shampabanik12
2023-02-19,Dhaka,3,kaggle_shampabanik12
2023-02-19,Khulna,0,kaggle_shampabanik12
2023-02-19,Mymensingh,0,kaggle_shampabanik12
2023-02-19,Rajshahi,0,kaggle_shampabanik12
2023-02-19,Rangpur,0,kaggle_shampabanik12
2023-02-19,Sylhet,0,kaggle_shampabanik12
2023-02-20,Barishal,0,kaggle_shampabanik12
2023-02-20,Chattogram,2,kaggle_shampabanik12
2023-02-20,Dhaka,2,kaggle_shampabanik12
2023-02-20,Khulna,0,kaggle_shampabanik12
2023-02-20,Mymensingh,0,kaggle_shampabanik12
2023-02-20,Rajshahi,0,kaggle_shampabanik12
2023-02-20,Rangpur,0,kaggle_shampabanik12
2023-02-20,Sylhet,0,kaggle_shampabanik12
2023-02-21,Barishal,0,kaggle_shampabanik12
2023-02-21,Chattogram,0,kaggle_shampabanik12
2023-02-21,Dhaka,1,kaggle_shampabanik12
2023-02-21,Khulna,0,kaggle_shampabanik12
2023-02-21,Mymensingh,0,kaggle_shampabanik12
2023-02-21,Rajshahi,0,kaggle_shampabanik12
2023-02-21,Rangpur,0,kaggle_shampabanik12
2023-02-21,Sylhet,0,kaggle_shampabanik12
2023-02-22,Barishal,1,kaggle_shampabanik12
2023-02-22,Chattogram,3,kaggle_shampabanik12
2023-02-22,Dhaka,4,kaggle_shampabanik12
2023-02-22,Khulna,0,kaggle_shampabanik12
2023-02-22,Mymensingh,0,kaggle_shampabanik12
2023-02-22,Rajshahi,0,kaggle_shampabanik12
2023-02-22,Rangpur,0,kaggle_shampabanik12
2023-02-22,Sylhet,0,kaggle_shampabanik12
2023-02-23,Barishal,1,kaggle_shampabanik12
2023-02-23,Chattogram,0,kaggle_shampabanik12
2023-02-23,Dhaka,4,kaggle_shampabanik12
2023-02-23,Khulna,0,kaggle_shampabanik12
2023-02-23,Mymensingh,0,kaggle_shampabanik12
2023-02-23,Rajshahi,0,kaggle_shampabanik12
2023-02-23,Rangpur,0,kaggle_shampabanik12
2023-02-23,Sylhet,0,kaggle_shampabanik12
2023-02-24,Barishal,2,kaggle_shampabanik12
2023-02-24,Chattogram,0,kaggle_shampabanik12
2023-02-24,Dhaka,0,kaggle_shampabanik12
2023-02-24,Khulna,0,kaggle_shampabanik12
2023-02-24,Mymensingh,0,kaggle_shampabanik12
2023-02-24,Rajshahi,0,kaggle_shampabanik12
2023-02-24,Rangpur,0,kaggle_shampabanik12
2023-02-24,Sylhet,0,kaggle_shampabanik12
2023-02-25,Barishal,0,kaggle_shampabanik12
2023-02-25,Chattogram,0,kaggle_shampabanik12
2023-02-25,Dhaka,3,kaggle_shampabanik12
2023-02-25,Khulna,1,kaggle_shampabanik12
2023-02-25,Mymensingh,0,kaggle_shampabanik12
2023-02-25,Rajshahi,0,kaggle_shampabanik12
2023-02-25,Rangpur,0,kaggle_shampabanik12
2023-02-25,Sylhet,0,kaggle_shampabanik12
2023-02-26,Barishal,0,kaggle_shampabanik12
2023-02-26,Chattogram,2,kaggle_shampabanik12
2023-02-26,Dhaka,3,kaggle_shampabanik12
2023-02-26,Khulna,3,kaggle_shampabanik12
2023-02-26,Mymensingh,0,kaggle_shampabanik12
2023-02-26,Rajshahi,0,kaggle_shampabanik12
2023-02-26,Rangpur,0,kaggle_shampabanik12
2023-02-26,Sylhet,0,kaggle_shampabanik12
2023-02-27,Barishal,0,kaggle_shampabanik12
2023-02-27,Chattogram,1,kaggle_shampabanik12
2023-02-27,Dhaka,1,kaggle_shampabanik12
2023-02-27,Khulna,0,kaggle_shampabanik12
2023-02-27,Mymensingh,1,kaggle_shampabanik12
2023-02-27,Rajshahi,0,kaggle_shampabanik12
2023-02-27,Rangpur,0,kaggle_shampabanik12
2023-02-27,Sylhet,0,kaggle_shampabanik12
2023-02-28,Barishal,1,kaggle_shampabanik12
2023-02-28,Chattogram,1,kaggle_shampabanik12
2023-02-28,Dhaka,0,kaggle_shampabanik12
2023-02-28,Khulna,0,kaggle_shampabanik12
2023-02-28,Mymensingh,0,kaggle_shampabanik12
2023-02-28,Rajshahi,0,kaggle_shampabanik12
2023-02-28,Rangpur,0,kaggle_shampabanik12
2023-02-28,Sylhet,0,kaggle_shampabanik12
2023-03-01,Barishal,0,kaggle_shampabanik12
2023-03-01,Chattogram,1,kaggle_shampabanik12
2023-03-01,Dhaka,2,kaggle_shampabanik12
2023-03-01,Khulna,0,kaggle_shampabanik12
2023-03-01,Mymensingh,0,kaggle_shampabanik12
2023-03-01,Rajshahi,0,kaggle_shampabanik12
2023-03-01,Rangpur,0,kaggle_shampabanik12
2023-03-01,Sylhet,0,kaggle_shampabanik12
2023-03-02,Barishal,6,kaggle_shampabanik12
2023-03-02,Chattogram,4,kaggle_shampabanik12
2023-03-02,Dhaka,6,kaggle_shampabanik12
2023-03-02,Khulna,0,kaggle_shampabanik12
2023-03-02,Mymensingh,0,kaggle_shampabanik12
2023-03-02,Rajshahi,0,kaggle_shampabanik12
2023-03-02,Rangpur,0,kaggle_shampabanik12
2023-03-02,Sylhet,0,kaggle_shampabanik12
2023-03-03,Barishal,0,kaggle_shampabanik12
2023-03-03,Chattogram,0,kaggle_shampabanik12
2023-03-03,Dhaka,0,kaggle_shampabanik12
2023-03-03,Khulna,0,kaggle_shampabanik12
2023-03-03,Mymensingh,1,kaggle_shampabanik12
2023-03-03,Rajshahi,0,kaggle_shampabanik12
2023-03-03,Rangpur,0,kaggle_shampabanik12
2023-03-03,Sylhet,0,kaggle_shampabanik12
2023-03-04,Barishal,0,kaggle_shampabanik12
2023-03-04,Chattogram,0,kaggle_shampabanik12
2023-03-04,Dhaka,1,kaggle_shampabanik12
2023-03-04,Khulna,1,kaggle_shampabanik12
2023-03-04,Mymensingh,0,kaggle_shampabanik12
2023-03-04,Rajshahi,0,kaggle_shampabanik12
2023-03-04,Rangpur,0,kaggle_shampabanik12
2023-03-04,Sylhet,0,kaggle_shampabanik12
2023-03-05,Barishal,0,kaggle_shampabanik12
2023-03-05,Chattogram,0,kaggle_shampabanik12
2023-03-05,Dhaka,4,kaggle_shampabanik12
2023-03-05,Khulna,0,kaggle_shampabanik12
2023-03-05,Mymensingh,0,kaggle_shampabanik12
2023-03-05,Rajshahi,0,kaggle_shampabanik12
2023-03-05,Rangpur,0,kaggle_shampabanik12
2023-03-05,Sylhet,0,kaggle_shampabanik12
2023-03-06,Barishal,1,kaggle_shampabanik12
2023-03-06,Chattogram,2,kaggle_shampabanik12
2023-03-06,Dhaka,5,kaggle_shampabanik12
2023-03-06,Khulna,0,kaggle_shampabanik12
2023-03-06,Mymensingh,0,kaggle_shampabanik12
2023-03-06,Rajshahi,0,kaggle_shampabanik12
2023-03-06,Rangpur,0,kaggle_shampabanik12
2023-03-06,Sylhet,0,kaggle_shampabanik12
2023-03-07,Barishal,0,kaggle_shampabanik12
2023-03-07,Chattogram,0,kaggle_shampabanik12
2023-03-07,Dhaka,2,kaggle_shampabanik12
2023-03-07,Khulna,0,kaggle_shampabanik12
2023-03-07,Mymensingh,0,kaggle_shampabanik12
2023-03-07,Rajshahi,0,kaggle_shampabanik12
2023-03-07,Rangpur,0,kaggle_shampabanik12
2023-03-07,Sylhet,0,kaggle_shampabanik12
2023-03-08,Barishal,0,kaggle_shampabanik12
2023-03-08,Chattogram,0,kaggle_shampabanik12
2023-03-08,Dhaka,1,kaggle_shampabanik12
2023-03-08,Khulna,0,kaggle_shampabanik12
2023-03-08,Mymensingh,0,kaggle_shampabanik12
2023-03-08,Rajshahi,0,kaggle_shampabanik12
2023-03-08,Rangpur,0,kaggle_shampabanik12
2023-03-08,Sylhet,0,kaggle_shampabanik12
2023-03-09,Barishal,0,kaggle_shampabanik12
2023-03-09,Chattogram,0,kaggle_shampabanik12
2023-03-09,Dhaka,7,kaggle_shampabanik12
2023-03-09,Khulna,0,kaggle_shampabanik12
2023-03-09,Mymensingh,0,kaggle_shampabanik12
2023-03-09,Rajshahi,0,kaggle_shampabanik12
2023-03-09,Rangpur,0,kaggle_shampabanik12
2023-03-09,Sylhet,0,kaggle_shampabanik12
2023-03-10,Barishal,1,kaggle_shampabanik12
2023-03-10,Chattogram,0,kaggle_shampabanik12
2023-03-10,Dhaka,0,kaggle_shampabanik12
2023-03-10,Khulna,0,kaggle_shampabanik12
2023-03-10,Mymensingh,0,kaggle_shampabanik12
2023-03-10,Rajshahi,0,kaggle_shampabanik12
2023-03-10,Rangpur,0,kaggle_shampabanik12
2023-03-10,Sylhet,0,kaggle_shampabanik12
2023-03-11,Barishal,0,kaggle_shampabanik12
2023-03-11,Chattogram,0,kaggle_shampabanik12
2023-03-11,Dhaka,2,kaggle_shampabanik12
2023-03-11,Khulna,0,kaggle_shampabanik12
2023-03-11,Mymensingh,0,kaggle_shampabanik12
2023-03-11,Rajshahi,0,kaggle_shampabanik12
2023-03-11,Rangpur,0,kaggle_shampabanik12
2023-03-11,Sylhet,0,kaggle_shampabanik12
2023-03-12,Barishal,0,kaggle_shampabanik12
2023-03-12,Chattogram,1,kaggle_shampabanik12
2023-03-12,Dhaka,2,kaggle_shampabanik12
2023-03-12,Khulna,0,kaggle_shampabanik12
2023-03-12,Mymensingh,0,kaggle_shampabanik12
2023-03-12,Rajshahi,0,kaggle_shampabanik12
2023-03-12,Rangpur,0,kaggle_shampabanik12
2023-03-12,Sylhet,0,kaggle_shampabanik12
2023-03-13,Barishal,0,kaggle_shampabanik12
2023-03-13,Chattogram,0,kaggle_shampabanik12
2023-03-13,Dhaka,4,kaggle_shampabanik12
2023-03-13,Khulna,0,kaggle_shampabanik12
2023-03-13,Mymensingh,0,kaggle_shampabanik12
2023-03-13,Rajshahi,0,kaggle_shampabanik12
2023-03-13,Rangpur,0,kaggle_shampabanik12
2023-03-13,Sylhet,0,kaggle_shampabanik12
2023-03-14,Barishal,0,kaggle_shampabanik12
2023-03-14,Chattogram,0,kaggle_shampabanik12
2023-03-14,Dhaka,2,kaggle_shampabanik12
2023-03-14,Khulna,0,kaggle_shampabanik12
2023-03-14,Mymensingh,0,kaggle_shampabanik12
2023-03-14,Rajshahi,0,kaggle_shampabanik12
2023-03-14,Rangpur,0,kaggle_shampabanik12
2023-03-14,Sylhet,0,kaggle_shampabanik12
2023-03-15,Barishal,2,kaggle_shampabanik12
2023-03-15,Chattogram,1,kaggle_shampabanik12
2023-03-15,Dhaka,2,kaggle_shampabanik12
2023-03-15,Khulna,0,kaggle_shampabanik12
2023-03-15,Mymensingh,0,kaggle_shampabanik12
2023-03-15,Rajshahi,0,kaggle_shampabanik12
2023-03-15,Rangpur,0,kaggle_shampabanik12
2023-03-15,Sylhet,0,kaggle_shampabanik12
2023-03-16,Barishal,0,kaggle_shampabanik12
2023-03-16,Chattogram,0,kaggle_shampabanik12
2023-03-16,Dhaka,3,kaggle_shampabanik12
2023-03-16,Khulna,0,kaggle_shampabanik12
2023-03-16,Mymensingh,0,kaggle_shampabanik12
2023-03-16,Rajshahi,0,kaggle_shampabanik12
2023-03-16,Rangpur,0,kaggle_shampabanik12
2023-03-16,Sylhet,0,kaggle_shampabanik12
2023-03-17,Barishal,0,kaggle_shampabanik12
2023-03-17,Chattogram,0,kaggle_shampabanik12
2023-03-17,Dhaka,0,kaggle_shampabanik12
2023-03-17,Khulna,0,kaggle_shampabanik12
2023-03-17,Mymensingh,0,kaggle_shampabanik12
2023-03-17,Rajshahi,0,kaggle_shampabanik12
2023-03-17,Rangpur,0,kaggle_shampabanik12
2023-03-17,Sylhet,0,kaggle_shampabanik12
2023-03-18,Barishal,0,kaggle_shampabanik12
2023-03-18,Chattogram,0,kaggle_shampabanik12
2023-03-18,Dhaka,4,kaggle_shampabanik12
2023-03-18,Khulna,0,kaggle_shampabanik12
2023-03-18,Mymensingh,0,kaggle_shampabanik12
2023-03-18,Rajshahi,0,kaggle_shampabanik12
2023-03-18,Rangpur,0,kaggle_shampabanik12
2023-03-18,Sylhet,0,kaggle_shampabanik12
2023-03-19,Barishal,0,kaggle_shampabanik12
2023-03-19,Chattogram,1,kaggle_shampabanik12
2023-03-19,Dhaka,3,kaggle_shampabanik12
2023-03-19,Khulna,0,kaggle_shampabanik12
2023-03-19,Mymensingh,0,kaggle_shampabanik12
2023-03-19,Rajshahi,0,kaggle_shampabanik12
2023-03-19,Rangpur,0,kaggle_shampabanik12
2023-03-19,Sylhet,0,kaggle_shampabanik12
2023-03-20,Barishal,0,kaggle_shampabanik12
2023-03-20,Chattogram,1,kaggle_shampabanik12
2023-03-20,Dhaka,1,kaggle_shampabanik12
2023-03-20,Khulna,0,kaggle_shampabanik12
2023-03-20,Mymensingh,0,kaggle_shampabanik12
2023-03-20,Rajshahi,0,kaggle_shampabanik12
2023-03-20,Rangpur,0,kaggle_shampabanik12
2023-03-20,Sylhet,0,kaggle_shampabanik12
2023-03-21,Barishal,2,kaggle_shampabanik12
2023-03-21,Chattogram,1,kaggle_shampabanik12
2023-03-21,Dhaka,1,kaggle_shampabanik12
2023-03-21,Khulna,0,kaggle_shampabanik12
2023-03-21,Mymensingh,0,kaggle_shampabanik12
2023-03-21,Rajshahi,0,kaggle_shampabanik12
2023-03-21,Rangpur,0,kaggle_shampabanik12
2023-03-21,Sylhet,0,kaggle_shampabanik12
2023-03-22,Barishal,1,kaggle_shampabanik12
2023-03-22,Chattogram,0,kaggle_shampabanik12
2023-03-22,Dhaka,4,kaggle_shampabanik12
2023-03-22,Khulna,0,kaggle_shampabanik12
2023-03-22,Mymensingh,0,kaggle_shampabanik12
2023-03-22,Rajshahi,0,kaggle_shampabanik12
2023-03-22,Rangpur,0,kaggle_shampabanik12
2023-03-22,Sylhet,0,kaggle_shampabanik12
2023-03-23,Barishal,0,kaggle_shampabanik12
2023-03-23,Chattogram,0,kaggle_shampabanik12
2023-03-23,Dhaka,1,kaggle_shampabanik12
2023-03-23,Khulna,0,kaggle_shampabanik12
2023-03-23,Mymensingh,0,kaggle_shampabanik12
2023-03-23,Rajshahi,0,kaggle_shampabanik12
2023-03-23,Rangpur,0,kaggle_shampabanik12
2023-03-23,Sylhet,0,kaggle_shampabanik12
2023-03-24,Barishal,0,kaggle_shampabanik12
2023-03-24,Chattogram,0,kaggle_shampabanik12
2023-03-24,Dhaka,0,kaggle_shampabanik12
2023-03-24,Khulna,0,kaggle_shampabanik12
2023-03-24,Mymensingh,0,kaggle_shampabanik12
2023-03-24,Rajshahi,0,kaggle_shampabanik12
2023-03-24,Rangpur,0,kaggle_shampabanik12
2023-03-24,Sylhet,0,kaggle_shampabanik12
2023-03-25,Barishal,0,kaggle_shampabanik12
2023-03-25,Chattogram,1,kaggle_shampabanik12
2023-03-25,Dhaka,5,kaggle_shampabanik12
2023-03-25,Khulna,0,kaggle_shampabanik12
2023-03-25,Mymensingh,0,kaggle_shampabanik12
2023-03-25,Rajshahi,0,kaggle_shampabanik12
2023-03-25,Rangpur,0,kaggle_shampabanik12
2023-03-25,Sylhet,0,kaggle_shampabanik12
2023-03-26,Barishal,0,kaggle_shampabanik12
2023-03-26,Chattogram,0,kaggle_shampabanik12
2023-03-26,Dhaka,0,kaggle_shampabanik12
2023-03-26,Khulna,0,kaggle_shampabanik12
2023-03-26,Mymensingh,0,kaggle_shampabanik12
2023-03-26,Rajshahi,0,kaggle_shampabanik12
2023-03-26,Rangpur,0,kaggle_shampabanik12
2023-03-26,Sylhet,0,kaggle_shampabanik12
2023-03-27,Barishal,0,kaggle_shampabanik12
2023-03-27,Chattogram,0,kaggle_shampabanik12
2023-03-27,Dhaka,4,kaggle_shampabanik12
2023-03-27,Khulna,0,kaggle_shampabanik12
2023-03-27,Mymensingh,0,kaggle_shampabanik12
2023-03-27,Rajshahi,0,kaggle_shampabanik12
2023-03-27,Rangpur,0,kaggle_shampabanik12
2023-03-27,Sylhet,0,kaggle_shampabanik12
2023-03-28,Barishal,0,kaggle_shampabanik12
2023-03-28,Chattogram,1,kaggle_shampabanik12
2023-03-28,Dhaka,5,kaggle_shampabanik12
2023-03-28,Khulna,0,kaggle_shampabanik12
2023-03-28,Mymensingh,0,kaggle_shampabanik12
2023-03-28,Rajshahi,0,kaggle_shampabanik12
2023-03-28,Rangpur,0,kaggle_shampabanik12
2023-03-28,Sylhet,0,kaggle_shampabanik12
2023-03-29,Barishal,0,kaggle_shampabanik12
2023-03-29,Chattogram,0,kaggle_shampabanik12
2023-03-29,Dhaka,2,kaggle_shampabanik12
2023-03-29,Khulna,0,kaggle_shampabanik12
2023-03-29,Mymensingh,0,kaggle_shampabanik12
2023-03-29,Rajshahi,0,kaggle_shampabanik12
2023-03-29,Rangpur,0,kaggle_shampabanik12
2023-03-29,Sylhet,0,kaggle_shampabanik12
2023-03-30,Barishal,0,kaggle_shampabanik12
2023-03-30,Chattogram,3,kaggle_shampabanik12
2023-03-30,Dhaka,3,kaggle_shampabanik12
2023-03-30,Khulna,0,kaggle_shampabanik12
2023-03-30,Mymensingh,0,kaggle_shampabanik12
2023-03-30,Rajshahi,0,kaggle_shampabanik12
2023-03-30,Rangpur,0,kaggle_shampabanik12
2023-03-30,Sylhet,0,kaggle_shampabanik12
2023-03-31,Barishal,0,kaggle_shampabanik12
2023-03-31,Chattogram,0,kaggle_shampabanik12
2023-03-31,Dhaka,0,kaggle_shampabanik12
2023-03-31,Khulna,0,kaggle_shampabanik12
2023-03-31,Mymensingh,0,kaggle_shampabanik12
2023-03-31,Rajshahi,0,kaggle_shampabanik12
2023-03-31,Rangpur,0,kaggle_shampabanik12
2023-03-31,Sylhet,0,kaggle_shampabanik12
2023-04-01,Barishal,0,kaggle_shampabanik12
2023-04-01,Chattogram,0,kaggle_shampabanik12
2023-04-01,Dhaka,4,kaggle_shampabanik12
2023-04-01,Khulna,0,kaggle_shampabanik12
2023-04-01,Mymensingh,0,kaggle_shampabanik12
2023-04-01,Rajshahi,0,kaggle_shampabanik12
2023-04-01,Rangpur,0,kaggle_shampabanik12
2023-04-01,Sylhet,0,kaggle_shampabanik12
2023-04-02,Barishal,1,kaggle_shampabanik12
2023-04-02,Chattogram,1,kaggle_shampabanik12
2023-04-02,Dhaka,1,kaggle_shampabanik12
2023-04-02,Khulna,0,kaggle_shampabanik12
2023-04-02,Mymensingh,0,kaggle_shampabanik12
2023-04-02,Rajshahi,0,kaggle_shampabanik12
2023-04-02,Rangpur,0,kaggle_shampabanik12
2023-04-02,Sylhet,0,kaggle_shampabanik12
2023-04-03,Barishal,2,kaggle_shampabanik12
2023-04-03,Chattogram,0,kaggle_shampabanik12
2023-04-03,Dhaka,0,kaggle_shampabanik12
2023-04-03,Khulna,0,kaggle_shampabanik12
2023-04-03,Mymensingh,0,kaggle_shampabanik12
2023-04-03,Rajshahi,0,kaggle_shampabanik12
2023-04-03,Rangpur,0,kaggle_shampabanik12
2023-04-03,Sylhet,0,kaggle_shampabanik12
2023-04-04,Barishal,0,kaggle_shampabanik12
2023-04-04,Chattogram,0,kaggle_shampabanik12
2023-04-04,Dhaka,5,kaggle_shampabanik12
2023-04-04,Khulna,0,kaggle_shampabanik12
2023-04-04,Mymensingh,0,kaggle_shampabanik12
2023-04-04,Rajshahi,0,kaggle_shampabanik12
2023-04-04,Rangpur,0,kaggle_shampabanik12
2023-04-04,Sylhet,0,kaggle_shampabanik12
2023-04-05,Barishal,0,kaggle_shampabanik12
2023-04-05,Chattogram,0,kaggle_shampabanik12
2023-04-05,Dhaka,5,kaggle_shampabanik12
2023-04-05,Khulna,0,kaggle_shampabanik12
2023-04-05,Mymensingh,0,kaggle_shampabanik12
2023-04-05,Rajshahi,0,kaggle_shampabanik12
2023-04-05,Rangpur,0,kaggle_shampabanik12
2023-04-05,Sylhet,0,kaggle_shampabanik12
2023-04-06,Barishal,1,kaggle_shampabanik12
2023-04-06,Chattogram,1,kaggle_shampabanik12
2023-04-06,Dhaka,8,kaggle_shampabanik12
2023-04-06,Khulna,2,kaggle_shampabanik12
2023-04-06,Mymensingh,0,kaggle_shampabanik12
2023-04-06,Rajshahi,0,kaggle_shampabanik12
2023-04-06,Rangpur,0,kaggle_shampabanik12
2023-04-06,Sylhet,0,kaggle_shampabanik12
2023-04-07,Barishal,0,kaggle_shampabanik12
2023-04-07,Chattogram,0,kaggle_shampabanik12
2023-04-07,Dhaka,0,kaggle_shampabanik12
2023-04-07,Khulna,0,kaggle_shampabanik12
2023-04-07,Mymensingh,0,kaggle_shampabanik12
2023-04-07,Rajshahi,0,kaggle_shampabanik12
2023-04-07,Rangpur,0,kaggle_shampabanik12
2023-04-07,Sylhet,0,kaggle_shampabanik12
2023-04-08,Barishal,0,kaggle_shampabanik12
2023-04-08,Chattogram,0,kaggle_shampabanik12
2023-04-08,Dhaka,1,kaggle_shampabanik12
2023-04-08,Khulna,0,kaggle_shampabanik12
2023-04-08,Mymensingh,0,kaggle_shampabanik12
2023-04-08,Rajshahi,0,kaggle_shampabanik12
2023-04-08,Rangpur,0,kaggle_shampabanik12
2023-04-08,Sylhet,0,kaggle_shampabanik12
2023-04-09,Barishal,0,kaggle_shampabanik12
2023-04-09,Chattogram,0,kaggle_shampabanik12
2023-04-09,Dhaka,4,kaggle_shampabanik12
2023-04-09,Khulna,0,kaggle_shampabanik12
2023-04-09,Mymensingh,0,kaggle_shampabanik12
2023-04-09,Rajshahi,0,kaggle_shampabanik12
2023-04-09,Rangpur,0,kaggle_shampabanik12
2023-04-09,Sylhet,0,kaggle_shampabanik12
2023-04-10,Barishal,0,kaggle_shampabanik12
2023-04-10,Chattogram,1,kaggle_shampabanik12
2023-04-10,Dhaka,7,kaggle_shampabanik12
2023-04-10,Khulna,1,kaggle_shampabanik12
2023-04-10,Mymensingh,0,kaggle_shampabanik12
2023-04-10,Rajshahi,0,kaggle_shampabanik12
2023-04-10,Rangpur,0,kaggle_shampabanik12
2023-04-10,Sylhet,0,kaggle_shampabanik12
2023-04-11,Barishal,0,kaggle_shampabanik12
2023-04-11,Chattogram,1,kaggle_shampabanik12
2023-04-11,Dhaka,5,kaggle_shampabanik12
2023-04-11,Khulna,0,kaggle_shampabanik12
2023-04-11,Mymensingh,0,kaggle_shampabanik12
2023-04-11,Rajshahi,0,kaggle_shampabanik12
2023-04-11,Rangpur,0,kaggle_shampabanik12
2023-04-11,Sylhet,0,kaggle_shampabanik12
2023-04-12,Barishal,0,kaggle_shampabanik12
2023-04-12,Chattogram,2,kaggle_shampabanik12
2023-04-12,Dhaka,2,kaggle_shampabanik12
2023-04-12,Khulna,0,kaggle_shampabanik12
2023-04-12,Mymensingh,0,kaggle_shampabanik12
2023-04-12,Rajshahi,0,kaggle_shampabanik12
2023-04-12,Rangpur,0,kaggle_shampabanik12
2023-04-12,Sylhet,0,kaggle_shampabanik12
2023-04-13,Barishal,0,kaggle_shampabanik12
2023-04-13,Chattogram,0,kaggle_shampabanik12
2023-04-13,Dhaka,3,kaggle_shampabanik12
2023-04-13,Khulna,0,kaggle_shampabanik12
2023-04-13,Mymensingh,0,kaggle_shampabanik12
2023-04-13,Rajshahi,0,kaggle_shampabanik12
2023-04-13,Rangpur,0,kaggle_shampabanik12
2023-04-13,Sylhet,0,kaggle_shampabanik12
2023-04-14,Barishal,0,kaggle_shampabanik12
2023-04-14,Chattogram,0,kaggle_shampabanik12
2023-04-14,Dhaka,0,kaggle_shampabanik12
2023-04-14,Khulna,0,kaggle_shampabanik12
2023-04-14,Mymensingh,0,kaggle_shampabanik12
2023-04-14,Rajshahi,0,kaggle_shampabanik12
2023-04-14,Rangpur,0,kaggle_shampabanik12
2023-04-14,Sylhet,0,kaggle_shampabanik12
2023-04-15,Barishal,0,kaggle_shampabanik12
2023-04-15,Chattogram,0,kaggle_shampabanik12
2023-04-15,Dhaka,0,kaggle_shampabanik12
2023-04-15,Khulna,0,kaggle_shampabanik12
2023-04-15,Mymensingh,0,kaggle_shampabanik12
2023-04-15,Rajshahi,0,kaggle_shampabanik12
2023-04-15,Rangpur,0,kaggle_shampabanik12
2023-04-15,Sylhet,0,kaggle_shampabanik12
2023-04-16,Barishal,2,kaggle_shampabanik12
2023-04-16,Chattogram,1,kaggle_shampabanik12
2023-04-16,Dhaka,4,kaggle_shampabanik12
2023-04-16,Khulna,0,kaggle_shampabanik12
2023-04-16,Mymensingh,0,kaggle_shampabanik12
2023-04-16,Rajshahi,0,kaggle_shampabanik12
2023-04-16,Rangpur,0,kaggle_shampabanik12
2023-04-16,Sylhet,0,kaggle_shampabanik12
2023-04-17,Barishal,0,kaggle_shampabanik12
2023-04-17,Chattogram,1,kaggle_shampabanik12
2023-04-17,Dhaka,2,kaggle_shampabanik12
2023-04-17,Khulna,0,kaggle_shampabanik12
2023-04-17,Mymensingh,1,kaggle_shampabanik12
2023-04-17,Rajshahi,0,kaggle_shampabanik12
2023-04-17,Rangpur,0,kaggle_shampabanik12
2023-04-17,Sylhet,0,kaggle_shampabanik12
2023-04-18,Barishal,0,kaggle_shampabanik12
2023-04-18,Chattogram,6,kaggle_shampabanik12
2023-04-18,Dhaka,1,kaggle_shampabanik12
2023-04-18,Khulna,0,kaggle_shampabanik12
2023-04-18,Mymensingh,0,kaggle_shampabanik12
2023-04-18,Rajshahi,0,kaggle_shampabanik12
2023-04-18,Rangpur,0,kaggle_shampabanik12
2023-04-18,Sylhet,0,kaggle_shampabanik12
2023-04-19,Barishal,0,kaggle_shampabanik12
2023-04-19,Chattogram,0,kaggle_shampabanik12
2023-04-19,Dhaka,0,kaggle_shampabanik12
2023-04-19,Khulna,0,kaggle_shampabanik12
2023-04-19,Mymensingh,0,kaggle_shampabanik12
2023-04-19,Rajshahi,0,kaggle_shampabanik12
2023-04-19,Rangpur,0,kaggle_shampabanik12
2023-04-19,Sylhet,0,kaggle_shampabanik12
2023-04-20,Barishal,0,kaggle_shampabanik12
2023-04-20,Chattogram,0,kaggle_shampabanik12
2023-04-20,Dhaka,1,kaggle_shampabanik12
2023-04-20,Khulna,0,kaggle_shampabanik12
2023-04-20,Mymensingh,0,kaggle_shampabanik12
2023-04-20,Rajshahi,0,kaggle_shampabanik12
2023-04-20,Rangpur,0,kaggle_shampabanik12
2023-04-20,Sylhet,0,kaggle_shampabanik12
2023-04-21,Barishal,0,kaggle_shampabanik12
2023-04-21,Chattogram,0,kaggle_shampabanik12
2023-04-21,Dhaka,0,kaggle_shampabanik12
2023-04-21,Khulna,0,kaggle_shampabanik12
2023-04-21,Mymensingh,0,kaggle_shampabanik12
2023-04-21,Rajshahi,0,kaggle_shampabanik12
2023-04-21,Rangpur,0,kaggle_shampabanik12
2023-04-21,Sylhet,0,kaggle_shampabanik12
2023-04-22,Barishal,0,kaggle_shampabanik12
2023-04-22,Chattogram,0,kaggle_shampabanik12
2023-04-22,Dhaka,0,kaggle_shampabanik12
2023-04-22,Khulna,0,kaggle_shampabanik12
2023-04-22,Mymensingh,0,kaggle_shampabanik12
2023-04-22,Rajshahi,0,kaggle_shampabanik12
2023-04-22,Rangpur,0,kaggle_shampabanik12
2023-04-22,Sylhet,0,kaggle_shampabanik12
2023-04-23,Barishal,0,kaggle_shampabanik12
2023-04-23,Chattogram,0,kaggle_shampabanik12
2023-04-23,Dhaka,0,kaggle_shampabanik12
2023-04-23,Khulna,0,kaggle_shampabanik12
2023-04-23,Mymensingh,0,kaggle_shampabanik12
2023-04-23,Rajshahi,0,kaggle_shampabanik12
2023-04-23,Rangpur,0,kaggle_shampabanik12
2023-04-23,Sylhet,0,kaggle_shampabanik12
2023-04-24,Barishal,0,kaggle_shampabanik12
2023-04-24,Chattogram,3,kaggle_shampabanik12
2023-04-24,Dhaka,6,kaggle_shampabanik12
2023-04-24,Khulna,0,kaggle_shampabanik12
2023-04-24,Mymensingh,0,kaggle_shampabanik12
2023-04-24,Rajshahi,0,kaggle_shampabanik12
2023-04-24,Rangpur,0,kaggle_shampabanik12
2023-04-24,Sylhet,0,kaggle_shampabanik12
2023-04-25,Barishal,3,kaggle_shampabanik12
2023-04-25,Chattogram,2,kaggle_shampabanik12
2023-04-25,Dhaka,5,kaggle_shampabanik12
2023-04-25,Khulna,0,kaggle_shampabanik12
2023-04-25,Mymensingh,0,kaggle_shampabanik12
2023-04-25,Rajshahi,0,kaggle_shampabanik12
2023-04-25,Rangpur,0,kaggle_shampabanik12
2023-04-25,Sylhet,0,kaggle_shampabanik12
2023-04-26,Barishal,2,kaggle_shampabanik12
2023-04-26,Chattogram,1,kaggle_shampabanik12
2023-04-26,Dhaka,5,kaggle_shampabanik12
2023-04-26,Khulna,0,kaggle_shampabanik12
2023-04-26,Mymensingh,0,kaggle_shampabanik12
2023-04-26,Rajshahi,0,kaggle_shampabanik12
2023-04-26,Rangpur,0,kaggle_shampabanik12
2023-04-26,Sylhet,0,kaggle_shampabanik12
2023-04-27,Barishal,0,kaggle_shampabanik12
2023-04-27,Chattogram,2,kaggle_shampabanik12
2023-04-27,Dhaka,11,kaggle_shampabanik12
2023-04-27,Khulna,0,kaggle_shampabanik12
2023-04-27,Mymensingh,0,kaggle_shampabanik12
2023-04-27,Rajshahi,0,kaggle_shampabanik12
2023-04-27,Rangpur,0,kaggle_shampabanik12
2023-04-27,Sylhet,0,kaggle_shampabanik12
2023-04-28,Barishal,0,kaggle_shampabanik12
2023-04-28,Chattogram,0,kaggle_shampabanik12
2023-04-28,Dhaka,0,kaggle_shampabanik12
2023-04-28,Khulna,0,kaggle_shampabanik12
2023-04-28,Mymensingh,0,kaggle_shampabanik12
2023-04-28,Rajshahi,0,kaggle_shampabanik12
2023-04-28,Rangpur,0,kaggle_shampabanik12
2023-04-28,Sylhet,0,kaggle_shampabanik12
2023-04-29,Barishal,0,kaggle_shampabanik12
2023-04-29,Chattogram,5,kaggle_shampabanik12
2023-04-29,Dhaka,10,kaggle_shampabanik12
2023-04-29,Khulna,0,kaggle_shampabanik12
2023-04-29,Mymensingh,0,kaggle_shampabanik12
2023-04-29,Rajshahi,0,kaggle_shampabanik12
2023-04-29,Rangpur,0,kaggle_shampabanik12
2023-04-29,Sylhet,0,kaggle_shampabanik12
2023-04-30,Barishal,2,kaggle_shampabanik12
2023-04-30,Chattogram,5,kaggle_shampabanik12
2023-04-30,Dhaka,4,kaggle_shampabanik12
2023-04-30,Khulna,0,kaggle_shampabanik12
2023-04-30,Mymensingh,0,kaggle_shampabanik12
2023-04-30,Rajshahi,0,kaggle_shampabanik12
2023-04-30,Rangpur,0,kaggle_shampabanik12
2023-04-30,Sylhet,0,kaggle_shampabanik12
2023-05-01,Barishal,0,kaggle_shampabanik12
2023-05-01,Chattogram,0,kaggle_shampabanik12
2023-05-01,Dhaka,21,kaggle_shampabanik12
2023-05-01,Khulna,0,kaggle_shampabanik12
2023-05-01,Mymensingh,0,kaggle_shampabanik12
2023-05-01,Rajshahi,0,kaggle_shampabanik12
2023-05-01,Rangpur,0,kaggle_shampabanik12
2023-05-01,Sylhet,3,kaggle_shampabanik12
2023-05-02,Barishal,2,kaggle_shampabanik12
2023-05-02,Chattogram,3,kaggle_shampabanik12
2023-05-02,Dhaka,20,kaggle_shampabanik12
2023-05-02,Khulna,0,kaggle_shampabanik12
2023-05-02,Mymensingh,1,kaggle_shampabanik12
2023-05-02,Rajshahi,0,kaggle_shampabanik12
2023-05-02,Rangpur,0,kaggle_shampabanik12
2023-05-02,Sylhet,1,kaggle_shampabanik12
2023-05-03,Barishal,2,kaggle_shampabanik12
2023-05-03,Chattogram,3,kaggle_shampabanik12
2023-05-03,Dhaka,9,kaggle_shampabanik12
2023-05-03,Khulna,0,kaggle_shampabanik12
2023-05-03,Mymensingh,1,kaggle_shampabanik12
2023-05-03,Rajshahi,0,kaggle_shampabanik12
2023-05-03,Rangpur,0,kaggle_shampabanik12
2023-05-03,Sylhet,0,kaggle_shampabanik12
2023-05-04,Barishal,0,kaggle_shampabanik12
2023-05-04,Chattogram,0,kaggle_shampabanik12
2023-05-04,Dhaka,8,kaggle_shampabanik12
2023-05-04,Khulna,0,kaggle_shampabanik12
2023-05-04,Mymensingh,1,kaggle_shampabanik12
2023-05-04,Rajshahi,0,kaggle_shampabanik12
2023-05-04,Rangpur,0,kaggle_shampabanik12
2023-05-04,Sylhet,0,kaggle_shampabanik12
2023-05-05,Barishal,0,kaggle_shampabanik12
2023-05-05,Chattogram,0,kaggle_shampabanik12
2023-05-05,Dhaka,4,kaggle_shampabanik12
2023-05-05,Khulna,0,kaggle_shampabanik12
2023-05-05,Mymensingh,0,kaggle_shampabanik12
2023-05-05,Rajshahi,0,kaggle_shampabanik12
2023-05-05,Rangpur,0,kaggle_shampabanik12
2023-05-05,Sylhet,0,kaggle_shampabanik12
2023-05-06,Barishal,0,kaggle_shampabanik12
2023-05-06,Chattogram,1,kaggle_shampabanik12
2023-05-06,Dhaka,13,kaggle_shampabanik12
2023-05-06,Khulna,0,kaggle_shampabanik12
2023-05-06,Mymensingh,0,kaggle_shampabanik12
2023-05-06,Rajshahi,0,kaggle_shampabanik12
2023-05-06,Rangpur,0,kaggle_shampabanik12
2023-05-06,Sylhet,0,kaggle_shampabanik12
2023-05-07,Barishal,0,kaggle_shampabanik12
2023-05-07,Chattogram,1,kaggle_shampabanik12
2023-05-07,Dhaka,8,kaggle_shampabanik12
2023-05-07,Khulna,0,kaggle_shampabanik12
2023-05-07,Mymensingh,0,kaggle_shampabanik12
2023-05-07,Rajshahi,0,kaggle_shampabanik12
2023-05-07,Rangpur,0,kaggle_shampabanik12
2023-05-07,Sylhet,0,kaggle_shampabanik12
2023-05-08,Barishal,2,kaggle_shampabanik12
2023-05-08,Chattogram,30,kaggle_shampabanik12
2023-05-08,Dhaka,0,kaggle_shampabanik12
2023-05-08,Khulna,2,kaggle_shampabanik12
2023-05-08,Mymensingh,0,kaggle_shampabanik12
2023-05-08,Rajshahi,0,kaggle_shampabanik12
2023-05-08,Rangpur,0,kaggle_shampabanik12
2023-05-08,Sylhet,0,kaggle_shampabanik12
2023-05-09,Barishal,3,kaggle_shampabanik12
2023-05-09,Chattogram,2,kaggle_shampabanik12
2023-05-09,Dhaka,15,kaggle_shampabanik12
2023-05-09,Khulna,0,kaggle_shampabanik12
2023-05-09,Mymensingh,1,kaggle_shampabanik12
2023-05-09,Rajshahi,0,kaggle_shampabanik12
2023-05-09,Rangpur,0,kaggle_shampabanik12
2023-05-09,Sylhet,0,kaggle_shampabanik12
2023-05-10,Barishal,2,kaggle_shampabanik12
2023-05-10,Chattogram,1,kaggle_shampabanik12
2023-05-10,Dhaka,24,kaggle_shampabanik12
2023-05-10,Khulna,1,kaggle_shampabanik12
2023-05-10,Mymensingh,1,kaggle_shampabanik12
2023-05-10,Rajshahi,0,kaggle_shampabanik12
2023-05-10,Rangpur,0,kaggle_shampabanik12
2023-05-10,Sylhet,0,kaggle_shampabanik12
2023-05-11,Barishal,2,kaggle_shampabanik12
2023-05-11,Chattogram,2,kaggle_shampabanik12
2023-05-11,Dhaka,14,kaggle_shampabanik12
2023-05-11,Khulna,1,kaggle_shampabanik12
2023-05-11,Mymensingh,0,kaggle_shampabanik12
2023-05-11,Rajshahi,0,kaggle_shampabanik12
2023-05-11,Rangpur,0,kaggle_shampabanik12
2023-05-11,Sylhet,0,kaggle_shampabanik12
2023-05-12,Barishal,0,kaggle_shampabanik12
2023-05-12,Chattogram,0,kaggle_shampabanik12
2023-05-12,Dhaka,5,kaggle_shampabanik12
2023-05-12,Khulna,0,kaggle_shampabanik12
2023-05-12,Mymensingh,0,kaggle_shampabanik12
2023-05-12,Rajshahi,0,kaggle_shampabanik12
2023-05-12,Rangpur,0,kaggle_shampabanik12
2023-05-12,Sylhet,0,kaggle_shampabanik12
2023-05-13,Barishal,0,kaggle_shampabanik12
2023-05-13,Chattogram,6,kaggle_shampabanik12
2023-05-13,Dhaka,23,kaggle_shampabanik12
2023-05-13,Khulna,0,kaggle_shampabanik12
2023-05-13,Mymensingh,0,kaggle_shampabanik12
2023-05-13,Rajshahi,0,kaggle_shampabanik12
2023-05-13,Rangpur,0,kaggle_shampabanik12
2023-05-13,Sylhet,0,kaggle_shampabanik12
2023-05-14,Barishal,0,kaggle_shampabanik12
2023-05-14,Chattogram,3,kaggle_shampabanik12
2023-05-14,Dhaka,14,kaggle_shampabanik12
2023-05-14,Khulna,0,kaggle_shampabanik12
2023-05-14,Mymensingh,0,kaggle_shampabanik12
2023-05-14,Rajshahi,0,kaggle_shampabanik12
2023-05-14,Rangpur,0,kaggle_shampabanik12
2023-05-14,Sylhet,0,kaggle_shampabanik12
2023-05-15,Barishal,0,kaggle_shampabanik12
2023-05-15,Chattogram,2,kaggle_shampabanik12
2023-05-15,Dhaka,16,kaggle_shampabanik12
2023-05-15,Khulna,0,kaggle_shampabanik12
2023-05-15,Mymensingh,0,kaggle_shampabanik12
2023-05-15,Rajshahi,0,kaggle_shampabanik12
2023-05-15,Rangpur,0,kaggle_shampabanik12
2023-05-15,Sylhet,0,kaggle_shampabanik12
2023-05-16,Barishal,3,kaggle_shampabanik12
2023-05-16,Chattogram,1,kaggle_shampabanik12
2023-05-16,Dhaka,26,kaggle_shampabanik12
2023-05-16,Khulna,1,kaggle_shampabanik12
2023-05-16,Mymensingh,0,kaggle_shampabanik12
2023-05-16,Rajshahi,0,kaggle_shampabanik12
2023-05-16,Rangpur,0,kaggle_shampabanik12
2023-05-16,Sylhet,0,kaggle_shampabanik12
2023-05-17,Barishal,0,kaggle_shampabanik12
2023-05-17,Chattogram,2,kaggle_shampabanik12
2023-05-17,Dhaka,35,kaggle_shampabanik12
2023-05-17,Khulna,1,kaggle_shampabanik12
2023-05-17,Mymensingh,0,kaggle_shampabanik12
2023-05-17,Rajshahi,0,kaggle_shampabanik12
2023-05-17,Rangpur,0,kaggle_shampabanik12
2023-05-17,Sylhet,0,kaggle_shampabanik12
2023-05-18,Barishal,1,kaggle_shampabanik12
2023-05-18,Chattogram,1,kaggle_shampabanik12
2023-05-18,Dhaka,25,kaggle_shampabanik12
2023-05-18,Khulna,1,kaggle_shampabanik12
2023-05-18,Mymensingh,0,kaggle_shampabanik12
2023-05-18,Rajshahi,0,kaggle_shampabanik12
2023-05-18,Rangpur,0,kaggle_shampabanik12
2023-05-18,Sylhet,0,kaggle_shampabanik12
2023-05-19,Barishal,0,kaggle_shampabanik12
2023-05-19,Chattogram,0,kaggle_shampabanik12
2023-05-19,Dhaka,3,kaggle_shampabanik12
2023-05-19,Khulna,0,kaggle_shampabanik12
2023-05-19,Mymensingh,0,kaggle_shampabanik12
2023-05-19,Rajshahi,0,kaggle_shampabanik12
2023-05-19,Rangpur,0,kaggle_shampabanik12
2023-05-19,Sylhet,0,kaggle_shampabanik12
2023-05-20,Barishal,0,kaggle_shampabanik12
2023-05-20,Chattogram,0,kaggle_shampabanik12
2023-05-20,Dhaka,51,kaggle_shampabanik12
2023-05-20,Khulna,0,kaggle_shampabanik12
2023-05-20,Mymensingh,0,kaggle_shampabanik12
2023-05-20,Rajshahi,0,kaggle_shampabanik12
2023-05-20,Rangpur,0,kaggle_shampabanik12
2023-05-20,Sylhet,0,kaggle_shampabanik12
2023-05-21,Barishal,2,kaggle_shampabanik12
2023-05-21,Chattogram,1,kaggle_shampabanik12
2023-05-21,Dhaka,17,kaggle_shampabanik12
2023-05-21,Khulna,1,kaggle_shampabanik12
2023-05-21,Mymensingh,0,kaggle_shampabanik12
2023-05-21,Rajshahi,0,kaggle_shampabanik12
2023-05-21,Rangpur,0,kaggle_shampabanik12
2023-05-21,Sylhet,0,kaggle_shampabanik12
2023-05-22,Barishal,1,kaggle_shampabanik12
2023-05-22,Chattogram,2,kaggle_shampabanik12
2023-05-22,Dhaka,36,kaggle_shampabanik12
2023-05-22,Khulna,0,kaggle_shampabanik12
2023-05-22,Mymensingh,1,kaggle_shampabanik12
2023-05-22,Rajshahi,0,kaggle_shampabanik12
2023-05-22,Rangpur,0,kaggle_shampabanik12
2023-05-22,Sylhet,0,kaggle_shampabanik12
2023-05-23,Barishal,1,kaggle_shampabanik12
2023-05-23,Chattogram,3,kaggle_shampabanik12
2023-05-23,Dhaka,41,kaggle_shampabanik12
2023-05-23,Khulna,0,kaggle_shampabanik12
2023-05-23,Mymensingh,1,kaggle_shampabanik12
2023-05-23,Rajshahi,0,kaggle_shampabanik12
2023-05-23,Rangpur,0,kaggle_shampabanik12
2023-05-23,Sylhet,0,kaggle_shampabanik12
2023-05-24,Barishal,2,kaggle_shampabanik12
2023-05-24,Chattogram,2,kaggle_shampabanik12
2023-05-24,Dhaka,30,kaggle_shampabanik12
2023-05-24,Khulna,1,kaggle_shampabanik12
2023-05-24,Mymensingh,0,kaggle_shampabanik12
2023-05-24,Rajshahi,0,kaggle_shampabanik12
2023-05-24,Rangpur,0,kaggle_shampabanik12
2023-05-24,Sylhet,0,kaggle_shampabanik12
2023-05-25,Barishal,0,kaggle_shampabanik12
2023-05-25,Chattogram,8,kaggle_shampabanik12
2023-05-25,Dhaka,42,kaggle_shampabanik12
2023-05-25,Khulna,0,kaggle_shampabanik12
2023-05-25,Mymensingh,2,kaggle_shampabanik12
2023-05-25,Rajshahi,0,kaggle_shampabanik12
2023-05-25,Rangpur,0,kaggle_shampabanik12
2023-05-25,Sylhet,0,kaggle_shampabanik12
2023-05-26,Barishal,0,kaggle_shampabanik12
2023-05-26,Chattogram,0,kaggle_shampabanik12
2023-05-26,Dhaka,4,kaggle_shampabanik12
2023-05-26,Khulna,0,kaggle_shampabanik12
2023-05-26,Mymensingh,0,kaggle_shampabanik12
2023-05-26,Rajshahi,0,kaggle_shampabanik12
2023-05-26,Rangpur,0,kaggle_shampabanik12
2023-05-26,Sylhet,0,kaggle_shampabanik12
2023-05-27,Barishal,1,kaggle_shampabanik12
2023-05-27,Chattogram,6,kaggle_shampabanik12
2023-05-27,Dhaka,73,kaggle_shampabanik12
2023-05-27,Khulna,0,kaggle_shampabanik12
2023-05-27,Mymensingh,0,kaggle_shampabanik12
2023-05-27,Rajshahi,0,kaggle_shampabanik12
2023-05-27,Rangpur,0,kaggle_shampabanik12
2023-05-27,Sylhet,0,kaggle_shampabanik12
2023-05-28,Barishal,1,kaggle_shampabanik12
2023-05-28,Chattogram,4,kaggle_shampabanik12
2023-05-28,Dhaka,61,kaggle_shampabanik12
2023-05-28,Khulna,1,kaggle_shampabanik12
2023-05-28,Mymensingh,0,kaggle_shampabanik12
2023-05-28,Rajshahi,0,kaggle_shampabanik12
2023-05-28,Rangpur,0,kaggle_shampabanik12
2023-05-28,Sylhet,0,kaggle_shampabanik12
2023-05-29,Barishal,0,kaggle_shampabanik12
2023-05-29,Chattogram,7,kaggle_shampabanik12
2023-05-29,Dhaka,63,kaggle_shampabanik12
2023-05-29,Khulna,0,kaggle_shampabanik12
2023-05-29,Mymensingh,0,kaggle_shampabanik12
2023-05-29,Rajshahi,1,kaggle_shampabanik12
2023-05-29,Rangpur,0,kaggle_shampabanik12
2023-05-29,Sylhet,1,kaggle_shampabanik12
2023-05-30,Barishal,6,kaggle_shampabanik12
2023-05-30,Chattogram,10,kaggle_shampabanik12
2023-05-30,Dhaka,67,kaggle_shampabanik12
2023-05-30,Khulna,0,kaggle_shampabanik12
2023-05-30,Mymensingh,1,kaggle_shampabanik12
2023-05-30,Rajshahi,0,kaggle_shampabanik12
2023-05-30,Rangpur,0,kaggle_shampabanik12
2023-05-30,Sylhet,0,kaggle_shampabanik12
2023-05-31,Barishal,3,kaggle_shampabanik12
2023-05-31,Chattogram,9,kaggle_shampabanik12
2023-05-31,Dhaka,83,kaggle_shampabanik12
2023-05-31,Khulna,0,kaggle_shampabanik12
2023-05-31,Mymensingh,0,kaggle_shampabanik12
2023-05-31,Rajshahi,0,kaggle_shampabanik12
2023-05-31,Rangpur,0,kaggle_shampabanik12
2023-05-31,Sylhet,0,kaggle_shampabanik12
2023-06-01,Barishal,2,kaggle_shampabanik12
2023-06-01,Chattogram,8,kaggle_shampabanik12
2023-06-01,Dhaka,101,kaggle_shampabanik12
2023-06-01,Khulna,1,kaggle_shampabanik12
2023-06-01,Mymensingh,0,kaggle_shampabanik12
2023-06-01,Rajshahi,0,kaggle_shampabanik12
2023-06-01,Rangpur,0,kaggle_shampabanik12
2023-06-01,Sylhet,0,kaggle_shampabanik12
2023-06-02,Barishal,1,kaggle_shampabanik12
2023-06-02,Chattogram,0,kaggle_shampabanik12
2023-06-02,Dhaka,2,kaggle_shampabanik12
2023-06-02,Khulna,0,kaggle_shampabanik12
2023-06-02,Mymensingh,1,kaggle_shampabanik12
2023-06-02,Rajshahi,0,kaggle_shampabanik12
2023-06-02,Rangpur,0,kaggle_shampabanik12
2023-06-02,Sylhet,0,kaggle_shampabanik12
2023-06-03,Barishal,5,kaggle_shampabanik12
2023-06-03,Chattogram,8,kaggle_shampabanik12
2023-06-03,Dhaka,128,kaggle_shampabanik12
2023-06-03,Khulna,0,kaggle_shampabanik12
2023-06-03,Mymensingh,0,kaggle_shampabanik12
2023-06-03,Rajshahi,0,kaggle_shampabanik12
2023-06-03,Rangpur,0,kaggle_shampabanik12
2023-06-03,Sylhet,0,kaggle_shampabanik12
2023-06-04,Barishal,3,kaggle_shampabanik12
2023-06-04,Chattogram,3,kaggle_shampabanik12
2023-06-04,Dhaka,87,kaggle_shampabanik12
2023-06-04,Khulna,3,kaggle_shampabanik12
2023-06-04,Mymensingh,1,kaggle_shampabanik12
2023-06-04,Rajshahi,0,kaggle_shampabanik12
2023-06-04,Rangpur,0,kaggle_shampabanik12
2023-06-04,Sylhet,0,kaggle_shampabanik12
2023-06-05,Barishal,2,kaggle_shampabanik12
2023-06-05,Chattogram,7,kaggle_shampabanik12
2023-06-05,Dhaka,87,kaggle_shampabanik12
2023-06-05,Khulna,3,kaggle_shampabanik12
2023-06-05,Mymensingh,1,kaggle_shampabanik12
2023-06-05,Rajshahi,1,kaggle_shampabanik12
2023-06-05,Rangpur,0,kaggle_shampabanik12
2023-06-05,Sylhet,0,kaggle_shampabanik12
2023-06-06,Barishal,4,kaggle_shampabanik12
2023-06-06,Chattogram,3,kaggle_shampabanik12
2023-06-06,Dhaka,89,kaggle_shampabanik12
2023-06-06,Khulna,0,kaggle_shampabanik12
2023-06-06,Mymensingh,0,kaggle_shampabanik12
2023-06-06,Rajshahi,0,kaggle_shampabanik12
2023-06-06,Rangpur,0,kaggle_shampabanik12
2023-06-06,Sylhet,0,kaggle_shampabanik12
2023-06-07,Barishal,5,kaggle_shampabanik12
2023-06-07,Chattogram,12,kaggle_shampabanik12
2023-06-07,Dhaka,128,kaggle_shampabanik12
2023-06-07,Khulna,2,kaggle_shampabanik12
2023-06-07,Mymensingh,0,kaggle_shampabanik12
2023-06-07,Rajshahi,0,kaggle_shampabanik12
2023-06-07,Rangpur,0,kaggle_shampabanik12
2023-06-07,Sylhet,0,kaggle_shampabanik12
2023-06-08,Barishal,4,kaggle_shampabanik12
2023-06-08,Chattogram,6,kaggle_shampabanik12
2023-06-08,Dhaka,123,kaggle_shampabanik12
2023-06-08,Khulna,1,kaggle_shampabanik12
2023-06-08,Mymensingh,0,kaggle_shampabanik12
2023-06-08,Rajshahi,0,kaggle_shampabanik12
2023-06-08,Rangpur,0,kaggle_shampabanik12
2023-06-08,Sylhet,0,kaggle_shampabanik12
2023-06-09,Barishal,0,kaggle_shampabanik12
2023-06-09,Chattogram,0,kaggle_shampabanik12
2023-06-09,Dhaka,9,kaggle_shampabanik12
2023-06-09,Khulna,1,kaggle_shampabanik12
2023-06-09,Mymensingh,1,kaggle_shampabanik12
2023-06-09,Rajshahi,0,kaggle_shampabanik12
2023-06-09,Rangpur,0,kaggle_shampabanik12
2023-06-09,Sylhet,0,kaggle_shampabanik12
2023-06-10,Barishal,1,kaggle_shampabanik12
2023-06-10,Chattogram,2,kaggle_shampabanik12
2023-06-10,Dhaka,150,kaggle_shampabanik12
2023-06-10,Khulna,1,kaggle_shampabanik12
2023-06-10,Mymensingh,0,kaggle_shampabanik12
2023-06-10,Rajshahi,0,kaggle_shampabanik12
2023-06-10,Rangpur,0,kaggle_shampabanik12
2023-06-10,Sylhet,0,kaggle_shampabanik12
2023-06-11,Barishal,12,kaggle_shampabanik12
2023-06-11,Chattogram,19,kaggle_shampabanik12
2023-06-11,Dhaka,150,kaggle_shampabanik12
2023-06-11,Khulna,1,kaggle_shampabanik12
2023-06-11,Mymensingh,2,kaggle_shampabanik12
2023-06-11,Rajshahi,2,kaggle_shampabanik12
2023-06-11,Rangpur,3,kaggle_shampabanik12
2023-06-11,Sylhet,0,kaggle_shampabanik12
2023-06-12,Barishal,4,kaggle_shampabanik12
2023-06-12,Chattogram,10,kaggle_shampabanik12
2023-06-12,Dhaka,152,kaggle_shampabanik12
2023-06-12,Khulna,0,kaggle_shampabanik12
2023-06-12,Mymensingh,1,kaggle_shampabanik12
2023-06-12,Rajshahi,1,kaggle_shampabanik12
2023-06-12,Rangpur,2,kaggle_shampabanik12
2023-06-12,Sylhet,0,kaggle_shampabanik12
2023-06-13,Barishal,13,kaggle_shampabanik12
2023-06-13,Chattogram,14,kaggle_shampabanik12
2023-06-13,Dhaka,176,kaggle_shampabanik12
2023-06-13,Khulna,5,kaggle_shampabanik12
2023-06-13,Mymensingh,2,kaggle_shampabanik12
2023-06-13,Rajshahi,1,kaggle_shampabanik12
2023-06-13,Rangpur,0,kaggle_shampabanik12
2023-06-13,Sylhet,0,kaggle_shampabanik12
2023-06-14,Barishal,8,kaggle_shampabanik12
2023-06-14,Chattogram,7,kaggle_shampabanik12
2023-06-14,Dhaka,184,kaggle_shampabanik12
2023-06-14,Khulna,0,kaggle_shampabanik12
2023-06-14,Mymensingh,1,kaggle_shampabanik12
2023-06-14,Rajshahi,1,kaggle_shampabanik12
2023-06-14,Rangpur,0,kaggle_shampabanik12
2023-06-14,Sylhet,0,kaggle_shampabanik12
2023-06-15,Barishal,14,kaggle_shampabanik12
2023-06-15,Chattogram,23,kaggle_shampabanik12
2023-06-15,Dhaka,141,kaggle_shampabanik12
2023-06-15,Khulna,1,kaggle_shampabanik12
2023-06-15,Mymensingh,3,kaggle_shampabanik12
2023-06-15,Rajshahi,1,kaggle_shampabanik12
2023-06-15,Rangpur,0,kaggle_shampabanik12
2023-06-15,Sylhet,0,kaggle_shampabanik12
2023-06-16,Barishal,0,kaggle_shampabanik12
2023-06-16,Chattogram,2,kaggle_shampabanik12
2023-06-16,Dhaka,31,kaggle_shampabanik12
2023-06-16,Khulna,0,kaggle_shampabanik12
2023-06-16,Mymensingh,5,kaggle_shampabanik12
2023-06-16,Rajshahi,1,kaggle_shampabanik12
2023-06-16,Rangpur,0,kaggle_shampabanik12
2023-06-16,Sylhet,0,kaggle_shampabanik12
2023-06-17,Barishal,24,kaggle_shampabanik12
2023-06-17,Chattogram,31,kaggle_shampabanik12
2023-06-17,Dhaka,413,kaggle_shampabanik12
2023-06-17,Khulna,6,kaggle_shampabanik12
2023-06-17,Mymensingh,3,kaggle_shampabanik12
2023-06-17,Rajshahi,0,kaggle_shampabanik12
2023-06-17,Rangpur,0,kaggle_shampabanik12
2023-06-17,Sylhet,0,kaggle_shampabanik12
2023-06-18,Barishal,14,kaggle_shampabanik12
2023-06-18,Chattogram,20,kaggle_shampabanik12
2023-06-18,Dhaka,257,kaggle_shampabanik12
2023-06-18,Khulna,3,kaggle_shampabanik12
2023-06-18,Mymensingh,9,kaggle_shampabanik12
2023-06-18,Rajshahi,0,kaggle_shampabanik12
2023-06-18,Rangpur,0,kaggle_shampabanik12
2023-06-18,Sylhet,0,kaggle_shampabanik12
2023-06-19,Barishal,11,kaggle_shampabanik12
2023-06-19,Chattogram,19,kaggle_shampabanik12
2023-06-19,Dhaka,172,kaggle_shampabanik12
2023-06-19,Khulna,10,kaggle_shampabanik12
2023-06-19,Mymensingh,7,kaggle_shampabanik12
2023-06-19,Rajshahi,0,kaggle_shampabanik12
2023-06-19,Rangpur,2,kaggle_shampabanik12
2023-06-19,Sylhet,1,kaggle_shampabanik12
2023-06-20,Barishal,21,kaggle_shampabanik12
2023-06-20,Chattogram,28,kaggle_shampabanik12
2023-06-20,Dhaka,279,kaggle_shampabanik12
2023-06-20,Khulna,0,kaggle_shampabanik12
2023-06-20,Mymensingh,3,kaggle_shampabanik12
2023-06-20,Rajshahi,1,kaggle_shampabanik12
2023-06-20,Rangpur,0,kaggle_shampabanik12
2023-06-20,Sylhet,2,kaggle_shampabanik12
2023-06-21,Barishal,20,kaggle_shampabanik12
2023-06-21,Chattogram,21,kaggle_shampabanik12
2023-06-21,Dhaka,295,kaggle_shampabanik12
2023-06-21,Khulna,0,kaggle_shampabanik12
2023-06-21,Mymensingh,0,kaggle_shampabanik12
2023-06-21,Rajshahi,2,kaggle_shampabanik12
2023-06-21,Rangpur,9,kaggle_shampabanik12
2023-06-21,Sylhet,2,kaggle_shampabanik12
2023-06-22,Barishal,13,kaggle_shampabanik12
2023-06-22,Chattogram,56,kaggle_shampabanik12
2023-06-22,Dhaka,286,kaggle_shampabanik12
2023-06-22,Khulna,3,kaggle_shampabanik12
2023-06-22,Mymensingh,3,kaggle_shampabanik12
2023-06-22,Rajshahi,0,kaggle_shampabanik12
2023-06-22,Rangpur,3,kaggle_shampabanik12
2023-06-22,Sylhet,5,kaggle_shampabanik12
2023-06-23,Barishal,0,kaggle_shampabanik12
2023-06-23,Chattogram,0,kaggle_shampabanik12
2023-06-23,Dhaka,42,kaggle_shampabanik12
2023-06-23,Khulna,2,kaggle_shampabanik12
2023-06-23,Mymensingh,0,kaggle_shampabanik12
2023-06-23,Rajshahi,1,kaggle_shampabanik12
2023-06-23,Rangpur,0,kaggle_shampabanik12
2023-06-23,Sylhet,1,kaggle_shampabanik12
2023-06-24,Barishal,26,kaggle_shampabanik12
2023-06-24,Chattogram,19,kaggle_shampabanik12
2023-06-24,Dhaka,432,kaggle_shampabanik12
2023-06-24,Khulna,5,kaggle_shampabanik12
2023-06-24,Mymensingh,7,kaggle_shampabanik12
2023-06-24,Rajshahi,0,kaggle_shampabanik12
2023-06-24,Rangpur,0,kaggle_shampabanik12
2023-06-24,Sylhet,11,kaggle_shampabanik12
2023-06-25,Barishal,18,kaggle_shampabanik12
2023-06-25,Chattogram,46,kaggle_shampabanik12
2023-06-25,Dhaka,305,kaggle_shampabanik12
2023-06-25,Khulna,16,kaggle_shampabanik12
2023-06-25,Mymensingh,9,kaggle_shampabanik12
2023-06-25,Rajshahi,6,kaggle_shampabanik12
2023-06-25,Rangpur,5,kaggle_shampabanik12
2023-06-25,Sylhet,3,kaggle_shampabanik12
2023-06-26,Barishal,28,kaggle_shampabanik12
2023-06-26,Chattogram,50,kaggle_shampabanik12
2023-06-26,Dhaka,249,kaggle_shampabanik12
2023-06-26,Khulna,14,kaggle_shampabanik12
2023-06-26,Mymensingh,12,kaggle_shampabanik12
2023-06-26,Rajshahi,7,kaggle_shampabanik12
2023-06-26,Rangpur,8,kaggle_shampabanik12
2023-06-26,Sylhet,3,kaggle_shampabanik12
2023-06-27,Barishal,2,kaggle_shampabanik12
2023-06-27,Chattogram,15,kaggle_shampabanik12
2023-06-27,Dhaka,112,kaggle_shampabanik12
2023-06-27,Khulna,2,kaggle_shampabanik12
2023-06-27,Mymensingh,0,kaggle_shampabanik12
2023-06-27,Rajshahi,0,kaggle_shampabanik12
2023-06-27,Rangpur,8,kaggle_shampabanik12
2023-06-27,Sylhet,6,kaggle_shampabanik12
2023-06-28,Barishal,12,kaggle_shampabanik12
2023-06-28,Chattogram,16,kaggle_shampabanik12
2023-06-28,Dhaka,64,kaggle_shampabanik12
2023-06-28,Khulna,11,kaggle_shampabanik12
2023-06-28,Mymensingh,2,kaggle_shampabanik12
2023-06-28,Rajshahi,1,kaggle_shampabanik12
2023-06-28,Rangpur,2,kaggle_shampabanik12
2023-06-28,Sylhet,0,kaggle_shampabanik12
2023-06-29,Barishal,2,kaggle_shampabanik12
2023-06-29,Chattogram,9,kaggle_shampabanik12
2023-06-29,Dhaka,24,kaggle_shampabanik12
2023-06-29,Khulna,5,kaggle_shampabanik12
2023-06-29,Mymensingh,1,kaggle_shampabanik12
2023-06-29,Rajshahi,2,kaggle_shampabanik12
2023-06-29,Rangpur,0,kaggle_shampabanik12
2023-06-29,Sylhet,1,kaggle_shampabanik12
2023-06-30,Barishal,3,kaggle_shampabanik12
2023-06-30,Chattogram,16,kaggle_shampabanik12
2023-06-30,Dhaka,41,kaggle_shampabanik12
2023-06-30,Khulna,11,kaggle_shampabanik12
2023-06-30,Mymensingh,1,kaggle_shampabanik12
2023-06-30,Rajshahi,0,kaggle_shampabanik12
2023-06-30,Rangpur,0,kaggle_shampabanik12
2023-06-30,Sylhet,0,kaggle_shampabanik12
2023-07-01,Barishal,42,kaggle_shampabanik12
2023-07-01,Chattogram,20,kaggle_shampabanik12
2023-07-01,Dhaka,183,kaggle_shampabanik12
2023-07-01,Khulna,13,kaggle_shampabanik12
2023-07-01,Mymensingh,12,kaggle_shampabanik12
2023-07-01,Rajshahi,0,kaggle_shampabanik12
2023-07-01,Rangpur,0,kaggle_shampabanik12
2023-07-01,Sylhet,0,kaggle_shampabanik12
2023-07-02,Barishal,89,kaggle_shampabanik12
2023-07-02,Chattogram,127,kaggle_shampabanik12
2023-07-02,Dhaka,260,kaggle_shampabanik12
2023-07-02,Khulna,13,kaggle_shampabanik12
2023-07-02,Mymensingh,11,kaggle_shampabanik12
2023-07-02,Rajshahi,4,kaggle_shampabanik12
2023-07-02,Rangpur,2,kaggle_shampabanik12
2023-07-02,Sylhet,3,kaggle_shampabanik12
2023-07-03,Barishal,50,kaggle_shampabanik12
2023-07-03,Chattogram,101,kaggle_shampabanik12
2023-07-03,Dhaka,238,kaggle_shampabanik12
2023-07-03,Khulna,19,kaggle_shampabanik12
2023-07-03,Mymensingh,10,kaggle_shampabanik12
2023-07-03,Rajshahi,1,kaggle_shampabanik12
2023-07-03,Rangpur,10,kaggle_shampabanik12
2023-07-03,Sylhet,7,kaggle_shampabanik12
2023-07-04,Barishal,62,kaggle_shampabanik12
2023-07-04,Chattogram,91,kaggle_shampabanik12
2023-07-04,Dhaka,192,kaggle_shampabanik12
2023-07-04,Khulna,20,kaggle_shampabanik12
2023-07-04,Mymensingh,6,kaggle_shampabanik12
2023-07-04,Rajshahi,6,kaggle_shampabanik12
2023-07-04,Rangpur,1,kaggle_shampabanik12
2023-07-04,Sylhet,1,kaggle_shampabanik12
2023-07-05,Barishal,46,kaggle_shampabanik12
2023-07-05,Chattogram,84,kaggle_shampabanik12
2023-07-05,Dhaka,412,kaggle_shampabanik12
2023-07-05,Khulna,10,kaggle_shampabanik12
2023-07-05,Mymensingh,13,kaggle_shampabanik12
2023-07-05,Rajshahi,6,kaggle_shampabanik12
2023-07-05,Rangpur,11,kaggle_shampabanik12
2023-07-05,Sylhet,2,kaggle_shampabanik12
2023-07-06,Barishal,70,kaggle_shampabanik12
2023-07-06,Chattogram,92,kaggle_shampabanik12
2023-07-06,Dhaka,458,kaggle_shampabanik12
2023-07-06,Khulna,23,kaggle_shampabanik12
2023-07-06,Mymensingh,7,kaggle_shampabanik12
2023-07-06,Rajshahi,6,kaggle_shampabanik12
2023-07-06,Rangpur,4,kaggle_shampabanik12
2023-07-06,Sylhet,1,kaggle_shampabanik12
2023-07-07,Barishal,6,kaggle_shampabanik12
2023-07-07,Chattogram,35,kaggle_shampabanik12
2023-07-07,Dhaka,104,kaggle_shampabanik12
2023-07-07,Khulna,17,kaggle_shampabanik12
2023-07-07,Mymensingh,9,kaggle_shampabanik12
2023-07-07,Rajshahi,4,kaggle_shampabanik12
2023-07-07,Rangpur,3,kaggle_shampabanik12
2023-07-07,Sylhet,4,kaggle_shampabanik12
2023-07-08,Barishal,110,kaggle_shampabanik12
2023-07-08,Chattogram,41,kaggle_shampabanik12
2023-07-08,Dhaka,639,kaggle_shampabanik12
2023-07-08,Khulna,17,kaggle_shampabanik12
2023-07-08,Mymensingh,7,kaggle_shampabanik12
2023-07-08,Rajshahi,3,kaggle_shampabanik12
2023-07-08,Rangpur,1,kaggle_shampabanik12
2023-07-08,Sylhet,2,kaggle_shampabanik12
2023-07-09,Barishal,98,kaggle_shampabanik12
2023-07-09,Chattogram,117,kaggle_shampabanik12
2023-07-09,Dhaka,548,kaggle_shampabanik12
2023-07-09,Khulna,33,kaggle_shampabanik12
2023-07-09,Mymensingh,11,kaggle_shampabanik12
2023-07-09,Rajshahi,9,kaggle_shampabanik12
2023-07-09,Rangpur,10,kaggle_shampabanik12
2023-07-09,Sylhet,10,kaggle_shampabanik12
2023-07-10,Barishal,56,kaggle_shampabanik12
2023-07-10,Chattogram,147,kaggle_shampabanik12
2023-07-10,Dhaka,626,kaggle_shampabanik12
2023-07-10,Khulna,22,kaggle_shampabanik12
2023-07-10,Mymensingh,17,kaggle_shampabanik12
2023-07-10,Rajshahi,3,kaggle_shampabanik12
2023-07-10,Rangpur,15,kaggle_shampabanik12
2023-07-10,Sylhet,3,kaggle_shampabanik12
2023-07-11,Barishal,93,kaggle_shampabanik12
2023-07-11,Chattogram,123,kaggle_shampabanik12
2023-07-11,Dhaka,745,kaggle_shampabanik12
2023-07-11,Khulna,37,kaggle_shampabanik12
2023-07-11,Mymensingh,15,kaggle_shampabanik12
2023-07-11,Rajshahi,11,kaggle_shampabanik12
2023-07-11,Rangpur,21,kaggle_shampabanik12
2023-07-11,Sylhet,5,kaggle_shampabanik12
2023-07-12,Barishal,172,kaggle_shampabanik12
2023-07-12,Chattogram,185,kaggle_shampabanik12
2023-07-12,Dhaka,823,kaggle_shampabanik12
2023-07-12,Khulna,18,kaggle_shampabanik12
2023-07-12,Mymensingh,16,kaggle_shampabanik12
2023-07-12,Rajshahi,14,kaggle_shampabanik12
2023-07-12,Rangpur,20,kaggle_shampabanik12
2023-07-12,Sylhet,8,kaggle_shampabanik12
2023-07-13,Barishal,111,kaggle_shampabanik12
2023-07-13,Chattogram,148,kaggle_shampabanik12
2023-07-13,Dhaka,680,kaggle_shampabanik12
2023-07-13,Khulna,32,kaggle_shampabanik12
2023-07-13,Mymensingh,19,kaggle_shampabanik12
2023-07-13,Rajshahi,23,kaggle_shampabanik12
2023-07-13,Rangpur,14,kaggle_shampabanik12
2023-07-13,Sylhet,12,kaggle_shampabanik12
2023-07-14,Barishal,43,kaggle_shampabanik12
2023-07-14,Chattogram,40,kaggle_shampabanik12
2023-07-14,Dhaka,256,kaggle_shampabanik12
2023-07-14,Khulna,18,kaggle_shampabanik12
2023-07-14,Mymensingh,24,kaggle_shampabanik12
2023-07-14,Rajshahi,15,kaggle_shampabanik12
2023-07-14,Rangpur,19,kaggle_shampabanik12
2023-07-14,Sylhet,9,kaggle_shampabanik12
2023-07-15,Barishal,123,kaggle_shampabanik12
2023-07-15,Chattogram,144,kaggle_shampabanik12
2023-07-15,Dhaka,1253,kaggle_shampabanik12
2023-07-15,Khulna,43,kaggle_shampabanik12
2023-07-15,Mymensingh,19,kaggle_shampabanik12
2023-07-15,Rajshahi,18,kaggle_shampabanik12
2023-07-15,Rangpur,15,kaggle_shampabanik12
2023-07-15,Sylhet,8,kaggle_shampabanik12
2023-07-16,Barishal,153,kaggle_shampabanik12
2023-07-16,Chattogram,187,kaggle_shampabanik12
2023-07-16,Dhaka,935,kaggle_shampabanik12
2023-07-16,Khulna,53,kaggle_shampabanik12
2023-07-16,Mymensingh,46,kaggle_shampabanik12
2023-07-16,Rajshahi,29,kaggle_shampabanik12
2023-07-16,Rangpur,21,kaggle_shampabanik12
2023-07-16,Sylhet,10,kaggle_shampabanik12
2023-07-17,Barishal,165,kaggle_shampabanik12
2023-07-17,Chattogram,260,kaggle_shampabanik12
2023-07-17,Dhaka,985,kaggle_shampabanik12
2023-07-17,Khulna,62,kaggle_shampabanik12
2023-07-17,Mymensingh,32,kaggle_shampabanik12
2023-07-17,Rajshahi,33,kaggle_shampabanik12
2023-07-17,Rangpur,24,kaggle_shampabanik12
2023-07-17,Sylhet,28,kaggle_shampabanik12
2023-07-18,Barishal,170,kaggle_shampabanik12
2023-07-18,Chattogram,229,kaggle_shampabanik12
2023-07-18,Dhaka,991,kaggle_shampabanik12
2023-07-18,Khulna,78,kaggle_shampabanik12
2023-07-18,Mymensingh,41,kaggle_shampabanik12
2023-07-18,Rajshahi,29,kaggle_shampabanik12
2023-07-18,Rangpur,15,kaggle_shampabanik12
2023-07-18,Sylhet,20,kaggle_shampabanik12
2023-07-19,Barishal,185,kaggle_shampabanik12
2023-07-19,Chattogram,266,kaggle_shampabanik12
2023-07-19,Dhaka,1139,kaggle_shampabanik12
2023-07-19,Khulna,79,kaggle_shampabanik12
2023-07-19,Mymensingh,44,kaggle_shampabanik12
2023-07-19,Rajshahi,43,kaggle_shampabanik12
2023-07-19,Rangpur,20,kaggle_shampabanik12
2023-07-19,Sylhet,16,kaggle_shampabanik12
2023-07-20,Barishal,240,kaggle_shampabanik12
2023-07-20,Chattogram,230,kaggle_shampabanik12
2023-07-20,Dhaka,1091,kaggle_shampabanik12
2023-07-20,Khulna,68,kaggle_shampabanik12
2023-07-20,Mymensingh,52,kaggle_shampabanik12
2023-07-20,Rajshahi,40,kaggle_shampabanik12
2023-07-20,Rangpur,18,kaggle_shampabanik12
2023-07-20,Sylhet,16,kaggle_shampabanik12
2023-07-21,Barishal,87,kaggle_shampabanik12
2023-07-21,Chattogram,31,kaggle_shampabanik12
2023-07-21,Dhaka,586,kaggle_shampabanik12
2023-07-21,Khulna,41,kaggle_shampabanik12
2023-07-21,Mymensingh,52,kaggle_shampabanik12
2023-07-21,Rajshahi,21,kaggle_shampabanik12
2023-07-21,Rangpur,13,kaggle_shampabanik12
2023-07-21,Sylhet,8,kaggle_shampabanik12
2023-07-22,Barishal,278,kaggle_shampabanik12
2023-07-22,Chattogram,269,kaggle_shampabanik12
2023-07-22,Dhaka,1461,kaggle_shampabanik12
2023-07-22,Khulna,91,kaggle_shampabanik12
2023-07-22,Mymensingh,47,kaggle_shampabanik12
2023-07-22,Rajshahi,28,kaggle_shampabanik12
2023-07-22,Rangpur,49,kaggle_shampabanik12
2023-07-22,Sylhet,19,kaggle_shampabanik12
2023-07-23,Barishal,285,kaggle_shampabanik12
2023-07-23,Chattogram,331,kaggle_shampabanik12
2023-07-23,Dhaka,1385,kaggle_shampabanik12
2023-07-23,Khulna,102,kaggle_shampabanik12
2023-07-23,Mymensingh,44,kaggle_shampabanik12
2023-07-23,Rajshahi,68,kaggle_shampabanik12
2023-07-23,Rangpur,47,kaggle_shampabanik12
2023-07-23,Sylhet,12,kaggle_shampabanik12
2023-07-24,Barishal,273,kaggle_shampabanik12
2023-07-24,Chattogram,298,kaggle_shampabanik12
2023-07-24,Dhaka,1419,kaggle_shampabanik12
2023-07-24,Khulna,87,kaggle_shampabanik12
2023-07-24,Mymensingh,69,kaggle_shampabanik12
2023-07-24,Rajshahi,64,kaggle_shampabanik12
2023-07-24,Rangpur,60,kaggle_shampabanik12
2023-07-24,Sylhet,23,kaggle_shampabanik12
2023-07-25,Barishal,293,kaggle_shampabanik12
2023-07-25,Chattogram,335,kaggle_shampabanik12
2023-07-25,Dhaka,1495,kaggle_shampabanik12
2023-07-25,Khulna,92,kaggle_shampabanik12
2023-07-25,Mymensingh,48,kaggle_shampabanik12
2023-07-25,Rajshahi,77,kaggle_shampabanik12
2023-07-25,Rangpur,55,kaggle_shampabanik12
2023-07-25,Sylhet,23,kaggle_shampabanik12
2023-07-26,Barishal,284,kaggle_shampabanik12
2023-07-26,Chattogram,336,kaggle_shampabanik12
2023-07-26,Dhaka,1646,kaggle_shampabanik12
2023-07-26,Khulna,103,kaggle_shampabanik12
2023-07-26,Mymensingh,93,kaggle_shampabanik12
2023-07-26,Rajshahi,84,kaggle_shampabanik12
2023-07-26,Rangpur,79,kaggle_shampabanik12
2023-07-26,Sylhet,28,kaggle_shampabanik12
2023-07-27,Barishal,289,kaggle_shampabanik12
2023-07-27,Chattogram,280,kaggle_shampabanik12
2023-07-27,Dhaka,1388,kaggle_shampabanik12
2023-07-27,Khulna,114,kaggle_shampabanik12
2023-07-27,Mymensingh,93,kaggle_shampabanik12
2023-07-27,Rajshahi,105,kaggle_shampabanik12
2023-07-27,Rangpur,64,kaggle_shampabanik12
2023-07-27,Sylhet,25,kaggle_shampabanik12
2023-07-28,Barishal,180,kaggle_shampabanik12
2023-07-28,Chattogram,61,kaggle_shampabanik12
2023-07-28,Dhaka,1052,kaggle_shampabanik12
2023-07-28,Khulna,62,kaggle_shampabanik12
2023-07-28,Mymensingh,73,kaggle_shampabanik12
2023-07-28,Rajshahi,36,kaggle_shampabanik12
2023-07-28,Rangpur,18,kaggle_shampabanik12
2023-07-28,Sylhet,21,kaggle_shampabanik12
2023-07-29,Barishal,191,kaggle_shampabanik12
2023-07-29,Chattogram,390,kaggle_shampabanik12
2023-07-29,Dhaka,1352,kaggle_shampabanik12
2023-07-29,Khulna,87,kaggle_shampabanik12
2023-07-29,Mymensingh,93,kaggle_shampabanik12
2023-07-29,Rajshahi,46,kaggle_shampabanik12
2023-07-29,Rangpur,33,kaggle_shampabanik12
2023-07-29,Sylhet,10,kaggle_shampabanik12
2023-07-30,Barishal,339,kaggle_shampabanik12
2023-07-30,Chattogram,415,kaggle_shampabanik12
2023-07-30,Dhaka,1569,kaggle_shampabanik12
2023-07-30,Khulna,145,kaggle_shampabanik12
2023-07-30,Mymensingh,62,kaggle_shampabanik12
2023-07-30,Rajshahi,97,kaggle_shampabanik12
2023-07-30,Rangpur,80,kaggle_shampabanik12
2023-07-30,Sylhet,24,kaggle_shampabanik12
2023-07-31,Barishal,294,kaggle_shampabanik12
2023-07-31,Chattogram,362,kaggle_shampabanik12
2023-07-31,Dhaka,1615,kaggle_shampabanik12
2023-07-31,Khulna,140,kaggle_shampabanik12
2023-07-31,Mymensingh,88,kaggle_shampabanik12
2023-07-31,Rajshahi,100,kaggle_shampabanik12
2023-07-31,Rangpur,70,kaggle_shampabanik12
2023-07-31,Sylhet,25,kaggle_shampabanik12
2023-08-01,Barishal,256,kaggle_shampabanik12
2023-08-01,Chattogram,375,kaggle_shampabanik12
2023-08-01,Dhaka,1560,kaggle_shampabanik12
2023-08-01,Khulna,119,kaggle_shampabanik12
2023-08-01,Mymensingh,79,kaggle_shampabanik12
2023-08-01,Rajshahi,107,kaggle_shampabanik12
2023-08-01,Rangpur,74,kaggle_shampabanik12
2023-08-01,Sylhet,14,kaggle_shampabanik12
2023-08-02,Barishal,314,kaggle_shampabanik12
2023-08-02,Chattogram,420,kaggle_shampabanik12
2023-08-02,Dhaka,1605,kaggle_shampabanik12
2023-08-02,Khulna,116,kaggle_shampabanik12
2023-08-02,Mymensingh,69,kaggle_shampabanik12
2023-08-02,Rajshahi,100,kaggle_shampabanik12
2023-08-02,Rangpur,75,kaggle_shampabanik12
2023-08-02,Sylhet,12,kaggle_shampabanik12
2023-08-03,Barishal,296,kaggle_shampabanik12
2023-08-03,Chattogram,338,kaggle_shampabanik12
2023-08-03,Dhaka,1550,kaggle_shampabanik12
2023-08-03,Khulna,119,kaggle_shampabanik12
2023-08-03,Mymensingh,95,kaggle_shampabanik12
2023-08-03,Rajshahi,97,kaggle_shampabanik12
2023-08-03,Rangpur,68,kaggle_shampabanik12
2023-08-03,Sylhet,26,kaggle_shampabanik12
2023-08-04,Barishal,221,kaggle_shampabanik12
2023-08-04,Chattogram,227,kaggle_shampabanik12
2023-08-04,Dhaka,1055,kaggle_shampabanik12
2023-08-04,Khulna,73,kaggle_shampabanik12
2023-08-04,Mymensingh,78,kaggle_shampabanik12
2023-08-04,Rajshahi,55,kaggle_shampabanik12
2023-08-04,Rangpur,33,kaggle_shampabanik12
2023-08-04,Sylhet,15,kaggle_shampabanik12
2023-08-05,Barishal,273,kaggle_shampabanik12
2023-08-05,Chattogram,472,kaggle_shampabanik12
2023-08-05,Dhaka,1359,kaggle_shampabanik12
2023-08-05,Khulna,134,kaggle_shampabanik12
2023-08-05,Mymensingh,80,kaggle_shampabanik12
2023-08-05,Rajshahi,84,kaggle_shampabanik12
2023-08-05,Rangpur,68,kaggle_shampabanik12
2023-08-05,Sylhet,25,kaggle_shampabanik12
2023-08-06,Barishal,348,kaggle_shampabanik12
2023-08-06,Chattogram,378,kaggle_shampabanik12
2023-08-06,Dhaka,1623,kaggle_shampabanik12
2023-08-06,Khulna,119,kaggle_shampabanik12
2023-08-06,Mymensingh,73,kaggle_shampabanik12
2023-08-06,Rajshahi,110,kaggle_shampabanik12
2023-08-06,Rangpur,87,kaggle_shampabanik12
2023-08-06,Sylhet,26,kaggle_shampabanik12
2023-08-07,Barishal,275,kaggle_shampabanik12
2023-08-07,Chattogram,346,kaggle_shampabanik12
2023-08-07,Dhaka,1620,kaggle_shampabanik12
2023-08-07,Khulna,175,kaggle_shampabanik12
2023-08-07,Mymensingh,105,kaggle_shampabanik12
2023-08-07,Rajshahi,124,kaggle_shampabanik12
2023-08-07,Rangpur,88,kaggle_shampabanik12
2023-08-07,Sylhet,18,kaggle_shampabanik12
2023-08-08,Barishal,316,kaggle_shampabanik12
2023-08-08,Chattogram,364,kaggle_shampabanik12
2023-08-08,Dhaka,1607,kaggle_shampabanik12
2023-08-08,Khulna,149,kaggle_shampabanik12
2023-08-08,Mymensingh,89,kaggle_shampabanik12
2023-08-08,Rajshahi,130,kaggle_shampabanik12
2023-08-08,Rangpur,64,kaggle_shampabanik12
2023-08-08,Sylhet,21,kaggle_shampabanik12
2023-08-09,Barishal,256,kaggle_shampabanik12
2023-08-09,Chattogram,413,kaggle_shampabanik12
2023-08-09,Dhaka,1619,kaggle_shampabanik12
2023-08-09,Khulna,152,kaggle_shampabanik12
2023-08-09,Mymensingh,102,kaggle_shampabanik12
2023-08-09,Rajshahi,117,kaggle_shampabanik12
2023-08-09,Rangpur,55,kaggle_shampabanik12
2023-08-09,Sylhet,30,kaggle_shampabanik12
2023-08-10,Barishal,405,kaggle_shampabanik12
2023-08-10,Chattogram,397,kaggle_shampabanik12
2023-08-10,Dhaka,1670,kaggle_shampabanik12
2023-08-10,Khulna,165,kaggle_shampabanik12
2023-08-10,Mymensingh,82,kaggle_shampabanik12
2023-08-10,Rajshahi,139,kaggle_shampabanik12
2023-08-10,Rangpur,77,kaggle_shampabanik12
2023-08-10,Sylhet,24,kaggle_shampabanik12
2023-08-11,Barishal,268,kaggle_shampabanik12
2023-08-11,Chattogram,350,kaggle_shampabanik12
2023-08-11,Dhaka,1139,kaggle_shampabanik12
2023-08-11,Khulna,106,kaggle_shampabanik12
2023-08-11,Mymensingh,97,kaggle_shampabanik12
2023-08-11,Rajshahi,54,kaggle_shampabanik12
2023-08-11,Rangpur,22,kaggle_shampabanik12
2023-08-11,Sylhet,9,kaggle_shampabanik12
2023-08-12,Barishal,386,kaggle_shampabanik12
2023-08-12,Chattogram,391,kaggle_shampabanik12
2023-08-12,Dhaka,1211,kaggle_shampabanik12
2023-08-12,Khulna,182,kaggle_shampabanik12
2023-08-12,Mymensingh,76,kaggle_shampabanik12
2023-08-12,Rajshahi,130,kaggle_shampabanik12
2023-08-12,Rangpur,43,kaggle_shampabanik12
2023-08-12,Sylhet,13,kaggle_shampabanik12
2023-08-13,Barishal,350,kaggle_shampabanik12
2023-08-13,Chattogram,400,kaggle_shampabanik12
2023-08-13,Dhaka,1703,kaggle_shampabanik12
2023-08-13,Khulna,152,kaggle_shampabanik12
2023-08-13,Mymensingh,83,kaggle_shampabanik12
2023-08-13,Rajshahi,110,kaggle_shampabanik12
2023-08-13,Rangpur,79,kaggle_shampabanik12
2023-08-13,Sylhet,28,kaggle_shampabanik12
2023-08-14,Barishal,301,kaggle_shampabanik12
2023-08-14,Chattogram,376,kaggle_shampabanik12
2023-08-14,Dhaka,1351,kaggle_shampabanik12
2023-08-14,Khulna,160,kaggle_shampabanik12
2023-08-14,Mymensingh,82,kaggle_shampabanik12
2023-08-14,Rajshahi,112,kaggle_shampabanik12
2023-08-14,Rangpur,72,kaggle_shampabanik12
2023-08-14,Sylhet,26,kaggle_shampabanik12
2023-08-15,Barishal,273,kaggle_shampabanik12
2023-08-15,Chattogram,325,kaggle_shampabanik12
2023-08-15,Dhaka,1024,kaggle_shampabanik12
2023-08-15,Khulna,136,kaggle_shampabanik12
2023-08-15,Mymensingh,68,kaggle_shampabanik12
2023-08-15,Rajshahi,103,kaggle_shampabanik12
2023-08-15,Rangpur,37,kaggle_shampabanik12
2023-08-15,Sylhet,8,kaggle_shampabanik12
2023-08-16,Barishal,238,kaggle_shampabanik12
2023-08-16,Chattogram,352,kaggle_shampabanik12
2023-08-16,Dhaka,1140,kaggle_shampabanik12
2023-08-16,Khulna,158,kaggle_shampabanik12
2023-08-16,Mymensingh,73,kaggle_shampabanik12
2023-08-16,Rajshahi,108,kaggle_shampabanik12
2023-08-16,Rangpur,59,kaggle_shampabanik12
2023-08-16,Sylhet,21,kaggle_shampabanik12
2023-08-17,Barishal,260,kaggle_shampabanik12
2023-08-17,Chattogram,334,kaggle_shampabanik12
2023-08-17,Dhaka,1285,kaggle_shampabanik12
2023-08-17,Khulna,159,kaggle_shampabanik12
2023-08-17,Mymensingh,81,kaggle_shampabanik12
2023-08-17,Rajshahi,114,kaggle_shampabanik12
2023-08-17,Rangpur,45,kaggle_shampabanik12
2023-08-17,Sylhet,10,kaggle_shampabanik12
2023-08-18,Barishal,182,kaggle_shampabanik12
2023-08-18,Chattogram,212,kaggle_shampabanik12
2023-08-18,Dhaka,930,kaggle_shampabanik12
2023-08-18,Khulna,90,kaggle_shampabanik12
2023-08-18,Mymensingh,55,kaggle_shampabanik12
2023-08-18,Rajshahi,69,kaggle_shampabanik12
2023-08-18,Rangpur,19,kaggle_shampabanik12
2023-08-18,Sylhet,8,kaggle_shampabanik12
2023-08-19,Barishal,265,kaggle_shampabanik12
2023-08-19,Chattogram,291,kaggle_shampabanik12
2023-08-19,Dhaka,1078,kaggle_shampabanik12
2023-08-19,Khulna,150,kaggle_shampabanik12
2023-08-19,Mymensingh,61,kaggle_shampabanik12
2023-08-19,Rajshahi,63,kaggle_shampabanik12
2023-08-19,Rangpur,61,kaggle_shampabanik12
2023-08-19,Sylhet,14,kaggle_shampabanik12
2023-08-20,Barishal,266,kaggle_shampabanik12
2023-08-20,Chattogram,341,kaggle_shampabanik12
2023-08-20,Dhaka,1173,kaggle_shampabanik12
2023-08-20,Khulna,127,kaggle_shampabanik12
2023-08-20,Mymensingh,57,kaggle_shampabanik12
2023-08-20,Rajshahi,105,kaggle_shampabanik12
2023-08-20,Rangpur,53,kaggle_shampabanik12
2023-08-20,Sylhet,12,kaggle_shampabanik12
2023-08-21,Barishal,228,kaggle_shampabanik12
2023-08-21,Chattogram,322,kaggle_shampabanik12
2023-08-21,Dhaka,1242,kaggle_shampabanik12
2023-08-21,Khulna,145,kaggle_shampabanik12
2023-08-21,Mymensingh,63,kaggle_shampabanik12
2023-08-21,Rajshahi,120,kaggle_shampabanik12
2023-08-21,Rangpur,62,kaggle_shampabanik12
2023-08-21,Sylhet,15,kaggle_shampabanik12
