date,url,route,http_status,bytes,sha256,fetched_at
2021-12-13,https://web.archive.org/web/20250528163420id_/http://old.dghs.gov.bd/images/docs/vpr/20211213_dengue_all.pdf,wayback,200,1048997,7dd01e64601b75c5d6b46ddc48bd8edc7973f8e66e6b66e234385ac87c1d4f6d,2026-09-22T11:52:18.233249+00:00
2021-12-14,https://web.archive.org/web/20250528164030id_/http://old.dghs.gov.bd/images/docs/vpr/20211214_dengue_all.pdf,wayback,200,1048747,7d7f78bfbb4376294e24c29dab31b7d407bede78dd69c945e756166aab961bbf,2026-09-22T11:54:29.470178+00:00
2021-12-15,https://web.archive.org/web/20250528163652id_/http://old.dghs.gov.bd/images/docs/vpr/20211215_dengue_all.pdf,wayback,200,1049139,43be1f6042c30775b119d23d6030ce6b797485fea5f7dd8deb74456724658511,2026-09-22T11:56:32.058514+00:00
2021-12-16,https://web.archive.org/web/20250528163525id_/http://old.dghs.gov.bd/images/docs/vpr/20211216_dengue_all.pdf,wayback,200,1049123,b6104066f26e7fd3fb4a04003497c298212b156f8a3263cfdf58f2ee65b2f2e5,2026-09-22T11:58:39.815105+00:00
2021-12-17,https://web.archive.org/web/20250528163438id_/http://old.dghs.gov.bd/images/docs/vpr/20211217_dengue_all.pdf,wayback,200,1048500,0c211c19e2400de32348ec4fc379a1c2c0e407a3b5c6a9a55ac64053290b02f1,2026-09-22T12:00:57.027750+00:00
2021-12-18,https://web.archive.org/web/20250528163601id_/http://old.dghs.gov.bd/images/docs/vpr/20211218_dengue_all.pdf,wayback,200,1049903,cff787b65caaffc6d9c6da9582d97598cbedde758d2071aff07735bf7702325c,2026-09-22T12:03:03.745117+00:00
2021-12-19,https://web.archive.org/web/20250528163523id_/http://old.dghs.gov.bd/images/docs/vpr/20211219_dengue_all.pdf,wayback,200,1049880,266cc32c90848f5f80ded192f82a08ba42878ea12081b0ad6ecf9550afa2ec2f,2026-09-22T12:05:41.143311+00:00
2021-12-20,https://web.archive.org/web/20250528163620id_/http://old.dghs.gov.bd/images/docs/vpr/20211220_dengue_all.pdf,wayback,200,1049149,4334c9ac48a6ac21b0d3a656f256135a9a6f1b005a840a391bad7e02fbf5d970,2026-09-22T12:07:59.173332+00:00
2021-12-21,https://web.archive.org/web/20250528163512id_/http://old.dghs.gov.bd/images/docs/vpr/20211221_dengue_all.pdf,wayback,200,1049967,b00e01d873fababb63f2acd476605c0612b5e3b4dd2fdbf6058ca0b0ebed7bab,2026-09-22T12:10:11.279274+00:00
2021-12-22,https://web.archive.org/web/20250528163535id_/http://old.dghs.gov.bd/images/docs/vpr/20211222_dengue_all.pdf,wayback,200,1050194,ce0ee39aaff36a9e778453f790769f257713a8b1daccb3efafc8c639e8759456,2026-09-22T12:12:20.814047+00:00
2021-12-23,https://web.archive.org/web/20250528163442id_/http://old.dghs.gov.bd/images/docs/vpr/20211223_dengue_all.pdf,wayback,200,1050978,e6f9c6b25ce1c41ab89a9c048b4a105bef00fc855998bc170f5385363f14290d,2026-09-22T12:14:52.183057+00:00
2021-12-24,https://web.archive.org/web/20250528164041id_/http://old.dghs.gov.bd/images/docs/vpr/20211224_dengue_all.pdf,wayback,200,1050612,2029157ee2f97a5a8498aaed89ea2466540bba2c98966e320ccb2260655a9768,2026-09-22T12:15:21.971979+00:00
2021-12-25,https://web.archive.org/web/20250528163601id_/http://old.dghs.gov.bd/images/docs/vpr/20211225_dengue_all.pdf,wayback,200,1029235,91b52ae1601aad8c77d2419cb60d08d31d730b4691c1a70cd1a7ca4711c08123,2026-09-22T12:15:25.298114+00:00
2021-12-26,https://web.archive.org/web/20250528163503id_/http://old.dghs.gov.bd/images/docs/vpr/20211226_dengue_all.pdf,wayback,200,1049967,a1c39456f76b456b04a5fdbf6f4492dd2c513c92a8cf4f56e9dcf6e095b57643,2026-09-22T12:15:28.145243+00:00
2021-12-27,https://web.archive.org/web/20250528163527id_/http://old.dghs.gov.bd/images/docs/vpr/20211227_dengue_all.pdf,wayback,200,1049719,6731f90c0e4e5d58d2151a1b43189465d4a41313894806cc9a674d7f2ffcba1d,2026-09-22T12:15:31.145208+00:00
2021-12-28,https://web.archive.org/web/20250528163502id_/http://old.dghs.gov.bd/images/docs/vpr/20211228_dengue_all.pdf,wayback,200,830652,3929373d540cfdbd423ecfff7375c1c2a1e53e9f3a09ed559d50d994a915645d,2026-09-22T12:15:33.471267+00:00
2021-12-29,https://web.archive.org/web/20250528163503id_/http://old.dghs.gov.bd/images/docs/vpr/20211229_dengue_all.pdf,wayback,200,829591,f75fb11250c3e4746924a70fcf14f71f3896045065fd2eda46ed01bcf2406761,2026-09-22T12:15:36.345331+00:00
2021-12-30,https://web.archive.org/web/20250528163511id_/http://old.dghs.gov.bd/images/docs/vpr/20211230_dengue_all.pdf,wayback,200,829866,b2bcd40cd2b3629af911e9078535c7a75052dccbf1e20909eb76b3c34c472e33,2026-09-22T12:15:38.520922+00:00
2021-12-31,https://web.archive.org/web/20220814194330id_/https://old.dghs.gov.bd/images/docs/vpr/20211231_dengue_all.pdf,wayback,200,829681,de8e6537a87e64a1ad4239d51df52c541926257788a5730c52c2a1d8855638a8,2026-09-22T12:15:40.713599+00:00
2022-01-01,https://web.archive.org/web/20250528163949id_/http://old.dghs.gov.bd/images/docs/vpr/20220101_dengue_all.pdf,wayback,200,785063,41a746073c2ec7380816575c8464685290d3299454d957135cd90df84d007adf,2026-09-22T12:15:43.011066+00:00
2022-01-02,https://web.archive.org/web/20250528163603id_/http://old.dghs.gov.bd/images/docs/vpr/20220102_dengue_all.pdf,wayback,200,772160,e2f1ec3da4c816d5f7ccb75e20c1613f81e1951801bc2534e98472497074f2e2,2026-09-22T12:15:45.710831+00:00
2022-01-03,https://web.archive.org/web/20250528163813id_/http://old.dghs.gov.bd/images/docs/vpr/20220103_dengue_all.pdf,wayback,200,786441,0b41d26d80aea77dd5d6c670f94b75b6a530eb2d7739af3a8acadf5f4ee7d0f3,2026-09-22T12:15:48.307359+00:00
2022-01-04,https://web.archive.org/web/20250528163411id_/http://old.dghs.gov.bd/images/docs/vpr/20220104_dengue_all.pdf,wayback,200,787944,b2611807c1887b1497ee2ec7beaaae0e89ca667ebec7412461242f3824109baa,2026-09-22T12:15:50.718628+00:00
2022-01-05,https://web.archive.org/web/20250528163546id_/http://old.dghs.gov.bd/images/docs/vpr/20220105_dengue_all.pdf,wayback,200,787854,17e6772c50ae051f888e0a1637cf2442aca2ffe93bd32c4e367cb6ddf1aca7b0,2026-09-22T12:15:53.055693+00:00
2022-01-06,https://web.archive.org/web/20250528163647id_/http://old.dghs.gov.bd/images/docs/vpr/20220106_dengue_all.pdf,wayback,200,786776,5b81f9caa14d0dbbe94b39dd6e6ac4947192dcd13d12ea89a36f27dbf40992c9,2026-09-22T12:15:55.379416+00:00
2022-01-07,https://web.archive.org/web/20250528163506id_/http://old.dghs.gov.bd/images/docs/vpr/20220107_dengue_all.pdf,wayback,200,786911,b66a54d1fd11fc0130962833b00270e3dc5bd9139a19afbe2df1bc84212ee895,2026-09-22T12:15:57.718747+00:00
2022-01-08,https://web.archive.org/web/20250528163727id_/http://old.dghs.gov.bd/images/docs/vpr/20220108_dengue_all.pdf,wayback,200,773650,65f229fc6fdbcf19673461aa695e9f84423e5d70cf7bc5ae57ada8ae8327cc2d,2026-09-22T12:16:00.220865+00:00
2022-01-09,https://web.archive.org/web/20250528163823id_/http://old.dghs.gov.bd/images/docs/vpr/20220109_dengue_all.pdf,wayback,200,773886,e6385bced4e708882166ed6aefd5c03c043e73945a5dfd89796d6c80dd7ca4a4,2026-09-22T12:16:03.179057+00:00
2022-01-10,https://web.archive.org/web/20250528163521id_/http://old.dghs.gov.bd/images/docs/vpr/20220110_dengue_all.pdf,wayback,200,787391,51742aa2a2c0bb22adfe9e8aa58759f1384fcf3f202a696e150174d06c60ad7c,2026-09-22T12:16:05.762630+00:00
2022-01-11,https://web.archive.org/web/20250528163441id_/http://old.dghs.gov.bd/images/docs/vpr/20220111_dengue_all.pdf,wayback,200,785523,9f1a597ca11a1076c275b68e845290da82adbc7b9fb3f194e37f1190db1da456,2026-09-22T12:16:10.868679+00:00
2022-01-12,https://web.archive.org/web/20250528163534id_/http://old.dghs.gov.bd/images/docs/vpr/20220112_dengue_all.pdf,wayback,200,787228,0c0654ebfab286d587787be7b75a06e76b31cb3c0571d89480a8740a5849a93f,2026-09-22T12:16:13.291051+00:00
2022-01-13,https://web.archive.org/web/20250528163419id_/http://old.dghs.gov.bd/images/docs/vpr/20220113_dengue_all.pdf,wayback,200,788366,6bab628be9f569abd87fc46995921c2eb5e228db7a965aefcb45b0e63afb7ac3,2026-09-22T12:16:19.259656+00:00
2022-01-14,https://web.archive.org/web/20250528163506id_/http://old.dghs.gov.bd/images/docs/vpr/20220114_dengue_all.pdf,wayback,200,788581,979a5a7dc9eb467172959a2b4f24c016ba9056c39bbd3349ce6ff50011cf0006,2026-09-22T12:16:21.530904+00:00
2022-01-15,https://web.archive.org/web/20250528163537id_/http://old.dghs.gov.bd/images/docs/vpr/20220115_dengue_all.pdf,wayback,200,773117,8c31e794e306ba260aadb04545f3e779d2151ca0d6e8caec199ee7ac47190390,2026-09-22T12:16:23.750540+00:00
2022-01-16,https://web.archive.org/web/20250528163500id_/http://old.dghs.gov.bd/images/docs/vpr/20220116_dengue_all.pdf,wayback,200,778894,be0398cb5dc5ab20b0f1c99b689c4871fc7b9225456f67e89d7fb824a5df7f89,2026-09-22T12:16:27.896561+00:00
2022-01-17,https://web.archive.org/web/20250528163520id_/http://old.dghs.gov.bd/images/docs/vpr/20220117_dengue_all.pdf,wayback,200,792514,2f85e73ecab65271d4bf8f2a23b7ef1e9d9ab916ef3f67119f119bc250fd39bc,2026-09-22T12:16:30.339494+00:00
2022-01-18,https://web.archive.org/web/20250528210013id_/http://old.dghs.gov.bd/images/docs/vpr/20220118_dengue_all.pdf,wayback,200,793141,e6d920fc02f49ecfe6982c5e6316d80b97ac0e8f374ece0e6e7d0abed9ea0860,2026-09-22T12:16:32.935360+00:00
2022-01-19,https://web.archive.org/web/20250528163454id_/http://old.dghs.gov.bd/images/docs/vpr/20220119_dengue_all.pdf,wayback,200,792471,fd18bfc33c61121c68b09139434db370f71b7acf493dac72dd54c9bc39de0a3a,2026-09-22T12:16:35.178798+00:00
2022-01-20,https://web.archive.org/web/20250528163503id_/http://old.dghs.gov.bd/images/docs/vpr/20220120_dengue_all.pdf,wayback,200,791142,22559ee5af3135f05b06daacdd9e01e55dc7e917aa61b4f6b0ddade6efe9eee0,2026-09-22T12:16:37.438722+00:00
2022-01-21,https://web.archive.org/web/20250528163458id_/http://old.dghs.gov.bd/images/docs/vpr/20220121_dengue_all.pdf,wayback,200,777613,d191352cd97d6ea5df607b0866aa0caba3f88b2c9fae95188f58d831420fd654,2026-09-22T12:16:39.781620+00:00
2022-01-22,https://web.archive.org/web/20250528163512id_/http://old.dghs.gov.bd/images/docs/vpr/20220122_dengue_all.pdf,wayback,200,777090,5cd0a168189173ebe205b8b03600a48cd73cebbc3ccab817ae2bf5ee0d222222,2026-09-22T12:16:42.902228+00:00
2022-01-23,https://web.archive.org/web/20250528164215id_/http://old.dghs.gov.bd/images/docs/vpr/20220123_dengue_all.pdf,wayback,200,782732,64559be650a3b91ea8ea58a8596a769eaa6e37966f7919e8d42cacb69227eea2,2026-09-22T12:16:45.310825+00:00
2022-01-24,https://web.archive.org/web/20250528163535id_/http://old.dghs.gov.bd/images/docs/vpr/20220124_dengue_all.pdf,wayback,200,791979,3bac53c44f28624796192aeca2e74b0ee72772a312adf7a641caa457c621b7ee,2026-09-22T12:16:48.796964+00:00
2022-01-25,https://web.archive.org/web/20250528164454id_/http://old.dghs.gov.bd/images/docs/vpr/20220125_dengue_all.pdf,wayback,200,792002,fdd2d3d570d289b3b96cd80477db77c3795a39acafd2752f04217271bf221af5,2026-09-22T12:16:55.185061+00:00
2022-01-26,https://web.archive.org/web/20250528163520id_/http://old.dghs.gov.bd/images/docs/vpr/20220126_dengue_all.pdf,wayback,200,792000,55fecdc1b4f790c3ed2c5d6fe0b33b16a915999b2b2595f496de618f8a663ba8,2026-09-22T12:17:00.254310+00:00
2022-01-27,https://web.archive.org/web/20250528163455id_/http://old.dghs.gov.bd/images/docs/vpr/20220127_dengue_all.pdf,wayback,200,793761,ae2fd1a025005af7a3b5361d5fbc47a5a36a43af218e2339fcffa1d3c3694d7d,2026-09-22T12:17:03.819122+00:00
2022-01-28,https://web.archive.org/web/20250528163608id_/http://old.dghs.gov.bd/images/docs/vpr/20220128_dengue_all.pdf,wayback,200,793770,3be277278b8b5db42e9eadf0836123b252a7389ef0e0d11d44c1e02088bc84af,2026-09-22T12:17:06.640100+00:00
2022-01-29,https://web.archive.org/web/20250529073010id_/http://old.dghs.gov.bd/images/docs/vpr/20220129_dengue_all.pdf,wayback,200,793393,38df41138dabea31310d44e4591c90523a767ccdc41987ab93565b39fbe535de,2026-09-22T12:17:09.549404+00:00
2022-01-30,https://web.archive.org/web/20250528163611id_/http://old.dghs.gov.bd/images/docs/vpr/20220130_dengue_all.pdf,wayback,200,780333,ba09cddc9c8000e78a8b525fd5da928fcfc104a19b6b2112f090508af8f7166f,2026-09-22T12:17:12.101154+00:00
2022-01-31,https://web.archive.org/web/20250528163639id_/http://old.dghs.gov.bd/images/docs/vpr/20220131_dengue_all.pdf,wayback,200,783359,fc810dac4d2bf3eb67aa3dd95205727b048fc3c2b07ebab15e3b39f37c3ee4d9,2026-09-22T12:17:14.471235+00:00
2022-02-01,https://web.archive.org/web/20250530005413id_/http://old.dghs.gov.bd/images/docs/vpr/20220201_dengue_all.pdf,wayback,200,794457,df546872c2ba663fe8abd619d93dc5cc7fb8d0cee2a42d8d0265a3a2aabf8c18,2026-09-22T12:17:17.043186+00:00
2022-02-02,https://web.archive.org/web/20250528163638id_/http://old.dghs.gov.bd/images/docs/vpr/20220202_dengue_all.pdf,wayback,200,794094,1cd5b29b0c8ef5fc5c37c64cad652d75465c3e460136bc8aa5152f07164955c4,2026-09-22T12:17:19.484802+00:00
2022-02-03,https://web.archive.org/web/20250528163451id_/http://old.dghs.gov.bd/images/docs/vpr/20220203_dengue_all.pdf,wayback,200,796157,6bea1b396973b1a4396bb4cbde84cd37631124ebb9e86b5bfa3580698bbad155,2026-09-22T12:17:21.939538+00:00
2022-02-04,https://web.archive.org/web/20250528164311id_/http://old.dghs.gov.bd/images/docs/vpr/20220204_dengue_all.pdf,wayback,200,796022,c69acd84d45ef4e08f798b8b25ba7ea77113ded80a7ba5dcdc3c0afb78b5be67,2026-09-22T12:17:24.505059+00:00
2022-02-05,https://web.archive.org/web/20250528163700id_/http://old.dghs.gov.bd/images/docs/vpr/20220205_dengue_all.pdf,wayback,200,795124,ee3938aa9af1a00bc6e2d37cb55decd014e7e937fceb20c870253234094c5994,2026-09-22T12:17:26.855872+00:00
2022-02-06,https://web.archive.org/web/20250528163721id_/http://old.dghs.gov.bd/images/docs/vpr/20220206_dengue_all.pdf,wayback,200,796133,49887fd29e25e568fb4632bd67d5ee1e45a9387e1aa8363d93a20c8bf6f9c67a,2026-09-22T12:17:29.426782+00:00
2022-02-07,https://web.archive.org/web/20250528163443id_/http://old.dghs.gov.bd/images/docs/vpr/20220207_dengue_all.pdf,wayback,200,780623,cf89976e0044653b7d619cd48bdfaa4bbee98854fb5967a99af90b5edd194c61,2026-09-22T12:17:31.840037+00:00
2022-02-08,https://web.archive.org/web/20250528164036id_/http://old.dghs.gov.bd/images/docs/vpr/20220208_dengue_all.pdf,wayback,200,794944,bd8754b9f2857d50f5c9b531249838e0827b83239de556e5e3473f0f380be290,2026-09-22T12:17:35.789957+00:00
2022-02-09,https://web.archive.org/web/20250528163936id_/http://old.dghs.gov.bd/images/docs/vpr/20220209_dengue_all.pdf,wayback,200,799362,281ce2aefeae3daeca9bf41e685ad81f8821c2364bdfe00eb0632f88eeb08380,2026-09-22T12:17:38.325427+00:00
2022-02-10,https://web.archive.org/web/20250528163621id_/http://old.dghs.gov.bd/images/docs/vpr/20220210_dengue_all.pdf,wayback,200,794861,85f80e276a3d785951fed99ccf4b7ca3d969640e8cc080087c2f82b1b3f69a89,2026-09-22T12:17:40.811285+00:00
2022-02-11,https://web.archive.org/web/20250528163410id_/http://old.dghs.gov.bd/images/docs/vpr/20220211_dengue_all.pdf,wayback,200,780336,6719429ac315bd632511a9a648164e555373141ea40c79d8820c0d38b8c9eb41,2026-09-22T12:17:43.090961+00:00
2022-02-12,https://web.archive.org/web/20250528163604id_/http://old.dghs.gov.bd/images/docs/vpr/20220212_dengue_all.pdf,wayback,200,794849,09305a52c7226ffd0019f50571b57c39662eab1eed83e9cb6116ef540e930265,2026-09-22T12:17:45.413573+00:00
2022-02-13,https://web.archive.org/web/20250528163428id_/http://old.dghs.gov.bd/images/docs/vpr/20220213_dengue_all.pdf,wayback,200,783474,563bd53b231dabec95e8c994ca54ae5606cfdd07a9925cbd5dbc473ee05aae81,2026-09-22T12:17:47.664386+00:00
2022-02-14,https://web.archive.org/web/20250528163552id_/http://old.dghs.gov.bd/images/docs/vpr/20220214_dengue_all.pdf,wayback,200,797122,6c82c3a002fd128d1ed9969466ea9749026a449c7f316bbe7db144c3371058d9,2026-09-22T12:17:49.930244+00:00
2022-02-15,https://web.archive.org/web/20250528163441id_/http://old.dghs.gov.bd/images/docs/vpr/20220215_dengue_all.pdf,wayback,200,797868,ba9a7d8ecf0b8ab00709188112a95d368b0721338ff6090542fb62bcb6f31255,2026-09-22T12:17:52.347671+00:00
2022-02-16,https://web.archive.org/web/20250528163448id_/http://old.dghs.gov.bd/images/docs/vpr/20220216_dengue_all.pdf,wayback,200,802030,9f100e040a5ab4469e3dd4d60cef3d6318c236f83a318625eed40eda4dfb1e41,2026-09-22T12:17:54.869128+00:00
2022-02-17,https://web.archive.org/web/20250528163547id_/http://old.dghs.gov.bd/images/docs/vpr/20220217_dengue_all.pdf,wayback,200,797526,e0449a95829a068b72bd750d7d45e0ed5fa1b1aeded319358e4f5b59b1d58ac1,2026-09-22T12:17:58.884968+00:00
2022-02-18,https://web.archive.org/web/20250528163920id_/http://old.dghs.gov.bd/images/docs/vpr/20220218_dengue_all.pdf,wayback,200,795843,c5df88985841b3f0cc658f0e8c172264ba0b431f88dec1db5114bd064ec94673,2026-09-22T12:18:01.233504+00:00
2022-02-19,https://web.archive.org/web/20250528163514id_/http://old.dghs.gov.bd/images/docs/vpr/20220219_dengue_all.pdf,wayback,200,797505,82f0ba2994f5e3d41304a134eab60b456ab3bed21d8f3b05bbff8dde21a38f37,2026-09-22T12:18:03.540050+00:00
2022-02-20,https://web.archive.org/web/20250528163506id_/http://old.dghs.gov.bd/images/docs/vpr/20220220_dengue_all.pdf,wayback,200,779427,3565b6a944ebdf76e10f086e106466b14855b97b0d46b3e45efef582a76199bc,2026-09-22T12:18:10.692539+00:00
2022-02-21,https://web.archive.org/web/20250528163440id_/http://old.dghs.gov.bd/images/docs/vpr/20220221_dengue_all.pdf,wayback,200,787679,34bf94626b6ca6240b8a32f7438a893c30740c62823ff3beba7a877ccb505ca2,2026-09-22T12:18:13.040099+00:00
2022-02-22,https://web.archive.org/web/20250528163535id_/http://old.dghs.gov.bd/images/docs/vpr/20220222_dengue_all.pdf,wayback,200,797430,111f33823178418260b22801e3229c491d34e72e6020363131321dbb8665cb61,2026-09-22T12:18:15.399611+00:00
2022-02-23,https://web.archive.org/web/20250528163431id_/http://old.dghs.gov.bd/images/docs/vpr/20220223_dengue_all.pdf,wayback,200,797019,c9586ddf27f3847bb8fb90c39f5391864842d8a11213b3e303363e7a6a2bf28f,2026-09-22T12:18:17.755339+00:00
2022-02-24,https://web.archive.org/web/20250528163413id_/http://old.dghs.gov.bd/images/docs/vpr/20220224_dengue_all.pdf,wayback,200,801279,904997bb486afe97276336714a6c2474f68ca1bb19954ad17b9a4642e64d17d7,2026-09-22T12:18:20.334184+00:00
2022-02-25,https://web.archive.org/web/20250528163618id_/http://old.dghs.gov.bd/images/docs/vpr/20220225_dengue_all.pdf,wayback,200,795206,dff1d7c929fbcd28548b2900227fb80af90afeb0e54e3a323a0f9554790fdae7,2026-09-22T12:18:22.683271+00:00
2022-02-26,https://web.archive.org/web/20250528163410id_/http://old.dghs.gov.bd/images/docs/vpr/20220226_dengue_all.pdf,wayback,200,636968,de8bc1821f8c207900b46816755c69d4fb0e6873c7b41e812a1b5a631b8c26a1,2026-09-22T12:18:29.409834+00:00
2022-02-27,https://web.archive.org/web/20250528163426id_/http://old.dghs.gov.bd/images/docs/vpr/20220227_dengue_all.pdf,wayback,200,794843,41377a849979b971408439607145c06bc6c6813ef258856560f5b44221da843b,2026-09-22T12:18:31.750001+00:00
2022-02-28,https://web.archive.org/web/20250528163712id_/http://old.dghs.gov.bd/images/docs/vpr/20220228_dengue_all.pdf,wayback,200,795395,34d5500d9989681c9da2759e8f488d89f9d2e93ee0fd2d1f9a3a41fd81c62267,2026-09-22T12:18:34.782353+00:00
2022-03-01,https://web.archive.org/web/20250528163603id_/http://old.dghs.gov.bd/images/docs/vpr/20220301_dengue_all.pdf,wayback,200,794035,ab3ec1304292d2bf579a62ea9806a2d049e6887203ae16c13bda5ef47832dacf,2026-09-22T12:18:38.569897+00:00
2022-03-02,https://web.archive.org/web/20250528163428id_/http://old.dghs.gov.bd/images/docs/vpr/20220302_dengue_all.pdf,wayback,200,793343,b86d95dd2653af2c5a297cf07d88fa401d0e8007daff0d96f372a7fc0026737e,2026-09-22T12:18:40.880592+00:00
2022-03-03,https://web.archive.org/web/20250528163522id_/http://old.dghs.gov.bd/images/docs/vpr/20220303_dengue_all.pdf,wayback,200,794206,25b187c9203f4c78282e541135e03d585be2259189cb55e3fea4682c7a2ce8e0,2026-09-22T12:18:43.190890+00:00
2022-03-04,https://web.archive.org/web/20250528163411id_/http://old.dghs.gov.bd/images/docs/vpr/20220304_dengue_all.pdf,wayback,200,779440,538be04730d1af3d6572ed004acf023fc3c049aa1aa796069608539d4cc6a03e,2026-09-22T12:18:45.395229+00:00
2022-03-05,https://web.archive.org/web/20250528163526id_/http://old.dghs.gov.bd/images/docs/vpr/20220305_dengue_all.pdf,wayback,200,779608,949ababf86c807fc5b9358e180b196e5eb60d4e58744794c826c7f9444193e6f,2026-09-22T12:18:47.769310+00:00
2022-03-06,https://web.archive.org/web/20250528163550id_/http://old.dghs.gov.bd/images/docs/vpr/20220306_dengue_all.pdf,wayback,200,787211,e20331d757b554814ff7b98363376511ef512763aa8c8745e8fa9227bbad0dc6,2026-09-22T12:18:50.552592+00:00
2022-03-07,https://web.archive.org/web/20250528163625id_/http://old.dghs.gov.bd/images/docs/vpr/20220307_dengue_all.pdf,wayback,200,802706,025c4cd7a9d630277658416007ad88a98c3fc85029e3b0fde0cefb505f6e901c,2026-09-22T12:18:52.970446+00:00
2022-03-08,https://web.archive.org/web/20250528163442id_/http://old.dghs.gov.bd/images/docs/vpr/20220308_dengue_all.pdf,wayback,200,802986,be2df429d4b24f22eb6e035d7ec9d94152d44eb66a4f34cac457081666f75670,2026-09-22T12:18:55.366861+00:00
2022-03-09,https://web.archive.org/web/20250528163518id_/http://old.dghs.gov.bd/images/docs/vpr/20220309_dengue_all.pdf,wayback,200,803179,3844d8e98a33e80bea45d975099cb67429351f788622e1c92fd33d9a7ad19cb2,2026-09-22T12:18:57.327139+00:00
2022-03-10,https://web.archive.org/web/20250528163459id_/http://old.dghs.gov.bd/images/docs/vpr/20220310_dengue_all.pdf,wayback,200,803417,b18f0d551fff56455273b5d4665013767aa3a81f6d2d72a019349bf820c5fca9,2026-09-22T12:18:59.698062+00:00
2022-03-11,https://web.archive.org/web/20250528163702id_/http://old.dghs.gov.bd/images/docs/vpr/20220311_dengue_all.pdf,wayback,200,787552,32c2e746bad70d49057a2ba92f1b0a96de46513b9ddb22f325e608c70b5461b1,2026-09-22T12:19:01.982391+00:00
2022-03-12,https://web.archive.org/web/20250528163548id_/http://old.dghs.gov.bd/images/docs/vpr/20220312_dengue_all.pdf,wayback,200,787492,d77af87f9958ce302b4dc76f083ff44d37e6556b38db9e0ff9b2c59d4e18d9ca,2026-09-22T12:19:04.290784+00:00
2022-03-13,https://web.archive.org/web/20250528163456id_/http://old.dghs.gov.bd/images/docs/vpr/20220313_dengue_all.pdf,wayback,200,788076,48485e8b694d4b6a96aa8d70120a1c25ce71fda38a24be6639a08a8c6cab1d76,2026-09-22T12:19:06.548291+00:00
2022-03-14,https://web.archive.org/web/20250528163445id_/http://old.dghs.gov.bd/images/docs/vpr/20220314_dengue_all.pdf,wayback,200,803841,55c48cb37b07849b1c6f106f75d153426cc91a40ae096774762243566e21a9d3,2026-09-22T12:19:09.607310+00:00
2022-03-15,https://web.archive.org/web/20250528163741id_/http://old.dghs.gov.bd/images/docs/vpr/20220315_dengue_all.pdf,wayback,200,803548,59ca81a005d058925dec3ee046d9e41eb5cfd0f28a646ed2330f8bd61a28a571,2026-09-22T12:19:12.733222+00:00
2022-03-16,https://web.archive.org/web/20250528163415id_/http://old.dghs.gov.bd/images/docs/vpr/20220316_dengue_all.pdf,wayback,200,803613,f1ff4a39747ebf39bfc021490575df6e3a708079867ce7ca37ae6629301bb305,2026-09-22T12:19:15.010051+00:00
2022-03-17,https://web.archive.org/web/20250528163528id_/http://old.dghs.gov.bd/images/docs/vpr/20220317_dengue_all.pdf,wayback,200,803765,6a3ac5c641060ef1ed13e57c30ceaa6460022b33020fc308ff892e3de8397596,2026-09-22T12:19:17.757811+00:00
2022-03-18,https://web.archive.org/web/20250528163551id_/http://old.dghs.gov.bd/images/docs/vpr/20220318_dengue_all.pdf,wayback,200,804068,e4d54a08660ce3971f87ba82277d90e285f8092cd832eb1e077436516f6c7cb4,2026-09-22T12:19:20.080285+00:00
2022-03-19,https://web.archive.org/web/20250528163430id_/http://old.dghs.gov.bd/images/docs/vpr/20220319_dengue_all.pdf,wayback,200,804033,fc28b52a9a224a9d3b0bd3e91a9842772954d827be646ed741bd8753651ebd58,2026-09-22T12:19:22.526101+00:00
2022-03-20,https://web.archive.org/web/20250528163412id_/http://old.dghs.gov.bd/images/docs/vpr/20220320_dengue_all.pdf,wayback,200,801096,1cce33ddb1d86af15d2ee73b64a14c9b16550e34692e520eb43093686db6ea0e,2026-09-22T12:19:25.541117+00:00
2022-03-21,https://web.archive.org/web/20250528163444id_/http://old.dghs.gov.bd/images/docs/vpr/20220321_dengue_all.pdf,wayback,200,786472,fad3fa484681121e52b252a8d01be1bd3cb6e7c96b5e6d23e87f6ae6491a7605,2026-09-22T12:19:27.842324+00:00
2022-03-22,https://web.archive.org/web/20250528163740id_/http://old.dghs.gov.bd/images/docs/vpr/20220322_dengue_all.pdf,wayback,200,801051,efff2150d1ad6ac84b524f840cb625840e52db6b880baaff1b4316da6a50acba,2026-09-22T12:19:30.251243+00:00
2022-03-23,https://web.archive.org/web/20250528163758id_/http://old.dghs.gov.bd/images/docs/vpr/20220323_dengue_all.pdf,wayback,200,800817,7d87311d6362954dc92f7aca2e2f69ed6b262219febfcb49f88507aef1cef276,2026-09-22T12:19:32.560251+00:00
2022-03-24,https://web.archive.org/web/20250528163557id_/http://old.dghs.gov.bd/images/docs/vpr/20220324_dengue_all.pdf,wayback,200,801482,5098fe2b6595346491de09530b01a1ecf6094bfbe193be51eff3cc22300858a0,2026-09-22T12:19:34.927764+00:00
2022-03-25,https://web.archive.org/web/20250528163457id_/http://old.dghs.gov.bd/images/docs/vpr/20220325_dengue_all.pdf,wayback,200,620811,baf2105fd1d59f28a3d9f9bf2b618789b397e63e8b3229488699a5e3b182c0e8,2026-09-22T12:19:37.180246+00:00
2022-03-26,https://web.archive.org/web/20250528163426id_/http://old.dghs.gov.bd/images/docs/vpr/20220326_dengue_all.pdf,wayback,200,786282,d60a30aa125ed798096d4fd4afa4963c3f091615345112274286278957fb6987,2026-09-22T12:19:39.552022+00:00
2022-03-27,https://web.archive.org/web/20250528163532id_/http://old.dghs.gov.bd/images/docs/vpr/20220327_dengue_all.pdf,wayback,200,813890,0b25e2feb5d3e7eb5aac7ca9a75399040d667686b21dc6bfc60d3dd8ce51b58f,2026-09-22T12:19:42.046165+00:00
2022-03-28,https://web.archive.org/web/20250528163523id_/http://old.dghs.gov.bd/images/docs/vpr/20220328_dengue_all.pdf,wayback,200,803221,b7ab8b3f4f3ac5e338fa3581e3fa134220aca550221783f4b9d93bd39b08ef96,2026-09-22T12:19:44.378874+00:00
2022-03-29,https://web.archive.org/web/20250528163555id_/http://old.dghs.gov.bd/images/docs/vpr/20220329_dengue_all.pdf,wayback,200,801802,ff65a4081ca9a7f178d002398096af81fd09a51da5bba7f51bb6417b334a2f75,2026-09-22T12:19:46.726305+00:00
2022-03-30,https://web.archive.org/web/20250528163727id_/http://old.dghs.gov.bd/images/docs/vpr/20220330_dengue_all.pdf,wayback,200,801897,f54538a5b0671ab875b12c02517385ddc27f00ef83b5856d84535dcfa2029267,2026-09-22T12:19:51.087110+00:00
2022-03-31,https://web.archive.org/web/20250528163522id_/http://old.dghs.gov.bd/images/docs/vpr/20220331_dengue_all.pdf,wayback,200,801875,0e5a8a3425c0a87d95288305df4b9880f4dd12461aefd9b950ca310843b7704c,2026-09-22T12:19:53.497216+00:00
2022-04-01,https://web.archive.org/web/20250528163501id_/http://old.dghs.gov.bd/images/docs/vpr/20220401_dengue_all.pdf,wayback,200,801301,70a06117560c842b6f5dc2dc987967588b3005e5ad844abd16bcb77340aca357,2026-09-22T12:20:00.704667+00:00
2022-04-02,https://web.archive.org/web/20250528163705id_/http://old.dghs.gov.bd/images/docs/vpr/20220402_dengue_all.pdf,wayback,200,784574,187a3e48db9abb58492dba8a1e62f354ecc30f8c4c0f03abd94a8cb55496b9f1,2026-09-22T12:20:02.965920+00:00
2022-04-03,https://web.archive.org/web/20250528163900id_/http://old.dghs.gov.bd/images/docs/vpr/20220403_dengue_all.pdf,wayback,200,802624,75608e9ff654a8a359a4d2a1c04b19149e67c4da81763a1b2dadcd31566bd157,2026-09-22T12:20:05.402061+00:00
2022-04-04,https://web.archive.org/web/20250528163458id_/http://old.dghs.gov.bd/images/docs/vpr/20220404_dengue_all.pdf,wayback,200,787763,4f84b2543c7c311dcaac31d1b59c43bcc08c877c943794df2abce2c750bb77bb,2026-09-22T12:20:07.733149+00:00
2022-04-05,https://web.archive.org/web/20250528163530id_/http://old.dghs.gov.bd/images/docs/vpr/20220405_dengue_all.pdf,wayback,200,802769,9499be31cc350f7003c385388c7a06d5cd3fd2f778ef39d701f69ef697f849de,2026-09-22T12:20:10.892218+00:00
2022-04-06,https://web.archive.org/web/20250528163447id_/http://old.dghs.gov.bd/images/docs/vpr/20220406_dengue_all.pdf,wayback,200,795753,cead2e06e46f8b12c3cf42746e317940ba7e38803a03692fbaa1d14af9e5d644,2026-09-22T12:20:13.258447+00:00
2022-04-07,https://web.archive.org/web/20250528163450id_/http://old.dghs.gov.bd/images/docs/vpr/20220407_dengue_all.pdf,wayback,200,788728,018f203f9a4d37ad6a8cc36afaa9e1edb3ca3b5164139d266d53f4fb4d12d469,2026-09-22T12:20:15.615995+00:00
2022-04-08,https://web.archive.org/web/20250528163820id_/http://old.dghs.gov.bd/images/docs/vpr/20220408_dengue_all.pdf,wayback,200,788775,2f35943de9d141e6ce8f157e4f722cf960ad765e74a78afc255fae9444f5ec56,2026-09-22T12:20:19.474560+00:00
2022-04-09,https://web.archive.org/web/20250528163538id_/http://old.dghs.gov.bd/images/docs/vpr/20220409_dengue_all.pdf,wayback,200,788608,1d47eb9ade5454282f83be29a518456c4f73ecef3f0f35ee3d2212dae697e62c,2026-09-22T12:20:21.885564+00:00
2022-04-10,https://web.archive.org/web/20250528163602id_/http://old.dghs.gov.bd/images/docs/vpr/20220410_dengue_all.pdf,wayback,200,789875,95c380d17aef246638e12307759eafa86a9ac3e209d77af14d0cfc36b14369e2,2026-09-22T12:20:24.131840+00:00
2022-04-11,https://web.archive.org/web/20250528163641id_/http://old.dghs.gov.bd/images/docs/vpr/20220411_dengue_all.pdf,wayback,200,788668,6f2448156a4750d7ce433f69ee342d4a75da13c48eaaf52a88a5f480e4990a05,2026-09-22T12:20:29.541988+00:00
2022-04-12,https://web.archive.org/web/20250528163450id_/http://old.dghs.gov.bd/images/docs/vpr/20220412_dengue_all.pdf,wayback,200,800830,af0cb0efd2e0e1cad1a908229ff5aaef6f894266aa73e524f3b42b18abfa5616,2026-09-22T12:20:31.818095+00:00
2022-04-13,https://web.archive.org/web/20250528163813id_/http://old.dghs.gov.bd/images/docs/vpr/20220413_dengue_all.pdf,wayback,200,791416,9e82ea6004806b8aeff926277946f3a7df1387e647bb7b9ca8194f9018892217,2026-09-22T12:20:34.134895+00:00
2022-04-14,https://web.archive.org/web/20250528163617id_/http://old.dghs.gov.bd/images/docs/vpr/20220414_dengue_all.pdf,wayback,200,806191,efef666c7f8fbd4cbc2981a31308f38d7d8ad3f2ff4c96f810406ccd3974bec0,2026-09-22T12:20:36.475262+00:00
2022-04-15,https://web.archive.org/web/20250529073445id_/http://old.dghs.gov.bd/images/docs/vpr/20220415_dengue_all.pdf,wayback,200,790891,8bb0dcb350fba62d7a552da63bdf67be0eb7d491ce550c5fa1dc8f55170beb67,2026-09-22T12:20:44.386283+00:00
2022-04-16,https://web.archive.org/web/20250528163527id_/http://old.dghs.gov.bd/images/docs/vpr/20220416_dengue_all.pdf,wayback,200,789436,b14652be54cc0301fe7355747bb02477023b147278e094b8b17f70078404075f,2026-09-22T12:20:46.835877+00:00
2022-04-17,https://web.archive.org/web/20250528163902id_/http://old.dghs.gov.bd/images/docs/vpr/20220417_dengue_all.pdf,wayback,200,804751,0ef08caf378c28c36dc4a6bd931690d2bd28ef79eae91efd06a4fd2a867908ce,2026-09-22T12:20:49.217010+00:00
2022-04-18,https://web.archive.org/web/20250528163444id_/http://old.dghs.gov.bd/images/docs/vpr/20220418_dengue_all.pdf,wayback,200,887347,bae76ab08d39cd01caa4fa532eafb75501916775a4e9deb7dad1e456511f247f,2026-09-22T12:20:56.150861+00:00
2022-04-19,https://web.archive.org/web/20250528163443id_/http://old.dghs.gov.bd/images/docs/vpr/20220419_dengue_all.pdf,wayback,200,876820,18a1a33edd1fce7302b686b7a32061337030239b4bd0034cf2a627fe26e0a2a5,2026-09-22T12:21:05.560692+00:00
2022-04-20,https://web.archive.org/web/20250528163410id_/http://old.dghs.gov.bd/images/docs/vpr/20220420_dengue_all.pdf,wayback,200,825601,d677a062236bd2a8ce1c62aff7262bd3ef011db3e4a53b3656fb603239d84249,2026-09-22T12:21:08.007804+00:00
2022-04-21,https://web.archive.org/web/20250528163417id_/http://old.dghs.gov.bd/images/docs/vpr/20220421_dengue_all.pdf,wayback,200,824174,fc937fb81ef4c832cef078f0e0aa9c4bcc1d0bd88f5db09b1092867a57382782,2026-09-22T12:21:10.327439+00:00
2022-04-22,https://web.archive.org/web/20250528163457id_/http://old.dghs.gov.bd/images/docs/vpr/20220422_dengue_all.pdf,wayback,200,802482,99535375624a801dde4ad1a01f24441c24b96369bc4ee3f22e440806d7dc3bbd,2026-09-22T12:21:12.745480+00:00
2022-04-23,https://web.archive.org/web/20250528163454id_/http://old.dghs.gov.bd/images/docs/vpr/20220423_dengue_all.pdf,wayback,200,803682,e917b50d1a66bb9fd00def8e12a5a8f45e5144dcf27b84bdcb2e07f3ef4bfe41,2026-09-22T12:21:16.394028+00:00
2022-04-24,https://web.archive.org/web/20250528163530id_/http://old.dghs.gov.bd/images/docs/vpr/20220424_dengue_all.pdf,wayback,200,823792,1bca64c14c004d9e74c34e9040b536d6f06dbf83ce4f85084ae3ee4490d58e98,2026-09-22T12:21:19.395591+00:00
2022-04-25,https://web.archive.org/web/20250528164125id_/http://old.dghs.gov.bd/images/docs/vpr/20220425_dengue_all.pdf,wayback,200,811446,859156095c73a6239029b7e4583cfcf7e5afdf4eedfa7dae192f027e61988188,2026-09-22T12:21:21.948513+00:00
2022-04-26,https://web.archive.org/web/20250528163518id_/http://old.dghs.gov.bd/images/docs/vpr/20220426_dengue_all.pdf,wayback,200,811808,ff4691baa8d9ba525954c86264b58da85f438814f11f3e280b37eeebce6663d2,2026-09-22T12:21:24.165197+00:00
2022-04-27,https://web.archive.org/web/20250528163617id_/http://old.dghs.gov.bd/images/docs/vpr/20220427_dengue_all.pdf,wayback,200,832282,99929485da9eb282e6d967dacfe14b55a39b344c7b3f2ed378e2b2b4e004edbc,2026-09-22T12:21:26.477401+00:00
2022-04-28,https://web.archive.org/web/20250528163728id_/http://old.dghs.gov.bd/images/docs/vpr/20220428_dengue_all.pdf,wayback,200,832609,d7011267a113fc3d6b275cf7c86c5324d39914be02d506131f33f1159a96c8db,2026-09-22T12:21:28.762322+00:00
2022-04-29,https://web.archive.org/web/20250528163558id_/http://old.dghs.gov.bd/images/docs/vpr/20220429_dengue_all.pdf,wayback,200,813369,5ab4dd0e00dc2c11ddd1825a8be67781333e705bf0198b938b86f4654f14d55a,2026-09-22T12:21:31.054595+00:00
2022-04-30,https://web.archive.org/web/20250528163433id_/http://old.dghs.gov.bd/images/docs/vpr/20220430_dengue_all.pdf,wayback,200,813081,e1d2d454c6b339b38dea43bc7519b00b01a2f64aa5146ef137ea577b2b030a0f,2026-09-22T12:21:33.369479+00:00
2022-05-01,https://web.archive.org/web/20250528163432id_/http://old.dghs.gov.bd/images/docs/vpr/20220501_dengue_all.pdf,wayback,200,820993,5a161b8b55d38c9562ec9f2432b273dc9a12286c0346eb4bb9e45e603887b668,2026-09-22T12:21:35.902305+00:00
2022-05-02,https://web.archive.org/web/20250528163522id_/http://old.dghs.gov.bd/images/docs/vpr/20220502_dengue_all.pdf,wayback,200,824059,0877178380b850c4f514d4acdcb53ccacf053ec217393e9a10a334dea0d00e3b,2026-09-22T12:21:38.192650+00:00
2022-05-03,https://web.archive.org/web/20250528163832id_/http://old.dghs.gov.bd/images/docs/vpr/20220503_dengue_all.pdf,wayback,200,825376,21d9357e5a2445a5ef88c2578cd7f27d8ddbc33a1fa6ada7c3bf114f82a4ff99,2026-09-22T12:21:44.111845+00:00
2022-05-04,https://web.archive.org/web/20250528163428id_/http://old.dghs.gov.bd/images/docs/vpr/20220504_dengue_all.pdf,wayback,200,825373,ef404d5fc563d1d19c64903b6d7b30efff4548902ca4d41f3d74939414e94de9,2026-09-22T12:21:46.684001+00:00
2022-05-05,https://web.archive.org/web/20250528164024id_/http://old.dghs.gov.bd/images/docs/vpr/20220505_dengue_all.pdf,wayback,200,832644,8cd808f8a09a98bce9c938c3bc8ddf037f4352c6c341c37f29768a845be70282,2026-09-22T12:21:48.991214+00:00
2022-05-06,https://web.archive.org/web/20250528163540id_/http://old.dghs.gov.bd/images/docs/vpr/20220506_dengue_all.pdf,wayback,200,812862,8c39bf04972d93f67f74cbd4c1a9b76c5344b8900110039530b958f24afb0f96,2026-09-22T12:21:51.374263+00:00
2022-05-07,https://web.archive.org/web/20250528163436id_/http://old.dghs.gov.bd/images/docs/vpr/20220507_dengue_all.pdf,wayback,200,812693,3ad40861c8a3431101ef5ca729928a850394e5b6eddc640849db0b5b133cb0c7,2026-09-22T12:21:54.818269+00:00
2022-05-08,https://web.archive.org/web/20250528163454id_/http://old.dghs.gov.bd/images/docs/vpr/20220508_dengue_all.pdf,wayback,200,834405,aabb3be2ff14a409919966dfbaeffea36a19d00624c5193c712ceb222af459b2,2026-09-22T12:21:57.657953+00:00
2022-05-09,https://web.archive.org/web/20250528163614id_/http://old.dghs.gov.bd/images/docs/vpr/20220509_dengue_all.pdf,wayback,200,814717,87d3f6a2b5efeef9b4ad864b3e20fe9b6b8147bd7c918646333f8d859dc1b8f8,2026-09-22T12:22:00.078895+00:00
2022-05-10,https://web.archive.org/web/20250528163651id_/http://old.dghs.gov.bd/images/docs/vpr/20220510_dengue_all.pdf,wayback,200,832739,f0c540e634436ae6732fdf3e3003a7e87a1694a1099bac7803623b615085cad6,2026-09-22T12:22:04.141120+00:00
2022-05-11,https://web.archive.org/web/20250528163432id_/http://old.dghs.gov.bd/images/docs/vpr/20220511_dengue_all.pdf,wayback,200,832726,2c72f82ecec654724097e2bdffb770d257e07c7a0f1d46d1bdead73038ccde42,2026-09-22T12:22:06.454521+00:00
2022-05-12,https://web.archive.org/web/20250528163457id_/http://old.dghs.gov.bd/images/docs/vpr/20220512_dengue_all.pdf,wayback,200,832499,b244c2c97f243c63a027521e4233e83fffda9307a540ff42a6b62237d6fe33ef,2026-09-22T12:22:08.762037+00:00
2022-05-13,https://web.archive.org/web/20250528163420id_/http://old.dghs.gov.bd/images/docs/vpr/20220513_dengue_all.pdf,wayback,200,813809,63c2375c32878910e3b61ebc0a40dcb30a659c8633b87c8eb05ffa9f71ca6455,2026-09-22T12:22:11.734234+00:00
2022-05-14,https://web.archive.org/web/20250528163543id_/http://old.dghs.gov.bd/images/docs/vpr/20220514_dengue_all.pdf,wayback,200,815411,16690df9a5eaed4e36ca890bd554a0cca06ea24db36a1a08552d590445352857,2026-09-22T12:22:16.944508+00:00
2022-05-15,https://web.archive.org/web/20250528163436id_/http://old.dghs.gov.bd/images/docs/vpr/20220515_dengue_all.pdf,wayback,200,814093,82c03f91315036687eded9ffe2907f83484561ce42884a08f9392d306c924791,2026-09-22T12:22:19.267641+00:00
2022-05-16,https://web.archive.org/web/20250528163416id_/http://old.dghs.gov.bd/images/docs/vpr/20220516_dengue_all.pdf,wayback,200,833184,2feb0e1def439072d8a4f6c1bd28801c7b14ff6344a00011bbf80d38953b5254,2026-09-22T12:22:21.544306+00:00
2022-05-17,https://web.archive.org/web/20250528163729id_/http://old.dghs.gov.bd/images/docs/vpr/20220517_dengue_all.pdf,wayback,200,834687,45cca307f21d75fac6fe53320a3058d65fe5736be97025dafdceeb91a8bc52e2,2026-09-22T12:22:23.943683+00:00
2022-05-18,https://web.archive.org/web/20250528163644id_/http://old.dghs.gov.bd/images/docs/vpr/20220518_dengue_all.pdf,wayback,200,814986,bfb6b1242eec20496253f42baf6808e3d1c79f0e6800b0284e4b5256af6f7b07,2026-09-22T12:22:26.273811+00:00
2022-05-19,https://web.archive.org/web/20250528164227id_/http://old.dghs.gov.bd/images/docs/vpr/20220519_dengue_all.pdf,wayback,200,836412,ba8c6c60bfda604a192a00ab5d220c811aa82e00f95da10c3cdf874c486f5ad2,2026-09-22T12:22:28.683739+00:00
2022-05-20,https://web.archive.org/web/20250528164022id_/http://old.dghs.gov.bd/images/docs/vpr/20220520_dengue_all.pdf,wayback,200,813538,920ac8bba60b91da7c9335dc0b9995e6d4acea8c4f930af490419633326fe0f9,2026-09-22T12:22:31.031197+00:00
2022-05-21,https://web.archive.org/web/20250528163604id_/http://old.dghs.gov.bd/images/docs/vpr/20220521_dengue_all.pdf,wayback,200,814685,888a5fcc2912a383a14000a77ae882c2275b7557c496b522c21cb606ecbc90c8,2026-09-22T12:22:34.700045+00:00
2022-05-22,https://web.archive.org/web/20250528163523id_/http://old.dghs.gov.bd/images/docs/vpr/20220522_dengue_all.pdf,wayback,200,822228,b0894d80b7cd436f0f1b817fc3dd2997d74bc7bd462ab924becf6910ad0c9759,2026-09-22T12:22:36.989911+00:00
2022-05-23,https://web.archive.org/web/20250528163535id_/http://old.dghs.gov.bd/images/docs/vpr/20220523_dengue_all.pdf,wayback,200,834420,2da2c9f536c2f822f6de19dac72310e65ad419ff83a7c638f6c6d8edd3a1134b,2026-09-22T12:22:39.494043+00:00
2022-05-24,https://web.archive.org/web/20250528163817id_/http://old.dghs.gov.bd/images/docs/vpr/20220524_dengue_all.pdf,wayback,200,835009,7933626d6e3b82fcaaebfd084a612716f4f0602214ab8a89b78a9802bc0acd70,2026-09-22T12:22:42.035721+00:00
2022-05-25,https://web.archive.org/web/20250528163446id_/http://old.dghs.gov.bd/images/docs/vpr/20220525_dengue_all.pdf,wayback,200,833665,a994e040c8cf4a8aea096415084e91afc5ebe4d035e5220b92996cbb980e1790,2026-09-22T12:22:44.313981+00:00
2022-05-26,https://web.archive.org/web/20250528163538id_/http://old.dghs.gov.bd/images/docs/vpr/20220526_dengue_all.pdf,wayback,200,815796,59852b3a639f1e4d340c8b4aa74583bc08d74b9ae04384d357025fec00e698b0,2026-09-22T12:22:46.562728+00:00
2022-05-27,https://web.archive.org/web/20250528163430id_/http://old.dghs.gov.bd/images/docs/vpr/20220527_dengue_all.pdf,wayback,200,636679,26c89cf120b9c91a447e48100183f1a93f29feacbf1b2b51031dff67e23e9c91,2026-09-22T12:22:48.993006+00:00
2022-05-28,https://web.archive.org/web/20250528163752id_/http://old.dghs.gov.bd/images/docs/vpr/20220528_dengue_all.pdf,wayback,200,812551,2142d7faf6457c5a0915757928b2ea8c3637d351b8b59203519283da76c0b5e1,2026-09-22T12:22:51.346760+00:00
2022-05-29,https://web.archive.org/web/20250528163518id_/http://old.dghs.gov.bd/images/docs/vpr/20220529_dengue_all.pdf,wayback,200,812661,42a47475858f158b42792de6281d53825f8b64f1cf2783f8abb70992a08be834,2026-09-22T12:22:53.691365+00:00
2022-05-30,https://web.archive.org/web/20250528163744id_/http://old.dghs.gov.bd/images/docs/vpr/20220530_dengue_all.pdf,wayback,200,816590,5b7df8c09043472a6c998822560a0571b1ae21f96d2a157f9a9649fd486392b3,2026-09-22T12:22:56.771217+00:00
2022-05-31,https://web.archive.org/web/20250528163644id_/http://old.dghs.gov.bd/images/docs/vpr/20220531_dengue_all.pdf,wayback,200,814591,ed3ae2e468df283fa17a1ebd895777863ff75f58f9cbe064696012f9a681f025,2026-09-22T12:22:59.142092+00:00
2022-06-01,https://web.archive.org/web/20250528163622id_/http://old.dghs.gov.bd/images/docs/vpr/20220601_dengue_all.pdf,wayback,200,846072,817671bca0fe61dbee2106d4f778e0d912cc3b3e588b2129a38091609b5d8c2a,2026-09-22T12:23:01.430055+00:00
2022-06-02,https://web.archive.org/web/20250528163751id_/http://old.dghs.gov.bd/images/docs/vpr/20220602_dengue_all.pdf,wayback,200,815754,628cedac4d5117f282c41ef98746da22d41ce1a073c344cd432c50428b7b08f8,2026-09-22T12:23:03.690349+00:00
2022-06-03,https://web.archive.org/web/20250528163427id_/http://old.dghs.gov.bd/images/docs/vpr/20220603_dengue_all.pdf,wayback,200,815616,7cfb28403d328d22c29b347fe361521dbb14deb92de15398de16c23397979791,2026-09-22T12:23:05.961694+00:00
2022-06-04,https://web.archive.org/web/20250528163614id_/http://old.dghs.gov.bd/images/docs/vpr/20220604_dengue_all.pdf,wayback,200,817090,a72663ace1f36848e3320c5b01311ba0bf19ff197662d84fb9f0b940a65cbb80,2026-09-22T12:23:08.244545+00:00
2022-06-05,https://web.archive.org/web/20250528163547id_/http://old.dghs.gov.bd/images/docs/vpr/20220605_dengue_all.pdf,wayback,200,816552,ec95085da8d68e412e0422458aa5c046df7a586ec239762ce2c7e2131dd5bce0,2026-09-22T12:23:10.477443+00:00
2022-06-06,https://web.archive.org/web/20250528163544id_/http://old.dghs.gov.bd/images/docs/vpr/20220606_dengue_all.pdf,wayback,200,816699,23a73ab9178fdf46bbbb1d28e55c170a814942a1291e4c57acd610204ca96798,2026-09-22T12:23:12.819026+00:00
2022-06-07,https://web.archive.org/web/20250528163701id_/http://old.dghs.gov.bd/images/docs/vpr/20220607_dengue_all.pdf,wayback,200,844656,ce4b6d59c7943d17b547a42d551ccbe996563c79fd65a80f8ea1bcf581df622f,2026-09-22T12:23:15.127013+00:00
2022-06-08,https://web.archive.org/web/20250528163921id_/http://old.dghs.gov.bd/images/docs/vpr/20220608_dengue_all.pdf,wayback,200,846111,b3c929f0436e1d41d3c43749513e4f56f15608a0325caa1b1530b1e655818bfa,2026-09-22T12:23:17.396115+00:00
2022-06-09,https://web.archive.org/web/20250528163846id_/http://old.dghs.gov.bd/images/docs/vpr/20220609_dengue_all.pdf,wayback,200,818918,785c3447f2f1ed18b15c23660660515999a305645b44ccdda5a7a070671dcfd2,2026-09-22T12:23:20.361394+00:00
2022-06-10,https://web.archive.org/web/20250528163519id_/http://old.dghs.gov.bd/images/docs/vpr/20220610_dengue_all.pdf,wayback,200,817699,2fa832b154924ae83e0e95bf0cd85f0f637d0cc75efd08531010b4e9aca5bd58,2026-09-22T12:23:22.712411+00:00
2022-06-11,https://web.archive.org/web/20250528163709id_/http://old.dghs.gov.bd/images/docs/vpr/20220611_dengue_all.pdf,wayback,200,822618,7c65efd824b6645f41b4d5de6fb53588e045fdd2527dd6301ddf1a4a198bfc3c,2026-09-22T12:23:26.620150+00:00
2022-06-12,https://web.archive.org/web/20250528163940id_/http://old.dghs.gov.bd/images/docs/vpr/20220612_dengue_all.pdf,wayback,200,846853,a9f678852cdd19b1f9bca726a8e1290d152b169dca0e26be3cc5cc5556096d19,2026-09-22T12:23:29.238257+00:00
2022-06-13,https://web.archive.org/web/20250528163552id_/http://old.dghs.gov.bd/images/docs/vpr/20220613_dengue_all.pdf,wayback,200,847689,adfd89c550ccae2c221c87e6f671e59735ede6b9acacc4b4a6275f87ce253de4,2026-09-22T12:23:31.428174+00:00
2022-06-14,https://web.archive.org/web/20250528163928id_/http://old.dghs.gov.bd/images/docs/vpr/20220614_dengue_all.pdf,wayback,200,818165,b1b9f5e1cf0571040c9c03de4e3b4bbb8614c8faf5fd3c6e28d2ae7d8b4035ee,2026-09-22T12:23:34.331446+00:00
2022-06-15,https://web.archive.org/web/20250528163508id_/http://old.dghs.gov.bd/images/docs/vpr/20220615_dengue_all.pdf,wayback,200,816195,92022e1f3afef170eaf80cc87f23a04efe445445b2d2efe156cc0ab9382d8794,2026-09-22T12:23:36.718943+00:00
2022-06-16,https://web.archive.org/web/20250528163459id_/http://old.dghs.gov.bd/images/docs/vpr/20220616_dengue_all.pdf,wayback,200,816700,39d88185424ffaf09f68b40fd11749dae8270c7d74af8cd288e550788419446b,2026-09-22T12:23:40.679849+00:00
2022-06-17,https://web.archive.org/web/20250528163423id_/http://old.dghs.gov.bd/images/docs/vpr/20220617_dengue_all.pdf,wayback,200,817550,3542f4fdf1d7cdaac2977fd2389e8488ff6fcf18b624dba4a4dd11cbea9768e7,2026-09-22T12:23:42.916181+00:00
2022-06-18,https://web.archive.org/web/20250528163527id_/http://old.dghs.gov.bd/images/docs/vpr/20220618_dengue_all.pdf,wayback,200,818638,1aab537f4a87ebc30e2dc4714ed45df2e6da6174e3115d76f7f24384f7fc9d15,2026-09-22T12:23:45.118515+00:00
2022-06-19,https://web.archive.org/web/20250528163516id_/http://old.dghs.gov.bd/images/docs/vpr/20220619_dengue_all.pdf,wayback,200,817231,ca3745c71579ba46c3261794016a6fce84e6693af632d954cf3f651bf3daf260,2026-09-22T12:23:47.492652+00:00
2022-06-20,https://web.archive.org/web/20250528163511id_/http://old.dghs.gov.bd/images/docs/vpr/20220620_dengue_all.pdf,wayback,200,833464,b5dfd8ed36966edfebc224be1e8ab6cf1ac2e0ae49762cddd7a378a6e68e3266,2026-09-22T12:23:49.705374+00:00
2022-06-21,https://web.archive.org/web/20250528163505id_/http://old.dghs.gov.bd/images/docs/vpr/20220621_dengue_all.pdf,wayback,200,834480,157c923475866753026bb1f0757fb4dfd61e295b0278fd378a1f5a1348489056,2026-09-22T12:23:51.976688+00:00
2022-06-22,https://web.archive.org/web/20250528163448id_/http://old.dghs.gov.bd/images/docs/vpr/20220622_dengue_all.pdf,wayback,200,816267,89a8b018873bdcc1d9ede54c255169f3feaac291d5740e9df05eb2eef5c5a1f7,2026-09-22T12:23:54.369852+00:00
2022-06-23,https://web.archive.org/web/20250530102737id_/http://old.dghs.gov.bd/images/docs/vpr/20220623_dengue_all.pdf,wayback,200,818160,ba484be988bee9aa0c885f3bb46b45e62485d0aba6cae942e2ed3e496116797b,2026-09-22T12:23:57.357854+00:00
2022-06-24,https://web.archive.org/web/20250528163752id_/http://old.dghs.gov.bd/images/docs/vpr/20220624_dengue_all.pdf,wayback,200,816536,61de0e13bf9690f809584c0832d4df565551981014f4c04f5c34f005a7695f06,2026-09-22T12:23:59.660848+00:00
2022-06-25,https://web.archive.org/web/20250528163557id_/http://old.dghs.gov.bd/images/docs/vpr/20220625_dengue_all.pdf,wayback,200,818545,df8fdd564ed05a21aa47b72d6a9a7078c954a93afa5b5b5116f0a06720806ef2,2026-09-22T12:24:01.939957+00:00
2022-06-26,https://web.archive.org/web/20250528163446id_/http://old.dghs.gov.bd/images/docs/vpr/20220626_dengue_all.pdf,wayback,200,814308,dd53c3f4ed535dcfcf4f7671f0f4f141e7dc52bce609d58642af43b2abb55f7e,2026-09-22T12:24:05.552001+00:00
2022-06-27,https://web.archive.org/web/20250528163503id_/http://old.dghs.gov.bd/images/docs/vpr/20220627_dengue_all.pdf,wayback,200,828121,9e9377c744bd2d056a76d3f62ff09250d797396e657afd3799bb422ad3840b75,2026-09-22T12:24:07.774261+00:00
2022-06-28,https://web.archive.org/web/20250528163424id_/http://old.dghs.gov.bd/images/docs/vpr/20220628_dengue_all.pdf,wayback,200,818104,b235fde987fb883436b942c8c003678156939f5d685a0c5d9b5811bf832de41a,2026-09-22T12:24:10.267211+00:00
2022-06-29,https://web.archive.org/web/20250528163420id_/http://old.dghs.gov.bd/images/docs/vpr/20220629_dengue_all.pdf,wayback,200,816714,cedd736873a0fb24141fa4d388806e1017b9b1c36e6ac74175ef30dd11472c5f,2026-09-22T12:24:17.882447+00:00
2022-06-30,https://web.archive.org/web/20250528163411id_/http://old.dghs.gov.bd/images/docs/vpr/20220630_dengue_all.pdf,wayback,200,817031,8bb82811c22a3614dd446fa9d1620e30d221e2afb4985c484eaf8db3f8fb0d35,2026-09-22T12:24:20.458571+00:00
2022-07-01,https://web.archive.org/web/20250528163502id_/http://old.dghs.gov.bd/images/docs/vpr/20220701_dengue_all.pdf,wayback,200,817691,e736a7c71ea872f380d6e9ecfc947d877d80afdbce01e88cc373a6a6c3454f6a,2026-09-22T12:24:22.664410+00:00
2022-07-02,https://web.archive.org/web/20250528163957id_/http://old.dghs.gov.bd/images/docs/vpr/20220702_dengue_all.pdf,wayback,200,816810,5ca7249e3ff69689dca38295c54f3c0db2196e9e1e15b456d4b233aedb9b9596,2026-09-22T12:24:24.984014+00:00
2022-07-03,https://web.archive.org/web/20250528163512id_/http://old.dghs.gov.bd/images/docs/vpr/20220703_dengue_all.pdf,wayback,200,849238,f54ffd887885635ba29e6c0c50e8179bb6c64dff7f20d70bdc1cc2c5ca402149,2026-09-22T12:24:27.369083+00:00
2022-07-04,https://web.archive.org/web/20250528163420id_/http://old.dghs.gov.bd/images/docs/vpr/20220704_dengue_all.pdf,wayback,200,852677,d5a5be2bfeacafb297dda6883d2390ecb7030c734ab5eeacc7c941d7a1038ce5,2026-09-22T12:24:29.719129+00:00
2022-07-05,https://web.archive.org/web/20250528163624id_/http://old.dghs.gov.bd/images/docs/vpr/20220705_dengue_all.pdf,wayback,200,852908,38e37bd206134a4a24d92012b8966d6d14692c023fd4c3332e1f5cbb16053a2f,2026-09-22T12:24:32.071916+00:00
2022-07-06,https://web.archive.org/web/20250528163439id_/http://old.dghs.gov.bd/images/docs/vpr/20220706_dengue_all.pdf,wayback,200,878653,5612f0662ec83eea9a70ff07fbd9df4a4bb341a85f99d2abaa8c0f6b631c68e6,2026-09-22T12:24:34.510000+00:00
2022-07-07,https://web.archive.org/web/20250528163415id_/http://old.dghs.gov.bd/images/docs/vpr/20220707_dengue_all.pdf,wayback,200,824635,42fc277f2e6bf2c52dbc9dae89dfc802b1e3c0a737517635c7e575c5d841dbb8,2026-09-22T12:24:36.832314+00:00
2022-07-08,https://web.archive.org/web/20250528163415id_/http://old.dghs.gov.bd/images/docs/vpr/20220708_dengue_all.pdf,wayback,200,820355,f5de855ee835213298dae436db90cfb47d3a2f6635e5c8a5cf7169f5e1588cc8,2026-09-22T12:24:39.328821+00:00
2022-07-09,https://web.archive.org/web/20250528163509id_/http://old.dghs.gov.bd/images/docs/vpr/20220709_dengue_all.pdf,wayback,200,823437,57d5daa585c69112ad290ede7c5239e135b85fec9303f9e63530e31c5f72f43b,2026-09-22T12:24:41.889047+00:00
2022-07-10,https://web.archive.org/web/20250528163521id_/http://old.dghs.gov.bd/images/docs/vpr/20220710_dengue_all.pdf,wayback,200,821479,52402a553a51dadf10ce22c6d218246dcc4c3519220df99592926634559e1378,2026-09-22T12:24:44.302965+00:00
2022-07-11,https://web.archive.org/web/20250528163443id_/http://old.dghs.gov.bd/images/docs/vpr/20220711_dengue_all.pdf,wayback,200,820982,3f5a19f51eb88eaf7351b24cbe8bdb0c75d5b86b20fef57de4f5799e277c1bed,2026-09-22T12:24:46.629686+00:00
2022-07-12,https://web.archive.org/web/20250528163439id_/http://old.dghs.gov.bd/images/docs/vpr/20220712_dengue_all.pdf,wayback,200,821249,79fd7a929c89e587585dfc078b09f45e3ac1dc1301cb9b577378a4e6bb2047c9,2026-09-22T12:24:49.227498+00:00
2022-07-13,https://web.archive.org/web/20250528163516id_/http://old.dghs.gov.bd/images/docs/vpr/20220713_dengue_all.pdf,wayback,200,824391,fab105943ec64556e83bb4e01a08dc2450359aaba15485c46dd904aff08e6b82,2026-09-22T12:24:51.536891+00:00
2022-07-14,https://web.archive.org/web/20250528163548id_/http://old.dghs.gov.bd/images/docs/vpr/20220714_dengue_all.pdf,wayback,200,835734,c8b46120adfa3a12b1a4b1e99642e487bfb290d79488c5fbf6a069f75c569526,2026-09-22T12:24:53.995684+00:00
2022-07-15,https://web.archive.org/web/20250528164237id_/http://old.dghs.gov.bd/images/docs/vpr/20220715_dengue_all.pdf,wayback,200,814289,958cff0eef09f04f866ce89762dbf9969e477bd6ec0280a2af48429597d0fa8b,2026-09-22T12:24:56.410010+00:00
2022-07-16,https://web.archive.org/web/20250528163635id_/http://old.dghs.gov.bd/images/docs/vpr/20220716_dengue_all.pdf,wayback,200,821250,02d41101b458f65d2350bba902d433539fbe537ee7f033eb3fce9b598cd549eb,2026-09-22T12:24:58.783363+00:00
2022-07-17,https://web.archive.org/web/20250528163505id_/http://old.dghs.gov.bd/images/docs/vpr/20220717_dengue_all.pdf,wayback,200,815490,d74918fcd4da83cafa910bb1c4a0a34d391284fb7651071c852318928d2e37f3,2026-09-22T12:25:01.827755+00:00
2022-07-18,https://web.archive.org/web/20250528163602id_/http://old.dghs.gov.bd/images/docs/vpr/20220718_dengue_all.pdf,wayback,200,813429,bceff7a2c5f628be584afa9009e726d1e5df8d0d9af8185921b7e44f553ac603,2026-09-22T12:25:04.333237+00:00
2022-07-19,https://web.archive.org/web/20250528163427id_/http://old.dghs.gov.bd/images/docs/vpr/20220719_dengue_all.pdf,wayback,200,846442,73a37a3b99729d929fa956bf6ec813e08a845f5071452b92774e9fb245c37482,2026-09-22T12:25:06.632628+00:00
2022-07-20,https://web.archive.org/web/20250528163506id_/http://old.dghs.gov.bd/images/docs/vpr/20220720_dengue_all.pdf,wayback,200,812822,d120b621aaca56a47bbc26df7e999578005463609d56401e56275f7252a6806d,2026-09-22T12:25:09.595345+00:00
2022-07-21,https://web.archive.org/web/20250528163433id_/http://old.dghs.gov.bd/images/docs/vpr/20220721_dengue_all.pdf,wayback,200,816783,0497012ff1ee1a0099b3eba70ca56a4abd1904711381317f049609bb1d427798,2026-09-22T12:25:11.855501+00:00
2022-07-22,https://web.archive.org/web/20250528163751id_/http://old.dghs.gov.bd/images/docs/vpr/20220722_dengue_all.pdf,wayback,200,846276,83b5f08db00c633a4cc25e4c6ebd1a050fb36d758362217dfe67c8313383ef0f,2026-09-22T12:25:15.070195+00:00
2022-07-23,https://web.archive.org/web/20250528163512id_/http://old.dghs.gov.bd/images/docs/vpr/20220723_dengue_all.pdf,wayback,200,840925,b80198216e72eba66d31164ed63281b78daa8297c0503b1dc66298745c30631f,2026-09-22T12:25:17.334446+00:00
2022-07-24,https://web.archive.org/web/20250528163539id_/http://old.dghs.gov.bd/images/docs/vpr/20220724_dengue_all.pdf,wayback,200,809118,88940de22a78b3597dfe8b8fbce60eb8cc079f8ca947e18817c8951550474343,2026-09-22T12:25:19.637195+00:00
2022-07-25,https://web.archive.org/web/20250528163454id_/http://old.dghs.gov.bd/images/docs/vpr/20220725_dengue_all.pdf,wayback,200,805766,1cd37ae60811e8d416603df5c5d4c15fc2aa00cf00d19b204941a810391e6c6c,2026-09-22T12:25:21.983360+00:00
2022-07-26,https://web.archive.org/web/20230523194619id_/https://old.dghs.gov.bd/images/docs/vpr/20220726_dengue_all.pdf,wayback,200,807112,a54fe6ba04102b7e72eef0caf600cde0c7fa95cceae60e1bba88a75ca7dc62e8,2026-09-22T12:25:25.134432+00:00
2022-07-27,https://web.archive.org/web/20250528163506id_/http://old.dghs.gov.bd/images/docs/vpr/20220727_dengue_all.pdf,wayback,200,806315,ae68e96f6b718b319a2e64175b428042850ebc6a3356675a6709821735057b58,2026-09-22T12:25:27.683958+00:00
2022-07-28,https://web.archive.org/web/20250528163437id_/http://old.dghs.gov.bd/images/docs/vpr/20220728_dengue_all.pdf,wayback,200,818664,6b5f7fa654bb7207ae13216c4f4f4f210cbfadd924fe0437bba0cc4507838003,2026-09-22T12:25:29.846042+00:00
2022-07-29,https://web.archive.org/web/20250528163413id_/http://old.dghs.gov.bd/images/docs/vpr/20220729_dengue_all.pdf,wayback,200,818509,028e137f7bc3605b722c6eb6d36af9145b406c39e3352cba095493d79b5920a7,2026-09-22T12:25:32.339087+00:00
2022-07-30,https://web.archive.org/web/20250528163430id_/http://old.dghs.gov.bd/images/docs/vpr/20220730_dengue_all.pdf,wayback,200,820502,7d971f11f7a830d2e0f4d8ff9ae7a2a537cc988807db502ec8008455288219e3,2026-09-22T12:25:34.887081+00:00
2022-07-31,https://web.archive.org/web/20250528163554id_/http://old.dghs.gov.bd/images/docs/vpr/20220731_dengue_all.pdf,wayback,200,820252,bcea7958f46707a01c8d791a100f3ae299bb940edef63bf83e9cd0cd7163cd3d,2026-09-22T12:25:37.405197+00:00
2022-08-01,https://web.archive.org/web/20250528163544id_/http://old.dghs.gov.bd/images/docs/vpr/20220801_dengue_all.pdf,wayback,200,851253,e93f18b702f8ed03de80e85afd2e05a138942c2d5fd9a80f6b058fe44a49e7a2,2026-09-22T12:25:39.499997+00:00
2022-08-02,https://web.archive.org/web/20250528163706id_/http://old.dghs.gov.bd/images/docs/vpr/20220802_dengue_all.pdf,wayback,200,819872,82c693414561ae3eaab03f685c115266b61317ca272ed0814b964f734608d07b,2026-09-22T12:25:42.191970+00:00
2022-08-03,https://web.archive.org/web/20250528164049id_/http://old.dghs.gov.bd/images/docs/vpr/20220803_dengue_all.pdf,wayback,200,821382,77244f17b60f53b76c6ea13b6919292cfcaf282d4f4e88fc7c3bd59838dc12f6,2026-09-22T12:25:45.091227+00:00
2022-08-04,https://web.archive.org/web/20250528163432id_/http://old.dghs.gov.bd/images/docs/vpr/20220804_dengue_all.pdf,wayback,200,878574,9b0cceb806877881ac5e8067d6338308b8f0113ed1c763eba72f544de98ccea3,2026-09-22T12:25:47.481091+00:00
2022-08-05,https://web.archive.org/web/20250528163609id_/http://old.dghs.gov.bd/images/docs/vpr/20220805_dengue_all.pdf,wayback,200,878664,389fffa9e04568c265d1c1c31908ceb6c10e8ecc1b9a6449f1901447222e91fc,2026-09-22T12:25:50.190597+00:00
2022-08-06,https://web.archive.org/web/20250528163606id_/http://old.dghs.gov.bd/images/docs/vpr/20220806_dengue_all.pdf,wayback,200,879000,df699022e95b0d9774471e089e9fccd8e2db789fb68030a317378a1273853187,2026-09-22T12:25:52.303929+00:00
2022-08-07,https://web.archive.org/web/20250528163424id_/http://old.dghs.gov.bd/images/docs/vpr/20220807_dengue_all.pdf,wayback,200,1170217,1d301141200b45861b77c860198ee65e4cf17ee3c8559b49cc26730f1b00459d,2026-09-22T12:25:54.891177+00:00
2022-08-08,https://web.archive.org/web/20250528163503id_/http://old.dghs.gov.bd/images/docs/vpr/20220808_dengue_all.pdf,wayback,200,1230098,911612955f1fdabbc2f55e1f3647482da41576cfb308d8e24a737f80e1ee9ad9,2026-09-22T12:25:57.583780+00:00
2022-08-09,https://web.archive.org/web/20250528163534id_/http://old.dghs.gov.bd/images/docs/vpr/20220809_dengue_all.pdf,wayback,200,1231174,4a739e054b2ea6f42f003536969afbc60bce369b62cb4c113464da1995bd8094,2026-09-22T12:26:00.201548+00:00
2022-08-10,https://web.archive.org/web/20250528163723id_/http://old.dghs.gov.bd/images/docs/vpr/20220810_dengue_all.pdf,wayback,200,1233847,0a906cb580e5c2e0e7ffa7232f4e6c247def88a362c9cb9c2bf6df5b25532e6a,2026-09-22T12:26:02.379096+00:00
2022-08-11,https://web.archive.org/web/20250528163523id_/http://old.dghs.gov.bd/images/docs/vpr/20220811_dengue_all.pdf,wayback,200,848589,ceb60e5dec4ffc4cb9fc59215b774a076267cc183113dfe617951e293c4a9076,2026-09-22T12:26:04.711812+00:00
2022-08-12,https://web.archive.org/web/20250528163500id_/http://old.dghs.gov.bd/images/docs/vpr/20220812_dengue_all.pdf,wayback,200,893339,1702e8e3a1c1b962cc980318983475d082bf5bc59e9ebcf268806a48dcc6ff4d,2026-09-22T12:26:06.947591+00:00
2022-08-13,https://web.archive.org/web/20250528163505id_/http://old.dghs.gov.bd/images/docs/vpr/20220813_dengue_all.pdf,wayback,200,873231,9d3bf7a2694a38e15c4697dcf45bb7fda6edecd56e0cb90944c7bbebd962c34c,2026-09-22T12:26:09.479022+00:00
2022-08-14,https://web.archive.org/web/20250528163837id_/http://old.dghs.gov.bd/images/docs/vpr/20220814_dengue_all.pdf,wayback,200,872082,6e3ee0d5f4d82b1ba1823ec9a59424f8543c0d5aa9d17a6dc72b80ec8f934186,2026-09-22T12:26:12.942945+00:00
2022-08-15,https://web.archive.org/web/20250528163513id_/http://old.dghs.gov.bd/images/docs/vpr/20220815_dengue_all.pdf,wayback,200,1244919,fc525b61773eaf8305d0b25f29c35d89c812d87c7b4d9b385a82a73bccd4643d,2026-09-22T12:26:15.175588+00:00
2022-08-16,https://web.archive.org/web/20250528163438id_/http://old.dghs.gov.bd/images/docs/vpr/20220816_dengue_all.pdf,wayback,200,841388,e0db13eaf49e37384c9502d5c44627f1512d6053688cd645d131275c9753cb1c,2026-09-22T12:26:17.158700+00:00
2022-08-17,https://web.archive.org/web/20250528163434id_/http://old.dghs.gov.bd/images/docs/vpr/20220817_dengue_all.pdf,wayback,200,1323667,69f1c758119271a213df01add07105c306c4af5f8f444f6fee867752dc80eaa3,2026-09-22T12:26:19.433195+00:00
2022-08-18,https://web.archive.org/web/20250528163555id_/http://old.dghs.gov.bd/images/docs/vpr/20220818_dengue_all.pdf,wayback,200,841462,79602967a2cbdc8920bc8bbb5b57054ca842549fe932888369cabd19c9cda602,2026-09-22T12:26:21.838522+00:00
2022-08-19,https://web.archive.org/web/20250528163422id_/http://old.dghs.gov.bd/images/docs/vpr/20220819_dengue_all.pdf,wayback,200,928827,8476fc0aa7d04796ed0b0867db73517ef65b812b6d37cade789605ba29e84e6c,2026-09-22T12:26:24.017627+00:00
2022-08-20,https://web.archive.org/web/20250528163414id_/http://old.dghs.gov.bd/images/docs/vpr/20220820_dengue_all.pdf,wayback,200,1248413,cfc3d5fcb654b5cd4d16b85e595183d2b41639a07e6342d8da4528f687df95cf,2026-09-22T12:26:26.279058+00:00
2022-08-21,https://web.archive.org/web/20250528163510id_/http://old.dghs.gov.bd/images/docs/vpr/20220821_dengue_all.pdf,wayback,200,1249178,e183159527aa085d66152c7f844f433d9cbfc38f147b603812d1ca1d2c0640cc,2026-09-22T12:26:28.544529+00:00
2022-08-22,https://web.archive.org/web/20250528163648id_/http://old.dghs.gov.bd/images/docs/vpr/20220822_dengue_all.pdf,wayback,200,839293,3348fbe20d7f813a8eedf03ca8ab05eb13b9018d09c5b28353525648f7060c2e,2026-09-22T12:26:30.998806+00:00
2022-08-23,https://web.archive.org/web/20250528163446id_/http://old.dghs.gov.bd/images/docs/vpr/20220823_dengue_all.pdf,wayback,200,840114,515834ac102171d50bd9ab31405b9d886ee4f796a32272a97209b7b325d417b7,2026-09-22T12:26:32.964494+00:00
2022-08-24,https://web.archive.org/web/20250528163414id_/http://old.dghs.gov.bd/images/docs/vpr/20220824_dengue_all.pdf,wayback,200,1246545,fb0750a3a13b92e885c99d43af63c69e40f83e030f27854f0be5b3fb6acec73a,2026-09-22T12:26:35.152009+00:00
2022-08-25,https://web.archive.org/web/20250528163800id_/http://old.dghs.gov.bd/images/docs/vpr/20220825_dengue_all.pdf,wayback,200,842544,76a3ae4cd103168fecffdf2275070ed4366c51edfd95e8c855555c75bceb94d8,2026-09-22T12:26:37.500157+00:00
2022-08-26,https://web.archive.org/web/20250528163707id_/http://old.dghs.gov.bd/images/docs/vpr/20220826_dengue_all.pdf,wayback,200,1250981,e585037ec7ee54afd7ec08abf2e0a4cf25c4d7f0885e43395fa8f19e9b8906ce,2026-09-22T12:26:40.165914+00:00
2022-08-27,https://web.archive.org/web/20250528163511id_/http://old.dghs.gov.bd/images/docs/vpr/20220827_dengue_all.pdf,wayback,200,1251498,c2fb57d14bf46671392e88355e7336629573f24fbd10c449069ae55fe36c7509,2026-09-22T12:26:42.823671+00:00
2022-08-28,https://web.archive.org/web/20250528163515id_/http://old.dghs.gov.bd/images/docs/vpr/20220828_dengue_all.pdf,wayback,200,863158,9029b9ec8b6806b487d14715cced598d9f93bde801bd432b4d806ef8f42ef601,2026-09-22T12:26:45.435630+00:00
2022-08-29,https://web.archive.org/web/20250528163622id_/http://old.dghs.gov.bd/images/docs/vpr/20220829_dengue_all.pdf,wayback,200,852255,268b3a62af11f0e2bccefda97ef79f51080fa3060e448db512181c31309f9f7d,2026-09-22T12:26:48.243267+00:00
2022-08-30,https://web.archive.org/web/20250528163528id_/http://old.dghs.gov.bd/images/docs/vpr/20220830_dengue_all.pdf,wayback,200,896009,c7e1ee33bdf116cfd2c10630388c7f2557143078926bb1c00c52d0abd2afd913,2026-09-22T12:26:50.861460+00:00
2022-08-31,https://web.archive.org/web/20250528164400id_/http://old.dghs.gov.bd/images/docs/vpr/20220831_dengue_all.pdf,wayback,200,911402,ce5c646a7e6820cef0b6f6eebd631144cf89d983fad445b8010abc9f23129af9,2026-09-22T12:26:54.622232+00:00
2022-09-01,https://web.archive.org/web/20250528163556id_/http://old.dghs.gov.bd/images/docs/vpr/20220901_dengue_all.pdf,wayback,200,1185599,62cb9a769f40d47d8db652078c881646f2505ad3ab12f4a28eda3da2f1252adf,2026-09-22T12:26:57.246858+00:00
2022-09-02,https://web.archive.org/web/20250528163524id_/http://old.dghs.gov.bd/images/docs/vpr/20220902_dengue_all.pdf,wayback,200,1262090,c5e7c75b4d9d1661c131959a20d93fa0a0dd58e1afeda8abe65740357bca78e8,2026-09-22T12:27:00.331805+00:00
2022-09-03,https://web.archive.org/web/20250528163459id_/http://old.dghs.gov.bd/images/docs/vpr/20220903_dengue_all.pdf,wayback,200,1026898,38e359f8f07388a3279e9298162d5457dc48a6f6abb3e27126a3893bd445ca6a,2026-09-22T12:27:02.514881+00:00
2022-09-04,https://web.archive.org/web/20250528163558id_/http://old.dghs.gov.bd/images/docs/vpr/20220904_dengue_all.pdf,wayback,200,902190,2033f816f868213f05f49095a3ea91c60e14f238fa1b60d72473c9e32d98a308,2026-09-22T12:27:04.758495+00:00
2022-09-05,https://web.archive.org/web/20250528163522id_/http://old.dghs.gov.bd/images/docs/vpr/20220905_dengue_all.pdf,wayback,200,1287252,3e815366d29a2d77143121d1213d00fc20ac3dd29e96a1f4e9e7d335d8ec435c,2026-09-22T12:27:07.916700+00:00
2022-09-06,https://web.archive.org/web/20250528163546id_/http://old.dghs.gov.bd/images/docs/vpr/20220906_dengue_all.pdf,wayback,200,902434,9021dd370af03c473585e594fa5dc89020bb1b63a253deacc4d64030a3779483,2026-09-22T12:27:10.083168+00:00
2022-09-07,https://web.archive.org/web/20250528163634id_/http://old.dghs.gov.bd/images/docs/vpr/20220907_dengue_all.pdf,wayback,200,919249,bd1c19699d886d2e1e2c19682b76a0e6c40efe461a009641e70140fe4d8cc02b,2026-09-22T12:27:12.377766+00:00
2022-09-08,https://web.archive.org/web/20250528163448id_/http://old.dghs.gov.bd/images/docs/vpr/20220908_dengue_all.pdf,wayback,200,1150786,93d675eda2b52e3cc1027b3c892c189d9da2f5aff2d6d28b5d1803e145c7106a,2026-09-22T12:27:14.818913+00:00
2022-09-09,https://web.archive.org/web/20250528163454id_/http://old.dghs.gov.bd/images/docs/vpr/20220909_dengue_all.pdf,wayback,200,1190656,a19b1037942666740504af0760b5627b3081e8d54b96b0893125d9b154567f79,2026-09-22T12:27:17.209753+00:00
2022-09-10,https://web.archive.org/web/20250528163443id_/http://old.dghs.gov.bd/images/docs/vpr/20220910_dengue_all.pdf,wayback,200,896377,22880929179f6a750d87b64ad59cf3ac55a114564f235ebff2274e41d67d6f06,2026-09-22T12:27:19.191566+00:00
2022-09-11,https://web.archive.org/web/20250528163732id_/http://old.dghs.gov.bd/images/docs/vpr/20220911_dengue_all.pdf,wayback,200,1283714,36e3eae0fda368fbfd7b87d6c778dff44425672f5ac268d530f491cf1f327514,2026-09-22T12:27:24.460467+00:00
2022-09-12,https://web.archive.org/web/20250528163428id_/http://old.dghs.gov.bd/images/docs/vpr/20220912_dengue_all.pdf,wayback,200,900976,2af5a3273608be6c6b42ad90604dae8ec05d10134d882df2a03cbe42ce184294,2026-09-22T12:27:26.522476+00:00
2022-09-13,https://web.archive.org/web/20250528163649id_/http://old.dghs.gov.bd/images/docs/vpr/20220913_dengue_all.pdf,wayback,200,902351,8bea00da38f754243ff6a109f66e1c45d65360c04b7b7c833e22f185be90e2d3,2026-09-22T12:27:28.751419+00:00
2022-09-14,https://web.archive.org/web/20250528163435id_/http://old.dghs.gov.bd/images/docs/vpr/20220914_dengue_all.pdf,wayback,200,1281910,12c33b16eaa8222bcc25cd2f82719308971754eda85e236751be7fc5548cbde1,2026-09-22T12:27:31.048484+00:00
2022-09-15,https://web.archive.org/web/20250528163527id_/http://old.dghs.gov.bd/images/docs/vpr/20220915_dengue_all.pdf,wayback,200,1281315,47659efc2153a878e9669752f310526b57ca71f0c80beea264688067f72acbfc,2026-09-22T12:27:33.350967+00:00
2022-09-16,https://web.archive.org/web/20250528173154id_/http://old.dghs.gov.bd/images/docs/vpr/20220916_dengue_all.pdf,wayback,200,1045786,e6680eaa6819649178b00284ba73bc0c235ae5ba4a693c4af06ea414a570d5bf,2026-09-22T12:27:36.015871+00:00
2022-09-17,https://web.archive.org/web/20250528163540id_/http://old.dghs.gov.bd/images/docs/vpr/20220917_dengue_all.pdf,wayback,200,1046536,822e1197981994b1f977e3405d49b363877cfc64e5fd83b412091252661172b5,2026-09-22T12:27:38.260496+00:00
2022-09-18,https://web.archive.org/web/20250528163539id_/http://old.dghs.gov.bd/images/docs/vpr/20220918_dengue_all.pdf,wayback,200,926922,da0f3d2f3a9ffef3e2ac7ca525d73f67368964a2b894af9da10fd543236b0d32,2026-09-22T12:27:41.211659+00:00
2022-09-19,https://web.archive.org/web/20250528163758id_/http://old.dghs.gov.bd/images/docs/vpr/20220919_dengue_all.pdf,wayback,200,1282762,1fe41853fe4b31f66d4995d778ef54a492781001fdba43c270d3cda687a49f66,2026-09-22T12:27:43.477631+00:00
2022-09-20,https://web.archive.org/web/20250528163739id_/http://old.dghs.gov.bd/images/docs/vpr/20220920_dengue_all.pdf,wayback,200,1281134,75fdbff7b239a0dac68cfe44e2b1aa4433e8505bf26d897dab9d2a42568960e1,2026-09-22T12:27:45.746520+00:00
2022-09-21,https://web.archive.org/web/20250528163449id_/http://old.dghs.gov.bd/images/docs/vpr/20220921_dengue_all.pdf,wayback,200,1280126,a4ce80f27d04e6e012eb60de42d3c65aaed2ec269ee86b5914860ce4a2c9915a,2026-09-22T12:27:48.040948+00:00
2022-09-22,https://web.archive.org/web/20250528163625id_/http://old.dghs.gov.bd/images/docs/vpr/20220922_dengue_all.pdf,wayback,200,1279311,7db76088503f5b336c00add14c4ae149bf9dcf831b0fb4a7dd5fcca025f3f8e7,2026-09-22T12:27:50.321462+00:00
2022-09-23,https://web.archive.org/web/20250528163422id_/http://old.dghs.gov.bd/images/docs/vpr/20220923_dengue_all.pdf,wayback,200,1045866,7d1a92cd88fe4cf47d2966a6134609576b526e6135b35bfbdf170057176a6eb1,2026-09-22T12:27:52.563828+00:00
2022-09-24,https://web.archive.org/web/20250528163526id_/http://old.dghs.gov.bd/images/docs/vpr/20220924_dengue_all.pdf,wayback,200,1198523,c900af9c221e347b6dbb1fb12c1a4c211178a8a71d237e769c77131af3b6f161,2026-09-22T12:27:54.835148+00:00
2022-09-25,https://web.archive.org/web/20250528163622id_/http://old.dghs.gov.bd/images/docs/vpr/20220925_dengue_all.pdf,wayback,200,924641,964ab59182370b6e4c7fc82b59613221d1b93e95a36bcff5d6401baec833ef4f,2026-09-22T12:27:56.828446+00:00
2022-09-26,https://web.archive.org/web/20250528163433id_/http://old.dghs.gov.bd/images/docs/vpr/20220926_dengue_all.pdf,wayback,200,1281978,cbd0575f33831820f87b8f8f4efdaf7cf8bdcf442bc03a8cc6e7b79e48cfb26e,2026-09-22T12:27:59.227102+00:00
2022-09-27,https://web.archive.org/web/20250528163525id_/http://old.dghs.gov.bd/images/docs/vpr/20220927_dengue_all.pdf,wayback,200,903126,a26535ea74e84027a97f4a86d3302ca559b3fc9af424069efb8e68a775494f7e,2026-09-22T12:28:01.333692+00:00
2022-09-28,https://web.archive.org/web/20250528163542id_/http://old.dghs.gov.bd/images/docs/vpr/20220928_dengue_all.pdf,wayback,200,919925,50ec0dd08ae6cf90227b7a4f45a710eff6bfcfcb55d20539241310c368d66584,2026-09-22T12:28:03.961497+00:00
2022-09-29,https://web.archive.org/web/20250528163500id_/http://old.dghs.gov.bd/images/docs/vpr/20220929_dengue_all.pdf,wayback,200,919292,0bc9e84f9a669a836140a7e73817f5eb7c786fb4062935b1d4cfc83302d361d7,2026-09-22T12:28:06.325567+00:00
2022-09-30,https://web.archive.org/web/20250528163633id_/http://old.dghs.gov.bd/images/docs/vpr/20220930_dengue_all.pdf,wayback,200,1272210,6e978ed289845bd7382a97182f5a1cdc844f265f6d8539fbbdf3b555a3145c9c,2026-09-22T12:28:08.929946+00:00
2022-10-01,https://web.archive.org/web/20250528163543id_/http://old.dghs.gov.bd/images/docs/vpr/20221001_dengue_all.pdf,wayback,200,1273942,5797e01b37eeb6319092a59ab89f897e42ff4722fd45ddde4a9f50c7c61f0cb8,2026-09-22T12:28:11.316078+00:00
2022-10-02,https://web.archive.org/web/20250528163443id_/http://old.dghs.gov.bd/images/docs/vpr/20221002_dengue_all.pdf,wayback,200,1274704,8d8bc740ecec6df250f5d0fd22c8c1938ce92d4032779ff744ff94fe0b714933,2026-09-22T12:28:13.622086+00:00
2022-10-03,https://web.archive.org/web/20250528163653id_/http://old.dghs.gov.bd/images/docs/vpr/20221003_dengue_all.pdf,wayback,200,823865,ad05db6f9f6505c917f917320145989f8d1c3b70caad727a360f39ec370e65bb,2026-09-22T12:28:15.866718+00:00
2022-10-04,https://web.archive.org/web/20250528163558id_/http://old.dghs.gov.bd/images/docs/vpr/20221004_dengue_all.pdf,wayback,200,685986,4b474e613d3f56b3dc79ea339c7071b879e41f8f4ef22edc9acf2c5b63a8db2c,2026-09-22T12:28:18.065871+00:00
2022-10-05,https://web.archive.org/web/20250528163610id_/http://old.dghs.gov.bd/images/docs/vpr/20221005_dengue_all.pdf,wayback,200,822642,fb9ab110ac014e4f3692a4bb0fc88e432477af6046a8da96effd4e14d8f24e04,2026-09-22T12:28:20.142045+00:00
2022-10-06,https://web.archive.org/web/20250528163509id_/http://old.dghs.gov.bd/images/docs/vpr/20221006_dengue_all.pdf,wayback,200,822764,9e4d22d0c73400986b433aae39f839ab6dbaf662d7cd1a41c5dc465675351860,2026-09-22T12:28:22.214379+00:00
2022-10-07,https://web.archive.org/web/20250528163611id_/http://old.dghs.gov.bd/images/docs/vpr/20221007_dengue_all.pdf,wayback,200,1116494,96d4fc7d9339181450622ac2782d5db0e645751b6bf8190ed87b7dd6da05c570,2026-09-22T12:28:24.860761+00:00
2022-10-08,https://web.archive.org/web/20250528163518id_/http://old.dghs.gov.bd/images/docs/vpr/20221008_dengue_all.pdf,wayback,200,844224,1ee7ed78dc7fa9620be55d4b6e807a3b47522d68ce6c8098fe64866f6050fdf6,2026-09-22T12:28:26.827972+00:00
2022-10-09,https://web.archive.org/web/20250528163530id_/http://old.dghs.gov.bd/images/docs/vpr/20221009_dengue_all.pdf,wayback,200,846026,8342456d3c6f1743170c87593721d7e00c0ee49b8c636d46488e009fd56690ff,2026-09-22T12:28:28.918995+00:00
2022-10-10,https://web.archive.org/web/20250528163613id_/http://old.dghs.gov.bd/images/docs/vpr/20221010_dengue_all.pdf,wayback,200,820970,35c2754e3ae9d323689b9e5f9621880fb954e0c12ee4c33c8c5c8be7b277cc56,2026-09-22T12:28:31.103401+00:00
2022-10-11,https://web.archive.org/web/20250528163631id_/http://old.dghs.gov.bd/images/docs/vpr/20221011_dengue_all.pdf,wayback,200,844850,ad3e083c7c4b1fc87942691262766298285f41dc0ba69fd3688a7916ff12ba84,2026-09-22T12:28:33.559368+00:00
2022-10-12,https://web.archive.org/web/20250528163414id_/http://old.dghs.gov.bd/images/docs/vpr/20221012_dengue_all.pdf,wayback,200,855120,236e877f349a8d25c5402c3fa9e79a5ebf96c7f8ef93af777c79c3cee51f6b55,2026-09-22T12:28:35.883013+00:00
2022-10-13,https://web.archive.org/web/20250528163908id_/http://old.dghs.gov.bd/images/docs/vpr/20221013_dengue_all.pdf,wayback,200,825063,f42738b84bbb556812018de302a31fb22868395919aa3017ea963cc11075f37e,2026-09-22T12:28:38.197586+00:00
2022-10-14,https://web.archive.org/web/20250528163630id_/http://old.dghs.gov.bd/images/docs/vpr/20221014_dengue_all.pdf,wayback,200,1121875,7b975bd3684031ea0277ee8847e1bcda804fd8c590e50eff2267475eff8321b1,2026-09-22T12:28:40.514870+00:00
2022-10-15,https://web.archive.org/web/20250528163521id_/http://old.dghs.gov.bd/images/docs/vpr/20221015_dengue_all.pdf,wayback,200,1216217,58f40907bc6e7b7eee68ebe3c43908d57d5679ab8d0bf8c15ea2d4b39e383643,2026-09-22T12:28:42.777114+00:00
2022-10-16,https://web.archive.org/web/20250528164317id_/http://old.dghs.gov.bd/images/docs/vpr/20221016_dengue_all.pdf,wayback,200,848485,68406def75256ccd82ba12ca2a2a01fbf0238830d6a3f8699b5f8a407376a764,2026-09-22T12:28:44.836841+00:00
2022-10-17,https://web.archive.org/web/20250528163439id_/http://old.dghs.gov.bd/images/docs/vpr/20221017_dengue_all.pdf,wayback,200,834501,5a3b3ed9f029d72dff48147e08bf70e3d27e7c40a0aa53669ee84c8d5e1a7b10,2026-09-22T12:28:47.159977+00:00
2022-10-18,https://web.archive.org/web/20250528163442id_/http://old.dghs.gov.bd/images/docs/vpr/20221018_dengue_all.pdf,wayback,200,825677,f0dee7b0be50f98d88e84ea4dd917127caec4632b8d23cfe8fe424f1718eed3c,2026-09-22T12:28:49.065174+00:00
2022-10-19,https://web.archive.org/web/20250528163548id_/http://old.dghs.gov.bd/images/docs/vpr/20221019_dengue_all.pdf,wayback,200,833049,37efe1a33061fb7f1a2ba13b5d1aba041a88a8c1fd226b9f95dbc4ce7c73bac1,2026-09-22T12:28:51.282155+00:00
2022-10-20,https://web.archive.org/web/20250528163812id_/http://old.dghs.gov.bd/images/docs/vpr/20221020_dengue_all.pdf,wayback,200,809502,56f46cfd4e1d43fe999279f38e6a38ffcc326c65f0ac2172a9cbf095cddec4ff,2026-09-22T12:28:53.378771+00:00
2022-10-21,https://web.archive.org/web/20250528163438id_/http://old.dghs.gov.bd/images/docs/vpr/20221021_dengue_all.pdf,wayback,200,1192359,f1506aaf70b35b8de34cdabefb55855758e1aed2eae61ab11303a550c6a8954b,2026-09-22T12:28:55.848653+00:00
2022-10-22,https://web.archive.org/web/20250528163853id_/http://old.dghs.gov.bd/images/docs/vpr/20221022_dengue_all.pdf,wayback,200,1108750,904f7d0dc6c4903118e2c670905550efa6972b82f52bfeba4c5d084ef0b0162e,2026-09-22T12:28:57.805578+00:00
2022-10-23,https://web.archive.org/web/20250528163412id_/http://old.dghs.gov.bd/images/docs/vpr/20221023_dengue_all.pdf,wayback,200,1173705,740d775bcdfd4d4691a53122e19c9201eef8d14d5fa1aedec0afff882dea11df,2026-09-22T12:29:01.823752+00:00
2022-10-24,https://web.archive.org/web/20250528163557id_/http://old.dghs.gov.bd/images/docs/vpr/20221024_dengue_all.pdf,wayback,200,816719,69adc879fe1694e4f0ace7dfcc5af2842c5c10e1c05d83ac26c2f8dd01ff2ea0,2026-09-22T12:29:03.850339+00:00
2022-10-25,https://web.archive.org/web/20250528163556id_/http://old.dghs.gov.bd/images/docs/vpr/20221025_dengue_all.pdf,wayback,200,819307,6ae3f966917eeac5e31cc7575e439299cdd75fef4a8c7e817c322408735d6336,2026-09-22T12:29:06.298195+00:00
2022-10-26,https://web.archive.org/web/20250528163527id_/http://old.dghs.gov.bd/images/docs/vpr/20221026_dengue_all.pdf,wayback,200,820577,3f82872ab607b60c2f14a6cc487ed42c517e92bb07f6707ad9b8947be6706997,2026-09-22T12:29:08.791896+00:00
2022-10-27,https://web.archive.org/web/20250528163718id_/http://old.dghs.gov.bd/images/docs/vpr/20221027_dengue_all.pdf,wayback,200,818768,8e4857f80b64f1f7e0188fa7127c55a5fd78a7a24cafb8fe2d3f972c23cc6861,2026-09-22T12:29:11.481853+00:00
2022-10-28,https://web.archive.org/web/20250528163433id_/http://old.dghs.gov.bd/images/docs/vpr/20221028_dengue_all.pdf,wayback,200,817069,284cceb1b18b6a38a54ec485ff0a7188720b158a47c35be4950c11493a7ff2ae,2026-09-22T12:29:13.980403+00:00
2022-10-29,https://web.archive.org/web/20250528163557id_/http://old.dghs.gov.bd/images/docs/vpr/20221029_dengue_all.pdf,wayback,200,815617,63c08f088cd8872174970f94b5838296c295aaaca8d7c376a3432d2faeed1527,2026-09-22T12:29:16.796838+00:00
2022-10-30,https://web.archive.org/web/20250528163548id_/http://old.dghs.gov.bd/images/docs/vpr/20221030_dengue_all.pdf,wayback,200,804888,78e84a467eb69e70fc4744d88b9da92a11f7bda2d60f1299c66f66c25808a641,2026-09-22T12:29:19.592375+00:00
2022-10-31,https://web.archive.org/web/20250528163717id_/http://old.dghs.gov.bd/images/docs/vpr/20221031_dengue_all.pdf,wayback,200,932438,95288eff6a92d6daf303c55c2a95f02ed357fa25734428dc94ad292ea72f8d67,2026-09-22T12:29:22.120427+00:00
2022-11-01,https://web.archive.org/web/20250528163646id_/http://old.dghs.gov.bd/images/docs/vpr/20221101_dengue_all.pdf,wayback,200,1179795,9c076c7091ce1153b3cf2ae2976ecf7b7c7cde7a5e0632c4da384a8333351061,2026-09-22T12:29:24.692281+00:00
2022-11-02,https://web.archive.org/web/20250528163638id_/http://old.dghs.gov.bd/images/docs/vpr/20221102_dengue_all.pdf,wayback,200,801488,285c81e4e731dadb37796fced1190950a0277756685e982cec7841e4ba02ce02,2026-09-22T12:29:26.767006+00:00
2022-11-03,https://web.archive.org/web/20250528164900id_/http://old.dghs.gov.bd/images/docs/vpr/20221103_dengue_all.pdf,wayback,200,804778,66b2575db72fe8f5b5c8964874db2a504c8e1da4bf85a54cc16128ecdabb3228,2026-09-22T12:29:28.784775+00:00
2022-11-04,https://web.archive.org/web/20250528163501id_/http://old.dghs.gov.bd/images/docs/vpr/20221104_dengue_all.pdf,wayback,200,1181105,746a674e7236b4466babbdff76322d9dd39f914a89b2a494dd432e317b49dc29,2026-09-22T12:29:31.148408+00:00
2022-11-05,https://web.archive.org/web/20250528163652id_/http://old.dghs.gov.bd/images/docs/vpr/20221105_dengue_all.pdf,wayback,200,811071,39e274c84733915b8f000a8925e3899b97c091f833445d78b9ee6068cba4efc8,2026-09-22T12:29:33.337422+00:00
2022-11-06,https://web.archive.org/web/20250528163500id_/http://old.dghs.gov.bd/images/docs/vpr/20221106_dengue_all.pdf,wayback,200,1182519,ac5eab4880ba10d602a121304bb5777e88a6f44d6bc7fd425b4851662a283ce1,2026-09-22T12:29:39.880564+00:00
2022-11-07,https://web.archive.org/web/20250528163521id_/http://old.dghs.gov.bd/images/docs/vpr/20221107_dengue_all.pdf,wayback,200,808789,9bc9e77b863f2d98f7d62bff2e86293139027f47461ae909fcf4fccae945ca8a,2026-09-22T12:29:42.027274+00:00
2022-11-08,https://web.archive.org/web/20250528163844id_/http://old.dghs.gov.bd/images/docs/vpr/20221108_dengue_all.pdf,wayback,200,1181373,9e90a4212a362f6543176a16607582200370ae6aaabfa9a9b845cd429ef60f98,2026-09-22T12:29:44.398973+00:00
2022-11-09,https://web.archive.org/web/20250528163509id_/http://old.dghs.gov.bd/images/docs/vpr/20221109_dengue_all.pdf,wayback,200,808403,c27b414355bd3eccf5c42f08f80f9c602916b1f0bfcdc1611b3df6e5154b9731,2026-09-22T12:29:46.466794+00:00
2022-11-10,https://web.archive.org/web/20250528163604id_/http://old.dghs.gov.bd/images/docs/vpr/20221110_dengue_all.pdf,wayback,200,800250,ee2377d2a0601df2466d8d5c7067d55df0a33a44b99bebfcf64b6f442b9914ab,2026-09-22T12:29:48.628953+00:00
2022-11-11,https://web.archive.org/web/20250528163604id_/http://old.dghs.gov.bd/images/docs/vpr/20221111_dengue_all.pdf,wayback,200,1174059,85b3a3f2f55b7d1fda307e1007b1622ba9a7f478ded12afff94a9e35c9273c3f,2026-09-22T12:29:50.885143+00:00
2022-11-12,https://web.archive.org/web/20250528163535id_/http://old.dghs.gov.bd/images/docs/vpr/20221112_dengue_all.pdf,wayback,200,1174193,f768cbbd3dd8543c107b33a5ec786b8f77b7efa8af0ba1d8b67f39ccc11f0827,2026-09-22T12:29:53.136000+00:00
2022-11-13,https://web.archive.org/web/20250528164638id_/http://old.dghs.gov.bd/images/docs/vpr/20221113_dengue_all.pdf,wayback,200,1175949,a41ce18916e84e7bb9b73a3513d52760816080e44d84f87616c66c3c75f6d86d,2026-09-22T12:29:55.426313+00:00
2022-11-14,https://web.archive.org/web/20250528163612id_/http://old.dghs.gov.bd/images/docs/vpr/20221114_dengue_all.pdf,wayback,200,802638,5504b18d1677ae0a5c05fc45bd3826c3da2ed9128c221fda74873a724e2f719f,2026-09-22T12:29:57.468783+00:00
2022-11-15,https://web.archive.org/web/20250528164218id_/http://old.dghs.gov.bd/images/docs/vpr/20221115_dengue_all.pdf,wayback,200,802748,aff9a8fb5ac9bc3b22d09a1f76981a0c0bbbda4d2754db0627803365babe25ba,2026-09-22T12:29:59.508101+00:00
2022-11-16,https://web.archive.org/web/20250528163524id_/http://old.dghs.gov.bd/images/docs/vpr/20221116_dengue_all.pdf,wayback,200,1176467,3274665ca3e0aa178fb324ff01f41e8e9db86eefef1a3acd94e029c3279bf068,2026-09-22T12:30:02.060681+00:00
2022-11-17,https://web.archive.org/web/20250528163551id_/http://old.dghs.gov.bd/images/docs/vpr/20221117_dengue_all.pdf,wayback,200,1177304,a17ea3a5357a32e826c9496029d0896b7c5869f36b0bfff7a627f2d4539f260d,2026-09-22T12:30:04.393219+00:00
2022-11-18,https://web.archive.org/web/20250528163435id_/http://old.dghs.gov.bd/images/docs/vpr/20221118_dengue_all.pdf,wayback,200,1176770,2c765bf926f762f604bd5db022e7eed6cf97a8bafe0ac1c38def3edf7ad4cc80,2026-09-22T12:30:06.715180+00:00
2022-11-19,https://web.archive.org/web/20250528163415id_/http://old.dghs.gov.bd/images/docs/vpr/20221119_dengue_all.pdf,wayback,200,1176720,6085ac211c7af1b4661abd7bc23279f68dad8cbb86aba56a8706b24ec4ea16b8,2026-09-22T12:30:08.986268+00:00
2022-11-20,https://web.archive.org/web/20250528163726id_/http://old.dghs.gov.bd/images/docs/vpr/20221120_dengue_all.pdf,wayback,200,1174286,aac2262ade7fb7735d7946abc4fe62d7af5ada41b14af30d976b713e992d9515,2026-09-22T12:30:11.261274+00:00
2022-11-21,https://web.archive.org/web/20250528163542id_/http://old.dghs.gov.bd/images/docs/vpr/20221121_dengue_all.pdf,wayback,200,801826,9d0338de1d1e3fec28bdd46cf830d23cd0566fba1d146de537083831cb1b221a,2026-09-22T12:30:13.291358+00:00
2022-11-22,https://web.archive.org/web/20250528163413id_/http://old.dghs.gov.bd/images/docs/vpr/20221122_dengue_all.pdf,wayback,200,1174674,deb36043a24d359f9d38ed80f9a1dee0d31b6d5b1673c61d25110b43233aaf10,2026-09-22T12:30:17.216767+00:00
2022-11-23,https://web.archive.org/web/20250528163736id_/http://old.dghs.gov.bd/images/docs/vpr/20221123_dengue_all.pdf,wayback,200,1174016,e9def87fa3a748895f6038e6c740b96f0e2c53dadb4a5ba9ab3a11488b1f45c8,2026-09-22T12:30:19.507587+00:00
2022-11-24,https://web.archive.org/web/20250528163550id_/http://old.dghs.gov.bd/images/docs/vpr/20221124_dengue_all.pdf,wayback,200,1176171,5349c43cf2aeab3762bfb5f7b3518ee289b844bea1c1b97e552d5ef6acc06d31,2026-09-22T12:30:21.800866+00:00
2022-11-25,https://web.archive.org/web/20250528163716id_/http://old.dghs.gov.bd/images/docs/vpr/20221125_dengue_all.pdf,wayback,200,1190798,631494fc5d74b466f1e7c05c493391ce2872ac24ed7e0b73e9da2a4fbede2ec6,2026-09-22T12:30:24.161145+00:00
2022-11-26,https://web.archive.org/web/20250528163418id_/http://old.dghs.gov.bd/images/docs/vpr/20221126_dengue_all.pdf,wayback,200,1192552,a47a3627e5be14f803a8375694bfa48e9b1331c3eba6763d3f721007d06bbf13,2026-09-22T12:30:26.448408+00:00
2022-11-27,https://web.archive.org/web/20250528163526id_/http://old.dghs.gov.bd/images/docs/vpr/20221127_dengue_all.pdf,wayback,200,809474,2a9d62ca9e2a295f7f077a75b04c50c7861e49c6418c5fda1eadf6ae44e00bc2,2026-09-22T12:30:28.480523+00:00
2022-11-28,https://web.archive.org/web/20250528163550id_/http://old.dghs.gov.bd/images/docs/vpr/20221128_dengue_all.pdf,wayback,200,802619,9ad7f597fa6e1276e4ac1977b7c3a81f9551407680462a46089584602836834c,2026-09-22T12:30:30.509636+00:00
2022-11-29,https://web.archive.org/web/20250528163554id_/http://old.dghs.gov.bd/images/docs/vpr/20221129_dengue_all.pdf,wayback,200,1175640,e8597f512d6faed5a6761617a02cb28ec0700fed3072c438f50fa2d88d08838d,2026-09-22T12:30:34.393527+00:00
2022-11-30,https://web.archive.org/web/20250528163452id_/http://old.dghs.gov.bd/images/docs/vpr/20221130_dengue_all.pdf,wayback,200,818293,1c6705b2ee951a43ec44ab2fa6cca419df3ccbb3c300c79446bc82918ae8d939,2026-09-22T12:30:36.492019+00:00
2022-12-01,https://web.archive.org/web/20250528163645id_/http://old.dghs.gov.bd/images/docs/vpr/20221201_dengue_all.pdf,wayback,200,820527,8677329eac644ba2797cbb8d4863e94504f6223719aba6847792e90239b8b32d,2026-09-22T12:30:38.823862+00:00
2022-12-02,https://web.archive.org/web/20250528163939id_/http://old.dghs.gov.bd/images/docs/vpr/20221202_dengue_all.pdf,wayback,200,817548,d108a4ea241cb30de43997fe230b3ed13f4ded85989e1021409322b498a59920,2026-09-22T12:30:41.203010+00:00
2022-12-03,https://web.archive.org/web/20250528163450id_/http://old.dghs.gov.bd/images/docs/vpr/20221203_dengue_all.pdf,wayback,200,1049761,20269ae44b5f69b116e13ba95d960d3f1c72f756a3d67377ebb4236e6941be07,2026-09-22T12:30:44.686327+00:00
2022-12-04,https://web.archive.org/web/20250528163625id_/http://old.dghs.gov.bd/images/docs/vpr/20221204_dengue_all.pdf,wayback,200,1179182,4ee30771b1bac9d7f81db24dd62ed1be3003fbc780fd8c33afd347beb63e4ab5,2026-09-22T12:30:46.803304+00:00
2022-12-05,https://web.archive.org/web/20250528163649id_/http://old.dghs.gov.bd/images/docs/vpr/20221205_dengue_all.pdf,wayback,200,806165,17027d54d977cf5d6589b08d98b2ff7985fdb54fd11d8e35757b81ba60ccb3d0,2026-09-22T12:30:49.098180+00:00
2022-12-06,https://web.archive.org/web/20250528163521id_/http://old.dghs.gov.bd/images/docs/vpr/20221206_dengue_all.pdf,wayback,200,806013,5675f97691062142a8daad9598feb9c209e5b04dad8693b4f512c0f1790cbd14,2026-09-22T12:30:51.716933+00:00
2022-12-07,https://web.archive.org/web/20250528163422id_/http://old.dghs.gov.bd/images/docs/vpr/20221207_dengue_all.pdf,wayback,200,806044,99dcb4926d8b7f688450758703b7a654cb68a898794bff1841136d47e4759ab0,2026-09-22T12:30:53.899068+00:00
2022-12-08,https://web.archive.org/web/20250528163518id_/http://old.dghs.gov.bd/images/docs/vpr/20221208_dengue_all.pdf,wayback,200,817971,1ee828b2843b94ae5078ce2603f04ed435748b5a7ebeadc7754c5dd6bd7a52c5,2026-09-22T12:30:56.116941+00:00
2022-12-09,https://web.archive.org/web/20250528163639id_/http://old.dghs.gov.bd/images/docs/vpr/20221209_dengue_all.pdf,wayback,200,806271,9e0cab56bb623a2e0d2192dfc685c46f2b81845b7fa2186185f3887a4d6d0cf5,2026-09-22T12:30:58.457471+00:00
2022-12-10,https://web.archive.org/web/20230314053118id_/https://old.dghs.gov.bd/images/docs/vpr/20221210_dengue_all.pdf,wayback,200,1179167,06cdda6a5a6c451f136cc731cf6145faa36a2805b46233b7130f909289b3fb94,2026-09-22T12:31:02.412025+00:00
2022-12-11,https://web.archive.org/web/20250528163458id_/http://old.dghs.gov.bd/images/docs/vpr/20221211_dengue_all.pdf,wayback,200,1179151,2b38b1abb5054900cbe006d3077551bdc2d5556aa2f41ccc3256c5954dc5204e,2026-09-22T12:31:04.650229+00:00
2022-12-12,https://web.archive.org/web/20250528163907id_/http://old.dghs.gov.bd/images/docs/vpr/20221212_dengue_all.pdf,wayback,200,1178765,b48294367f1059c0a4df13be97e18b571c0610df5e1d17f5bfa5d2659380f961,2026-09-22T12:31:07.162341+00:00
2022-12-13,https://web.archive.org/web/20250528163452id_/http://old.dghs.gov.bd/images/docs/vpr/20221213_dengue_all.pdf,wayback,200,1180335,cf03f06e7a37a3ebe3bb27a5260bce65cb1a726c57a6b9129a1ec59b387a3dbf,2026-09-22T12:31:09.766565+00:00
2022-12-14,https://web.archive.org/web/20250528163602id_/http://old.dghs.gov.bd/images/docs/vpr/20221214_dengue_all.pdf,wayback,200,824662,cfa83808a7ed4e9e85e72005ec7cdd7f8e37f34b12e179cda95a9c11acd52078,2026-09-22T12:31:12.428796+00:00
2022-12-15,https://web.archive.org/web/20250528163548id_/http://old.dghs.gov.bd/images/docs/vpr/20221215_dengue_all.pdf,wayback,200,824348,41605bda1885b646f48962665e6a6d101387a4cef491e97c2fcb883a7a40ab6a,2026-09-22T12:31:15.035675+00:00
2022-12-16,https://web.archive.org/web/20250528163513id_/http://old.dghs.gov.bd/images/docs/vpr/20221216_dengue_all.pdf,wayback,200,824202,8f39c0e38c7d20826d4c9b22d085e06ff7b396d420e7cb104973928c997c6d42,2026-09-22T12:31:17.629893+00:00
2022-12-17,https://web.archive.org/web/20221224051433id_/https://old.dghs.gov.bd/images/docs/vpr/20221217_dengue_all.pdf,wayback,200,824247,d08a2d7a4d9f7aff7668b0a142dc69afb6618d0b83095c0861ae432c52dea55e,2026-09-22T12:31:21.129229+00:00
2022-12-18,https://web.archive.org/web/20250528163432id_/http://old.dghs.gov.bd/images/docs/vpr/20221218_dengue_all.pdf,wayback,200,1183233,650beddfa89fbeb389d08c293a0ab2276452cfa8091c7f83c726aac40debdddc,2026-09-22T12:31:24.198183+00:00
2022-12-19,https://web.archive.org/web/20250528163533id_/http://old.dghs.gov.bd/images/docs/vpr/20221219_dengue_all.pdf,wayback,200,807142,9752e5f0df08282a9fcb5965494ccf18a320c93860acac8742573594fc2d0e77,2026-09-22T12:31:26.054535+00:00
2022-12-20,https://web.archive.org/web/20250528163431id_/http://old.dghs.gov.bd/images/docs/vpr/20221220_dengue_all.pdf,wayback,200,805114,dda6a0ce66a62a7dd608a414aad81b0b9c5a5a76c63953e93bfac2b1cdd56224,2026-09-22T12:31:28.567067+00:00
2022-12-21,https://web.archive.org/web/20250528163816id_/http://old.dghs.gov.bd/images/docs/vpr/20221221_dengue_all.pdf,wayback,200,832844,c6114dc7788603e91982585685831c043c3f3f3e971b4c2c7e48621dae6b1c6b,2026-09-22T12:31:31.230552+00:00
2022-12-22,https://web.archive.org/web/20250528163453id_/http://old.dghs.gov.bd/images/docs/vpr/20221222_dengue_all.pdf,wayback,200,832109,377ea802f3f41f4e59990ee3bac67b5d5f63cd819fd013c08b76f83fa9f328d3,2026-09-22T12:31:33.402054+00:00
2022-12-23,https://web.archive.org/web/20250528163545id_/http://old.dghs.gov.bd/images/docs/vpr/20221223_dengue_all.pdf,wayback,200,833163,e96a9d7743daf365fcdf6ba02a0286343b3e5d1eacbcc04c3c2c45ba1e2e1252,2026-09-22T12:31:35.914605+00:00
2022-12-24,https://web.archive.org/web/20250528163928id_/http://old.dghs.gov.bd/images/docs/vpr/20221224_dengue_all.pdf,wayback,200,828856,f25db675e192b24cd3fdfb8a3f5d05108143bd15554502ab4cbb6665ef80072e,2026-09-22T12:31:38.686936+00:00
2022-12-25,https://web.archive.org/web/20250528163514id_/http://old.dghs.gov.bd/images/docs/vpr/20221225_dengue_all.pdf,wayback,200,860071,66003322570fb9ed3aed50470a726ea853b60cc8666c87d9a25a8909d30aa59d,2026-09-22T12:31:41.084279+00:00
2022-12-26,https://web.archive.org/web/20250528163458id_/http://old.dghs.gov.bd/images/docs/vpr/20221226_dengue_all.pdf,wayback,200,829421,56b116981d6e404d224bfa82395300eaf99dd25060307bb2daede8edc17965f5,2026-09-22T12:31:43.530105+00:00
2022-12-27,https://web.archive.org/web/20250528163528id_/http://old.dghs.gov.bd/images/docs/vpr/20221227_dengue_all.pdf,wayback,200,828921,e1e8d62c169d362ebc8fb6a4fcfc705e0557d003ced0774033d45c5139d08966,2026-09-22T12:31:46.445682+00:00
2022-12-28,https://web.archive.org/web/20250528163628id_/http://old.dghs.gov.bd/images/docs/vpr/20221228_dengue_all.pdf,wayback,200,1187102,e51c259d1cbd7f56fb787ebe7bf47246ca96f5eae4448c4b641701fafecfbff9,2026-09-22T12:31:48.732713+00:00
2022-12-29,https://web.archive.org/web/20250528164530id_/http://old.dghs.gov.bd/images/docs/vpr/20221229_dengue_all.pdf,wayback,200,1186962,a796b26a8e8c96bb5b82391807663e41b96d7be9980368ea1766ddf04a42ce1e,2026-09-22T12:31:51.017860+00:00
2022-12-30,https://web.archive.org/web/20250528163509id_/http://old.dghs.gov.bd/images/docs/vpr/20221230_dengue_all.pdf,wayback,200,1186346,1db0c43a1f70f676d866654c13f882d649dcca527195192e8e891db0651b3aca,2026-09-22T12:31:53.304928+00:00
2022-12-31,https://web.archive.org/web/20230128081755id_/https://old.dghs.gov.bd/images/docs/vpr/20221231_dengue_all.pdf,wayback,200,816997,77beaf457df22e1950a6e5a36e64db4266ed2e14c07dbbaedc21331b4d174980,2026-09-22T12:31:55.535211+00:00
2023-01-01,https://web.archive.org/web/20250528163426id_/http://old.dghs.gov.bd/images/docs/vpr/20230101_dengue_all.pdf,wayback,200,781209,54ad7f7b4bb47550a044b847ca87b22830970b7c405813b49a14a7318e82d446,2026-09-22T12:31:57.750486+00:00
2023-01-02,https://web.archive.org/web/20250528163428id_/http://old.dghs.gov.bd/images/docs/vpr/20230102_dengue_all.pdf,wayback,200,766883,66f9f45115a69982aa7fe73a75b4ca132d67a585bf123d313c040b02767826a7,2026-09-22T12:31:59.944207+00:00
2023-01-03,https://web.archive.org/web/20250528163751id_/http://old.dghs.gov.bd/images/docs/vpr/20230103_dengue_all.pdf,wayback,200,767722,8f2c9c21724b3a1854df275380081445a69b35ec9f3441ac77b72a5f5cffd02f,2026-09-22T12:32:02.330599+00:00
2023-01-04,https://web.archive.org/web/20250528163501id_/http://old.dghs.gov.bd/images/docs/vpr/20230104_dengue_all.pdf,wayback,200,778004,4698b1a4812807cc2e063b31a56c27237f37388f4b7a668af37d68192535b6d6,2026-09-22T12:32:04.735661+00:00
2023-01-05,https://web.archive.org/web/20250528163432id_/http://old.dghs.gov.bd/images/docs/vpr/20230105_dengue_all.pdf,wayback,200,765899,7a3e318bdac7ddb61deb9c51be933b8376b849b95735730410282c5fd64a2f5d,2026-09-22T12:32:06.864977+00:00
2023-01-06,https://web.archive.org/web/20250528163429id_/http://old.dghs.gov.bd/images/docs/vpr/20230106_dengue_all.pdf,wayback,200,783855,e1bd4758205692a5be60776525adce4a3f3be5b5a47b009d6becd7fdd407ac50,2026-09-22T12:32:09.429693+00:00
2023-01-07,https://web.archive.org/web/20250528163605id_/http://old.dghs.gov.bd/images/docs/vpr/20230107_dengue_all.pdf,wayback,200,782520,bbf1efa5ae3e99da8e89d253cfbdc5769307d1b2ab4d870b3437049f1699014a,2026-09-22T12:32:11.702281+00:00
2023-01-08,https://web.archive.org/web/20250528163521id_/http://old.dghs.gov.bd/images/docs/vpr/20230108_dengue_all.pdf,wayback,200,770898,9e6b1afb50a6ad36be88a6fc81a71bc86af3293163ce130a0a3532b3afa1e899,2026-09-22T12:32:13.874721+00:00
2023-01-09,https://web.archive.org/web/20250528164324id_/http://old.dghs.gov.bd/images/docs/vpr/20230109_dengue_all.pdf,wayback,200,771722,11fa54f0ac3795df78c7f42c661ede545b068b1d23d33ba9744e3636f5f51d8c,2026-09-22T12:32:16.155230+00:00
2023-01-10,https://web.archive.org/web/20250528163516id_/http://old.dghs.gov.bd/images/docs/vpr/20230110_dengue_all.pdf,wayback,200,769370,74d52aa10b0c95488f1aa9bc00707acec493fb101557aad1cc0c7f0b411cc841,2026-09-22T12:32:19.838508+00:00
2023-01-12,https://web.archive.org/web/20250528163652id_/http://old.dghs.gov.bd/images/docs/vpr/20230112_dengue_all.pdf,wayback,200,769354,84fc83921de3ba44df24a4b3ee77fac89058a6629b4ee694481949b2b481c211,2026-09-22T12:32:22.577012+00:00
2023-01-13,https://web.archive.org/web/20250528163434id_/http://old.dghs.gov.bd/images/docs/vpr/20230113_dengue_all.pdf,wayback,200,920405,7c57a4d12a7808004d4d0421bd1644b0bbe140aeaaa9ec5ef5c14c80a192888f,2026-09-22T12:32:24.785130+00:00
2023-01-14,https://web.archive.org/web/20250528163517id_/http://old.dghs.gov.bd/images/docs/vpr/20230114_dengue_all.pdf,wayback,200,772921,225a979309673944052881357ca006a5ec5ec89640554aa0e2e0a6ba7ef4faef,2026-09-22T12:32:26.984253+00:00
2023-01-15,https://web.archive.org/web/20250528163533id_/http://old.dghs.gov.bd/images/docs/vpr/20230115_dengue_all.pdf,wayback,200,935010,0fe2c1e5331271882a62aa8813d926c6dc3f489c641825c2a13e5943d4c01359,2026-09-22T12:32:29.164689+00:00
2023-01-16,https://web.archive.org/web/20250528163535id_/http://old.dghs.gov.bd/images/docs/vpr/20230116_dengue_all.pdf,wayback,200,923814,70db3a5200aa73884daf75f4cca8c024f3c4ae291f2048179b3453fe9f8891fe,2026-09-22T12:32:34.970734+00:00
2023-01-17,https://web.archive.org/web/20250528163455id_/http://old.dghs.gov.bd/images/docs/vpr/20230117_dengue_all.pdf,wayback,200,783461,48596b76f09dada951df7323d6280488a93fb72ad3db6f8dc4b880809ce678ef,2026-09-22T12:32:37.303383+00:00
2023-01-18,https://web.archive.org/web/20250528163540id_/http://old.dghs.gov.bd/images/docs/vpr/20230118_dengue_all.pdf,wayback,200,778432,eedc625a7c01722392ec4483917f70bf1a5201780ab7411fd84541b9dba850e4,2026-09-22T12:32:40.121753+00:00
2023-01-19,https://web.archive.org/web/20250528163636id_/http://old.dghs.gov.bd/images/docs/vpr/20230119_dengue_all.pdf,wayback,200,922149,8fa17ce0f1cb33ca57e855cedfc3ba8a6a2ce78682637fb3544ff5a527c2bfc4,2026-09-22T12:32:42.984693+00:00
2023-01-20,https://web.archive.org/web/20250528163421id_/http://old.dghs.gov.bd/images/docs/vpr/20230120_dengue_all.pdf,wayback,200,1230604,30700e544d4778d4793ebac93fbebae7dbe9b4ad502392abe468c9a29a2f8958,2026-09-22T12:32:45.647902+00:00
2023-01-21,https://web.archive.org/web/20250528163858id_/http://old.dghs.gov.bd/images/docs/vpr/20230121_dengue_all.pdf,wayback,200,1230867,beeff6198d10c0536df6b8b36554c84232dd58e6d60e012fb456a43f54869761,2026-09-22T12:32:48.281134+00:00
2023-01-22,https://web.archive.org/web/20250528163548id_/http://old.dghs.gov.bd/images/docs/vpr/20230122_dengue_all.pdf,wayback,200,1230361,1761b0b30fcdfe765434e28766fd2b91697d68b6c2575617131932611ae4e9aa,2026-09-22T12:32:50.941162+00:00
2023-01-23,https://web.archive.org/web/20250528164123id_/http://old.dghs.gov.bd/images/docs/vpr/20230123_dengue_all.pdf,wayback,200,772149,5b8b7135ba8e682640f3c1379d1e1d518e583fb31a048b7ffcd41d14178e140a,2026-09-22T12:32:53.395089+00:00
2023-01-24,https://web.archive.org/web/20250528163430id_/http://old.dghs.gov.bd/images/docs/vpr/20230124_dengue_all.pdf,wayback,200,783685,e28a436800785ca8d9b6aa2808abee91d5a91ec9dfc00a897ecc4e3e554e98f6,2026-09-22T12:32:55.646373+00:00
2023-01-25,https://web.archive.org/web/20250529003028id_/http://old.dghs.gov.bd/images/docs/vpr/20230125_dengue_all.pdf,wayback,200,775563,c295989e1221f12f939ddefe28c7f12ca2d5853672595b27fdb3d3d36a37da62,2026-09-22T12:32:59.491438+00:00
2023-01-27,https://web.archive.org/web/20250528163423id_/http://old.dghs.gov.bd/images/docs/vpr/20230127_dengue_all.pdf,wayback,200,768425,d582ace1680a991813ff5c01033cf07ec4086cc253699c3e04e1c31144f41ae5,2026-09-22T12:33:01.644699+00:00
2023-01-28,https://web.archive.org/web/20250528163601id_/http://old.dghs.gov.bd/images/docs/vpr/20230128_dengue_all.pdf,wayback,200,770363,211594a8dd74c855a2889d18b79f8437dbd36e6eb852369b3a70f693e33d4676,2026-09-22T12:33:03.990599+00:00
2023-01-29,https://web.archive.org/web/20250528163412id_/http://old.dghs.gov.bd/images/docs/vpr/20230129_dengue_all.pdf,wayback,200,773167,342217e7593df9498d9c7ff70d83c30672fc5286810ddc50c179dfc40aa7b5ff,2026-09-22T12:33:06.570697+00:00
2023-01-30,https://web.archive.org/web/20250528163437id_/http://old.dghs.gov.bd/images/docs/vpr/20230130_dengue_all.pdf,wayback,200,767383,5bbecd565834c62176883db087e031d1460ba734573501bf79894a03477918e5,2026-09-22T12:33:08.729081+00:00
2023-01-31,https://web.archive.org/web/20250528163706id_/http://old.dghs.gov.bd/images/docs/vpr/20230131_dengue_all.pdf,wayback,200,1210528,47e96b6657d0d5a14dacd73a67b775a403538096dbac4d97298931c2464f74bc,2026-09-22T12:33:11.681809+00:00
2023-02-01,https://web.archive.org/web/20250528163440id_/http://old.dghs.gov.bd/images/docs/vpr/20230201_dengue_all.pdf,wayback,200,1213718,abbb369dccd306893d4b2983338a5678701e58011122df5ddbffcc9782b4cdc5,2026-09-22T12:33:14.394280+00:00
2023-02-02,https://web.archive.org/web/20250528163455id_/http://old.dghs.gov.bd/images/docs/vpr/20230202_dengue_all.pdf,wayback,200,1212355,9e9ce4751bdc0dd7c214a01f509b9449d5576d812a6b058f607d6cd81a99b941,2026-09-22T12:33:17.353189+00:00
2023-02-03,https://web.archive.org/web/20250528163532id_/http://old.dghs.gov.bd/images/docs/vpr/20230203_dengue_all.pdf,wayback,200,1213578,9a0203e50315a8d39c0f57c11d8ff2b681b7a85606f694b205bf38ade8a13077,2026-09-22T12:33:19.947043+00:00
2023-02-04,https://web.archive.org/web/20250528163638id_/http://old.dghs.gov.bd/images/docs/vpr/20230204_dengue_all.pdf,wayback,200,1218422,d53cbfb74023cf43cc690295409b8c9aa98019af62065c83a7c8d5cec0d8eb58,2026-09-22T12:33:22.627466+00:00
2023-02-05,https://web.archive.org/web/20250528163631id_/http://old.dghs.gov.bd/images/docs/vpr/20230205_dengue_all.pdf,wayback,200,1218143,34595914efc0a3b2f5bc1c90b04aa724c7ba1bd20f2b9fd27d5db54e41476e66,2026-09-22T12:33:25.291595+00:00
2023-02-06,https://web.archive.org/web/20250528163852id_/http://old.dghs.gov.bd/images/docs/vpr/20230206_dengue_all.pdf,wayback,200,780732,aa76920cd42e4f1352c9a40e50b7af97c440c19da79a0c764a48c40bb5131276,2026-09-22T12:33:28.466378+00:00
2023-02-07,https://web.archive.org/web/20250528163531id_/http://old.dghs.gov.bd/images/docs/vpr/20230207_dengue_all.pdf,wayback,200,778036,ae0ac7505446a67a54d49629e79146ab8e96c0f3970b1a780aa7c8ad2e88252b,2026-09-22T12:33:30.631209+00:00
2023-02-08,https://web.archive.org/web/20250528163509id_/http://old.dghs.gov.bd/images/docs/vpr/20230208_dengue_all.pdf,wayback,200,1218013,70ce6fb02a081eabced3d29d17bb3e0a8f256067686913afe74b863dd76b06b7,2026-09-22T12:33:32.868217+00:00
2023-02-09,https://web.archive.org/web/20250528163546id_/http://old.dghs.gov.bd/images/docs/vpr/20230209_dengue_all.pdf,wayback,200,1217465,74d453483c110bb62ab4f7f5665f421e2ac4a7d51142b8f8f85b6b38bb0eb7cc,2026-09-22T12:33:35.234926+00:00
2023-02-10,https://web.archive.org/web/20250528163508id_/http://old.dghs.gov.bd/images/docs/vpr/20230210_dengue_all.pdf,wayback,200,772523,1c16bc0fcb29fcf3531d53dd9ba1701738f7094f8be2303e7e25f05c3c2e568e,2026-09-22T12:33:37.473519+00:00
2023-02-11,https://web.archive.org/web/20250528163911id_/http://old.dghs.gov.bd/images/docs/vpr/20230211_dengue_all.pdf,wayback,200,790626,bdf6639c345f6a949bb88578f038770be4f9f8a8a5578bbac79553571732997b,2026-09-22T12:33:39.674854+00:00
2023-02-12,https://web.archive.org/web/20250528163611id_/http://old.dghs.gov.bd/images/docs/vpr/20230212_dengue_all.pdf,wayback,200,778300,0fa851eb223be1d6a0d4fdc99b82237cc18bfcd53ced3f043bc3e575f1b17e1b,2026-09-22T12:33:41.957469+00:00
2023-02-13,https://web.archive.org/web/20250528163518id_/http://old.dghs.gov.bd/images/docs/vpr/20230213_dengue_all.pdf,wayback,200,785337,da7830097e1dde6ed2fd938215b67161a399f1ffe94bef2162afb1f868e4c7b7,2026-09-22T12:33:44.215491+00:00
2023-02-14,https://web.archive.org/web/20250528163620id_/http://old.dghs.gov.bd/images/docs/vpr/20230214_dengue_all.pdf,wayback,200,775329,c90fa65a0f1c1d357273019805fe4784ff3061a9a5a2e3cdb8cd65769b48c976,2026-09-22T12:33:46.502286+00:00
2023-02-15,https://web.archive.org/web/20250528164046id_/http://old.dghs.gov.bd/images/docs/vpr/20230215_dengue_all.pdf,wayback,200,780434,a755179d66d9007f4fcb0f6676dde24dd0203f152dbdf34f52018b1bd8818d70,2026-09-22T12:33:48.934747+00:00
2023-02-17,https://web.archive.org/web/20250528163823id_/http://old.dghs.gov.bd/images/docs/vpr/20230217_dengue_all.pdf,wayback,200,1220208,2fae5a0e307f4a98bdf870225ebd4b3f1112b4090ce1cb2fb156c7e0f8361b52,2026-09-22T12:33:51.487165+00:00
2023-02-18,https://web.archive.org/web/20250528163518id_/http://old.dghs.gov.bd/images/docs/vpr/20230218_dengue_all.pdf,wayback,200,1219992,b6d6f9145949fe0b10055063c5297d12e1591c3f1a0e6fdad7f6039a14550f66,2026-09-22T12:33:54.027159+00:00
2023-02-19,https://web.archive.org/web/20250528163417id_/http://old.dghs.gov.bd/images/docs/vpr/20230219_dengue_all.pdf,wayback,200,1221127,f360d959ca6503a701256434555fd87d49e49600d0f0cb48f7742858bf30d1f8,2026-09-22T12:33:56.370046+00:00
2023-02-20,https://web.archive.org/web/20250528163506id_/http://old.dghs.gov.bd/images/docs/vpr/20230220_dengue_all.pdf,wayback,200,1217361,174ec015a410b74faa873261301bc0924fff48c9036f256a8b666408dc48a7e4,2026-09-22T12:33:58.905506+00:00
2023-02-21,https://web.archive.org/web/20250528163554id_/http://old.dghs.gov.bd/images/docs/vpr/20230221_dengue_all.pdf,wayback,200,779835,41502743f1f3aa5ba33512bd40e7b3646f25f19c01f7e5d4875a4e9ca0c31b5b,2026-09-22T12:34:01.175675+00:00
2023-02-22,https://web.archive.org/web/20250528163445id_/http://old.dghs.gov.bd/images/docs/vpr/20230222_dengue_all.pdf,wayback,200,780778,cc6048778de04773b4057447a7da8ad363c5e4d419153d62ce6a3a7e3f3a1b8b,2026-09-22T12:34:03.360307+00:00
2023-02-23,https://web.archive.org/web/20250528163531id_/http://old.dghs.gov.bd/images/docs/vpr/20230223_dengue_all.pdf,wayback,200,1226306,7f49a2827a640a97de84a909f9f65885ac3afc2f9c4495bc83fb48dee6226ca9,2026-09-22T12:34:05.991339+00:00
2023-02-24,https://web.archive.org/web/20250528164005id_/http://old.dghs.gov.bd/images/docs/vpr/20230224_dengue_all.pdf,wayback,200,647000,00ffc4285d8004eac669855548cba24bfe46d577e86156bb91f15834a8152780,2026-09-22T12:34:07.868722+00:00
2023-02-25,https://web.archive.org/web/20250528163501id_/http://old.dghs.gov.bd/images/docs/vpr/20230225_dengue_all.pdf,wayback,200,779916,b5fb4bb2afa0068009c095ace64bb7fb969aed47955121ada92b8411da637fa9,2026-09-22T12:34:11.530022+00:00
2023-02-26,https://web.archive.org/web/20250528163552id_/http://old.dghs.gov.bd/images/docs/vpr/20230226_dengue_all.pdf,wayback,200,1226433,27f8f1da5c83b8a6ab89cbcee21dbb761505095157350c0dff85c01620484ce1,2026-09-22T12:34:14.230674+00:00
2023-02-27,https://web.archive.org/web/20250528163623id_/http://old.dghs.gov.bd/images/docs/vpr/20230227_dengue_all.pdf,wayback,200,799194,b219d3f10f4ecfaf7c778b21a8a16d61e648f7656dba351bb4f8d11ddafc33d4,2026-09-22T12:34:16.630974+00:00
2023-02-28,https://web.archive.org/web/20250528163413id_/http://old.dghs.gov.bd/images/docs/vpr/20230228_dengue_all.pdf,wayback,200,779542,eff388f6ad006aba81a862b4e5ba55dfa4d9a68afb0acd5dc8ef0bc09a31c028,2026-09-22T12:34:18.931786+00:00
2023-03-01,https://web.archive.org/web/20250528163441id_/http://old.dghs.gov.bd/images/docs/vpr/20230301_dengue_all.pdf,wayback,200,775170,83818ab745957f26ef717cf549c649c521ed99241a5b6d6b540d2226a3fc9afe,2026-09-22T12:34:22.092670+00:00
2023-03-02,https://web.archive.org/web/20250528163516id_/http://old.dghs.gov.bd/images/docs/vpr/20230302_dengue_all.pdf,wayback,200,779176,0653e16e42b77abeddfd37e09e135bfd4cd3501bc38786ad524f88ef77289905,2026-09-22T12:34:24.348268+00:00
2023-03-03,https://web.archive.org/web/20250528163605id_/http://old.dghs.gov.bd/images/docs/vpr/20230303_dengue_all.pdf,wayback,200,1227482,1743fbad424c735d8d9205786105fffb924468d46bc6c121a656bdbfaf33033a,2026-09-22T12:34:26.732302+00:00
2023-03-04,https://web.archive.org/web/20250528163519id_/http://old.dghs.gov.bd/images/docs/vpr/20230304_dengue_all.pdf,wayback,200,1228693,d338b06fbdf3534397573efcf06c2e059c1d0966f1f187f9f80409cd9563649d,2026-09-22T12:34:29.032630+00:00
2023-03-05,https://web.archive.org/web/20250528163556id_/http://old.dghs.gov.bd/images/docs/vpr/20230305_dengue_all.pdf,wayback,200,1229545,8f38e79c446c1ef89c0a1b035210db19f2a2a0f7a440195688955507d874e45d,2026-09-22T12:34:31.350626+00:00
2023-03-06,https://web.archive.org/web/20250528163418id_/http://old.dghs.gov.bd/images/docs/vpr/20230306_dengue_all.pdf,wayback,200,795041,d2c2962eea4a1b5f80653589003497e59c404b80b104b2c613dadd23b0de7fd7,2026-09-22T12:34:33.790099+00:00
2023-03-07,https://web.archive.org/web/20250528163546id_/http://old.dghs.gov.bd/images/docs/vpr/20230307_dengue_all.pdf,wayback,200,1220257,e17b0debf67fb3bfe6c28445902951525230f9a0027197dce61cee3f714678e5,2026-09-22T12:34:38.407631+00:00
2023-03-08,https://web.archive.org/web/20250528163447id_/http://old.dghs.gov.bd/images/docs/vpr/20230308_dengue_all.pdf,wayback,200,1222136,ff87e1a8d18d91b7012211d3da4f743daa6bc70122cb9b88b0d34e3cce398f21,2026-09-22T12:34:41.739220+00:00
2023-03-09,https://web.archive.org/web/20250528163419id_/http://old.dghs.gov.bd/images/docs/vpr/20230309_dengue_all.pdf,wayback,200,1222075,1c91bff67249bba56b3905ea8373af75b6c55e3a676bf2610fa79bb68dcc9a0a,2026-09-22T12:34:44.040658+00:00
2023-03-10,https://web.archive.org/web/20250528163546id_/http://old.dghs.gov.bd/images/docs/vpr/20230310_dengue_all.pdf,wayback,200,1221141,b2a2decca1252c10c62086104af4e7c452f7501492bb5bff3c188302feaa9c8a,2026-09-22T12:34:46.448400+00:00
2023-03-11,https://web.archive.org/web/20250528163559id_/http://old.dghs.gov.bd/images/docs/vpr/20230311_dengue_all.pdf,wayback,200,777357,ce170cdf7b7d5d8689ad67ec88ab893e75e3970470e6b8e2c2d6effdc09869a6,2026-09-22T12:34:48.458635+00:00
2023-03-12,https://web.archive.org/web/20250528164511id_/http://old.dghs.gov.bd/images/docs/vpr/20230312_dengue_all.pdf,wayback,200,793176,440c4aea88104bd1a9eee57497258a759be554e6ab14aea3e091c4a91c95dbf2,2026-09-22T12:34:50.696382+00:00
2023-03-13,https://web.archive.org/web/20250528163628id_/http://old.dghs.gov.bd/images/docs/vpr/20230313_dengue_all.pdf,wayback,200,777085,a7cc9eb513029ff6e5ab6cc8b2661d3c98e754150dc6141fc27c80fda9169edc,2026-09-22T12:34:53.082973+00:00
2023-03-14,https://web.archive.org/web/20250528163428id_/http://old.dghs.gov.bd/images/docs/vpr/20230314_dengue_all.pdf,wayback,200,794668,257bd9c8c140f97172841daf9821d8d0e87cb59bf4758cc635a63f29cba16740,2026-09-22T12:35:01.281960+00:00
2023-03-15,https://web.archive.org/web/20250528163443id_/http://old.dghs.gov.bd/images/docs/vpr/20230315_dengue_all.pdf,wayback,200,795373,dda3b8862e45b508d42695f845a5b02805045fa9272d3f5a55c34307ce327e32,2026-09-22T12:35:03.631489+00:00
2023-03-16,https://web.archive.org/web/20250528163427id_/http://old.dghs.gov.bd/images/docs/vpr/20230316_dengue_all.pdf,wayback,200,778537,9432cb09dd55a3e591cb6e0227209d2c5db3709b8959ff99f9d9898590f1b2be,2026-09-22T12:35:05.940359+00:00
2023-03-17,https://web.archive.org/web/20250528163418id_/http://old.dghs.gov.bd/images/docs/vpr/20230317_dengue_all.pdf,wayback,200,777862,4ad874366b3e69ffd468353921b9290df13dd26395cdd10da55b726a8f5285a0,2026-09-22T12:35:08.545451+00:00
2023-03-18,https://web.archive.org/web/20250528163701id_/http://old.dghs.gov.bd/images/docs/vpr/20230318_dengue_all.pdf,wayback,200,1223115,681736dc09bee3d01ccaeb1b5872518cfbfe28b60a2a72b4221ae5621d9a0445,2026-09-22T12:35:11.393064+00:00
2023-03-19,https://web.archive.org/web/20250528163538id_/http://old.dghs.gov.bd/images/docs/vpr/20230319_dengue_all.pdf,wayback,200,796494,b4f9a640700294104e7826b67e0237040acc913afbda6bd808c596c4db843233,2026-09-22T12:35:13.619152+00:00
2023-03-20,https://web.archive.org/web/20250528163448id_/http://old.dghs.gov.bd/images/docs/vpr/20230320_dengue_all.pdf,wayback,200,793112,c3ccc2520c997560b3ce6fed96b45d847f9a77808b1efdd3eaf1f7803c4c2d96,2026-09-22T12:35:15.869088+00:00
2023-03-21,https://web.archive.org/web/20250528163414id_/http://old.dghs.gov.bd/images/docs/vpr/20230321_dengue_all.pdf,wayback,200,795267,c5bcffc48a23e48baa3e9a709c8433c39fe13390119479071e9d19b5da14f3f6,2026-09-22T12:35:20.554956+00:00
2023-03-22,https://web.archive.org/web/20250529224811id_/http://old.dghs.gov.bd/images/docs/vpr/20230322_dengue_all.pdf,wayback,200,794591,b1201f5337a654e02b8d5c141967533bc88904af711f1d16f271d9b928f51fdf,2026-09-22T12:35:22.754014+00:00
2023-03-23,https://web.archive.org/web/20250528163431id_/http://old.dghs.gov.bd/images/docs/vpr/20230323_dengue_all.pdf,wayback,200,795154,79abd71ef1f571c890e4fab61d31eb42c072fb3b469c4d037f915e81f59d6b64,2026-09-22T12:35:25.102984+00:00
2023-03-24,https://web.archive.org/web/20250528163458id_/http://old.dghs.gov.bd/images/docs/vpr/20230324_dengue_all.pdf,wayback,200,1222999,33d63a3acbd52a0bbbf5e70ee64d8435620d48257b4e24c3a679d74edd19a185,2026-09-22T12:35:28.049481+00:00
2023-03-25,https://web.archive.org/web/20250528163414id_/http://old.dghs.gov.bd/images/docs/vpr/20230325_dengue_all.pdf,wayback,200,1223022,23c5d0dfd296783cc8b1668112c9bb2fac759a1fd935d1b4d27dc94c3247497b,2026-09-22T12:35:30.881717+00:00
2023-03-26,https://web.archive.org/web/20250528163523id_/http://old.dghs.gov.bd/images/docs/vpr/20230326_dengue_all.pdf,wayback,200,1222085,fdf9f0f891dd82656b2ec839a18119bb3a810b90ab235d61f432f3f8b49e65bd,2026-09-22T12:35:33.040602+00:00
2023-03-27,https://web.archive.org/web/20250528163505id_/http://old.dghs.gov.bd/images/docs/vpr/20230327_dengue_all.pdf,wayback,200,796195,165528764306759fbb827bf0d62769dfcdcc7c528c4f2b0328e88a24829ba102,2026-09-22T12:35:35.344704+00:00
2023-03-28,https://web.archive.org/web/20250528163447id_/http://old.dghs.gov.bd/images/docs/vpr/20230328_dengue_all.pdf,wayback,200,794494,48c362e15c4f45e0a95768ff2b7464772cbb153382664b1bdbeaf5d0cbf3aeb1,2026-09-22T12:35:37.584486+00:00
2023-03-29,https://web.archive.org/web/20250528164255id_/http://old.dghs.gov.bd/images/docs/vpr/20230329_dengue_all.pdf,wayback,200,794097,1af4ab20cad9f6e9a73f0971a56d38b01d9fb735460205185f3a32401c5999a6,2026-09-22T12:35:39.786876+00:00
2023-03-30,https://web.archive.org/web/20250528163608id_/http://old.dghs.gov.bd/images/docs/vpr/20230330_dengue_all.pdf,wayback,200,775416,316f8bd6b20dc96cf1266234d86d926a86619b846abf8ff684bd41a5374be746,2026-09-22T12:35:42.660589+00:00
2023-03-31,https://web.archive.org/web/20250528163501id_/http://old.dghs.gov.bd/images/docs/vpr/20230331_dengue_all.pdf,wayback,200,1220997,c0a442616a93437c829b06aa79f5628168d2c67670a9b073265e492aea455893,2026-09-22T12:35:45.829822+00:00
2023-04-01,https://web.archive.org/web/20250528163721id_/http://old.dghs.gov.bd/images/docs/vpr/20230401_dengue_all.pdf,wayback,200,1225692,4d0e547e113922090a5521feaa687dfc84c22c5b5acab99d338b84768546acfe,2026-09-22T12:35:51.132008+00:00
2023-04-02,https://web.archive.org/web/20250528163519id_/http://old.dghs.gov.bd/images/docs/vpr/20230402_dengue_all.pdf,wayback,200,796949,a79b946813fc6ccc479eb3a00080290e249643dd659d901911facfbca1580d0a,2026-09-22T12:35:53.370191+00:00
2023-04-03,https://web.archive.org/web/20250528163542id_/http://old.dghs.gov.bd/images/docs/vpr/20230403_dengue_all.pdf,wayback,200,798865,b91c1ace0dd2c46d113af881a4f4a1c5606a4f20f55b3d76834095fbfbcd8207,2026-09-22T12:35:55.624001+00:00
2023-04-04,https://web.archive.org/web/20250528163454id_/http://old.dghs.gov.bd/images/docs/vpr/20230404_dengue_all.pdf,wayback,200,799013,d1505c86ab7b427ba534d6b5160c54d140365a5db57bbced2b6f812a667bc4c5,2026-09-22T12:35:58.341667+00:00
2023-04-05,https://web.archive.org/web/20250528163517id_/http://old.dghs.gov.bd/images/docs/vpr/20230405_dengue_all.pdf,wayback,200,806759,a192ca7581b29b39720ad927bc384a054b7c5fc2f6a3c316e103a04799e47cbd,2026-09-22T12:36:00.487234+00:00
2023-04-06,https://web.archive.org/web/20250528163529id_/http://old.dghs.gov.bd/images/docs/vpr/20230406_dengue_all.pdf,wayback,200,804364,e30b3bab53753f11cd69997ad79653f8f0a7a395d51635491a9791800f24123c,2026-09-22T12:36:03.061083+00:00
2023-04-07,https://web.archive.org/web/20250528163623id_/http://old.dghs.gov.bd/images/docs/vpr/20230407_dengue_all.pdf,wayback,200,1225161,e0fceeaaa01086b6593782381b63f9d7227b87c3a2d650031b622390f3a12ac3,2026-09-22T12:36:05.254185+00:00
2023-04-08,https://web.archive.org/web/20250528163535id_/http://old.dghs.gov.bd/images/docs/vpr/20230408_dengue_all.pdf,wayback,200,1240271,6fedbe6cb4ced4c8683cebaa33f9110d5205d84d929989b0eb0977b14290ba9c,2026-09-22T12:36:07.501236+00:00
2023-04-09,https://web.archive.org/web/20250528163525id_/http://old.dghs.gov.bd/images/docs/vpr/20230409_dengue_all.pdf,wayback,200,799135,a69fb1f82d03135a595514b307074c2a7840f3888e6d3fef876561ed5119cd39,2026-09-22T12:36:10.391236+00:00
2023-04-10,https://web.archive.org/web/20250528163656id_/http://old.dghs.gov.bd/images/docs/vpr/20230410_dengue_all.pdf,wayback,200,787756,633b12a95b634f27636880fb0abf6729f48cedfa78a42921e488c6abda6b2ff3,2026-09-22T12:36:13.482759+00:00
2023-04-11,https://web.archive.org/web/20250528163443id_/http://old.dghs.gov.bd/images/docs/vpr/20230411_dengue_all.pdf,wayback,200,786391,06974bb0bfefb99c568cf62d98c82b64193de2a661f5e7b9adfe64d869d4d04d,2026-09-22T12:36:17.938896+00:00
2023-04-12,https://web.archive.org/web/20250528163444id_/http://old.dghs.gov.bd/images/docs/vpr/20230412_dengue_all.pdf,wayback,200,785736,f63c1919aefe9fafa8e49de18f2727a951c6310c563e1100e176bfa21a31e03c,2026-09-22T12:36:20.152420+00:00
2023-04-13,https://web.archive.org/web/20250528163439id_/http://old.dghs.gov.bd/images/docs/vpr/20230413_dengue_all.pdf,wayback,200,805967,f36263439115df666bebba15139a65ed331b8bf98d34c431152d6cf6bea8bea2,2026-09-22T12:36:22.048752+00:00
2023-04-14,https://web.archive.org/web/20250528163557id_/http://old.dghs.gov.bd/images/docs/vpr/20230414_dengue_all.pdf,wayback,200,1234874,21be91f9579478be07ed5253478a3a56ac6794ae83ed678fc588b111544227a2,2026-09-22T12:36:24.394870+00:00
2023-04-15,https://web.archive.org/web/20250528163500id_/http://old.dghs.gov.bd/images/docs/vpr/20230415_dengue_all.pdf,wayback,200,1236359,7499ab2dc10d7d170d404a6ab077a63e3e2888f0a9513b97fc5c8dbdbf5a1817,2026-09-22T12:36:26.672425+00:00
2023-04-16,https://web.archive.org/web/20250528163535id_/http://old.dghs.gov.bd/images/docs/vpr/20230416_dengue_all.pdf,wayback,200,787992,a088c3c16edb6850cead169df98ee51f3af0c6cc7ea4d3327a20b49080838863,2026-09-22T12:36:29.424311+00:00
2023-04-17,https://web.archive.org/web/20250528163617id_/http://old.dghs.gov.bd/images/docs/vpr/20230417_dengue_all.pdf,wayback,200,788200,116087550ae435f78a2e7e3d47c2b2326c5a428c9d7f810e82c3a46847778256,2026-09-22T12:36:32.110165+00:00
2023-04-18,https://web.archive.org/web/20250528164313id_/http://old.dghs.gov.bd/images/docs/vpr/20230418_dengue_all.pdf,wayback,200,806694,0e0bbce77ba2fe5dfd5708583c3aa9ef30d398cc9fe5185c3f8287e219d7f0ea,2026-09-22T12:36:34.378710+00:00
2023-04-19,https://web.archive.org/web/20250528163708id_/http://old.dghs.gov.bd/images/docs/vpr/20230419_dengue_all.pdf,wayback,200,805468,55fe46f00b77320ddb23bbd10646fb52fe7cd0f785d3f142909cd5174d4961d3,2026-09-22T12:36:37.376366+00:00
2023-04-20,https://web.archive.org/web/20250528230119id_/http://old.dghs.gov.bd/images/docs/vpr/20230420_dengue_all.pdf,wayback,200,805269,714cbdf4f17fa5bccb0e4ff37822f346887217bea40302454e8d273fe0689782,2026-09-22T12:36:40.443010+00:00
2023-04-21,https://web.archive.org/web/20250528164034id_/http://old.dghs.gov.bd/images/docs/vpr/20230421_dengue_all.pdf,wayback,200,801894,0e9f5284985491039f417c90184d618eb3d06f4efa2c3795552af8085be5281d,2026-09-22T12:36:42.678314+00:00
2023-04-22,https://web.archive.org/web/20250528163840id_/http://old.dghs.gov.bd/images/docs/vpr/20230422_dengue_all.pdf,wayback,200,787402,d43ac15547a0d67e98d6403649071098c4c507593bebf9b2738a97112e94847f,2026-09-22T12:36:44.886864+00:00
2023-04-23,https://web.archive.org/web/20250528163525id_/http://old.dghs.gov.bd/images/docs/vpr/20230423_dengue_all.pdf,wayback,200,787386,992eecbb1cc4afdf26e31728e43de646321790fb53f234a0e40dce852b591eda,2026-09-22T12:36:49.659556+00:00
2023-04-24,https://web.archive.org/web/20250528163553id_/http://old.dghs.gov.bd/images/docs/vpr/20230424_dengue_all.pdf,wayback,200,788126,321f4118000ea818a912432c56b1d88f298a3df18756144a7c3f8f8897e99866,2026-09-22T12:36:52.878931+00:00
2023-04-25,https://web.archive.org/web/20250528163422id_/http://old.dghs.gov.bd/images/docs/vpr/20230425_dengue_all.pdf,wayback,200,789256,23be5d6bebf46cc9c4d131e4939feeb17cf26f34fbc372c4e0225607e43ab5d3,2026-09-22T12:36:54.821301+00:00
2023-04-26,https://web.archive.org/web/20250528163414id_/http://old.dghs.gov.bd/images/docs/vpr/20230426_dengue_all.pdf,wayback,200,786060,e8d424b2e7c38a87eaeaff97ed7d89592cb8f172880170006642de18f44cb3f4,2026-09-22T12:36:59.505145+00:00
2023-04-27,https://web.archive.org/web/20250528163635id_/http://old.dghs.gov.bd/images/docs/vpr/20230427_dengue_all.pdf,wayback,200,787417,ccecf55f373282b368eed44ac0941f73a69335ed204feb75a105e1b830b2122b,2026-09-22T12:37:01.694620+00:00
2023-04-28,https://web.archive.org/web/20250528163500id_/http://old.dghs.gov.bd/images/docs/vpr/20230428_dengue_all.pdf,wayback,200,1232645,552e1672ed17e26613d6ea506668844994851402edca5ecf57913af98ddbe3da,2026-09-22T12:37:04.334419+00:00
2023-04-29,https://web.archive.org/web/20250528163431id_/http://old.dghs.gov.bd/images/docs/vpr/20230429_dengue_all.pdf,wayback,200,791690,53dc4f92a32f3bd306e6f08a7a57306d54c6517308a0c5d5b1415175df250508,2026-09-22T12:37:06.936308+00:00
2023-04-30,https://web.archive.org/web/20250528163433id_/http://old.dghs.gov.bd/images/docs/vpr/20230430_dengue_all.pdf,wayback,200,808241,c02990db0747e6d74c98f9bdf91af93af85bf5dc4ba8846bdd989e86bd49d9c1,2026-09-22T12:37:09.501825+00:00
2023-05-01,https://web.archive.org/web/20250528163735id_/http://old.dghs.gov.bd/images/docs/vpr/20230501_dengue_all.pdf,wayback,200,808887,a813d06c57553300856c114ff1ab015516470d30a9eb4185b44f06bc35642f9f,2026-09-22T12:37:11.719162+00:00
2023-05-02,https://web.archive.org/web/20250528163515id_/http://old.dghs.gov.bd/images/docs/vpr/20230502_dengue_all.pdf,wayback,200,807994,05ea19c3ee3a705d871f1c4a10793ce700a13a031df33c48ac175d2420d09bb5,2026-09-22T12:37:14.245514+00:00
2023-05-03,https://web.archive.org/web/20250528163439id_/http://old.dghs.gov.bd/images/docs/vpr/20230503_dengue_all.pdf,wayback,200,815095,01992d35fb96bd755f01faa7f1dfbb468a168dddf76f7ec7e943564e7e5ea976,2026-09-22T12:37:16.723337+00:00
2023-05-04,https://web.archive.org/web/20250528163554id_/http://old.dghs.gov.bd/images/docs/vpr/20230504_dengue_all.pdf,wayback,200,816060,63d0605eadb9da848eff395e73c8be27e724572de5a59918831e5b6d3d76e8d8,2026-09-22T12:37:18.957467+00:00
2023-05-05,https://web.archive.org/web/20250528163449id_/http://old.dghs.gov.bd/images/docs/vpr/20230505_dengue_all.pdf,wayback,200,1244809,4f8df6cf7dfa4ca488ee6d67f64b166ee779ca06d9ca008cf258aef15440169b,2026-09-22T12:37:21.726045+00:00
2023-05-06,https://web.archive.org/web/20250528163616id_/http://old.dghs.gov.bd/images/docs/vpr/20230506_dengue_all.pdf,wayback,200,1236663,9332f883afc6467448dc821d03da7a23ba0c04635f64705e37ec53659c1915c5,2026-09-22T12:37:24.027676+00:00
2023-05-07,https://web.archive.org/web/20250529205045id_/http://old.dghs.gov.bd/images/docs/vpr/20230507_dengue_all.pdf,wayback,200,809697,cf4214b64a34ee516f5bb269f12190bf3075506320b1f5366acae247fc6ed771,2026-09-22T12:37:26.628649+00:00
2023-05-08,https://web.archive.org/web/20250528163418id_/http://old.dghs.gov.bd/images/docs/vpr/20230508_dengue_all.pdf,wayback,200,810201,7f0666fcde4cd5588d1bf71dd62f8b7d980fe8e6f99dd13d11f16cbf95270515,2026-09-22T12:37:28.844975+00:00
2023-05-09,https://web.archive.org/web/20250528163451id_/http://old.dghs.gov.bd/images/docs/vpr/20230509_dengue_all.pdf,wayback,200,811128,416af899f3286bdbff06d190e35e8fd99c5d1c3ec8e8b8d665abf3bbd4d83e2b,2026-09-22T12:37:32.249226+00:00
2023-05-10,https://web.archive.org/web/20250528163544id_/http://old.dghs.gov.bd/images/docs/vpr/20230510_dengue_all.pdf,wayback,200,810904,be5dc194e41cbb5b9dea9418e1ca800def3fc6cb535b0bf1f0b6ebe28d9bf649,2026-09-22T12:37:35.967602+00:00
2023-05-11,https://web.archive.org/web/20250528163511id_/http://old.dghs.gov.bd/images/docs/vpr/20230511_dengue_all.pdf,wayback,200,789729,9fdf2b06285f6fb5c9752ad6091cd1f9c45fa8729b45f3acd4f3543295865ff9,2026-09-22T12:37:38.550171+00:00
2023-05-12,https://web.archive.org/web/20250528163434id_/http://old.dghs.gov.bd/images/docs/vpr/20230512_dengue_all.pdf,wayback,200,1238413,747d6b5cbfe9f650433e66254664209ca1df71dc945a15d44249be9429e69d1d,2026-09-22T12:37:40.789942+00:00
2023-05-13,https://web.archive.org/web/20250528164105id_/http://old.dghs.gov.bd/images/docs/vpr/20230513_dengue_all.pdf,wayback,200,799301,c485c33de603e14a3b9e3c3d74ebf7a2d1446a6bb9f5da69c95b96f1408d2f1b,2026-09-22T12:37:42.675551+00:00
2023-05-14,https://web.archive.org/web/20250528163410id_/http://old.dghs.gov.bd/images/docs/vpr/20230514_dengue_all.pdf,wayback,200,817033,c378f0f766b9288562557689705d80a00d9396520ec6300998c3ff63177ae7cd,2026-09-22T12:37:45.003653+00:00
2023-05-15,https://web.archive.org/web/20250528163623id_/http://old.dghs.gov.bd/images/docs/vpr/20230515_dengue_all.pdf,wayback,200,816539,e7ef26cea65a5d2b822efd79baa9173831827dff509c6eefd06f10d0cba0c1a4,2026-09-22T12:37:47.511664+00:00
2023-05-16,https://web.archive.org/web/20250528163659id_/http://old.dghs.gov.bd/images/docs/vpr/20230516_dengue_all.pdf,wayback,200,1172870,0afc9dc18a271de1198859807a2272eb8ccd9f027a0c95c9551556a974f5f4c5,2026-09-22T12:37:49.754183+00:00
2023-05-17,https://web.archive.org/web/20250528163505id_/http://old.dghs.gov.bd/images/docs/vpr/20230517_dengue_all.pdf,wayback,200,816742,fe0bbca74d2f718248362a23a861f3dcafc7fc9c56d4be8ef42aac7fe762b87c,2026-09-22T12:37:57.036914+00:00
2023-05-18,https://web.archive.org/web/20250528163428id_/http://old.dghs.gov.bd/images/docs/vpr/20230518_dengue_all.pdf,wayback,200,1238772,bd792a171c602bb760d64f64e62ebd0762fcedf3a7632c8858ba550171c1db5b,2026-09-22T12:37:59.243187+00:00
2023-05-19,https://web.archive.org/web/20250528163611id_/http://old.dghs.gov.bd/images/docs/vpr/20230519_dengue_all.pdf,wayback,200,1237819,5c08b1a8bc8c4152f160cc653d1e76c0458eaa7d6262b4da46e2dcc4e7ecce76,2026-09-22T12:38:01.338850+00:00
2023-05-20,https://web.archive.org/web/20250528163439id_/http://old.dghs.gov.bd/images/docs/vpr/20230520_dengue_all.pdf,wayback,200,1236490,6209088b44e2dcf33d85860197d12f9e4847a30d571da2174791d6a9b505e203,2026-09-22T12:38:03.929061+00:00
2023-05-21,https://web.archive.org/web/20250528163540id_/http://old.dghs.gov.bd/images/docs/vpr/20230521_dengue_all.pdf,wayback,200,1236128,c8a567ea0575aff43cfa9dd9a24425fa51a0a693e9b8ec0b051de568ce4ce5da,2026-09-22T12:38:06.551107+00:00
2023-05-22,https://web.archive.org/web/20230628002412id_/https://old.dghs.gov.bd/images/docs/vpr/20230522_dengue_all.pdf,wayback,200,809007,ca8404ba450243b2d242e69660754e6ce01cf31aac295bb9f616f63fe02c8e7b,2026-09-22T12:38:08.909142+00:00
2023-05-23,https://web.archive.org/web/20250528163743id_/http://old.dghs.gov.bd/images/docs/vpr/20230523_dengue_all.pdf,wayback,200,810165,7af938ea49dc65cfc417938971f2f398169f087eced98158aeaa35475867d7a7,2026-09-22T12:38:11.529217+00:00
2023-05-24,https://web.archive.org/web/20250528163510id_/http://old.dghs.gov.bd/images/docs/vpr/20230524_dengue_all.pdf,wayback,200,811745,49ddc8a192467c0b807ff86efdaa97b03a815a123528201a3beb995380dd938a,2026-09-22T12:38:13.649164+00:00
2023-05-25,https://web.archive.org/web/20250528163710id_/http://old.dghs.gov.bd/images/docs/vpr/20230525_dengue_all.pdf,wayback,200,1090952,54540e80073810c3dd089948206bcb0033852ec43d42ae56dbc46e703ecc9aa5,2026-09-22T12:38:16.233784+00:00
2023-05-26,https://web.archive.org/web/20250528163441id_/http://old.dghs.gov.bd/images/docs/vpr/20230526_dengue_all.pdf,wayback,200,1236646,84cf7fbe89dc001546e96a4e48902a9f701c3d00c42536701067b3627b8c683e,2026-09-22T12:38:18.813528+00:00
2023-05-27,https://web.archive.org/web/20250528163720id_/http://old.dghs.gov.bd/images/docs/vpr/20230527_dengue_all.pdf,wayback,200,1239809,d2ecbe76b870b31a313daa21089076e89856f347beddbd3077e60bf0d35a7b83,2026-09-22T12:38:21.311864+00:00
2023-05-28,https://web.archive.org/web/20250528163537id_/http://old.dghs.gov.bd/images/docs/vpr/20230528_dengue_all.pdf,wayback,200,814242,7d28af88f1e35074aafee0340d4eee75d99934c751f4ebe59cf616e2e9be3416,2026-09-22T12:38:24.804357+00:00
2023-05-29,https://web.archive.org/web/20250528163521id_/http://old.dghs.gov.bd/images/docs/vpr/20230529_dengue_all.pdf,wayback,200,814266,e7ed6d6fc45c06dfe585930d3e06b0c9586edd582eec09d0e910412f10455608,2026-09-22T12:38:26.926534+00:00
2023-05-30,https://web.archive.org/web/20230727082131id_/https://old.dghs.gov.bd/images/docs/vpr/20230530_dengue_all.pdf,wayback,200,811681,1875809bcb710c93919d8fd5865867b690fa33e82d6dd1d47acfe9e0227f2698,2026-09-22T12:38:29.455311+00:00
2023-05-31,https://web.archive.org/web/20250528163551id_/http://old.dghs.gov.bd/images/docs/vpr/20230531_dengue_all.pdf,wayback,200,809532,dc04d844470b387cde6b3cabbff1a4622cf394b8f2402b82383fb9aa662e530c,2026-09-22T12:38:32.062378+00:00
2023-06-01,https://web.archive.org/web/20250528163417id_/http://old.dghs.gov.bd/images/docs/vpr/20230601_dengue_all.pdf,wayback,200,797192,b726488d4c4584ee8e4ac6e372232dab6c29136a95392e4dac0c05c3c5d4ed1d,2026-09-22T12:38:34.243688+00:00
2023-06-02,https://web.archive.org/web/20250528163453id_/http://old.dghs.gov.bd/images/docs/vpr/20230602_dengue_all.pdf,wayback,200,815028,2e5c20c52baad206ec779b1813195bcb8e9c001d9bdeedd314dacb0fd8410cf6,2026-09-22T12:38:36.458904+00:00
2023-06-03,https://web.archive.org/web/20250528163515id_/http://old.dghs.gov.bd/images/docs/vpr/20230603_dengue_all.pdf,wayback,200,1235500,b418b5fafb0c141376d62b00b3d6d83d0f9f1d817d9afab64a09873ae2a4ea37,2026-09-22T12:38:40.033539+00:00
2023-06-04,https://web.archive.org/web/20250528163538id_/http://old.dghs.gov.bd/images/docs/vpr/20230604_dengue_all.pdf,wayback,200,810974,2d265421c4ee5156567c1d56b41009a0c94e7ab4ae0b7b95e0edbe9a3cca9bbb,2026-09-22T12:38:41.926207+00:00
2023-06-05,https://web.archive.org/web/20250528163423id_/http://old.dghs.gov.bd/images/docs/vpr/20230605_dengue_all.pdf,wayback,200,810345,4ba2f1dd8f0cb16b6e33157e12f6cc19a2d53747cc42c8b0b7a88e6709722bfe,2026-09-22T12:38:44.135186+00:00
2023-06-06,https://web.archive.org/web/20250528163417id_/http://old.dghs.gov.bd/images/docs/vpr/20230606_dengue_all.pdf,wayback,200,809899,a5708302669dbe2bd5c6c7939d999185c89c20c761460fb7cf7bb227263595e0,2026-09-22T12:38:46.488074+00:00
2023-06-07,https://web.archive.org/web/20250528163615id_/http://old.dghs.gov.bd/images/docs/vpr/20230607_dengue_all.pdf,wayback,200,812145,40d1b56f30a825e3a115ba33db95968361c7fe942f57b0595a2d5bcff0ebc670,2026-09-22T12:38:48.699540+00:00
2023-06-08,https://web.archive.org/web/20250528163612id_/http://old.dghs.gov.bd/images/docs/vpr/20230608_dengue_all.pdf,wayback,200,815671,f11776cc2bfcac7e384b2ffb425e185b4c829dd4bed2d29648f4c64432faa8ac,2026-09-22T12:38:51.019488+00:00
2023-06-09,https://web.archive.org/web/20250528163535id_/http://old.dghs.gov.bd/images/docs/vpr/20230609_dengue_all.pdf,wayback,200,1258365,2731199a409334f1d8799f21a433cfd2db0d6bcf14c9299fbf49a7466c2314d3,2026-09-22T12:38:53.270205+00:00
2023-06-10,https://web.archive.org/web/20250528163423id_/http://old.dghs.gov.bd/images/docs/vpr/20230610_dengue_all.pdf,wayback,200,811637,d8b869a574100959cc8464ab4ce3f3d6ceff4708863eb48989c4ac54a8dcc1cd,2026-09-22T12:38:55.586282+00:00
2023-06-11,https://web.archive.org/web/20250528163438id_/http://old.dghs.gov.bd/images/docs/vpr/20230611_dengue_all.pdf,wayback,200,815173,698e608975327a1c99664f8ae6bc91da9bbfe2ac62cc86643f1d7d907cb6c429,2026-09-22T12:38:58.144587+00:00
2023-06-12,https://web.archive.org/web/20250528163855id_/http://old.dghs.gov.bd/images/docs/vpr/20230612_dengue_all.pdf,wayback,200,833352,db1499ee0230012300c09500496132886ac9861d9adf62654b7a26a5ff4d8152,2026-09-22T12:39:00.320029+00:00
2023-06-13,https://web.archive.org/web/20250528163500id_/http://old.dghs.gov.bd/images/docs/vpr/20230613_dengue_all.pdf,wayback,200,1088536,ee1c7c787fdc6632a2ffec58c17c6bdb046b338e0bc47da4bc72587909a2c159,2026-09-22T12:39:02.832204+00:00
2023-06-14,https://web.archive.org/web/20250528163443id_/http://old.dghs.gov.bd/images/docs/vpr/20230614_dengue_all.pdf,wayback,200,826169,4014541bba4621d43d75cca125cfef1b741bb013a4c69f14a78ff394738986ac,2026-09-22T12:39:07.001046+00:00
2023-06-15,https://web.archive.org/web/20250528163806id_/http://old.dghs.gov.bd/images/docs/vpr/20230615_dengue_all.pdf,wayback,200,826496,096128888bb3415163d47809c368a470e56c905493053e24c49e8ad0d85e194c,2026-09-22T12:39:09.907113+00:00
2023-06-16,https://web.archive.org/web/20250528164143id_/http://old.dghs.gov.bd/images/docs/vpr/20230616_dengue_all.pdf,wayback,200,849633,e73d732342a9f0b0a533f2ad5cf9967a89b2301e748e3befca31a2b98f120a18,2026-09-22T12:39:12.200378+00:00
2023-06-17,https://web.archive.org/web/20250528163432id_/http://old.dghs.gov.bd/images/docs/vpr/20230617_dengue_all.pdf,wayback,200,812022,4fe1c0a699657bbc968c2ab55b9060600abe79ac2fe034c73073310bb743e3b0,2026-09-22T12:39:14.590194+00:00
2023-06-18,https://web.archive.org/web/20250528163538id_/http://old.dghs.gov.bd/images/docs/vpr/20230618_dengue_all.pdf,wayback,200,830259,b74cfae839d3066b5876ea56c56303e6a9e928b193fb52fb2386418a69a7d847,2026-09-22T12:39:16.799892+00:00
2023-06-19,https://web.archive.org/web/20250528163514id_/http://old.dghs.gov.bd/images/docs/vpr/20230619_dengue_all.pdf,wayback,200,831727,c7b966abd179863f489c96e7fc34cc000bad8841f5eb5d69fc3c6bc8d7793199,2026-09-22T12:39:18.993850+00:00
2023-06-20,https://web.archive.org/web/20250528163554id_/http://old.dghs.gov.bd/images/docs/vpr/20230620_dengue_all.pdf,wayback,200,827926,61dde80a285d358675b2b5c97e195e40e7b37a5ccad4c9a51040cd06d6463f6e,2026-09-22T12:39:22.363677+00:00
2023-06-21,https://web.archive.org/web/20250528163459id_/http://old.dghs.gov.bd/images/docs/vpr/20230621_dengue_all.pdf,wayback,200,834184,8bfd18d0c64384f098ba33e19fadce39cb9203122a14b9a23ed6b85b1cccf43a,2026-09-22T12:39:24.505508+00:00
2023-06-22,https://web.archive.org/web/20250528163426id_/http://old.dghs.gov.bd/images/docs/vpr/20230622_dengue_all.pdf,wayback,200,832418,299d148e9b2aa258b120a98e88748f2b12d805366bdeab06f744b5de88ef3547,2026-09-22T12:39:26.764930+00:00
2023-06-23,https://web.archive.org/web/20250528163906id_/http://old.dghs.gov.bd/images/docs/vpr/20230623_dengue_all.pdf,wayback,200,1098706,0071f51e16a2af9f5bca9315cd109d8bc1f3ed6571be295ccd94766326e568a9,2026-09-22T12:39:29.900462+00:00
2023-06-24,https://web.archive.org/web/20250528163637id_/http://old.dghs.gov.bd/images/docs/vpr/20230624_dengue_all.pdf,wayback,200,817652,e8e52a27d15e0a5bb26332b508f5f89819821987dd192def9c6b3caabd13e130,2026-09-22T12:39:32.198416+00:00
2023-06-25,https://web.archive.org/web/20230727101201id_/https://old.dghs.gov.bd/images/docs/vpr/20230625_dengue_all.pdf,wayback,200,813778,dbf248e4daab5d98652ec65916383c7accf1b983ef52aec6fec49e4206152239,2026-09-22T12:39:34.330524+00:00
2023-06-26,https://web.archive.org/web/20250528163529id_/http://old.dghs.gov.bd/images/docs/vpr/20230626_dengue_all.pdf,wayback,200,834481,889be5e34d136e0548ec2075621e305242a05f3b2828d51f3a72dff89b8d7a50,2026-09-22T12:39:38.385853+00:00
2023-06-27,https://web.archive.org/web/20250528163410id_/http://old.dghs.gov.bd/images/docs/vpr/20230627_dengue_all.pdf,wayback,200,821532,9029433dfbda8c74fa88535f8e036e2d3e657de0758bd7f3319f9323299f4d8e,2026-09-22T12:39:40.994743+00:00
2023-06-28,https://web.archive.org/web/20250529024444id_/http://old.dghs.gov.bd/images/docs/vpr/20230628_dengue_all.pdf,wayback,200,661878,4e3662adf7c12dd6863be6350368bd6ea1c70007bed3b161f5fa33445396871c,2026-09-22T12:39:43.561571+00:00
2023-06-29,https://web.archive.org/web/20250528163726id_/http://old.dghs.gov.bd/images/docs/vpr/20230629_dengue_all.pdf,wayback,200,644006,010fc21c91ea6bd6a1eede8d81ca9c03ac0ca58d9f6eb516dee47195663039e8,2026-09-22T12:39:45.878124+00:00
2023-06-30,https://web.archive.org/web/20250528163606id_/http://old.dghs.gov.bd/images/docs/vpr/20230630_dengue_all.pdf,wayback,200,642695,7eee806bf3067671869ee8e9db4cc20d3173a819a0bfa50223a99989697b2cc2,2026-09-22T12:39:48.471073+00:00
2023-07-01,https://web.archive.org/web/20250528163424id_/http://old.dghs.gov.bd/images/docs/vpr/20230701_dengue_all.pdf,wayback,200,652025,bec9ca93ab5edb752d316fcfe279faeca6eec59d004e2d4884503c1fc7291108,2026-09-22T12:39:52.836547+00:00
2023-07-02,https://web.archive.org/web/20250528163530id_/http://old.dghs.gov.bd/images/docs/vpr/20230702_dengue_all.pdf,wayback,200,649051,6c04dea5ddf7cb3d6eb5e1dfd9b8e7b97a70653bf26e8d508eb0180c9240d554,2026-09-22T12:39:57.429344+00:00
2023-07-03,https://web.archive.org/web/20250528163451id_/http://old.dghs.gov.bd/images/docs/vpr/20230703_dengue_all.pdf,wayback,200,822661,a29b3eb219f14ace2eed0d9a26824e38cfe1afaec258cc8a8412d1b300031da7,2026-09-22T12:39:59.687903+00:00
2023-07-04,https://web.archive.org/web/20250528163614id_/http://old.dghs.gov.bd/images/docs/vpr/20230704_dengue_all.pdf,wayback,200,825975,1dd6aa2aa4caea2e157de1086bbd727bcf2da5d7c023f8d24bd0a24496dfacba,2026-09-22T12:40:02.271627+00:00
2023-07-05,https://web.archive.org/web/20250528163516id_/http://old.dghs.gov.bd/images/docs/vpr/20230705_dengue_all.pdf,wayback,200,830687,43a49d22f2a135dc0adffcef73e1c4fb7a93d4869c5fa511b42a27afa5587d30,2026-09-22T12:40:05.599214+00:00
2023-07-06,https://web.archive.org/web/20250528163552id_/http://old.dghs.gov.bd/images/docs/vpr/20230706_dengue_all.pdf,wayback,200,826990,c6f2c232d5e34a8bb75ae38336ada217f92d4ba05f859053989e89415d9f6f2f,2026-09-22T12:40:08.467773+00:00
2023-07-07,https://web.archive.org/web/20250528163654id_/http://old.dghs.gov.bd/images/docs/vpr/20230707_dengue_all.pdf,wayback,200,1270844,d138d3c9b8f7c0a002f687573a7c87b9cc3938b009d87eeb6604ceea28989e0e,2026-09-22T12:40:12.156390+00:00
2023-07-08,https://web.archive.org/web/20250528163431id_/http://old.dghs.gov.bd/images/docs/vpr/20230708_dengue_all.pdf,wayback,200,846716,8305c3b1f33604cf5f72a88823f54bf81dcdfb77f5908c6f143402928086f4fe,2026-09-22T12:40:14.298235+00:00
2023-07-09,https://web.archive.org/web/20250528163424id_/http://old.dghs.gov.bd/images/docs/vpr/20230709_dengue_all.pdf,wayback,200,826519,7267568223ce4636810e1f94c6e6ed47aae53173433dd36190eedc476c043b7a,2026-09-22T12:40:16.465615+00:00
2023-07-10,https://web.archive.org/web/20250528163514id_/http://old.dghs.gov.bd/images/docs/vpr/20230710_dengue_all.pdf,wayback,200,827077,9886e7c3a24540b03fd3dcfff6158c3cf9328f24bd545be29c48fef00a4c1173,2026-09-22T12:40:18.726066+00:00
2023-07-11,https://web.archive.org/web/20250528163722id_/http://old.dghs.gov.bd/images/docs/vpr/20230711_dengue_all.pdf,wayback,200,825558,264f46d21a1788bae843833b541370e64dd2805ea5d9da9b03ca2c7bded5a949,2026-09-22T12:40:20.969342+00:00
2023-07-12,https://web.archive.org/web/20250528163518id_/http://old.dghs.gov.bd/images/docs/vpr/20230712_dengue_all.pdf,wayback,200,814843,85464fa145bb70cd4f91041459c38cee52af98f870a6c6fbbc7e9ff8fb0dd399,2026-09-22T12:40:23.113427+00:00
2023-07-13,https://web.archive.org/web/20250528164354id_/http://old.dghs.gov.bd/images/docs/vpr/20230713_dengue_all.pdf,wayback,200,832721,9463b04e967ba5bdede4eceeade820abf91e4b6834812bee967b08ce93978f48,2026-09-22T12:40:25.536691+00:00
2023-07-14,https://web.archive.org/web/20250528163602id_/http://old.dghs.gov.bd/images/docs/vpr/20230714_dengue_all.pdf,wayback,200,744649,9af6b95e0a7c80976f4cab513d64963df65be2ecc6d58c60cf5165eb21706db1,2026-09-22T12:40:27.891940+00:00
2023-07-15,https://web.archive.org/web/20250528163431id_/http://old.dghs.gov.bd/images/docs/vpr/20230715_dengue_all.pdf,wayback,200,744021,0e1a2330f04f1557a4240ca07411953907d45ac144b84d390e82ea9393f07fab,2026-09-22T12:40:30.299730+00:00
2023-07-16,https://web.archive.org/web/20250528163519id_/http://old.dghs.gov.bd/images/docs/vpr/20230716_dengue_all.pdf,wayback,200,739309,61361eb4093a7ebb3c8b7789fb75595ec0240d92255187808e1dbf535ca9f23a,2026-09-22T12:40:32.461609+00:00
2023-07-17,https://web.archive.org/web/20250528164015id_/http://old.dghs.gov.bd/images/docs/vpr/20230717_dengue_all.pdf,wayback,200,773314,9694db304f62791287c6338308ffd36ee5bb1560e683362e01476b0a7870f46f,2026-09-22T12:40:35.087893+00:00
2023-07-18,https://web.archive.org/web/20250528163607id_/http://old.dghs.gov.bd/images/docs/vpr/20230718_dengue_all.pdf,wayback,200,1075359,a79c4d0edaf7cd0fa1d4017cda5500a1fd00816993d82ad9924ca29ce8552824,2026-09-22T12:40:37.678739+00:00
2023-07-19,https://web.archive.org/web/20250528163716id_/http://old.dghs.gov.bd/images/docs/vpr/20230719_dengue_all.pdf,wayback,200,816199,d45c89952d5ae4748739ffd06c4cdd885cf5b4b302c2da80ef8e72a108896eab,2026-09-22T12:40:40.063562+00:00
2023-07-20,https://web.archive.org/web/20250528163521id_/http://old.dghs.gov.bd/images/docs/vpr/20230720_dengue_all.pdf,wayback,200,765005,850062c0af5d6d86310ed3b4928f518e726ee0da83271e66a11673e15a84fea1,2026-09-22T12:40:42.213228+00:00
2023-07-21,https://web.archive.org/web/20250528163718id_/http://old.dghs.gov.bd/images/docs/vpr/20230721_dengue_all.pdf,wayback,200,1089886,99b27bf848fdddbbdeefe141da88c29f0bb1248bdd8aefb33426ad3fa656e7e8,2026-09-22T12:40:44.745975+00:00
2023-07-22,https://web.archive.org/web/20250528213808id_/http://old.dghs.gov.bd/images/docs/vpr/20230722_dengue_all.pdf,wayback,200,781468,2b3236fc038868a60894715f285bfe6c2e54114d7ec6da07011caa78f0b64d0f,2026-09-22T12:40:47.095060+00:00
2023-07-23,https://web.archive.org/web/20230727082126id_/https://old.dghs.gov.bd/images/docs/vpr/20230723_dengue_all.pdf,wayback,200,782536,d23ecc681de4604f516a70650e4ed28ca8b2924eb48e8af9d39ed35cc5734f53,2026-09-22T12:40:49.837961+00:00
2023-07-24,https://web.archive.org/web/20250528163745id_/http://old.dghs.gov.bd/images/docs/vpr/20230724_dengue_all.pdf,wayback,200,784241,ca2e4a561f62953f11b7375579a5b8d2991f0570924af19d17bbec40dab929d9,2026-09-22T12:40:54.425259+00:00
2023-07-25,https://web.archive.org/web/20250528163452id_/http://old.dghs.gov.bd/images/docs/vpr/20230725_dengue_all.pdf,wayback,200,783817,5990afb7f1ebaf7e802f2b9d2fd4ad5762150359e7b2e2285e2d6e6e3525c257,2026-09-22T12:40:56.430308+00:00
2023-07-26,https://web.archive.org/web/20250528182756id_/http://old.dghs.gov.bd/images/docs/vpr/20230726_dengue_all.pdf,wayback,200,1126320,21db48526a979cc18ec97bfe0dca186f74f850a6615ac95b127fc75a8250db98,2026-09-22T12:41:01.278773+00:00
2023-07-27,https://web.archive.org/web/20260608104841id_/https://old.dghs.gov.bd/images/docs/vpr/20230727_dengue_all.pdf,wayback,200,965481,83dfc44f70c7d6a183f64c7fc640dbb84f863eda0a789b1be5837cbb332e0807,2026-09-22T12:41:03.554364+00:00
2023-07-28,https://web.archive.org/web/20260608104840id_/https://old.dghs.gov.bd/images/docs/vpr/20230728_dengue_all.pdf,wayback,200,1116610,f495daa41cb9aa117487ef32202cd5394f2953638d2dc16b8b2cdb3a976dd362,2026-09-22T12:41:05.759124+00:00
2023-07-29,https://web.archive.org/web/20250528163540id_/http://old.dghs.gov.bd/images/docs/vpr/20230729_dengue_all.pdf,wayback,200,1117276,eac298a571b4eaa17ecf32961b397c20f5d6993a4226b7dcbc50631bfd9a371f,2026-09-22T12:41:08.061527+00:00
2023-07-30,https://web.archive.org/web/20260608104839id_/https://old.dghs.gov.bd/images/docs/vpr/20230730_dengue_all.pdf,wayback,200,824782,2112115bf2e21435cdb19678f0d97cdd4d01cb32917e72d7e7e2bb9fce27d93b,2026-09-22T12:41:09.940090+00:00
2023-07-31,https://web.archive.org/web/20260608104839id_/https://old.dghs.gov.bd/images/docs/vpr/20230731_dengue_all.pdf,wayback,200,830461,d9e90b1ce7b444ee06a58306716a694186c9aef6aca8c726f75affab05296329,2026-09-22T12:41:12.343936+00:00
2023-08-01,https://web.archive.org/web/20250528163915id_/http://old.dghs.gov.bd/images/docs/vpr/20230801_dengue_all.pdf,wayback,200,1172052,93cb26ee011aabfb4de752e540745f867d89aace5ce8a0b29968b676b23c24c5,2026-09-22T12:41:15.256968+00:00
2023-08-02,https://web.archive.org/web/20260608104838id_/https://old.dghs.gov.bd/images/docs/vpr/20230802_dengue_all.pdf,wayback,200,1170642,c2680ca35dbe64c23a3a3cf0ca863ba4f1307aa2013561dfb2f04022aef7cd66,2026-09-22T12:41:17.530038+00:00
2023-08-03,https://web.archive.org/web/20250528163509id_/http://old.dghs.gov.bd/images/docs/vpr/20230803_dengue_all.pdf,wayback,200,915830,a3cdaee3321e771e5095d612073711bd04e9238a10030bd7b25dfcd273c1d463,2026-09-22T12:41:24.684000+00:00
2023-08-04,https://web.archive.org/web/20260608104837id_/https://old.dghs.gov.bd/images/docs/vpr/20230804_dengue_all.pdf,wayback,200,936464,87745b271d9af95a9c64153bb5be706a3b8b0146383b11971a0c4efbcd6a3146,2026-09-22T12:41:26.916822+00:00
2023-08-05,https://web.archive.org/web/20250528163451id_/http://old.dghs.gov.bd/images/docs/vpr/20230805_dengue_all.pdf,wayback,200,936075,0a41f91805b050fa304c47295f3ecfcd2ad90ceeef69324c6e6bfaf757651dce,2026-09-22T12:41:29.100410+00:00
2023-08-06,https://web.archive.org/web/20230815165259id_/https://old.dghs.gov.bd/images/docs/vpr/20230806_dengue_all.pdf,wayback,200,1269812,1c735f51961840d5d2dcb5d1a9e2d98f4fd00137fdfcfbd046e0b755f823c9a5,2026-09-22T12:41:32.003922+00:00
2023-08-07,https://web.archive.org/web/20260608104835id_/https://old.dghs.gov.bd/images/docs/vpr/20230807_dengue_all.pdf,wayback,200,1266365,8e9ed5276cf7bb41e45b61ad54ff34684801fdcbb3a8e4940d566aa57ddfadca,2026-09-22T12:41:34.174906+00:00
2023-08-08,https://web.archive.org/web/20250528163430id_/http://old.dghs.gov.bd/images/docs/vpr/20230808_dengue_all.pdf,wayback,200,1252109,6d88406fa08e432a741afbc82005533f40d61063d6cfc1e8406f9b4cc854115e,2026-09-22T12:41:36.383982+00:00
2023-08-09,https://web.archive.org/web/20250528163640id_/http://old.dghs.gov.bd/images/docs/vpr/20230809_dengue_all.pdf,wayback,200,1408599,95936f119e34fad53485d6f50db24a7dd78901e47ef69dfc5d6e1d88915840c0,2026-09-22T12:41:38.951533+00:00
2023-08-10,https://web.archive.org/web/20260608104833id_/https://old.dghs.gov.bd/images/docs/vpr/20230810_dengue_all.pdf,wayback,200,1175249,01647888818e9941133a55272cab9c12afb063c8c815a14b6ec572da995b7475,2026-09-22T12:41:41.522612+00:00
2023-08-11,https://web.archive.org/web/20250528163503id_/http://old.dghs.gov.bd/images/docs/vpr/20230811_dengue_all.pdf,wayback,200,1403567,6907548a6b8e479995352bae0ff09689f8e5b87162552af0354d00545831fee0,2026-09-22T12:41:43.736863+00:00
2023-08-12,https://web.archive.org/web/20250528163656id_/http://old.dghs.gov.bd/images/docs/vpr/20230812_dengue_all.pdf,wayback,200,918614,6c6f25b6dbc66992d7bb630bb6e0b0a2ac25f110e4fbfb902fe332351a56abaa,2026-09-22T12:41:46.476701+00:00
2023-08-13,https://web.archive.org/web/20250528163619id_/http://old.dghs.gov.bd/images/docs/vpr/20230813_dengue_all.pdf,wayback,200,917419,2747bafda090f3ea86a2f61f65ff41c392d77f81acd4cc61eafe9baf3fae0f40,2026-09-22T12:41:49.615230+00:00
2023-08-14,https://web.archive.org/web/20250528163432id_/http://old.dghs.gov.bd/images/docs/vpr/20230814_dengue_all.pdf,wayback,200,936976,2c7559c0e339243ed92ccc1bea42b699e5a6e2e796d94220962657a862c373c2,2026-09-22T12:41:52.028695+00:00
2023-08-15,https://web.archive.org/web/20260608104831id_/https://old.dghs.gov.bd/images/docs/vpr/20230815_dengue_all.pdf,wayback,200,919184,7ca4a47b5499d4be7912378821f1f2084187c906c1227f62d36e04d41868fb65,2026-09-22T12:41:54.217880+00:00
2023-08-16,https://web.archive.org/web/20260608104831id_/https://old.dghs.gov.bd/images/docs/vpr/20230816_dengue_all.pdf,wayback,200,916974,a5ad2e862953c9d9b8d1f0eb5e359e8803ad6dfd0a45379ad90121c5d625eee2,2026-09-22T12:41:56.337913+00:00
2023-08-17,https://web.archive.org/web/20260608104830id_/https://old.dghs.gov.bd/images/docs/vpr/20230817_dengue_all.pdf,wayback,200,917365,31d9a5ee44e88a5185f7f969ea17ad7d157baee77ceb2552fc9fa3a7581fa17a,2026-09-22T12:41:58.578804+00:00
2023-08-18,https://web.archive.org/web/20260608104829id_/https://old.dghs.gov.bd/images/docs/vpr/20230818_dengue_all.pdf,wayback,200,917238,5c4a72ba033b29acbed3bc4e23d537a8d9dd08d1838d3797376ba7261fdff767,2026-09-22T12:42:00.788728+00:00
2023-08-19,https://web.archive.org/web/20260608104829id_/https://old.dghs.gov.bd/images/docs/vpr/20230819_dengue_all.pdf,wayback,200,935980,28928ab1b56bd25e2fcedcaa8cd186631a7b42a4e174cfb5c15e8db0e27a04f2,2026-09-22T12:42:03.112485+00:00
2023-08-20,https://web.archive.org/web/20250621211338id_/https://old.dghs.gov.bd/images/docs/vpr/20230820_dengue_all.pdf,wayback,200,1172922,cbb5f5f0e487ea8490216d0ebe1de826860dd2f7920c7b67423c01662de38a24,2026-09-22T12:42:05.978729+00:00
2023-08-21,https://web.archive.org/web/20250528163502id_/http://old.dghs.gov.bd/images/docs/vpr/20230821_dengue_all.pdf,wayback,200,1171857,12a02b079e1b1cdff96393e550c8c220dfbd03bbb64cf5377bbdc11f1e74ac58,2026-09-22T12:42:08.645718+00:00
2023-08-22,https://web.archive.org/web/20250528163512id_/http://old.dghs.gov.bd/images/docs/vpr/20230822_dengue_all.pdf,wayback,200,1166270,b58d84fa0cf3d181a348708ff84e63582be9c7479b6a604d1bb3fd73ecba9d6b,2026-09-22T12:42:11.315551+00:00
2023-08-23,https://web.archive.org/web/20250528163515id_/http://old.dghs.gov.bd/images/docs/vpr/20230823_dengue_all.pdf,wayback,200,1168806,de9084cd64cd3e5caa641e8cfa8f507fb4ac57e70757e6d7865eed1c8b65c9f9,2026-09-22T12:42:13.548890+00:00
2023-08-24,https://web.archive.org/web/20260608104826id_/https://old.dghs.gov.bd/images/docs/vpr/20230824_dengue_all.pdf,wayback,200,1175858,b8e549f9e236bd710b6114f338df4efba5eeba004d592096fd83217dc9f192a9,2026-09-22T12:42:17.735769+00:00
2023-08-25,https://web.archive.org/web/20250528163513id_/http://old.dghs.gov.bd/images/docs/vpr/20230825_dengue_all.pdf,wayback,200,935163,fcaa7a801ddd9e6873227803ed340005bb7083c836035c73ee2d5c096ccf9b9b,2026-09-22T12:42:20.369381+00:00
2023-08-26,https://web.archive.org/web/20250528163559id_/http://old.dghs.gov.bd/images/docs/vpr/20230826_dengue_all.pdf,wayback,200,934936,9c10be1bbe86f06a6aa646039dd2e61de5187c8fc7589c47f5c73d0b73018a71,2026-09-22T12:42:22.986150+00:00
2023-08-27,https://web.archive.org/web/20260608104825id_/https://old.dghs.gov.bd/images/docs/vpr/20230827_dengue_all.pdf,wayback,200,933214,c9dc82d9e5a382f5963c5ecc8b0ec44518dc2da033c981cd711e64a9c14b003a,2026-09-22T12:42:25.779751+00:00
2023-08-28,https://web.archive.org/web/20250528164030id_/http://old.dghs.gov.bd/images/docs/vpr/20230828_dengue_all.pdf,wayback,200,1402004,1ba208cf6d284101087217f164ad54bb3df8aef8c506c056532b61d4650639e1,2026-09-22T12:42:28.931910+00:00
2023-08-29,https://web.archive.org/web/20260608104823id_/https://old.dghs.gov.bd/images/docs/vpr/20230829_dengue_all.pdf,wayback,200,936127,94a98517f2412fa137ec1dc1489f4eda8358a780d16f671aab643fe9236b7159,2026-09-22T12:42:31.037878+00:00
2023-08-30,https://web.archive.org/web/20250528163418id_/http://old.dghs.gov.bd/images/docs/vpr/20230830_dengue_all.pdf,wayback,200,914086,020706bfc090dd14871590369b55ac3690e81d419d0129b2697a69dc5882395c,2026-09-22T12:42:34.923708+00:00
2023-08-31,https://web.archive.org/web/20260608104822id_/https://old.dghs.gov.bd/images/docs/vpr/20230831_dengue_all.pdf,wayback,200,1185086,9fc63c431f3d7e65d770130c504761e0f50868f9d184face41bd7c6df8fcfbef,2026-09-22T12:42:39.286494+00:00
2023-09-01,https://web.archive.org/web/20250528163542id_/http://old.dghs.gov.bd/images/docs/vpr/20230901_dengue_all.pdf,wayback,200,943047,3d3dc99ef8f439cc06de78226ca66ed293fdac9fd312c3f117478952dfdb248d,2026-09-22T12:42:45.655087+00:00
2023-09-02,https://web.archive.org/web/20250528163602id_/http://old.dghs.gov.bd/images/docs/vpr/20230902_dengue_all.pdf,wayback,200,940555,36ac282c18f6f8f40a374e88a1445d11dbd80222ce8dae6c2943746e46f076f7,2026-09-22T12:42:48.225090+00:00
2023-09-03,https://web.archive.org/web/20250621211333id_/https://old.dghs.gov.bd/images/docs/vpr/20230903_dengue_all.pdf,wayback,200,931407,a0214f96434747aa623611ab8dcdf8d79f4b283f710b6823ca5bf70a78aa5e9d,2026-09-22T12:42:50.752270+00:00
2023-09-04,https://web.archive.org/web/20250528163612id_/http://old.dghs.gov.bd/images/docs/vpr/20230904_dengue_all.pdf,wayback,200,2464874,ebffa95b53aa78fd59b41416a67eef9cfda8de7b1bf19fd89adb904c51e97ffc,2026-09-22T12:42:54.864071+00:00
2023-09-05,https://web.archive.org/web/20250528163537id_/http://old.dghs.gov.bd/images/docs/vpr/20230905_dengue_all.pdf,wayback,200,934728,739c189ac73ad48796f27732a7916cadfa6e338edac4285f39971c425df7f762,2026-09-22T12:42:58.370935+00:00
2023-09-06,https://web.archive.org/web/20250528163558id_/http://old.dghs.gov.bd/images/docs/vpr/20230906_dengue_all.pdf,wayback,200,922225,e87a5479a4b4dd34e4b8e2d71ffeb5878cfb6a90ca9c77f72a8ac86bc049f2b2,2026-09-22T12:43:00.574982+00:00
2023-09-07,https://web.archive.org/web/20260608104818id_/https://old.dghs.gov.bd/images/docs/vpr/20230907_dengue_all.pdf,wayback,200,970825,74d1e0b31935ed6a85941c88847192bbf9f6c49e4dd11b43dad35b0dd5c1b341,2026-09-22T12:43:04.151270+00:00
2023-09-08,https://web.archive.org/web/20250528163802id_/http://old.dghs.gov.bd/images/docs/vpr/20230908_dengue_all.pdf,wayback,200,922794,33d00cde2c1ce2e89f5adaf0419a950c41d3a442b37409ebc479d45426e0a64b,2026-09-22T12:43:08.500033+00:00
2023-09-09,https://web.archive.org/web/20260608104817id_/https://old.dghs.gov.bd/images/docs/vpr/20230909_dengue_all.pdf,wayback,200,922914,90983937ae1941f4c92c54b6a5867b99c488d513e9ee85185d4672b3e19c9be2,2026-09-22T12:43:10.526163+00:00
2023-09-10,https://web.archive.org/web/20260608104817id_/https://old.dghs.gov.bd/images/docs/vpr/20230910_dengue_all.pdf,wayback,200,920436,add8b43118202aa60228cbaeb1d206fe32f50b3db2114c843efe7ae3c1565122,2026-09-22T12:43:14.458663+00:00
2023-09-11,https://web.archive.org/web/20250528163502id_/http://old.dghs.gov.bd/images/docs/vpr/20230911_dengue_all.pdf,wayback,200,938396,a0774da5ef866e0fed86021c3ec85a295a5cf6bb4bf565282ecec3cb8999e4e1,2026-09-22T12:43:16.844242+00:00
2023-09-12,https://web.archive.org/web/20250528163543id_/http://old.dghs.gov.bd/images/docs/vpr/20230912_dengue_all.pdf,wayback,200,940507,e1bf291b2589a2cd6a00db3aeb8a97af08defede568f6b3db96e7b951a105b45,2026-09-22T12:43:20.600208+00:00
2023-09-13,https://web.archive.org/web/20260608104815id_/https://old.dghs.gov.bd/images/docs/vpr/20230913_dengue_all.pdf,wayback,200,938733,d9ed878bead40f419709a164fa9bdbc3899cc241ac685dc75301c617b5e98d4a,2026-09-22T12:43:22.795137+00:00
2023-09-14,https://web.archive.org/web/20260608104815id_/https://old.dghs.gov.bd/images/docs/vpr/20230914_dengue_all.pdf,wayback,200,922258,e7710787cba44bdb703576f6cd8b300a364b66eacfb8d8023663f3485790ad7f,2026-09-22T12:43:25.009890+00:00
2023-09-15,https://web.archive.org/web/20260608104814id_/https://old.dghs.gov.bd/images/docs/vpr/20230915_dengue_all.pdf,wayback,200,922375,db4e3498ee301b0ea37bc198d9a160c97d2b55ffac674549bc9f9eeb80afb326,2026-09-22T12:43:27.257459+00:00
2023-09-16,https://web.archive.org/web/20231109125746id_/https://old.dghs.gov.bd/images/docs/vpr/20230916_dengue_all.pdf,wayback,200,920631,f2d5763e82849efe45b364dbac5ef2b6bf8f3769e4b0b5ad0e5812c429bf4988,2026-09-22T12:43:29.592401+00:00
2023-09-17,https://web.archive.org/web/20230928154044id_/https://old.dghs.gov.bd/images/docs/vpr/20230917_dengue_all.pdf,wayback,200,2361230,d38f4332ecbc0cbea4dce7ea7bbb198675513283c13b3431308f263d6fbb0494,2026-09-22T12:43:32.237502+00:00
2023-09-18,https://web.archive.org/web/20250528163640id_/http://old.dghs.gov.bd/images/docs/vpr/20230918_dengue_all.pdf,wayback,200,942372,5a11b43d1a130435189c03e2e4fc9b0bc50f2fa573ef812beb8e9d7edd3a6eb7,2026-09-22T12:43:34.723045+00:00
2023-09-19,https://web.archive.org/web/20260608104812id_/https://old.dghs.gov.bd/images/docs/vpr/20230919_dengue_all.pdf,wayback,200,940472,1a6f933f4e99dec78d0949c0a0d4c8c2ed8a9f95d0946aa48477b5775857ea91,2026-09-22T12:43:36.978439+00:00
2023-09-20,https://web.archive.org/web/20260608104811id_/https://old.dghs.gov.bd/images/docs/vpr/20230920_dengue_all.pdf,wayback,200,938712,91181ad68651170c447cd96441bc435a748d847604d1e5510c3222985bd2e944,2026-09-22T12:43:39.429623+00:00
2023-09-21,https://web.archive.org/web/20260608104811id_/https://old.dghs.gov.bd/images/docs/vpr/20230921_dengue_all.pdf,wayback,200,940627,f7a5f973f4b00b625c9c9aa6ce2eb31692432a5ece47d9ac8f8be13676c2f319,2026-09-22T12:43:42.341664+00:00
2023-09-22,https://web.archive.org/web/20250528163410id_/http://old.dghs.gov.bd/images/docs/vpr/20230922_dengue_all.pdf,wayback,200,939225,06dc2347c4812f17c0878a8f9ecdc5a6e86cf3313e8c6f8b31003f6cd95adffe,2026-09-22T12:43:44.638418+00:00
2023-09-23,https://web.archive.org/web/20260608104810id_/https://old.dghs.gov.bd/images/docs/vpr/20230923_dengue_all.pdf,wayback,200,940120,109c4a6030ef53ee1ea57063b354f98d8a2ee2f8fa021fba3abe5bb55d548507,2026-09-22T12:43:46.853291+00:00
2023-09-24,https://web.archive.org/web/20260608104809id_/https://old.dghs.gov.bd/images/docs/vpr/20230924_dengue_all.pdf,wayback,200,2952806,3c8fcbdb03569ee23ef5b0f51325ea66b8deaf6bcfb8f78a3a86022226551435,2026-09-22T12:43:49.412770+00:00
2023-09-25,https://web.archive.org/web/20250528163851id_/http://old.dghs.gov.bd/images/docs/vpr/20230925_dengue_all.pdf,wayback,200,942140,92cb95e78f2fb38494e6c3eac82ba2ffe7a2068e5fc0cbf4f234fe1c9ffaff0b,2026-09-22T12:43:52.882485+00:00
2023-09-26,https://web.archive.org/web/20260608104809id_/https://old.dghs.gov.bd/images/docs/vpr/20230926_dengue_all.pdf,wayback,200,942121,eef5daf44a3f6dcfe33ffa0153dfbf7d4243f8d15d91675e7a5e52e86eb79cc2,2026-09-22T12:43:55.252174+00:00
2023-09-27,https://web.archive.org/web/20260608104808id_/https://old.dghs.gov.bd/images/docs/vpr/20230927_dengue_all.pdf,wayback,200,924797,cc4eed553dad1cb62320dd36ce8448918eb4d429bf66185f6b094bb8d621b91e,2026-09-22T12:43:57.126418+00:00
2023-09-28,https://web.archive.org/web/20250528163444id_/http://old.dghs.gov.bd/images/docs/vpr/20230928_dengue_all.pdf,wayback,200,924567,b68adba63b465d0eac992d3bdd41387a909759083dc3e7aafca59db6ba4d2072,2026-09-22T12:43:59.119346+00:00
2023-09-29,https://web.archive.org/web/20260608104807id_/https://old.dghs.gov.bd/images/docs/vpr/20230929_dengue_all.pdf,wayback,200,923999,c35fda9d6ca94c2fc106caafaa08b0d830108b6079ac1a1294b9a37acc086b19,2026-09-22T12:44:01.075622+00:00
2023-09-30,https://web.archive.org/web/20250528163649id_/http://old.dghs.gov.bd/images/docs/vpr/20230930_dengue_all.pdf,wayback,200,944060,7af50be703d96e1fae8fcdefa9feca5ff2e85bb6765bc38ffa59460df4ca2c6f,2026-09-22T12:44:04.849337+00:00
2023-10-01,https://web.archive.org/web/20231027163525id_/https://old.dghs.gov.bd/images/docs/vpr/20231001_dengue_all.pdf,wayback,200,2902353,9c2e86ec26e94487b48cd506d5e6e044a43ad395cc851b61155a92978d95cb56,2026-09-22T12:44:10.146962+00:00
2023-10-02,https://web.archive.org/web/20231010102611id_/https://old.dghs.gov.bd/images/docs/vpr/20231002_dengue_all.pdf,wayback,200,967791,4a0e3a224b0cba98b5fef5901331e885abe82a8e7c1fcacb2a0a0d27f3a450fe,2026-09-22T12:44:12.530456+00:00
2023-10-03,https://web.archive.org/web/20250528163559id_/http://old.dghs.gov.bd/images/docs/vpr/20231003_dengue_all.pdf,wayback,200,978606,9fd4f525d99039bae18507f6d9fd90f853ecfc0231f748e8ffb1e9b5f7103784,2026-09-22T12:44:14.520212+00:00
2023-10-04,https://web.archive.org/web/20250528163610id_/http://old.dghs.gov.bd/images/docs/vpr/20231004_dengue_all.pdf,wayback,200,978387,b66112490b4780ff09e2e4918a77d52dd5b3aa8d6fdb293b78c23915786a43b5,2026-09-22T12:44:16.770979+00:00
2023-10-05,https://web.archive.org/web/20260608104804id_/https://old.dghs.gov.bd/images/docs/vpr/20231005_dengue_all.pdf,wayback,200,969857,072349e1c41474b5c837c68dc6974c10fc91a917db457a97edb60198d41f04f8,2026-09-22T12:44:18.683056+00:00
2023-10-06,https://web.archive.org/web/20260608104804id_/https://old.dghs.gov.bd/images/docs/vpr/20231006_dengue_all.pdf,wayback,200,933807,437ca1022bc76064317ea4ac2373561056d6728688da6d602e04391b5b7de30a,2026-09-22T12:44:20.713779+00:00
2023-10-07,https://web.archive.org/web/20250528164131id_/http://old.dghs.gov.bd/images/docs/vpr/20231007_dengue_all.pdf,wayback,200,968355,b2ce7385d1158744dcc9182215dd21de77ce1d4703fbaafe096822fe5ad43148,2026-09-22T12:44:23.182305+00:00
2023-10-08,https://web.archive.org/web/20260608104801id_/https://old.dghs.gov.bd/images/docs/vpr/20231008_dengue_all.pdf,wayback,200,2887808,5c8f4e045eed623c5ae95b45150c340128da58eaa9cab33b48f714700e5c3c71,2026-09-22T12:44:27.740935+00:00
2023-10-09,https://web.archive.org/web/20260608104801id_/https://old.dghs.gov.bd/images/docs/vpr/20231009_dengue_all.pdf,wayback,200,953205,0af507f5e8886ee2ef361d398fbd16a1401218b14d92cbb777ab2fd61788bd10,2026-09-22T12:44:29.664363+00:00
2023-10-10,https://web.archive.org/web/20260608104801id_/https://old.dghs.gov.bd/images/docs/vpr/20231010_dengue_all.pdf,wayback,200,955269,75d78769573a649ccb07c5df6c8fc8dc71ccd933707fb378dcd2338d040415d4,2026-09-22T12:44:31.594357+00:00
2023-10-11,https://web.archive.org/web/20250528163505id_/http://old.dghs.gov.bd/images/docs/vpr/20231011_dengue_all.pdf,wayback,200,954481,52881af186ba89a0cbc0159d1b0a56918334e07ec2a3fea0327de4c712c13c0d,2026-09-22T12:44:33.619828+00:00
2023-10-12,https://web.archive.org/web/20260608104801id_/https://old.dghs.gov.bd/images/docs/vpr/20231012_dengue_all.pdf,wayback,200,955323,951a8e683815e36ebf02f15e4927c0b512eee2f35829c32e82a29426edce7485,2026-09-22T12:44:35.820351+00:00
2023-10-13,https://web.archive.org/web/20260608104800id_/https://old.dghs.gov.bd/images/docs/vpr/20231013_dengue_all.pdf,wayback,200,955018,dd76b33ac68ca4dba51600a4b783f4dc82261b14b3eb727932becc1f98dd232e,2026-09-22T12:44:38.047026+00:00
2023-10-14,https://web.archive.org/web/20260608104758id_/https://old.dghs.gov.bd/images/docs/vpr/20231014_dengue_all.pdf,wayback,200,956828,fd78a074e13cd314d16705cc66d5712e3af04d1e0443e19193a85595c5bc8e7f,2026-09-22T12:44:40.225440+00:00
2023-10-15,https://web.archive.org/web/20260608104757id_/https://old.dghs.gov.bd/images/docs/vpr/20231015_dengue_all.pdf,wayback,200,2908461,3929910b56ffe11d9f5ecd9c9578d079200ade371a0370c2fb731ee6321fa2e8,2026-09-22T12:44:42.893258+00:00
2023-10-16,https://web.archive.org/web/20260608104757id_/https://old.dghs.gov.bd/images/docs/vpr/20231016_dengue_all.pdf,wayback,200,959100,bd6311daef42155f925a7326c020f3476e69d4eee449d408fd71c6db24c5b4df,2026-09-22T12:44:45.564857+00:00
2023-10-17,https://web.archive.org/web/20250528194203id_/http://old.dghs.gov.bd/images/docs/vpr/20231017_dengue_all.pdf,wayback,200,955818,a73c2764f4d61d9d6ba7df1f4cdfa27f16fe775f9b92750e83f43d1e244caac4,2026-09-22T12:44:48.418217+00:00
2023-10-18,https://web.archive.org/web/20260608104756id_/https://old.dghs.gov.bd/images/docs/vpr/20231018_dengue_all.pdf,wayback,200,955536,4c55aa50ea8f9240e796a1a40790bc98f9ed645828fc83302f33050d86d3824d,2026-09-22T12:44:50.674801+00:00
2023-10-19,https://web.archive.org/web/20260608104756id_/https://old.dghs.gov.bd/images/docs/vpr/20231019_dengue_all.pdf,wayback,200,972772,daa620416e3791dfa69bdc9d408052ec2cffd30ad6793fbce9b1025887684468,2026-09-22T12:44:52.940647+00:00
2023-10-20,https://web.archive.org/web/20260608104756id_/https://old.dghs.gov.bd/images/docs/vpr/20231020_dengue_all.pdf,wayback,200,933769,84525e6856918c0a696f514a571b5d1df1137f51aac83efcda5d76c678997eb8,2026-09-22T12:44:55.062247+00:00
2023-10-21,https://web.archive.org/web/20260608104754id_/https://old.dghs.gov.bd/images/docs/vpr/20231021_dengue_all.pdf,wayback,200,972339,f71dfdff9260c938171c047f468b7a56e2ed108d501debb2c79c080a43726039,2026-09-22T12:44:57.244394+00:00
2023-10-22,https://web.archive.org/web/20260608104754id_/https://old.dghs.gov.bd/images/docs/vpr/20231022_dengue_all.pdf,wayback,200,2986373,da4b46127d8733d6eb84e536323f5bcaf03da91a3cebc95e54db6f0dee33f696,2026-09-22T12:45:00.120176+00:00
2023-10-23,https://web.archive.org/web/20260608104754id_/https://old.dghs.gov.bd/images/docs/vpr/20231023_dengue_all.pdf,wayback,200,1294070,20d6b3dd78209d9d87fa06bbb38779b042666bede5bc7c3607b8b4b7765121c7,2026-09-22T12:45:02.322153+00:00
2023-10-24,https://web.archive.org/web/20260608104753id_/https://old.dghs.gov.bd/images/docs/vpr/20231024_dengue_all.pdf,wayback,200,1134203,75af03c0b12dcc0b4eb53d0de4c6bd78d356e1c73c8111fe5796b20aa092dc03,2026-09-22T12:45:04.611358+00:00
2023-10-25,https://web.archive.org/web/20250528163550id_/http://old.dghs.gov.bd/images/docs/vpr/20231025_dengue_all.pdf,wayback,200,955605,b136677c964063b479fbc5c7f4ee2ce021c391986e258b32de578d9425db51b9,2026-09-22T12:45:07.360908+00:00
2023-10-26,https://web.archive.org/web/20260608104751id_/https://old.dghs.gov.bd/images/docs/vpr/20231026_dengue_all.pdf,wayback,200,973210,8c811bb28fd379c552ec29323ce307db068163f6ef0669b9056029239adab06b,2026-09-22T12:45:09.600057+00:00
2023-10-27,https://web.archive.org/web/20260608104751id_/https://old.dghs.gov.bd/images/docs/vpr/20231027_dengue_all.pdf,wayback,200,937269,38631a956b62157d0ec1f478a3d28454cd4631497795a9c06491934caf873201,2026-09-22T12:45:11.730171+00:00
2023-10-28,https://web.archive.org/web/20260608104751id_/https://old.dghs.gov.bd/images/docs/vpr/20231028_dengue_all.pdf,wayback,200,937268,6e15010fd4ffb599058fffd12154e97e6f0b3c1facd4bbafc7cdf1fd3140f99b,2026-09-22T12:45:14.415415+00:00
2023-10-29,https://web.archive.org/web/20231203063026id_/https://old.dghs.gov.bd/images/docs/vpr/20231029_dengue_all.pdf,wayback,200,3040383,ba4962394c2c963bb31f8a1164c626751e93355d893ae46c535537a5c0cf1788,2026-09-22T12:45:17.755979+00:00
2023-10-30,https://web.archive.org/web/20260608104750id_/https://old.dghs.gov.bd/images/docs/vpr/20231030_dengue_all.pdf,wayback,200,956073,33e88cbe01e55a195b7db8110a13341b62050a58d373c8ee379a3ada446c3d2e,2026-09-22T12:45:20.216404+00:00
2023-10-31,https://web.archive.org/web/20260608104750id_/https://old.dghs.gov.bd/images/docs/vpr/20231031_dengue_all.pdf,wayback,200,1116945,48953ce3409cf5c11d0ad1b07260de2073413c9606daa1ca68f6b8ca9dab25ff,2026-09-22T12:45:22.747056+00:00
2023-11-01,https://web.archive.org/web/20260608104748id_/https://old.dghs.gov.bd/images/docs/vpr/20231101_dengue_all.pdf,wayback,200,961250,b70c4c2fad23b2261ee355261f71f9b957811f5a3de7c6b0388eaafa7734ba9f,2026-09-22T12:45:24.909189+00:00
2023-11-02,https://web.archive.org/web/20260608104748id_/https://old.dghs.gov.bd/images/docs/vpr/20231102_dengue_all.pdf,wayback,200,1123840,b8a41d4e22a21345909ceccbc2df943d9374ea1147689ddb82a2699a281a7ea2,2026-09-22T12:45:27.081967+00:00
2023-11-03,https://web.archive.org/web/20260608104747id_/https://old.dghs.gov.bd/images/docs/vpr/20231103_dengue_all.pdf,wayback,200,962866,5e47d43d8b4fcae59be32bce5ef8acf0a542c476b0980e57986913d387f72493,2026-09-22T12:45:31.138491+00:00
2023-11-04,https://web.archive.org/web/20260608104747id_/https://old.dghs.gov.bd/images/docs/vpr/20231104_dengue_all.pdf,wayback,200,941489,f5742881a1583267f3c71a278ae765e53160a1101e2b836e79f61f1b22411d36,2026-09-22T12:45:33.305935+00:00
2023-11-05,https://web.archive.org/web/20260608104746id_/https://old.dghs.gov.bd/images/docs/vpr/20231105_dengue_all.pdf,wayback,200,2540403,7e073d96762acfa48d9675e3dc235c6ec1c8d371810a6e6da2fb64225cd55b32,2026-09-22T12:45:39.049089+00:00
2023-11-06,https://web.archive.org/web/20250621211309id_/https://old.dghs.gov.bd/images/docs/vpr/20231106_dengue_all.pdf,wayback,200,962702,35d321989a94d21ecf12fe9d6f8e931fa2a464ec8276dc3fb985511e1d978c96,2026-09-22T12:45:43.340723+00:00
2023-11-07,https://web.archive.org/web/20231215111027id_/https://old.dghs.gov.bd/images/docs/vpr/20231107_dengue_all.pdf,wayback,200,1025723,fcf925d16ab31e74a0af03dff7380a81e36b54e3d92e2c9973fb2f3c45987d7d,2026-09-22T12:45:45.520575+00:00
2023-11-08,https://web.archive.org/web/20260608104744id_/https://old.dghs.gov.bd/images/docs/vpr/20231108_dengue_all.pdf,wayback,200,1048111,ad7be64bee4c08c12d178981058bc48f61786549f14ee6a0d35d9a7df8eb3f35,2026-09-22T12:45:48.201749+00:00
2023-11-09,https://web.archive.org/web/20260608104744id_/https://old.dghs.gov.bd/images/docs/vpr/20231109_dengue_all.pdf,wayback,200,1028149,9cf7674510c914cc06252b1cd611c91dec0f9d3b27eea4931d8281f3b2270fbf,2026-09-22T12:45:50.337051+00:00
2023-11-10,https://web.archive.org/web/20260608104744id_/https://old.dghs.gov.bd/images/docs/vpr/20231110_dengue_all.pdf,wayback,200,1366807,071e356f3054ae2baef5c27d0afecd86f8e7913f437d2d50c76c8ac281ab4480,2026-09-22T12:45:52.555803+00:00
2023-11-11,https://web.archive.org/web/20250528163600id_/http://old.dghs.gov.bd/images/docs/vpr/20231111_dengue_all.pdf,wayback,200,1028594,1fb944359a776b1591219776af3b6fe96200232b7b2e3cfc20e55dd8614c839f,2026-09-22T12:45:54.832910+00:00
2023-11-12,https://web.archive.org/web/20231203062743id_/https://old.dghs.gov.bd/images/docs/vpr/20231112_dengue_all.pdf,wayback,200,3119366,9c51db881157bb3e19076a60a32586560742dfe361b9d130b45e7a42eadc6d5e,2026-09-22T12:45:58.148009+00:00
2023-11-13,https://web.archive.org/web/20260608104741id_/https://old.dghs.gov.bd/images/docs/vpr/20231113_dengue_all.pdf,wayback,200,1047506,73653677bd605762362b0524582dd4c7c475f2caa6641b128eebccc0030739e3,2026-09-22T12:46:00.274811+00:00
2023-11-14,https://web.archive.org/web/20260608104740id_/https://old.dghs.gov.bd/images/docs/vpr/20231114_dengue_all.pdf,wayback,200,1049830,2b95704248d0fc02eb475429d2565cead53040a2bb039e9ff89a506d9f565eb7,2026-09-22T12:46:02.927442+00:00
2023-11-15,https://web.archive.org/web/20250528163556id_/http://old.dghs.gov.bd/images/docs/vpr/20231115_dengue_all.pdf,wayback,200,1372721,7487051836b0cf69bcd3bda95507e28bb83c88bd45edc3d086379f0aaf26238e,2026-09-22T12:46:05.584655+00:00
2023-11-16,https://web.archive.org/web/20260608104740id_/https://old.dghs.gov.bd/images/docs/vpr/20231116_dengue_all.pdf,wayback,200,1389371,7ad3f6243d382c3142055018bb9f3a80ca8cd30c577abce2e6c9c881b95f1ed9,2026-09-22T12:46:07.789186+00:00
2023-11-17,https://web.archive.org/web/20250528163635id_/http://old.dghs.gov.bd/images/docs/vpr/20231117_dengue_all.pdf,wayback,200,1370521,f422e4727cc96a98e7b134180dd025a824f740c8a003934084c274e923fc3fdf,2026-09-22T12:46:10.083558+00:00
2023-11-18,https://web.archive.org/web/20260608104737id_/https://old.dghs.gov.bd/images/docs/vpr/20231118_dengue_all.pdf,wayback,200,1067689,7799d01922c0706a9eb736f8a917604a797d4d69739f8afd8d5ef539e64b06ca,2026-09-22T12:46:12.272406+00:00
2023-11-19,https://web.archive.org/web/20260608104736id_/https://old.dghs.gov.bd/images/docs/vpr/20231119_dengue_all.pdf,wayback,200,3150101,254554d2245e2340e21fc938d2b1103232b2204a724acf186e65d453b682779e,2026-09-22T12:46:20.928812+00:00
2023-11-20,https://web.archive.org/web/20260608104735id_/https://old.dghs.gov.bd/images/docs/vpr/20231120_dengue_all.pdf,wayback,200,1047353,97b8eaae6d8391a0a9f1ae73ed804a49a76d05dec0b6b19f17a53b6f3c784ee2,2026-09-22T12:46:22.864496+00:00
2023-11-21,https://web.archive.org/web/20260608104735id_/https://old.dghs.gov.bd/images/docs/vpr/20231121_dengue_all.pdf,wayback,200,1048322,6bcb481dd8d5e57ace6cd687c6026320d98fdb1c4ecc7c2dac7817be184d9ad5,2026-09-22T12:46:24.989931+00:00
2023-11-22,https://web.archive.org/web/20260608104735id_/https://old.dghs.gov.bd/images/docs/vpr/20231122_dengue_all.pdf,wayback,200,1387749,8491a8354eb204871f68201a186e853d0331714e502d781eeeb4079bc9034adc,2026-09-22T12:46:29.635436+00:00
2023-11-23,https://web.archive.org/web/20260608104735id_/https://old.dghs.gov.bd/images/docs/vpr/20231123_dengue_all.pdf,wayback,200,1028799,d839e0557ba7dab77a1c69bdcd04f615deb3a214c109faa6a0904cc2344caedb,2026-09-22T12:46:31.570787+00:00
2023-11-24,https://web.archive.org/web/20260608104735id_/https://old.dghs.gov.bd/images/docs/vpr/20231124_dengue_all.pdf,wayback,200,1030534,5fc589eda97780b768638f26e1437f8130dd760a24ab5caaed47241bc06d090e,2026-09-22T12:46:33.676013+00:00
2023-11-25,https://web.archive.org/web/20260608104732id_/https://old.dghs.gov.bd/images/docs/vpr/20231125_dengue_all.pdf,wayback,200,1030249,469ca6da2f33990f06babb273bb1b7115ac665ab8c28cb2ecf6bb73eac720b3a,2026-09-22T12:46:35.861460+00:00
2023-11-26,https://web.archive.org/web/20231203062600id_/https://old.dghs.gov.bd/images/docs/vpr/20231126_dengue_all.pdf,wayback,200,3166630,4b3fbfd9f9f5dc824ae332e8544ca8511924cd95dc011b26eec00d2048495a21,2026-09-22T12:46:38.935082+00:00
2023-11-27,https://web.archive.org/web/20260608104731id_/https://old.dghs.gov.bd/images/docs/vpr/20231127_dengue_all.pdf,wayback,200,1049385,e71cd75dc3146912080a146f6bb0e171d9a8e1c6cb2de6d02d703197a996b437,2026-09-22T12:46:41.072056+00:00
2023-11-28,https://web.archive.org/web/20260608104730id_/https://old.dghs.gov.bd/images/docs/vpr/20231128_dengue_all.pdf,wayback,200,1049998,807d420d833e2c5037ea82b21d8282003e09161641725dd36ea91d153381525e,2026-09-22T12:46:43.314705+00:00
2023-11-29,https://web.archive.org/web/20250528163410id_/http://old.dghs.gov.bd/images/docs/vpr/20231129_dengue_all.pdf,wayback,200,1217568,42dd1732b227248217531dc32bd040cb2712387aad5a4f3f6e0c81a1be490c11,2026-09-22T12:46:45.564139+00:00
2023-11-30,https://web.archive.org/web/20260608104729id_/https://old.dghs.gov.bd/images/docs/vpr/20231130_dengue_all.pdf,wayback,200,1207300,712b6d7e11adc1b3666f10c537635df1facc2a8c8293ddfc025914d4260701b8,2026-09-22T12:46:47.708033+00:00
2023-12-01,https://web.archive.org/web/20250528163552id_/http://old.dghs.gov.bd/images/docs/vpr/20231201_dengue_all.pdf,wayback,200,1213396,4c4543fde4abe4f11aa1e5063ef05c133ef15007d47f0b93a91066efa187a6c6,2026-09-22T12:46:50.422749+00:00
2023-12-02,https://web.archive.org/web/20260608104727id_/https://old.dghs.gov.bd/images/docs/vpr/20231202_dengue_all.pdf,wayback,200,1211986,b9c0662012c3ea49022d6e3a70cd485bca8ddb30126290220f1c9726d6687c2d,2026-09-22T12:46:52.558685+00:00
2023-12-03,https://web.archive.org/web/20260608104726id_/https://old.dghs.gov.bd/images/docs/vpr/20231203_dengue_all.pdf,wayback,200,2820093,3c06b0be59ef8a4754f1fcc6418f3c9789ed76c4416495a3ac810bee4f42b46e,2026-09-22T12:46:55.451131+00:00
2023-12-04,https://web.archive.org/web/20260608104726id_/https://old.dghs.gov.bd/images/docs/vpr/20231204_dengue_all.pdf,wayback,200,1213926,1961d306049f4d778c3efb09d2ad3a1d62c0a2c3b1db40e781b029672a29e116,2026-09-22T12:46:57.593230+00:00
2023-12-05,https://web.archive.org/web/20260608104725id_/https://old.dghs.gov.bd/images/docs/vpr/20231205_dengue_all.pdf,wayback,200,1214105,7ee33750006f69810809956cd3417d159bb968d2ffabb49ebbaff327af5e597d,2026-09-22T12:46:59.792547+00:00
2023-12-06,https://web.archive.org/web/20260608104725id_/https://old.dghs.gov.bd/images/docs/vpr/20231206_dengue_all.pdf,wayback,200,1053179,45c6e2b8e83880750bf6b39c026619be6ed03f5d6b4a37011437ba94a59f7dd4,2026-09-22T12:47:01.942720+00:00
2023-12-07,https://web.archive.org/web/20240110031121id_/https://old.dghs.gov.bd/images/docs/vpr/20231207_dengue_all.pdf,wayback,200,1032882,5e340e7c0694c41a41a590aefc034675bbc72aa39b6a32656eb0b30337932fe1,2026-09-22T12:47:04.752039+00:00
2023-12-08,https://web.archive.org/web/20250621211258id_/https://old.dghs.gov.bd/images/docs/vpr/20231208_dengue_all.pdf,wayback,200,1052686,0286665d8842c90b7a0e22ad71da6ade875adeb06d29c6d060e862def12b9389,2026-09-22T12:47:10.039624+00:00
2023-12-09,https://web.archive.org/web/20260608104721id_/https://old.dghs.gov.bd/images/docs/vpr/20231209_dengue_all.pdf,wayback,200,1033035,06c1484810c7c731e9984f9542dae7cea53c50e007af1ce5697a0e6c11adb848,2026-09-22T12:47:12.282466+00:00
2023-12-10,https://web.archive.org/web/20240114234811id_/https://old.dghs.gov.bd/images/docs/vpr/20231210_dengue_all.pdf,wayback,200,2641367,08edcc771cc1b889f24d05b1032d787a8e12e9624fafb07f11c42f907466703a,2026-09-22T12:47:16.605369+00:00
2023-12-11,https://web.archive.org/web/20260608104721id_/https://old.dghs.gov.bd/images/docs/vpr/20231211_dengue_all.pdf,wayback,200,1053267,4e1e02619177bc838c35fa045eed1a4bc7e1aa0c5585e44a0b810ed637031563,2026-09-22T12:47:19.609091+00:00
2023-12-12,https://web.archive.org/web/20250528164034id_/http://old.dghs.gov.bd/images/docs/vpr/20231212_dengue_all.pdf,wayback,200,1374286,3e25b931cd286eba817ff0ca4d3fbf6582c815799dd1c7c07a80d11547518f76,2026-09-22T12:47:22.501815+00:00
2023-12-13,https://web.archive.org/web/20260608104720id_/https://old.dghs.gov.bd/images/docs/vpr/20231213_dengue_all.pdf,wayback,200,1067872,8ede27942a83b959b8c6c2b2f021141cdcea44201f15a1312f254f8d9c0016e6,2026-09-22T12:47:24.871792+00:00
2023-12-14,https://web.archive.org/web/20260608104720id_/https://old.dghs.gov.bd/images/docs/vpr/20231214_dengue_all.pdf,wayback,200,1072858,184d5310995db307124c5e0d1bdd83527f6ee8fcd8856381f2ddedf9acac0b84,2026-09-22T12:47:27.251669+00:00
2023-12-15,https://web.archive.org/web/20260608104720id_/https://old.dghs.gov.bd/images/docs/vpr/20231215_dengue_all.pdf,wayback,200,1072692,678aaed6cd10bc4b6690d77b9aa774bd2eeb8218faf68ab51ffa5afcc6584ed9,2026-09-22T12:47:29.781745+00:00
2023-12-16,https://web.archive.org/web/20260608104717id_/https://old.dghs.gov.bd/images/docs/vpr/20231216_dengue_all.pdf,wayback,200,1073038,b632d58118b0d0e24a52c48d20ea2d610c88c1c0b3a4481cb7656ab5122b786e,2026-09-22T12:47:32.236604+00:00
2023-12-17,https://web.archive.org/web/20260608104716id_/https://old.dghs.gov.bd/images/docs/vpr/20231217_dengue_all.pdf,wayback,200,2705327,e34b4b885b881ee3dad189e6c5426dafc68f77cbaaa28449878c534be2090b9e,2026-09-22T12:47:35.075102+00:00
2023-12-18,https://web.archive.org/web/20260608104716id_/https://old.dghs.gov.bd/images/docs/vpr/20231218_dengue_all.pdf,wayback,200,1217363,45230aa9d8345793c54f45a8805edd259a4ccf34997807d7a8fbf5a5fe085355,2026-09-22T12:47:38.846149+00:00
2023-12-19,https://web.archive.org/web/20250528163458id_/http://old.dghs.gov.bd/images/docs/vpr/20231219_dengue_all.pdf,wayback,200,1036730,15d400b8be053ae912d6c36007eb3c0a80fa17a2dc2ff0f56f18d13a4404fd68,2026-09-22T12:47:41.480164+00:00
2023-12-20,https://web.archive.org/web/20260608104715id_/https://old.dghs.gov.bd/images/docs/vpr/20231220_dengue_all.pdf,wayback,200,1392422,86488a3d6245f299232bc69caf6e2609681f1b58e8717706591f1792e6f73d42,2026-09-22T12:47:44.559692+00:00
2023-12-21,https://web.archive.org/web/20260608104715id_/https://old.dghs.gov.bd/images/docs/vpr/20231221_dengue_all.pdf,wayback,200,1072373,1d4ea6a58bf63f78f3a340a7def9ee6c402471b96e9d6b9509cc8347273be6fc,2026-09-22T12:47:46.913869+00:00
2023-12-22,https://web.archive.org/web/20260608104715id_/https://old.dghs.gov.bd/images/docs/vpr/20231222_dengue_all.pdf,wayback,200,1071367,5e65b9a7dcb6d0061410abd4f89050d4261b04491603be9e82c4f95177b261c8,2026-09-22T12:47:49.454146+00:00
2023-12-23,https://web.archive.org/web/20250528163536id_/http://old.dghs.gov.bd/images/docs/vpr/20231223_dengue_all.pdf,wayback,200,1071705,dd238977feab451e7c188a26ac5ff19c24f35133e906417158bf71615591f390,2026-09-22T12:47:52.062974+00:00
2023-12-24,https://web.archive.org/web/20240115180038id_/https://old.dghs.gov.bd/images/docs/vpr/20231224_dengue_all.pdf,wayback,200,2682523,31e22355a04609ce9ef9d3c17871a21baba9a75a1f81ef8215cc538672359149,2026-09-22T12:47:55.199255+00:00
2023-12-25,https://web.archive.org/web/20260608104712id_/https://old.dghs.gov.bd/images/docs/vpr/20231225_dengue_all.pdf,wayback,200,1056255,28294b766b57a1fba05f086489153bec183844be9ab08e17303cd0a4417d0513,2026-09-22T12:47:57.640115+00:00
2023-12-26,https://web.archive.org/web/20250528163508id_/http://old.dghs.gov.bd/images/docs/vpr/20231226_dengue_all.pdf,wayback,200,1036392,4377cc74efc5735fe8e375356f0a4ee0e2d7926ef26adc0605baf4eb9efb4fad,2026-09-22T12:48:00.052381+00:00
2023-12-27,https://web.archive.org/web/20260608104711id_/https://old.dghs.gov.bd/images/docs/vpr/20231227_dengue_all.pdf,wayback,200,1216902,b3a5adcee564e6c637068c35b7092bf3f3435b9c99b08b3dc0217e131f95a8af,2026-09-22T12:48:02.254597+00:00
2023-12-28,https://web.archive.org/web/20260608104710id_/https://old.dghs.gov.bd/images/docs/vpr/20231228_dengue_all.pdf,wayback,200,1072011,f13b242ab4a0bf1a67581a9029483e1baa70810aaf9f292ee40bb79c12612e9c,2026-09-22T12:48:04.501754+00:00
2023-12-29,https://web.archive.org/web/20260608104710id_/https://old.dghs.gov.bd/images/docs/vpr/20231229_dengue_all.pdf,wayback,200,1054671,942696237513195806e49ae54b4f377d68ed341c93d329fcdc672f11366c38e0,2026-09-22T12:48:06.982407+00:00
2023-12-30,https://web.archive.org/web/20260608104710id_/https://old.dghs.gov.bd/images/docs/vpr/20231230_dengue_all.pdf,wayback,200,1034867,6d1e9855e817f4ecf74c27a9464fbc08b32b30af5290f068ad104a394280b985,2026-09-22T12:48:09.207540+00:00
2023-12-31,https://web.archive.org/web/20240114054557id_/https://old.dghs.gov.bd/images/docs/vpr/20231231_dengue_all.pdf,wayback,200,2437339,8fc5993c5e99a620b644c450db9c2a0c6db9eda19ca0d915fdfd5382083163bf,2026-09-22T12:48:12.836737+00:00
2024-01-01,https://web.archive.org/web/20250528163412id_/http://old.dghs.gov.bd/images/docs/vpr/20240101_dengue_all.pdf,wayback,200,584030,bcedffdbf940f8ae45a54ffb31517113174f706b2a675409c709bc05af79e03f,2026-09-22T12:48:15.571648+00:00
2024-01-02,https://web.archive.org/web/20260608104709id_/https://old.dghs.gov.bd/images/docs/vpr/20240102_dengue_all.pdf,wayback,200,532494,5663e8c20d7363549ca39045f83ca9c6123a0b1afe85ddc0e910aedf4b6d2fc8,2026-09-22T12:48:17.573736+00:00
2024-01-03,https://web.archive.org/web/20260608104708id_/https://old.dghs.gov.bd/images/docs/vpr/20240103_dengue_all.pdf,wayback,200,532159,d5b4b9f92cced903374f4f0443a0756e6967254518b51125546688f7404a8caf,2026-09-22T12:48:19.666937+00:00
2024-01-04,https://web.archive.org/web/20250528163501id_/http://old.dghs.gov.bd/images/docs/vpr/20240104_dengue_all.pdf,wayback,200,818481,b0ee703f82db8504a1865cc2219b2ca275df8a2fde259de48537995137c7edc9,2026-09-22T12:48:21.976281+00:00
2024-01-05,https://web.archive.org/web/20260608104707id_/https://old.dghs.gov.bd/images/docs/vpr/20240105_dengue_all.pdf,wayback,200,537648,8aed91dea0e8e3a0afdb9e18dbd182de0da84226c9a43c3cb5755faa0e6e7eaa,2026-09-22T12:48:27.504886+00:00
2024-01-06,https://web.archive.org/web/20250528163524id_/http://old.dghs.gov.bd/images/docs/vpr/20240106_dengue_all.pdf,wayback,200,527590,bfb202ce2c1e0f2f0c2c0b3564c874aabc71a0a23eb7fb7020a11b065ea28cab,2026-09-22T12:48:29.903451+00:00
2024-01-07,https://web.archive.org/web/20250528163831id_/http://old.dghs.gov.bd/images/docs/vpr/20240107_dengue_all.pdf,wayback,200,527539,8be315169659bddb53bd4931f770b7365d6f1d656afbed285b9e3c81193a138f,2026-09-22T12:48:32.571442+00:00
2024-01-08,https://web.archive.org/web/20250528164003id_/http://old.dghs.gov.bd/images/docs/vpr/20240108_dengue_all.pdf,wayback,200,1412735,74dbf8424d5799e054aaf7b7cf57aaa738f2d96ee078f37bf0fabd9eb3ff25be,2026-09-22T12:48:35.315786+00:00
2024-01-09,https://web.archive.org/web/20260608104705id_/https://old.dghs.gov.bd/images/docs/vpr/20240109_dengue_all.pdf,wayback,200,539350,1f2cefceba30eafdabcc9eb8b86562e68c9e9b42010ec57f1d93736dd0b341c9,2026-09-22T12:48:37.373089+00:00
2024-01-10,https://web.archive.org/web/20260608104705id_/https://old.dghs.gov.bd/images/docs/vpr/20240110_dengue_all.pdf,wayback,200,528011,cfc2db251f64f759a752ecebd52807d896f9599019b9872c156af8cbfffd88b8,2026-09-22T12:48:39.384495+00:00
2024-01-11,https://web.archive.org/web/20260608104704id_/https://old.dghs.gov.bd/images/docs/vpr/20240111_dengue_all.pdf,wayback,200,558174,d55541d8d7cf154bfd4493e426716f95c30e45820e5bc902d920604c7fb7c768,2026-09-22T12:48:41.679786+00:00
2024-01-12,https://web.archive.org/web/20260608104703id_/https://old.dghs.gov.bd/images/docs/vpr/20240112_dengue_all.pdf,wayback,200,528117,27c715a5048fdbfb9f3f4d6ef0dc51d3618a1215a7530ae679ec458152f44143,2026-09-22T12:48:43.724666+00:00
2024-01-13,https://web.archive.org/web/20250528163747id_/http://old.dghs.gov.bd/images/docs/vpr/20240113_dengue_all.pdf,wayback,200,528369,f9f60bca37d600a07392b6d7e61e6af8870ed928d33bee5fbb0d1ce243dd115a,2026-09-22T12:48:45.781671+00:00
2024-01-14,https://web.archive.org/web/20250528164010id_/http://old.dghs.gov.bd/images/docs/vpr/20240114_dengue_all.pdf,wayback,200,539034,70f472cb116ab8292bcb159d28d9dc925618728c5f99280cfc4f45431be5e469,2026-09-22T12:48:49.576157+00:00
2024-01-15,https://web.archive.org/web/20250528163505id_/http://old.dghs.gov.bd/images/docs/vpr/20240115_dengue_all.pdf,wayback,200,2003921,c7edca57baa91c913bd000a25abd04c31e44efb2f5ff1f1b041f7aeb197de181,2026-09-22T12:48:54.319360+00:00
2024-01-16,https://web.archive.org/web/20250528163906id_/http://old.dghs.gov.bd/images/docs/vpr/20240116_dengue_all.pdf,wayback,200,538946,1de00a638d3b82c9c0d111cc42e8070b2694e496a668e9d048ecaa2775d6d036,2026-09-22T12:48:56.335743+00:00
2024-01-17,https://web.archive.org/web/20250528163530id_/http://old.dghs.gov.bd/images/docs/vpr/20240117_dengue_all.pdf,wayback,200,825459,99afe8c713363ca7de32d2d906976105fee36c4eaa1ad7328319dbf55d18c109,2026-09-22T12:48:58.624337+00:00
2024-01-18,https://web.archive.org/web/20250528163552id_/http://old.dghs.gov.bd/images/docs/vpr/20240118_dengue_all.pdf,wayback,200,557606,928533430b2c01dba29773d5ae336db75c3030c12501ea7f0d8cc57aed2acff8,2026-09-22T12:49:00.827440+00:00
2024-01-19,https://web.archive.org/web/20250528163733id_/http://old.dghs.gov.bd/images/docs/vpr/20240119_dengue_all.pdf,wayback,200,527774,0b92cddb6583dec75806de33277ba6efc8febd557bf1ea3927dce5888ee03069,2026-09-22T12:49:02.969749+00:00
2024-01-20,https://web.archive.org/web/20250528163459id_/http://old.dghs.gov.bd/images/docs/vpr/20240120_dengue_all.pdf,wayback,200,527440,f1088c1c8daa1a999f242e8a0b634d8bcfb1626a9bf4a152f11f92e901aa4e24,2026-09-22T12:49:05.257653+00:00
2024-01-21,https://web.archive.org/web/20240125103521id_/https://old.dghs.gov.bd/images/docs/vpr/20240121_dengue_all.pdf,wayback,200,527550,53cffe66b0b2e11bb30fbeecbbc1b5c8f020008b46b69f386b101dd1597398cd,2026-09-22T12:49:07.901282+00:00
2024-01-22,https://web.archive.org/web/20250528164543id_/http://old.dghs.gov.bd/images/docs/vpr/20240122_dengue_all.pdf,wayback,200,2311613,12292298dbfd09921cd819867cb4742e904946ab963dcff067261ce2ae276a91,2026-09-22T12:49:12.985966+00:00
2024-01-23,https://web.archive.org/web/20250528163415id_/http://old.dghs.gov.bd/images/docs/vpr/20240123_dengue_all.pdf,wayback,200,527787,d079a8bc72af04d5572a356692e3cf13bac365b03ee60f3b16c9bd54ed12e0f2,2026-09-22T12:49:15.096914+00:00
2024-01-24,https://web.archive.org/web/20250528163506id_/http://old.dghs.gov.bd/images/docs/vpr/20240124_dengue_all.pdf,wayback,200,527513,e0b218262b68a34a7bb91b55e8b88b8ebc41c0ba72f1fc65dca50769f9edae62,2026-09-22T12:49:18.554697+00:00
2024-01-25,https://web.archive.org/web/20250528163728id_/http://old.dghs.gov.bd/images/docs/vpr/20240125_dengue_all.pdf,wayback,200,557558,83b496aa8956853bd7970629136cdd8e9fa16cada8c9b908c6605116b401f247,2026-09-22T12:49:20.828570+00:00
2024-01-26,https://web.archive.org/web/20250528163435id_/http://old.dghs.gov.bd/images/docs/vpr/20240126_dengue_all.pdf,wayback,200,527775,7f36bc99297b7033631cff8886e929f9abee8c0372c54adf876e1ab3835c80d5,2026-09-22T12:49:22.881253+00:00
2024-01-27,https://web.archive.org/web/20250528163541id_/http://old.dghs.gov.bd/images/docs/vpr/20240127_dengue_all.pdf,wayback,200,527839,75b3cc9d2c13d82082e15e5eef3ada4d4e61b1624d7b7a9d367542b97fc7324c,2026-09-22T12:49:25.128045+00:00
2024-01-28,https://web.archive.org/web/20250528163832id_/http://old.dghs.gov.bd/images/docs/vpr/20240128_dengue_all.pdf,wayback,200,557703,5fe06383180cca0114f4b056291cb1a88ac61e0dc17aeeaf1ae2d2561671f3d0,2026-09-22T12:49:27.365473+00:00
2024-01-29,https://web.archive.org/web/20250528163904id_/http://old.dghs.gov.bd/images/docs/vpr/20240129_dengue_all.pdf,wayback,200,1920163,92a9b61d447f910715c00e03097d61ac28e1f2bfedfd3b39c5f4a5c83f543f8b,2026-09-22T12:49:29.892484+00:00
2024-01-30,https://web.archive.org/web/20250528163449id_/http://old.dghs.gov.bd/images/docs/vpr/20240130_dengue_all.pdf,wayback,200,527642,bb7820a4e6cfec9468356b528bebb265fd8377169ee03ea2506da30b9cb7fe84,2026-09-22T12:49:31.836896+00:00
2024-01-31,https://web.archive.org/web/20250528163544id_/http://old.dghs.gov.bd/images/docs/vpr/20240131_dengue_all.pdf,wayback,200,538740,493876cdb29123f861a7308111e03972eddd20595ce8e27709d5a6c9e0ad8aec,2026-09-22T12:49:33.817111+00:00
2024-02-01,https://web.archive.org/web/20250528163620id_/http://old.dghs.gov.bd/images/docs/vpr/20240201_dengue_all.pdf,wayback,200,994206,b4bcd24500a05ada448c4e80afdef46d6d50ea96fe357ae6d1e09a82f33dae8b,2026-09-22T12:49:36.096839+00:00
2024-02-02,https://web.archive.org/web/20250528163557id_/http://old.dghs.gov.bd/images/docs/vpr/20240202_dengue_all.pdf,wayback,200,688723,7f4f396b3f5f9df382f2bae0fefdff30411de861ff01e35f8b56e6f56f5c4825,2026-09-22T12:49:40.261980+00:00
2024-02-03,https://web.archive.org/web/20250528163551id_/http://old.dghs.gov.bd/images/docs/vpr/20240203_dengue_all.pdf,wayback,200,690433,82f7d746f5de7da3b7956104dc74d5254068d2507c93bc8afb28b2df19277a44,2026-09-22T12:49:42.604843+00:00
2024-02-04,https://web.archive.org/web/20250528163424id_/http://old.dghs.gov.bd/images/docs/vpr/20240204_dengue_all.pdf,wayback,200,689548,44603f7d2dc0c4d1982b846f154e05d08bb5a9a2365eee4708cf259c8e77ebb7,2026-09-22T12:49:47.292276+00:00
2024-02-05,https://web.archive.org/web/20250528163420id_/http://old.dghs.gov.bd/images/docs/vpr/20240205_dengue_all.pdf,wayback,200,2019216,d30f8c2d7608b1422bd87615371e7243b4c668ba11ca5ca7734f10c0fbcd7132,2026-09-22T12:49:53.259507+00:00
2024-02-06,https://web.archive.org/web/20250528163533id_/http://old.dghs.gov.bd/images/docs/vpr/20240206_dengue_all.pdf,wayback,200,706431,ed00652c1a7580c1510d7607d8d9f912757f08263ee01cde3a0d0ccc08fd06f5,2026-09-22T12:49:57.379892+00:00
2024-02-07,https://web.archive.org/web/20250528164023id_/http://old.dghs.gov.bd/images/docs/vpr/20240207_dengue_all.pdf,wayback,200,878440,4593e7b41fb1d297fd6bdfb3498c7b15f8de33491192999f61329ac56866bd6a,2026-09-22T12:49:59.505421+00:00
2024-02-08,https://web.archive.org/web/20250528163541id_/http://old.dghs.gov.bd/images/docs/vpr/20240208_dengue_all.pdf,wayback,200,994146,2bc60c224b2f1a448a48f1627e1f3182037ce23a3a498295f157a65a1baab4e3,2026-09-22T12:50:02.209636+00:00
2024-02-09,https://web.archive.org/web/20250528163523id_/http://old.dghs.gov.bd/images/docs/vpr/20240209_dengue_all.pdf,wayback,200,691902,12e3eb27aac5bdaa15cf1a76d826844a6d78e309c5eb3a61a6ca90f8c42c46d7,2026-09-22T12:50:04.071463+00:00
2024-02-10,https://web.archive.org/web/20250528163551id_/http://old.dghs.gov.bd/images/docs/vpr/20240210_dengue_all.pdf,wayback,200,690816,33984dd2c576ff33d461e5cf416e6f6c9f9705b81eeab2806b1922b7c6ccf15e,2026-09-22T12:50:06.176818+00:00
2024-02-11,https://web.archive.org/web/20250528163853id_/http://old.dghs.gov.bd/images/docs/vpr/20240211_dengue_all.pdf,wayback,200,693200,9dbf4bdd88b1c60d8cbd51fc4a2fbb8277455a45ffc181af2e9e0025d3b87a6e,2026-09-22T12:50:08.781727+00:00
2024-02-12,https://web.archive.org/web/20250528163525id_/http://old.dghs.gov.bd/images/docs/vpr/20240212_dengue_all.pdf,wayback,200,1998462,81d61552fbea64fd92a435adf6d8468be22cadd9188fdeae143dd5dac2d170c8,2026-09-22T12:50:11.554154+00:00
2024-02-13,https://web.archive.org/web/20250528163426id_/http://old.dghs.gov.bd/images/docs/vpr/20240213_dengue_all.pdf,wayback,200,708305,12c60e272aec50459110871cbdea23c2a6504a1b9c39af6e9625f45b0a5ac6e1,2026-09-22T12:50:14.178639+00:00
2024-02-14,https://web.archive.org/web/20250528163546id_/http://old.dghs.gov.bd/images/docs/vpr/20240214_dengue_all.pdf,wayback,200,706281,74365e177fcf7b4774c8aa12648610daf7b9b18e22c7c037a5b7cd43b8b1d04a,2026-09-22T12:50:16.668658+00:00
2024-02-15,https://web.archive.org/web/20250528163411id_/http://old.dghs.gov.bd/images/docs/vpr/20240215_dengue_all.pdf,wayback,200,789461,e34deecfd717362eba3bf6f9f8a9d834388d15ce22b4de5c04dabaacc82ca7ee,2026-09-22T12:50:19.016021+00:00
2024-02-16,https://web.archive.org/web/20250528163534id_/http://old.dghs.gov.bd/images/docs/vpr/20240216_dengue_all.pdf,wayback,200,775643,b3d30a49609cc34a1241bfb949a59bf6117926d66053bfc4a0a9b48f258af3b1,2026-09-22T12:50:21.162147+00:00
2024-02-17,https://web.archive.org/web/20250529031347id_/http://old.dghs.gov.bd/images/docs/vpr/20240217_dengue_all.pdf,wayback,200,965329,c583a203127ea0cef4c41b159f7f1cf76099a3182cf25352433b496cb745a448,2026-09-22T12:50:24.045127+00:00
2024-02-18,https://web.archive.org/web/20250528163603id_/http://old.dghs.gov.bd/images/docs/vpr/20240218_dengue_all.pdf,wayback,200,777387,ead7e69ff6bf65fb3e8a037dca45229f7ad333812a41b7df2effee4031e298c0,2026-09-22T12:50:27.743916+00:00
2024-02-19,https://web.archive.org/web/20250528163539id_/http://old.dghs.gov.bd/images/docs/vpr/20240219_dengue_all.pdf,wayback,200,1585958,4d009092d9add5d39b2f59f720147a1d15e3fa836b4374d5acd6c2305a679921,2026-09-22T12:50:30.544457+00:00
2024-02-20,https://web.archive.org/web/20250528163532id_/http://old.dghs.gov.bd/images/docs/vpr/20240220_dengue_all.pdf,wayback,200,787151,c739329c9983a9a07722e9cb51e8390a5194b6ff391556cd443af7f77f5a4e67,2026-09-22T12:50:32.637894+00:00
2024-02-21,https://web.archive.org/web/20250528163506id_/http://old.dghs.gov.bd/images/docs/vpr/20240221_dengue_all.pdf,wayback,200,774265,03d3ce9f91d0d923d09d42e6f18fd681651bbb7621fe5d60baf755e13c08274f,2026-09-22T12:50:35.144166+00:00
2024-02-22,https://web.archive.org/web/20250528163554id_/http://old.dghs.gov.bd/images/docs/vpr/20240222_dengue_all.pdf,wayback,200,774599,99b2a63b1e3383def3fadacb9d4a2aab261894cc4902aa0c06de57c877e95af0,2026-09-22T12:50:37.237378+00:00
2024-02-23,https://web.archive.org/web/20250528163535id_/http://old.dghs.gov.bd/images/docs/vpr/20240223_dengue_all.pdf,wayback,200,780716,f6f2791d907ffb2835ef5204c863e98d426cb735dc1dd0b64a6097b40112102a,2026-09-22T12:50:40.026547+00:00
2024-02-24,https://web.archive.org/web/20250528163529id_/http://old.dghs.gov.bd/images/docs/vpr/20240224_dengue_all.pdf,wayback,200,778538,f8113a6c4203bc2e140fcbdc38e47efd0a7d9c87f087e1ef6bd431a9ae4d4e07,2026-09-22T12:50:41.918011+00:00
2024-02-25,https://web.archive.org/web/20250528164016id_/http://old.dghs.gov.bd/images/docs/vpr/20240225_dengue_all.pdf,wayback,200,790363,61c9c7a97f03910800cfdf2acb69bae5a636e01911efe42fdd257d44f54b520e,2026-09-22T12:50:44.079718+00:00
2024-02-26,https://web.archive.org/web/20250528163430id_/http://old.dghs.gov.bd/images/docs/vpr/20240226_dengue_all.pdf,wayback,200,780087,609753731087b8026fcddc6d830e98149fcc4ab089ec73e371cab1e6077e79e1,2026-09-22T12:50:46.322112+00:00
2024-02-27,https://web.archive.org/web/20250528163600id_/http://old.dghs.gov.bd/images/docs/vpr/20240227_dengue_all.pdf,wayback,200,775303,da9ee27c88046df33e0bae13acecef4a373e569bf10792bdcc839cb7e3659f7b,2026-09-22T12:50:48.168243+00:00
2024-02-28,https://web.archive.org/web/20250528163700id_/http://old.dghs.gov.bd/images/docs/vpr/20240228_dengue_all.pdf,wayback,200,776831,3e82897edd2c51d0807d37b0096cfc6b00cb7d5fedc7bc5d2105de7b77adc327,2026-09-22T12:50:50.286497+00:00
2024-02-29,https://web.archive.org/web/20250528163606id_/http://old.dghs.gov.bd/images/docs/vpr/20240229_dengue_all.pdf,wayback,200,773240,ce760da306ff8588da6540eb726e792184cbd132fa1081c22e79235439a37938,2026-09-22T12:50:52.711926+00:00
2024-03-01,https://web.archive.org/web/20250528163610id_/http://old.dghs.gov.bd/images/docs/vpr/20240301_dengue_all.pdf,wayback,200,734683,c74a01a346b512388a4b59e347ce1b2c5623e4049492cf3151b8ae5a2561247b,2026-09-22T12:50:55.509928+00:00
2024-03-02,https://web.archive.org/web/20250528163853id_/http://old.dghs.gov.bd/images/docs/vpr/20240302_dengue_all.pdf,wayback,200,919461,9b3a60ddbc671cd2bd0a4c3e66b2b50f60754984f4304a9584d67fdd0a055e99,2026-09-22T12:50:58.235186+00:00
2024-03-03,https://web.archive.org/web/20240306110353id_/https://old.dghs.gov.bd/images/docs/vpr/20240303_dengue_all.pdf,wayback,200,737492,4f416d01d1704a68c8c334a993487671270b8f84767388ce40a0bd8b1bf90a8a,2026-09-22T12:51:00.898966+00:00
2024-03-04,https://web.archive.org/web/20250528163440id_/http://old.dghs.gov.bd/images/docs/vpr/20240304_dengue_all.pdf,wayback,200,736087,db50dc0463a4a1e60a596bcf1d30edc883c0d1c9cfa22eb7414640b457388a56,2026-09-22T12:51:04.502145+00:00
2024-03-05,https://web.archive.org/web/20250528163616id_/http://old.dghs.gov.bd/images/docs/vpr/20240305_dengue_all.pdf,wayback,200,751076,bcd983655edd1a821a2782298bb235a4e967a58a4c14089edaedd37b42ee03d2,2026-09-22T12:51:07.091820+00:00
2024-03-06,https://web.archive.org/web/20250528163608id_/http://old.dghs.gov.bd/images/docs/vpr/20240306_dengue_all.pdf,wayback,200,1037828,44ad9139fb8561c4af06d6da7fa3ae9fccd2fc4b126f25bce6e3f23cf177ef93,2026-09-22T12:51:09.352917+00:00
2024-03-07,https://web.archive.org/web/20250528163413id_/http://old.dghs.gov.bd/images/docs/vpr/20240307_dengue_all.pdf,wayback,200,803379,9091d9094fe0c7b38bac258f0db9e172715dcf7300f9274fba5ab652d8d63a3d,2026-09-22T12:51:11.542657+00:00
2024-03-08,https://web.archive.org/web/20250528164201id_/http://old.dghs.gov.bd/images/docs/vpr/20240308_dengue_all.pdf,wayback,200,870356,1eaeb5b4326f41fd657b06c1d72e3194cf26f5e432f5c06b65446ddc50b0128b,2026-09-22T12:51:14.248199+00:00
2024-03-09,https://web.archive.org/web/20250528163608id_/http://old.dghs.gov.bd/images/docs/vpr/20240309_dengue_all.pdf,wayback,200,741806,79b45ac53cf098bd557241a32778fea53b100457760b411accefcc2ead2523fe,2026-09-22T12:51:16.412769+00:00
2024-03-10,https://web.archive.org/web/20250528163812id_/http://old.dghs.gov.bd/images/docs/vpr/20240310_dengue_all.pdf,wayback,200,770069,0f9bce7818d3c97ad76ebbbbfaaf40c5320d1319d0c6169fb379c555b4e0b1f0,2026-09-22T12:51:18.562569+00:00
2024-03-11,https://web.archive.org/web/20250528163508id_/http://old.dghs.gov.bd/images/docs/vpr/20240311_dengue_all.pdf,wayback,200,867643,fe6b6f4312a87e8c357c50f5202ad3d3abce67f94ba5e19562a3ab92c4177235,2026-09-22T12:51:21.358770+00:00
2024-03-12,https://web.archive.org/web/20250528163805id_/http://old.dghs.gov.bd/images/docs/vpr/20240312_dengue_all.pdf,wayback,200,741059,2a1f0cf3c6a742609a4aac045e96c52596686b66acc2cedaf9bf6c62dcbd6271,2026-09-22T12:51:23.661862+00:00
2024-03-13,https://web.archive.org/web/20250528163542id_/http://old.dghs.gov.bd/images/docs/vpr/20240313_dengue_all.pdf,wayback,200,766259,1c52a5f42a96b3cce7b13a0320955db9e65ca0995a9e0cf8bc4b12aa802ebcfb,2026-09-22T12:51:26.438488+00:00
2024-03-14,https://web.archive.org/web/20250528163604id_/http://old.dghs.gov.bd/images/docs/vpr/20240314_dengue_all.pdf,wayback,200,1039081,35a41bfbf6ecd06f949aff4f4f8da3dee7e5bab3783d744d6161c4bbd74d2e32,2026-09-22T12:51:29.845557+00:00
2024-03-15,https://web.archive.org/web/20250528163539id_/http://old.dghs.gov.bd/images/docs/vpr/20240315_dengue_all.pdf,wayback,200,737861,ed95e46ec64cf4776dafdb08ce6dcc44430a4e85cf43e5bb5d7e94d77df14875,2026-09-22T12:51:32.631041+00:00
2024-03-16,https://web.archive.org/web/20250528163459id_/http://old.dghs.gov.bd/images/docs/vpr/20240316_dengue_all.pdf,wayback,200,742625,7a3bd4360d3da3daf134aa9ad736299dbb11c877e4b3c71c5989a1a8533bdb1c,2026-09-22T12:51:37.233902+00:00
2024-03-17,https://web.archive.org/web/20240407151157id_/https://old.dghs.gov.bd/images/docs/vpr/20240317_dengue_all.pdf,wayback,200,741837,d8ea8f9af10ee513a1b1ec53dba1ea12a76ed83bcce4cb3cd552d6f2de8e6e4e,2026-09-22T12:51:40.269320+00:00
2024-03-18,https://web.archive.org/web/20250528163451id_/http://old.dghs.gov.bd/images/docs/vpr/20240318_dengue_all.pdf,wayback,200,745394,0b90c0c59e5514ba4fd8419dadafb2c5708e9fffde2a623f386b01d0b7101e0c,2026-09-22T12:51:42.804065+00:00
2024-03-19,https://web.archive.org/web/20250528163532id_/http://old.dghs.gov.bd/images/docs/vpr/20240319_dengue_all.pdf,wayback,200,1042592,140e1607adfed3bbdd4fb363f4f8492c06a5cdb471f222c63ba14ad7e62f961f,2026-09-22T12:51:45.637905+00:00
2024-03-20,https://web.archive.org/web/20250528163457id_/http://old.dghs.gov.bd/images/docs/vpr/20240320_dengue_all.pdf,wayback,200,738531,70230b0e107c15695203c66d702c7c7e62320f94d453d55e4fefa5b7355c4bff,2026-09-22T12:51:48.981394+00:00
2024-03-21,https://web.archive.org/web/20250528163426id_/http://old.dghs.gov.bd/images/docs/vpr/20240321_dengue_all.pdf,wayback,200,741148,90d9d550e946c9346664fddc64032fbcfa4d852903b75ad748b52f3427fa9eb2,2026-09-22T12:51:51.718422+00:00
2024-03-22,https://web.archive.org/web/20250528163454id_/http://old.dghs.gov.bd/images/docs/vpr/20240322_dengue_all.pdf,wayback,200,738326,1d0d4df15a31c186e4357946446231ae042f49e5161bc25c67d7c46f83462f13,2026-09-22T12:51:54.291278+00:00
2024-03-23,https://web.archive.org/web/20250528163807id_/http://old.dghs.gov.bd/images/docs/vpr/20240323_dengue_all.pdf,wayback,200,750835,34ba7d5e1ae97e22880583baad40fd7dfa215591d61d12917b37a8b2383bfd91,2026-09-22T12:51:57.137864+00:00
2024-03-24,https://web.archive.org/web/20250528163642id_/http://old.dghs.gov.bd/images/docs/vpr/20240324_dengue_all.pdf,wayback,200,743460,877b5ae2090383ea09b59750b199dc55805c6d85a89ab26f3c7aeb7a56329c61,2026-09-22T12:51:59.707243+00:00
2024-03-25,https://web.archive.org/web/20250528163532id_/http://old.dghs.gov.bd/images/docs/vpr/20240325_dengue_all.pdf,wayback,200,742222,cd400ee0d929acd6e17657f053b1f79400a2af360998a6061f43610c032c2494,2026-09-22T12:52:02.659622+00:00
2024-03-26,https://web.archive.org/web/20250528163429id_/http://old.dghs.gov.bd/images/docs/vpr/20240326_dengue_all.pdf,wayback,200,753138,e9a263f86d92d8f81e65e8ade0ac60582079d82fb2fb08cacc0e4c9977e3f97d,2026-09-22T12:52:05.233635+00:00
2024-03-27,https://web.archive.org/web/20250528163637id_/http://old.dghs.gov.bd/images/docs/vpr/20240327_dengue_all.pdf,wayback,200,1043993,d9e9716df7faed8dc4e7eb6c69e161c08989706092addfe52b330e7167907ab8,2026-09-22T12:52:07.452989+00:00
2024-03-28,https://web.archive.org/web/20250528163622id_/http://old.dghs.gov.bd/images/docs/vpr/20240328_dengue_all.pdf,wayback,200,1044634,7ce92d97b1d5a32a868a164000cc91a0781656d7bf3562fbe6a66ac1b80629fe,2026-09-22T12:52:10.394080+00:00
2024-03-29,https://web.archive.org/web/20250528163417id_/http://old.dghs.gov.bd/images/docs/vpr/20240329_dengue_all.pdf,wayback,200,755220,3f73da7d806776822f05babbef627ddfb73354f5d4fef1a6331f2a8b1b14c0a9,2026-09-22T12:52:12.727445+00:00
2024-03-30,https://web.archive.org/web/20250528163517id_/http://old.dghs.gov.bd/images/docs/vpr/20240330_dengue_all.pdf,wayback,200,1269597,b70b9c178d21015ac5e5cf8384576b9b5c1a4af3fd9de05721a780a4c0fa1663,2026-09-22T12:52:14.886136+00:00
2024-03-31,https://web.archive.org/web/20240407151143id_/https://old.dghs.gov.bd/images/docs/vpr/20240331_dengue_all.pdf,wayback,200,771346,b158cb1971946e2a596a8f34905c7006d675bc82dfdd367298a8855b2a675f57,2026-09-22T12:52:16.895488+00:00
2024-04-01,https://web.archive.org/web/20250528163523id_/http://old.dghs.gov.bd/images/docs/vpr/20240401_dengue_all.pdf,wayback,200,869174,5a033bf1950653c0171d007b356ea29613911b23a428a5f9e70c88f4802f2cae,2026-09-22T12:52:24.552636+00:00
2024-04-02,https://web.archive.org/web/20250528163520id_/http://old.dghs.gov.bd/images/docs/vpr/20240402_dengue_all.pdf,wayback,200,755385,1de73918bfa84fb44d87fb3c7cdb1fd9bfb26fb190c95221ee7622fbb0efafe1,2026-09-22T12:52:26.716063+00:00
2024-04-03,https://web.archive.org/web/20250528163453id_/http://old.dghs.gov.bd/images/docs/vpr/20240403_dengue_all.pdf,wayback,200,1041206,7f4875e25c7c9bddfdac157a46544d237eaf38812fcefc9b5dbde5e147e187eb,2026-09-22T12:52:28.826857+00:00
2024-04-04,https://web.archive.org/web/20250528163551id_/http://old.dghs.gov.bd/images/docs/vpr/20240404_dengue_all.pdf,wayback,200,740099,2c0bc86b921df68bceea623119d3cb64c1313ea1139dce0c478df97522835330,2026-09-22T12:52:30.810687+00:00
2024-04-05,https://web.archive.org/web/20250528163611id_/http://old.dghs.gov.bd/images/docs/vpr/20240405_dengue_all.pdf,wayback,200,739194,bd465e5892e7f4642755e64591928fd275ada5c75b96d40d1782fd0dde9619ff,2026-09-22T12:52:35.104046+00:00
2024-04-06,https://web.archive.org/web/20250528163503id_/http://old.dghs.gov.bd/images/docs/vpr/20240406_dengue_all.pdf,wayback,200,926607,e33b6aa9c88e0a4c095dd439c78387db720566ecdf7ed705c5273e547eb71ab9,2026-09-22T12:52:37.713098+00:00
2024-04-07,https://web.archive.org/web/20250528163600id_/http://old.dghs.gov.bd/images/docs/vpr/20240407_dengue_all.pdf,wayback,200,756682,5d9836e42cc300830a8889045aa577b46be1b76cf84a7c437c625224a149c2d8,2026-09-22T12:52:40.370646+00:00
2024-04-08,https://web.archive.org/web/20250528163546id_/http://old.dghs.gov.bd/images/docs/vpr/20240408_dengue_all.pdf,wayback,200,755448,9f240404dc9505119850c69bfe171027b36ac046261a86f5cbfc95826df3c443,2026-09-22T12:52:42.875852+00:00
2024-04-09,https://web.archive.org/web/20250528164246id_/http://old.dghs.gov.bd/images/docs/vpr/20240409_dengue_all.pdf,wayback,200,757091,4680145236f100068bd40088ba69c363c40eba4823c51da15081a34bf4beafe5,2026-09-22T12:52:50.478466+00:00
2024-04-10,https://web.archive.org/web/20250528163450id_/http://old.dghs.gov.bd/images/docs/vpr/20240410_dengue_all.pdf,wayback,200,742410,ef3cf7d420e867aa957c21ab6d68732cd4fefd5825d149aef8b2acef7fc7e070,2026-09-22T12:52:52.602222+00:00
2024-04-11,https://web.archive.org/web/20250528163607id_/http://old.dghs.gov.bd/images/docs/vpr/20240411_dengue_all.pdf,wayback,200,749387,9276fd10e9ac5a5ca24f21d9c00996df7a1ecc71e6b6a4f5c556f62ea4e3f7fc,2026-09-22T12:52:55.100330+00:00
2024-04-12,https://web.archive.org/web/20250528163559id_/http://old.dghs.gov.bd/images/docs/vpr/20240412_dengue_all.pdf,wayback,200,746927,fce60c419ab35ce6ba58a6d59708240b6edfd3dd5991f3b68edea34b8b496148,2026-09-22T12:52:57.260542+00:00
2024-04-13,https://web.archive.org/web/20250528163418id_/http://old.dghs.gov.bd/images/docs/vpr/20240413_dengue_all.pdf,wayback,200,746028,aff6347478bbf62b59f1c7723070fcc6df6d835ded33c7d93f0162d6680f9619,2026-09-22T12:52:59.342537+00:00
2024-04-14,https://web.archive.org/web/20240420172342id_/https://old.dghs.gov.bd/images/docs/vpr/20240414_dengue_all.pdf,wayback,200,760816,a36893ce752d9c131c3cd9f3bd7e34fcfe65dafbe7cfe1b7d58402a4454c6586,2026-09-22T12:53:04.892350+00:00
2024-04-15,https://web.archive.org/web/20250528163412id_/http://old.dghs.gov.bd/images/docs/vpr/20240415_dengue_all.pdf,wayback,200,750993,f75125eafb8a4136543ffc7e791e4750560c7db7655fc8663839aa07daaa0804,2026-09-22T12:53:07.429230+00:00
2024-04-16,https://web.archive.org/web/20250528163502id_/http://old.dghs.gov.bd/images/docs/vpr/20240416_dengue_all.pdf,wayback,200,762496,d52a1944151d9cb1497c6cf556193973ac0e526e7dcce55cada0d93365094bbd,2026-09-22T12:53:09.913302+00:00
2024-04-17,https://web.archive.org/web/20260608104606id_/https://old.dghs.gov.bd/images/docs/vpr/20240417_dengue_all.pdf,wayback,200,748341,f348ca1a7df2d93a4532ce959a920c655e9bc6ace0006efd32d4631a929004ef,2026-09-22T12:53:12.134542+00:00
2024-04-18,https://web.archive.org/web/20250528163428id_/http://old.dghs.gov.bd/images/docs/vpr/20240418_dengue_all.pdf,wayback,200,748759,5c284aadc719252c408a8f1eb1a34f484fd3d888bad9d90162c1c6ee6d991b4c,2026-09-22T12:53:14.235282+00:00
2024-04-19,https://web.archive.org/web/20250528163913id_/http://old.dghs.gov.bd/images/docs/vpr/20240419_dengue_all.pdf,wayback,200,748121,bb5755f050901cf91c90d3ad4fda9444097da1817931b89db2ec5248234665ba,2026-09-22T12:53:16.857977+00:00
2024-04-20,https://web.archive.org/web/20250528163658id_/http://old.dghs.gov.bd/images/docs/vpr/20240420_dengue_all.pdf,wayback,200,746409,770c7b13ed3a9062424567e1bedb34af6f8ab7f2cc11956afa707b2ef4ad0253,2026-09-22T12:53:20.213376+00:00
2024-04-21,https://web.archive.org/web/20250528163424id_/http://old.dghs.gov.bd/images/docs/vpr/20240421_dengue_all.pdf,wayback,200,750040,904278b5b0ea398d8089e13547bb445ebc859821427d2c3638570140b40a352a,2026-09-22T12:53:22.738886+00:00
2024-04-22,https://web.archive.org/web/20250528163427id_/http://old.dghs.gov.bd/images/docs/vpr/20240422_dengue_all.pdf,wayback,200,1048819,f8409b15c0397152003711910786c19130f4a0bab155125bda83378b194db6bb,2026-09-22T12:53:25.455091+00:00
2024-04-23,https://web.archive.org/web/20250528164153id_/http://old.dghs.gov.bd/images/docs/vpr/20240423_dengue_all.pdf,wayback,200,759985,d94616342ce73489183d46ed21d5ee780210e33891471aa0bf3513605472e95c,2026-09-22T12:53:27.785352+00:00
2024-04-24,https://web.archive.org/web/20250528163728id_/http://old.dghs.gov.bd/images/docs/vpr/20240424_dengue_all.pdf,wayback,200,761358,b78e5b70bbfe87e5466c642d768acef7003349ffa451a6418b83442c02f30ab0,2026-09-22T12:53:30.346005+00:00
2024-04-25,https://web.archive.org/web/20250528163504id_/http://old.dghs.gov.bd/images/docs/vpr/20240425_dengue_all.pdf,wayback,200,904917,26b10691a268a540eea4169e817d30b9a3c366109e3733d543fa4cd6f5ac89ca,2026-09-22T12:53:32.522480+00:00
2024-04-26,https://web.archive.org/web/20250528163557id_/http://old.dghs.gov.bd/images/docs/vpr/20240426_dengue_all.pdf,wayback,200,746414,1bdbacf77041a27a6fc54ff91d024def344ae95827a2ff1ce5b1fa8159213a1f,2026-09-22T12:53:35.848253+00:00
2024-04-27,https://web.archive.org/web/20250528163550id_/http://old.dghs.gov.bd/images/docs/vpr/20240427_dengue_all.pdf,wayback,200,747200,547d935ebcbfdd319a512794317b90aa06277e89129e8b6af9840d03f5844a49,2026-09-22T12:53:38.386843+00:00
2024-04-28,https://web.archive.org/web/20240517094141id_/https://old.dghs.gov.bd/images/docs/vpr/20240428_dengue_all.pdf,wayback,200,747545,5aa02cab07a393e8dd35ba655ebe8f0a469911a13f15e85cd5ac4ac14cf1e788,2026-09-22T12:53:41.546463+00:00
2024-04-29,https://web.archive.org/web/20250528163915id_/http://old.dghs.gov.bd/images/docs/vpr/20240429_dengue_all.pdf,wayback,200,936232,b32c1119630cc2806f49471fb2180158997d4608360c96214bd07a899f0ca585,2026-09-22T12:53:43.790549+00:00
2024-04-30,https://web.archive.org/web/20250528163541id_/http://old.dghs.gov.bd/images/docs/vpr/20240430_dengue_all.pdf,wayback,200,762539,6dacff8b20200d99e0a41eea0058c6f7cd9d9724d77dd0f54b4fcd5f7bdbeff3,2026-09-22T12:53:45.927358+00:00
2024-05-01,https://web.archive.org/web/20250528163544id_/http://old.dghs.gov.bd/images/docs/vpr/20240501_dengue_all.pdf,wayback,200,1047796,71b1e2f2bb77e1919abe4e9055ced36c9a7da1a015682a9b19ea817af8ed15cc,2026-09-22T12:53:48.693982+00:00
2024-05-02,https://web.archive.org/web/20250528163410id_/http://old.dghs.gov.bd/images/docs/vpr/20240502_dengue_all.pdf,wayback,200,752440,d7f3ef7bb78b1ae768d7dc488387fe904938b0d918dd33a8a02a81d6ed68b750,2026-09-22T12:53:51.035938+00:00
2024-05-03,https://web.archive.org/web/20250528163436id_/http://old.dghs.gov.bd/images/docs/vpr/20240503_dengue_all.pdf,wayback,200,749026,a1382932a362af36661555253df143f2b0467faf2a1716b1358715b0f6f5aa3c,2026-09-22T12:53:53.354089+00:00
2024-05-04,https://web.archive.org/web/20250528163418id_/http://old.dghs.gov.bd/images/docs/vpr/20240504_dengue_all.pdf,wayback,200,749546,f9f3c0e4e91a17cef302429ada59b48a41e4a3e45643994d99917cd9336ff99f,2026-09-22T12:53:56.039983+00:00
2024-05-05,https://web.archive.org/web/20250528163714id_/http://old.dghs.gov.bd/images/docs/vpr/20240505_dengue_all.pdf,wayback,200,783909,2c0fdc3e44a040e28d55d5bee7a104df44e5ceae64d13e7b09ba517b903b80cf,2026-09-22T12:53:58.885090+00:00
2024-05-06,https://web.archive.org/web/20250528163507id_/http://old.dghs.gov.bd/images/docs/vpr/20240506_dengue_all.pdf,wayback,200,938174,fabaaa59dcefedc7c93ed4ac4f77f867cf934bcabf01694fd0b0f22a6c821529,2026-09-22T12:54:01.736638+00:00
2024-05-07,https://web.archive.org/web/20250528163532id_/http://old.dghs.gov.bd/images/docs/vpr/20240507_dengue_all.pdf,wayback,200,765425,db8eb967d706fc5dad20fc7a14b8140c093f7397319e62feb2ef0f7717bc6ea2,2026-09-22T12:54:05.241223+00:00
2024-05-08,https://web.archive.org/web/20250528163511id_/http://old.dghs.gov.bd/images/docs/vpr/20240508_dengue_all.pdf,wayback,200,766788,f8f85840f42162e8a24230acfd0b9d5290cfde70de10ca0604ca51b25ec86c86,2026-09-22T12:54:08.183516+00:00
2024-05-09,https://web.archive.org/web/20250528163607id_/http://old.dghs.gov.bd/images/docs/vpr/20240509_dengue_all.pdf,wayback,200,1056919,99fec6e45f0b9f384bc69903a8d5699d4e21b3dab1d92292920ef4f0a54034f4,2026-09-22T12:54:10.710601+00:00
2024-05-10,https://web.archive.org/web/20250531002325id_/http://old.dghs.gov.bd/images/docs/vpr/20240510_dengue_all.pdf,wayback,200,754149,c0f2d3a8a54f288c71caf4b30a405cded7a279b2249287fda984a96bb4b617a1,2026-09-22T12:54:13.238559+00:00
2024-05-11,https://web.archive.org/web/20250528163935id_/http://old.dghs.gov.bd/images/docs/vpr/20240511_dengue_all.pdf,wayback,200,937777,c91edc2d02ba6d3e1bd8ffca61aa9718aa004b5f34043a7312e88946b51ed28a,2026-09-22T12:54:15.819990+00:00
2024-05-12,https://web.archive.org/web/20240517094130id_/https://old.dghs.gov.bd/images/docs/vpr/20240512_dengue_all.pdf,wayback,200,823176,6f2537211236ed6d1639c1ec22c30039aa47b9c2452ebbb098fcf46ffe0cbe71,2026-09-22T12:54:18.009194+00:00
2024-05-13,https://web.archive.org/web/20250528163744id_/http://old.dghs.gov.bd/images/docs/vpr/20240513_dengue_all.pdf,wayback,200,1060341,c92282d86ff79980bba3790c777402d3d9c747c442cc7e53a2493193c8982c3a,2026-09-22T12:54:20.144599+00:00
2024-05-14,https://web.archive.org/web/20250528163540id_/http://old.dghs.gov.bd/images/docs/vpr/20240514_dengue_all.pdf,wayback,200,766997,0e6fe0016a34becfb0a4ec45bf153e9a798634a3c23150d06399d3564282c053,2026-09-22T12:54:22.370669+00:00
2024-05-15,https://web.archive.org/web/20250528163548id_/http://old.dghs.gov.bd/images/docs/vpr/20240515_dengue_all.pdf,wayback,200,1057335,7a825fb76e2fb640a690dbc5e2b21daa5c3fcf41ac773cc90f4a8cd89ccef680,2026-09-22T12:54:25.062600+00:00
2024-05-16,https://web.archive.org/web/20250528163526id_/http://old.dghs.gov.bd/images/docs/vpr/20240516_dengue_all.pdf,wayback,200,1059989,dd1c2b28356ba2b3d66e9d71b685bb2e91689accf5de23b99cc3ee2a4eac1ee6,2026-09-22T12:54:27.926149+00:00
2024-05-17,https://web.archive.org/web/20250528163437id_/http://old.dghs.gov.bd/images/docs/vpr/20240517_dengue_all.pdf,wayback,200,753638,01d2e9c127f7ba798896b55337ec4c656be97f3c66312c14b5e2dc8c5c3d47fa,2026-09-22T12:54:30.637291+00:00
2024-05-18,https://web.archive.org/web/20250528163523id_/http://old.dghs.gov.bd/images/docs/vpr/20240518_dengue_all.pdf,wayback,200,757191,70445006cb453e850d74b02364b3f0a677022a2e855ae260797eba0f43aa1d09,2026-09-22T12:54:33.308055+00:00
2024-05-19,https://web.archive.org/web/20250528164507id_/http://old.dghs.gov.bd/images/docs/vpr/20240519_dengue_all.pdf,wayback,200,758906,a748a798c18bb6f8141ce1e64b1447da2daa34a3d3a6e529bd74c410bcb6fde3,2026-09-22T12:54:35.977224+00:00
2024-05-20,https://web.archive.org/web/20250528163957id_/http://old.dghs.gov.bd/images/docs/vpr/20240520_dengue_all.pdf,wayback,200,1055949,bbe310c1955de1eb6c2e77604dd9e3415cf8fe8373863100f31ed179b63629e9,2026-09-22T12:54:43.245262+00:00
2024-05-21,https://web.archive.org/web/20250528163836id_/http://old.dghs.gov.bd/images/docs/vpr/20240521_dengue_all.pdf,wayback,200,1058725,6e62e4e1d8abff97906808d24f4b56687b1e196df7d28c43c1ffe736cf080c5c,2026-09-22T12:54:45.913891+00:00
2024-05-22,https://web.archive.org/web/20250528163521id_/http://old.dghs.gov.bd/images/docs/vpr/20240522_dengue_all.pdf,wayback,200,767470,edd87724cd25d66999fee70e8a329bd8ef6798527c20bb6e6aa41f99174fd36e,2026-09-22T12:54:48.239758+00:00
2024-05-23,https://web.archive.org/web/20250528163655id_/http://old.dghs.gov.bd/images/docs/vpr/20240523_dengue_all.pdf,wayback,200,765829,d784c904b99d41dd76c6002ceb0bfd7818de25f9acf41527c0c21dc01e83186c,2026-09-22T12:54:50.376909+00:00
2024-05-24,https://web.archive.org/web/20250528163739id_/http://old.dghs.gov.bd/images/docs/vpr/20240524_dengue_all.pdf,wayback,200,879413,deaac4156f54a0fa33fd6ec8f2abc3098453cef9841fc0c0f061e77b4c4aede4,2026-09-22T12:54:52.985215+00:00
2024-05-25,https://web.archive.org/web/20250528163738id_/http://old.dghs.gov.bd/images/docs/vpr/20240525_dengue_all.pdf,wayback,200,756760,c6e552d8a15d9d9a440e46cc2d68717df966bfbc3edcb0ad6b32af1ac2c179ae,2026-09-22T12:54:55.369789+00:00
2024-05-26,https://web.archive.org/web/20250528163725id_/http://old.dghs.gov.bd/images/docs/vpr/20240526_dengue_all.pdf,wayback,200,1056616,64fae050ce3142afef67c4a58707cfe68625a766132971c4637f2eb4caac774f,2026-09-22T12:54:58.487274+00:00
2024-05-27,https://web.archive.org/web/20250528163414id_/http://old.dghs.gov.bd/images/docs/vpr/20240527_dengue_all.pdf,wayback,200,1055211,d5645c39e3871803cbfe1d89bf95f3406ce3a9ac795ea7f8d2c04f726ba1a5cf,2026-09-22T12:55:00.742458+00:00
2024-05-28,https://web.archive.org/web/20250528163527id_/http://old.dghs.gov.bd/images/docs/vpr/20240528_dengue_all.pdf,wayback,200,819054,0869623c302feb0813b0875f0f026d274c6f1168187c949434916fb0b01fab6a,2026-09-22T12:55:04.728486+00:00
2024-05-29,https://web.archive.org/web/20250528163433id_/http://old.dghs.gov.bd/images/docs/vpr/20240529_dengue_all.pdf,wayback,200,819243,01ff0b6b630052579a1afed8963ed2eec75d485deda4870e5db28654eb7fc115,2026-09-22T12:55:07.439226+00:00
2024-05-30,https://web.archive.org/web/20240705161144id_/https://old.dghs.gov.bd/images/docs/vpr/20240530_dengue_all.pdf,wayback,200,822644,0861a466f6a394f4a0fadac1504585dc30f5c65d2be5cad841aa1ab0230add2e,2026-09-22T12:55:09.673735+00:00
2024-05-31,https://web.archive.org/web/20250528164046id_/http://old.dghs.gov.bd/images/docs/vpr/20240531_dengue_all.pdf,wayback,200,820495,22c07f200583595f492446ba3f5c5540f650428182317bbcdf42b7c996ab45b9,2026-09-22T12:55:11.841901+00:00
2024-06-01,https://web.archive.org/web/20250528163606id_/http://old.dghs.gov.bd/images/docs/vpr/20240601_dengue_all.pdf,wayback,200,761956,36136fcb088ac4cb233cacf0d5c09bdb6d658a489e01520b3398bd5371fcab37,2026-09-22T12:55:14.957324+00:00
2024-06-02,https://web.archive.org/web/20250528163815id_/http://old.dghs.gov.bd/images/docs/vpr/20240602_dengue_all.pdf,wayback,200,796056,839cd8100deda11d5d68b312df05882d54f28efe641e1af966482099d80e18a9,2026-09-22T12:55:17.847197+00:00
2024-06-03,https://web.archive.org/web/20250528163625id_/http://old.dghs.gov.bd/images/docs/vpr/20240603_dengue_all.pdf,wayback,200,761649,b00d6f46e7cd1e2903cfa7a7c149f0f3f53e4b9b58bb1c39354f189f139ebeaf,2026-09-22T12:55:20.449421+00:00
2024-06-04,https://web.archive.org/web/20250528163446id_/http://old.dghs.gov.bd/images/docs/vpr/20240604_dengue_all.pdf,wayback,200,1064427,ee1aec0587925c1c81c023dee260cb0f98e18146642ecbfc8dafe52b1df30675,2026-09-22T12:55:23.138104+00:00
2024-06-05,https://web.archive.org/web/20250528163539id_/http://old.dghs.gov.bd/images/docs/vpr/20240605_dengue_all.pdf,wayback,200,773483,b6a66f0ee534c7a9cb166681da184891fcf0f086f9f71d1e3b23538d1dd6d01b,2026-09-22T12:55:25.334643+00:00
2024-06-06,https://web.archive.org/web/20250528163939id_/http://old.dghs.gov.bd/images/docs/vpr/20240606_dengue_all.pdf,wayback,200,945355,1fa39d8ffb18b0aac0f1873d04a7cf691f80b075c24d0d15fba00b71094c998a,2026-09-22T12:55:27.894470+00:00
2024-06-07,https://web.archive.org/web/20250528163511id_/http://old.dghs.gov.bd/images/docs/vpr/20240607_dengue_all.pdf,wayback,200,1059758,8eea34414c3e71802c057465843deff1eef829fcb8dda0331ffa4eb5d4c46f96,2026-09-22T12:55:33.945393+00:00
2024-06-08,https://web.archive.org/web/20260608104537id_/https://old.dghs.gov.bd/images/docs/vpr/20240608_dengue_all.pdf,wayback,200,1063467,8643e75703706297e9413bf976872075671c9f92c3069dee6dff994c4a25e434,2026-09-22T12:55:36.101036+00:00
2024-06-09,https://web.archive.org/web/20240616195828id_/https://old.dghs.gov.bd/images/docs/vpr/20240609_dengue_all.pdf,wayback,200,759606,36e13d5f9003bd04dabbe803caaee6cb9433ac3916d9c08ce8548d3587608c82,2026-09-22T12:55:39.795467+00:00
2024-06-10,https://web.archive.org/web/20250528164429id_/http://old.dghs.gov.bd/images/docs/vpr/20240610_dengue_all.pdf,wayback,200,758902,3d453d79c96db8380bd79e0419f21a5bb18cbb473e2e83929e14d5bc2ed6a4ff,2026-09-22T12:55:42.470574+00:00
2024-06-11,https://web.archive.org/web/20250528163411id_/http://old.dghs.gov.bd/images/docs/vpr/20240611_dengue_all.pdf,wayback,200,945008,36cb5683b075fd549d8097ca982aa7bf3ffbc3495eeb1c37255a8f5aed5cd122,2026-09-22T12:55:44.616724+00:00
2024-06-12,https://web.archive.org/web/20250528163549id_/http://old.dghs.gov.bd/images/docs/vpr/20240612_dengue_all.pdf,wayback,200,1062519,cfa33a78ebb60a70485da73bcbcdff2ddb7162e59a539776f50090afe08ba2b9,2026-09-22T12:55:46.992452+00:00
2024-06-13,https://web.archive.org/web/20250528163422id_/http://old.dghs.gov.bd/images/docs/vpr/20240613_dengue_all.pdf,wayback,200,776422,f50317f03dbe9fbff7a44ca9045636e1c9bb76c4405f0ac39ae83a78f5ebc800,2026-09-22T12:55:49.189246+00:00
2024-06-14,https://web.archive.org/web/20250528163526id_/http://old.dghs.gov.bd/images/docs/vpr/20240614_dengue_all.pdf,wayback,200,761056,e6f74cec7d603edcd6034d2fa257042da4895d7c2f638441d09cae548245fa28,2026-09-22T12:55:51.803376+00:00
2024-06-15,https://web.archive.org/web/20250528163735id_/http://old.dghs.gov.bd/images/docs/vpr/20240615_dengue_all.pdf,wayback,200,757641,100e02e39f676dbe9a328a335a4bd374689454ad34c6c629980b4262a9d33e1a,2026-09-22T12:55:53.960373+00:00
2024-06-16,https://web.archive.org/web/20250528163954id_/http://old.dghs.gov.bd/images/docs/vpr/20240616_dengue_all.pdf,wayback,200,900361,d44cf7ae908b718fc3c8ef9b39af4fcbf42a3c409d21ba7a04f52ed9f4266c7b,2026-09-22T12:55:56.525289+00:00
2024-06-17,https://web.archive.org/web/20250528163415id_/http://old.dghs.gov.bd/images/docs/vpr/20240617_dengue_all.pdf,wayback,200,762852,a220b8e53fbe0cbd4d664775edeb4be39a0bda6669ebae4d1ab0e6f9918f607c,2026-09-22T12:55:58.638861+00:00
2024-06-18,https://web.archive.org/web/20250528163446id_/http://old.dghs.gov.bd/images/docs/vpr/20240618_dengue_all.pdf,wayback,200,766107,da39358cc67f24d575df1efc8ae8a8858e8e3119cefd478b30aa2a5f3a6c5f37,2026-09-22T12:56:01.184848+00:00
2024-06-19,https://web.archive.org/web/20250528163420id_/http://old.dghs.gov.bd/images/docs/vpr/20240619_dengue_all.pdf,wayback,200,1061384,ed592b48536e69a3abf536b533ee133ea0f74e94666c969b5550d338293b51e0,2026-09-22T12:56:03.879719+00:00
2024-06-20,https://web.archive.org/web/20250528163627id_/http://old.dghs.gov.bd/images/docs/vpr/20240620_dengue_all.pdf,wayback,200,1060496,4b379069d50ff99598ae3d9a926caae595c1ffc8bb2c3f8499b8d674a4af4924,2026-09-22T12:56:06.469289+00:00
2024-06-21,https://web.archive.org/web/20250528163504id_/http://old.dghs.gov.bd/images/docs/vpr/20240621_dengue_all.pdf,wayback,200,1059229,0032e095065969fff3c6fecefb7bfb525380b80073e2ae850f8b830c5880bdc0,2026-09-22T12:56:08.651578+00:00
2024-06-22,https://web.archive.org/web/20250528163550id_/http://old.dghs.gov.bd/images/docs/vpr/20240622_dengue_all.pdf,wayback,200,759650,cd16d363b9cae4bccd26aaf88c30698135b643a932c2d5b5206140bd887c0fa0,2026-09-22T12:56:10.997085+00:00
2024-06-23,https://web.archive.org/web/20250528163412id_/http://old.dghs.gov.bd/images/docs/vpr/20240623_dengue_all.pdf,wayback,200,762302,e35b3037100340f37f1dcf54d5358ab07b3b1e54bb66e6564ceda59f27c36441,2026-09-22T12:56:13.546848+00:00
2024-06-24,https://web.archive.org/web/20250528163513id_/http://old.dghs.gov.bd/images/docs/vpr/20240624_dengue_all.pdf,wayback,200,1058693,ca84e62d772945628fe7502551c5324c157c9f52ef8344602c164f371fe65578,2026-09-22T12:56:16.321653+00:00
2024-06-25,https://web.archive.org/web/20250528163827id_/http://old.dghs.gov.bd/images/docs/vpr/20240625_dengue_all.pdf,wayback,200,1060815,9ec367d6594f7ae21b4d7caee949219eb5cb991c5dfa24203436b3550bf212cf,2026-09-22T12:56:19.039977+00:00
2024-06-26,https://web.archive.org/web/20250528163430id_/http://old.dghs.gov.bd/images/docs/vpr/20240626_dengue_all.pdf,wayback,200,775269,cd0b41057278d05773c6210c989121ad15e4d8f76daf5908602052b433614041,2026-09-22T12:56:21.159053+00:00
2024-06-27,https://web.archive.org/web/20250528163738id_/http://old.dghs.gov.bd/images/docs/vpr/20240627_dengue_all.pdf,wayback,200,892829,71fe1625f1c350e258a07dcc3fa39bd52552ba03579d10b4b018d975f0b26a2c,2026-09-22T12:56:23.017861+00:00
2024-06-28,https://web.archive.org/web/20250528163605id_/http://old.dghs.gov.bd/images/docs/vpr/20240628_dengue_all.pdf,wayback,200,1059743,a2dda2c9037c93dbc312f352891f6516569c70815a4d957f84a25023d629f962,2026-09-22T12:56:25.589004+00:00
2024-06-29,https://web.archive.org/web/20260608104526id_/https://old.dghs.gov.bd/images/docs/vpr/20240629_dengue_all.pdf,wayback,200,763967,18760313a8fe64fcb1ba3c2ec1481c3700e5954d2b42f072a5c9de3a901c2a82,2026-09-22T12:56:28.316478+00:00
2024-06-30,https://web.archive.org/web/20240705151241id_/https://old.dghs.gov.bd/images/docs/vpr/20240630_dengue_all.pdf,wayback,200,1063636,01cbac14eb10772e2b7dd12143593e6e44e53b672175688d2e4a42e376777e34,2026-09-22T12:56:31.217292+00:00
2024-07-01,https://web.archive.org/web/20250528163557id_/http://old.dghs.gov.bd/images/docs/vpr/20240701_dengue_all.pdf,wayback,200,777849,760a7d8f3e02b3d430c9935bd2dd09673bb9216952a2d79b3da8438d85b91b05,2026-09-22T12:56:33.893271+00:00
2024-07-02,https://web.archive.org/web/20250528163424id_/http://old.dghs.gov.bd/images/docs/vpr/20240702_dengue_all.pdf,wayback,200,893412,4ab5c8086368ed49e44650c86fbd5fb918dcf0dc6741f772ef75d7da963afa0c,2026-09-22T12:56:36.440661+00:00
2024-07-03,https://web.archive.org/web/20250528163545id_/http://old.dghs.gov.bd/images/docs/vpr/20240703_dengue_all.pdf,wayback,200,786812,a42d7df6ad287f2080a95fdb8b18c07508225928ef5f1cbf3bdfa2a0549815a7,2026-09-22T12:56:43.228459+00:00
2024-07-04,https://web.archive.org/web/20250528163420id_/http://old.dghs.gov.bd/images/docs/vpr/20240704_dengue_all.pdf,wayback,200,950622,bf52b6c411d7b4704daf10c87e3c36af964fa76e3fc00b1f99cc4e26fb11ee7e,2026-09-22T12:56:45.358445+00:00
2024-07-05,https://web.archive.org/web/20250528163516id_/http://old.dghs.gov.bd/images/docs/vpr/20240705_dengue_all.pdf,wayback,200,896302,ffee46f3947c0042a3d2d8143a15cc4731ca7c97cdec3bb42282fde35ff0c8ac,2026-09-22T12:56:48.145042+00:00
2024-07-06,https://web.archive.org/web/20250528163450id_/http://old.dghs.gov.bd/images/docs/vpr/20240706_dengue_all.pdf,wayback,200,779910,abbb0093f2a325f8f921d0c58de5deded323bd7c07b3f7134b893ed4fe16fa3d,2026-09-22T12:56:50.810757+00:00
2024-07-07,https://web.archive.org/web/20240713231905id_/https://old.dghs.gov.bd/images/docs/vpr/20240707_dengue_all.pdf,wayback,200,771860,88c8ddf41a2175c62e8c1bfdbf47c241bdde85bd78c602ad4cea128ce1e9b0eb,2026-09-22T12:56:53.613556+00:00
2024-07-08,https://web.archive.org/web/20250528163857id_/http://old.dghs.gov.bd/images/docs/vpr/20240708_dengue_all.pdf,wayback,200,767784,ea5727f71b46e60e3faf49778014bb8fe3750f5cd4e9aac2f0ab60d5643b2a17,2026-09-22T12:56:57.242822+00:00
2024-07-09,https://web.archive.org/web/20250528163615id_/http://old.dghs.gov.bd/images/docs/vpr/20240709_dengue_all.pdf,wayback,200,1070155,8d6e4940df6a0e837bad0c465267f09c06f31109542fb4f9be4b91f53e87777b,2026-09-22T12:56:59.463862+00:00
2024-07-10,https://web.archive.org/web/20250528163715id_/http://old.dghs.gov.bd/images/docs/vpr/20240710_dengue_all.pdf,wayback,200,782692,f2086027003212c3174a5ce8b78d83e86d192e54ea45f5fdd5d466b1f9c09e88,2026-09-22T12:57:01.525557+00:00
2024-07-11,https://web.archive.org/web/20250528163808id_/http://old.dghs.gov.bd/images/docs/vpr/20240711_dengue_all.pdf,wayback,200,1068797,082ad680921efaf0a16ff65a8e55798dbd62577614ecfb98b62cc6d23f559d2f,2026-09-22T12:57:05.270625+00:00
2024-07-12,https://web.archive.org/web/20250528163755id_/http://old.dghs.gov.bd/images/docs/vpr/20240712_dengue_all.pdf,wayback,200,768069,0faf2421f68412fcb2882bdc21994e1e778c4ec95131ba10731eb9a15251cdb8,2026-09-22T12:57:07.405031+00:00
2024-07-13,https://web.archive.org/web/20250528163737id_/http://old.dghs.gov.bd/images/docs/vpr/20240713_dengue_all.pdf,wayback,200,819434,d2531058aa7517efad3fcb9dfc55404277c2e22c0d7ec7ed2db25aa14da6be0d,2026-09-22T12:57:09.984538+00:00
2024-07-14,https://web.archive.org/web/20240808224725id_/https://old.dghs.gov.bd/images/docs/vpr/20240714_dengue_all.pdf,wayback,200,1307723,097426573f2c62973eb4b3c1c6099cbbe75fa5f9de50fc9b02b229f593ff72b7,2026-09-22T12:57:12.690318+00:00
2024-07-15,https://web.archive.org/web/20250528163851id_/http://old.dghs.gov.bd/images/docs/vpr/20240715_dengue_all.pdf,wayback,200,815008,224bed5a21faa00f43e0088ecb77f9701ab322dc2893cdf3f3b170ced187a44d,2026-09-22T12:57:14.968878+00:00
2024-07-16,https://web.archive.org/web/20250528163510id_/http://old.dghs.gov.bd/images/docs/vpr/20240716_dengue_all.pdf,wayback,200,1304538,afa498bf2cd4d96ef3f6c5e67768e8bbf32cbd3d55aac4f435cc0ec63810e232,2026-09-22T12:57:17.600560+00:00
2024-07-17,https://web.archive.org/web/20250528163439id_/http://old.dghs.gov.bd/images/docs/vpr/20240717_dengue_all.pdf,wayback,200,1301370,537b3ad8d3aab5cb7a7680ee59b37ca611ed3efa1d63525129864c30adee548a,2026-09-22T12:57:20.175630+00:00
2024-07-24,https://web.archive.org/web/20250528163642id_/http://old.dghs.gov.bd/images/docs/vpr/20240724_dengue_all.pdf,wayback,200,1013142,32f9838e32dcc0cdc0f76b6d6c993993aa685d7886ae327f1c69a7f879c76f3d,2026-09-22T12:57:22.976567+00:00
2024-07-25,https://web.archive.org/web/20250528163543id_/http://old.dghs.gov.bd/images/docs/vpr/20240725_dengue_all.pdf,wayback,200,1022679,185a850e9a1ae080c073a5eef8fe2b918d07271a0441ecac0de5a9f0745ff2e4,2026-09-22T12:57:25.584557+00:00
2024-07-26,https://web.archive.org/web/20250528163432id_/http://old.dghs.gov.bd/images/docs/vpr/20240726_dengue_all.pdf,wayback,200,1305806,d1a26ba0dad80cdc3c60f47a6c3ec8adfbc44720c21a2a69e715eaad0bc42f9f,2026-09-22T12:57:28.142706+00:00
2024-07-27,https://web.archive.org/web/20250528163436id_/http://old.dghs.gov.bd/images/docs/vpr/20240727_dengue_all.pdf,wayback,200,1017485,238208d36d286d00ca90a867bd30e7f9599febda789eec430522ca597b2d9f2b,2026-09-22T12:57:30.731300+00:00
2024-07-28,https://web.archive.org/web/20250528163629id_/http://old.dghs.gov.bd/images/docs/vpr/20240728_dengue_all.pdf,wayback,200,1025180,0ea058ee1a799f58f0a30111a5b150f377bf2a3e68e520cc878b8167662e053c,2026-09-22T12:57:33.290577+00:00
2024-07-29,https://web.archive.org/web/20250528163611id_/http://old.dghs.gov.bd/images/docs/vpr/20240729_dengue_all.pdf,wayback,200,675777,7422901f742af26e0676fcc6e5dbae084a1f90b1886040e3300513612c37cc37,2026-09-22T12:57:35.191066+00:00
2024-07-30,https://web.archive.org/web/20250528163414id_/http://old.dghs.gov.bd/images/docs/vpr/20240730_dengue_all.pdf,wayback,200,678127,80624b5c5eb1c649004bdd9e7d17aa746878cff7ca713af6ce1b99d31025acce,2026-09-22T12:57:37.393421+00:00
2024-07-31,https://web.archive.org/web/20250528163448id_/http://old.dghs.gov.bd/images/docs/vpr/20240731_dengue_all.pdf,wayback,200,674995,3b2b0662e1d30e59a81b1d0d71985798944f6913f4d2ba6b2421570c0b11949f,2026-09-22T12:57:39.798110+00:00
2024-08-01,https://web.archive.org/web/20250528163534id_/http://old.dghs.gov.bd/images/docs/vpr/20240801_dengue_all.pdf,wayback,200,1348073,45817560df85f262a9c424e1d51f0e2f2688a8e3921b31dfdb572a877e99cbd0,2026-09-22T12:57:46.159445+00:00
2024-08-02,https://web.archive.org/web/20250528163548id_/http://old.dghs.gov.bd/images/docs/vpr/20240802_dengue_all.pdf,wayback,200,1279369,f8d2410be1cf85eaf10f1ac0fda8c4dec6fa788e8d4883bfbe03396f59fa909e,2026-09-22T12:57:48.762411+00:00
2024-08-03,https://web.archive.org/web/20250528163430id_/http://old.dghs.gov.bd/images/docs/vpr/20240803_dengue_all.pdf,wayback,200,964767,9791f426e6e14b99e9f75185e0e42ecec10a6fe82e0974e38aedc5e851b928e7,2026-09-22T12:57:51.088928+00:00
2024-08-04,https://web.archive.org/web/20250621211138id_/https://old.dghs.gov.bd/images/docs/vpr/20240804_dengue_all.pdf,wayback,200,966144,c4f8c2355e551f633c1fb91efe8c3d0a3d862fad265f6011b7f83f6d5b1384b3,2026-09-22T12:57:58.042660+00:00
2024-08-05,https://web.archive.org/web/20250528163543id_/http://old.dghs.gov.bd/images/docs/vpr/20240805_dengue_all.pdf,wayback,200,959850,b4d2971d85524eeabcbe5e587ae8a3ffca620ead3c6d4167949ae3b03f442f30,2026-09-22T12:58:00.947468+00:00
2024-08-06,https://web.archive.org/web/20250528163425id_/http://old.dghs.gov.bd/images/docs/vpr/20240806_dengue_all.pdf,wayback,200,1357581,68c8ff80337d00ba517ee2bc9379a7f9f2eb5f0d6ffdc85a14474f8f47e94d0b,2026-09-22T12:58:03.605454+00:00
2024-08-07,https://web.archive.org/web/20250528163543id_/http://old.dghs.gov.bd/images/docs/vpr/20240807_dengue_all.pdf,wayback,200,1174955,909a7a9726d131db5f678c79d6e17ce268d8e8ecbc82dae9eb91c6747953a403,2026-09-22T12:58:05.786404+00:00
2024-08-08,https://web.archive.org/web/20250528163416id_/http://old.dghs.gov.bd/images/docs/vpr/20240808_dengue_all.pdf,wayback,200,1183414,875a508eaaee02478ad819fff343ffbe7a184274aa08ffdb012816b928141e77,2026-09-22T12:58:07.996300+00:00
2024-08-09,https://web.archive.org/web/20250528163444id_/http://old.dghs.gov.bd/images/docs/vpr/20240809_dengue_all.pdf,wayback,200,962263,cbab322a4a1f54af15b45902e752485e570145896bb8b01e96a4876d4b287a4e,2026-09-22T12:58:10.388713+00:00
2024-08-10,https://web.archive.org/web/20250528163704id_/http://old.dghs.gov.bd/images/docs/vpr/20240810_dengue_all.pdf,wayback,200,967387,1430eb438f0218571077226f61f71c7b0c2c9fe969c288a281d2db23f73624f8,2026-09-22T12:58:12.589446+00:00
2024-08-11,https://web.archive.org/web/20250528163659id_/http://old.dghs.gov.bd/images/docs/vpr/20240811_dengue_all.pdf,wayback,200,964536,d73520c58625ee2a401e687d5a1e23e8344e8ce61b62f1d84b4b741f1e2e4b68,2026-09-22T12:58:15.140388+00:00
2024-08-12,https://web.archive.org/web/20250528163414id_/http://old.dghs.gov.bd/images/docs/vpr/20240812_dengue_all.pdf,wayback,200,972855,217a79e77d579ee1e5b7f30d2c76a82f710ed270274388e3950e6f9f4171bd55,2026-09-22T12:58:18.184538+00:00
2024-08-13,https://web.archive.org/web/20250528163821id_/http://old.dghs.gov.bd/images/docs/vpr/20240813_dengue_all.pdf,wayback,200,976863,8e04464c6df63f3c476c58efd5fbf20d965102dd6421ec39a044e4c4b25de779,2026-09-22T12:58:20.415776+00:00
2024-08-14,https://web.archive.org/web/20250528163529id_/http://old.dghs.gov.bd/images/docs/vpr/20240814_dengue_all.pdf,wayback,200,977517,f0791229939c1c6f1e98d044bb053b2b56d336bb3595544d7ea6d31388be610b,2026-09-22T12:58:23.337126+00:00
2024-08-15,https://web.archive.org/web/20250528164139id_/http://old.dghs.gov.bd/images/docs/vpr/20240815_dengue_all.pdf,wayback,200,976838,16861312f524c5e7decfb5f8dcd8f2b247afc9c9d5be334252996f9f90bbd405,2026-09-22T12:58:26.168876+00:00
2024-08-16,https://web.archive.org/web/20250528163817id_/http://old.dghs.gov.bd/images/docs/vpr/20240816_dengue_all.pdf,wayback,200,971613,f0f4aca69b71de5d46fca0b0d8fdf75de87858348e3a2da5ebe5dfafdb5d28fc,2026-09-22T12:58:28.972699+00:00
2024-08-17,https://web.archive.org/web/20250528163456id_/http://old.dghs.gov.bd/images/docs/vpr/20240817_dengue_all.pdf,wayback,200,969785,83c02b5a339bbec28c67524eb3648b8184b4a9859d4da90e45f5cfc367a17567,2026-09-22T12:58:31.761385+00:00
2024-08-18,https://web.archive.org/web/20240903114759id_/https://old.dghs.gov.bd/images/docs/vpr/20240818_dengue_all.pdf,wayback,200,971586,db88232e1df3af7a52b878a2f485a127ca399ed9a60c58a2cb320d63004da4ee,2026-09-22T12:58:34.303368+00:00
2024-08-19,https://web.archive.org/web/20250528163633id_/http://old.dghs.gov.bd/images/docs/vpr/20240819_dengue_all.pdf,wayback,200,976879,8af72652ad31892e1d118d28f972c9a9dccff373abb6aad5f1b2e71b68a95279,2026-09-22T12:58:36.864599+00:00
2024-08-20,https://web.archive.org/web/20250528163532id_/http://old.dghs.gov.bd/images/docs/vpr/20240820_dengue_all.pdf,wayback,200,1207060,4fd259af8e7a8e4f18780c2d3351d177619852d6597f4aba702c80cf5c94e8a9,2026-09-22T12:58:39.164160+00:00
2024-08-21,https://web.archive.org/web/20250528163414id_/http://old.dghs.gov.bd/images/docs/vpr/20240821_dengue_all.pdf,wayback,200,1191348,8e64182366f4dcec668d85434481a76ddfc0c852e5085210c33e59fa663ab362,2026-09-22T12:58:41.465972+00:00
2024-08-22,https://web.archive.org/web/20250528163722id_/http://old.dghs.gov.bd/images/docs/vpr/20240822_dengue_all.pdf,wayback,200,1185356,79a2673fb26af2ec8848a241019bc25ad4936134ba19409292af88376878a713,2026-09-22T12:58:43.638613+00:00
2024-08-23,https://web.archive.org/web/20250528163601id_/http://old.dghs.gov.bd/images/docs/vpr/20240823_dengue_all.pdf,wayback,200,970672,b7fb4c8b825986fce992371da21cc46f84776a47c2ac275a6f5174033b041f53,2026-09-22T12:58:46.293036+00:00
2024-08-24,https://web.archive.org/web/20250528163451id_/http://old.dghs.gov.bd/images/docs/vpr/20240824_dengue_all.pdf,wayback,200,973943,0589f9aa6ff777a853ffb1ba091731b62b3f48334d2c60c39e02b73ff8b728ef,2026-09-22T12:58:49.500110+00:00
2024-08-25,https://web.archive.org/web/20250528163653id_/http://old.dghs.gov.bd/images/docs/vpr/20240825_dengue_all.pdf,wayback,200,1191942,048a61bc85f1242f530da379e927dae7308d5a11e91624c1e3d690973b0bf297,2026-09-22T12:58:53.417154+00:00
2024-08-26,https://web.archive.org/web/20250528163421id_/http://old.dghs.gov.bd/images/docs/vpr/20240826_dengue_all.pdf,wayback,200,1178209,84c5b51f0de7558731693bb1558c1fa71f721351de80405734e7cacff48445d1,2026-09-22T12:58:55.711803+00:00
2024-08-27,https://web.archive.org/web/20250528163706id_/http://old.dghs.gov.bd/images/docs/vpr/20240827_dengue_all.pdf,wayback,200,978265,a068274e97c131dc493f78c34c482cf8f12e90623b54e8a19d7252daa6c9b8cc,2026-09-22T12:58:58.082882+00:00
2024-08-28,https://web.archive.org/web/20250528163800id_/http://old.dghs.gov.bd/images/docs/vpr/20240828_dengue_all.pdf,wayback,200,1023372,8212943d8e16ee93ae823b3e3ed8eff0c444ac85e743a696f4717d1c876ab31d,2026-09-22T12:59:00.957351+00:00
2024-08-29,https://web.archive.org/web/20250528164015id_/http://old.dghs.gov.bd/images/docs/vpr/20240829_dengue_all.pdf,wayback,200,1505959,533407675503d49a187101af9ae56a6c57f9a8e19e5f87118ebb0fe4ef538ad9,2026-09-22T12:59:06.202487+00:00
2024-08-30,https://web.archive.org/web/20250528163454id_/http://old.dghs.gov.bd/images/docs/vpr/20240830_dengue_all.pdf,wayback,200,971292,978f7d21caa5b338654c363e2ecce1bd11f468c9e2c12bdb3c43c8be6008db91,2026-09-22T12:59:15.899806+00:00
2024-08-31,https://web.archive.org/web/20250528164410id_/http://old.dghs.gov.bd/images/docs/vpr/20240831_dengue_all.pdf,wayback,200,978834,9cd706cf425f77841601bf90b1092b5cf2604fa0c00b864134f6e905239b8598,2026-09-22T12:59:18.320737+00:00
2024-09-01,https://web.archive.org/web/20240906004741id_/https://old.dghs.gov.bd/images/docs/vpr/20240901_dengue_all.pdf,wayback,200,1213570,c71e0d290ed1e21c6fb93ccffdbd3ac56d8b2bea9f96fdf6140499edd6c12372,2026-09-22T12:59:20.653452+00:00
2024-09-02,https://web.archive.org/web/20250528163420id_/http://old.dghs.gov.bd/images/docs/vpr/20240902_dengue_all.pdf,wayback,200,1200184,e1a3d0ff17fb780ca0d10930277b2b6504b4de02939c4f942af53497449d5494,2026-09-22T12:59:23.450044+00:00
2024-09-03,https://web.archive.org/web/20250528163617id_/http://old.dghs.gov.bd/images/docs/vpr/20240903_dengue_all.pdf,wayback,200,1476444,51fbeb4a298c50f613bbe261bd8a05689a2f719a07db59efe2e0bbdf4a4919b0,2026-09-22T12:59:25.677502+00:00
2024-09-04,https://web.archive.org/web/20250528164123id_/http://old.dghs.gov.bd/images/docs/vpr/20240904_dengue_all.pdf,wayback,200,1469969,fcee4f7cf4c1270b7d6314958026f14e9135836c90e8720d210d2dfb789d9959,2026-09-22T12:59:28.662278+00:00
2024-09-05,https://web.archive.org/web/20250528163440id_/http://old.dghs.gov.bd/images/docs/vpr/20240905_dengue_all.pdf,wayback,200,1206935,dc4debd48bc658c737183ee8ee4e8d8255f5e97a47da9b04d7bb006db7202fd6,2026-09-22T12:59:31.404816+00:00
2024-09-06,https://web.archive.org/web/20250528163930id_/http://old.dghs.gov.bd/images/docs/vpr/20240906_dengue_all.pdf,wayback,200,979183,34d20ac3c3ff95687424b10fd0598af1f6cda9bd7ca2187eee47d1fa143b5f4b,2026-09-22T12:59:34.042481+00:00
2024-09-07,https://web.archive.org/web/20250528163433id_/http://old.dghs.gov.bd/images/docs/vpr/20240907_dengue_all.pdf,wayback,200,983530,4261c4f167206873ad080ba1821576486e32027901c421b103c97a7d87cd255f,2026-09-22T12:59:36.477678+00:00
2024-09-08,https://web.archive.org/web/20250528163437id_/http://old.dghs.gov.bd/images/docs/vpr/20240908_dengue_all.pdf,wayback,200,986202,40bcb93135d694d75f1db860f0725801b22f2d74659c914daafffb6422768eda,2026-09-22T12:59:38.732783+00:00
2024-09-09,https://web.archive.org/web/20250528163518id_/http://old.dghs.gov.bd/images/docs/vpr/20240909_dengue_all.pdf,wayback,200,1206104,ebd44c862facd1e25cd488c160e747806ff7125692c77edabc9041bd25d4d2bc,2026-09-22T12:59:41.370629+00:00
2024-09-10,https://web.archive.org/web/20250528163552id_/http://old.dghs.gov.bd/images/docs/vpr/20240910_dengue_all.pdf,wayback,200,1318929,7a979b9fbb29ca5385ef8cb96b3ec070033f5092756350cef23226e759596597,2026-09-22T12:59:43.541568+00:00
2024-09-11,https://web.archive.org/web/20250528163410id_/http://old.dghs.gov.bd/images/docs/vpr/20240911_dengue_all.pdf,wayback,200,1028187,450e1bdbdf0de30452d9213a22a99c7f5b54862f1da57211d4ac0e3fd1826196,2026-09-22T12:59:46.408027+00:00
2024-09-12,https://web.archive.org/web/20250528163418id_/http://old.dghs.gov.bd/images/docs/vpr/20240912_dengue_all.pdf,wayback,200,992657,386825bf19ceb47152ad7b370af8d5d288ef2f065f7eb3f14d28388ac68698f8,2026-09-22T12:59:49.101243+00:00
2024-09-13,https://web.archive.org/web/20250528163416id_/http://old.dghs.gov.bd/images/docs/vpr/20240913_dengue_all.pdf,wayback,200,982174,f3e202ee3c8bf953a3015d9526ea55d7b26577587ac7f8dc894d0086bd2a807c,2026-09-22T12:59:51.705261+00:00
2024-09-14,https://web.archive.org/web/20250528163506id_/http://old.dghs.gov.bd/images/docs/vpr/20240914_dengue_all.pdf,wayback,200,989606,de2ce2f52f22ab36cab57f6f5f8025df954bba0329a054eb4e11fd14de71a583,2026-09-22T12:59:54.571484+00:00
2024-09-15,https://web.archive.org/web/20241004160733id_/https://old.dghs.gov.bd/images/docs/vpr/20240915_dengue_all.pdf,wayback,200,1209992,0b986e2df62c9c8a2dc1e1c9ad2021e894e89d4c112a4b06ac3b47325358aa75,2026-09-22T12:59:58.210835+00:00
2024-09-16,https://web.archive.org/web/20250528163511id_/http://old.dghs.gov.bd/images/docs/vpr/20240916_dengue_all.pdf,wayback,200,983273,bb399ba9374cefee94e0bc1f9aec73fe2e6fb3c0e8c2c65abfd15c1d80772e2b,2026-09-22T13:00:00.479709+00:00
2024-09-17,https://web.archive.org/web/20250528163622id_/http://old.dghs.gov.bd/images/docs/vpr/20240917_dengue_all.pdf,wayback,200,1482635,1f87e70393f4be109a5f4059c4fd6376dbb58064707f57ceb33b33bd4414c2c5,2026-09-22T13:00:02.767629+00:00
2024-09-18,https://web.archive.org/web/20250528164152id_/http://old.dghs.gov.bd/images/docs/vpr/20240918_dengue_all.pdf,wayback,200,854057,90eec59175bd633ca3fbbbdd75ba0f4d42f8aa65384f8c272cccdc2a283d3e8f,2026-09-22T13:00:05.313596+00:00
2024-09-19,https://web.archive.org/web/20250528164636id_/http://old.dghs.gov.bd/images/docs/vpr/20240919_dengue_all.pdf,wayback,200,1483253,25b887b92768d488e87189af539807f4149504991bcf8de68e904167c9a06dea,2026-09-22T13:00:07.566653+00:00
2024-09-20,https://web.archive.org/web/20250528163808id_/http://old.dghs.gov.bd/images/docs/vpr/20240920_dengue_all.pdf,wayback,200,978951,16b4729a79c2ae5b8b2ecc4db6ee9ef6eee938fbbd1eb5edefc1b34640a00ab8,2026-09-22T13:00:10.383135+00:00
2024-09-21,https://web.archive.org/web/20250528163439id_/http://old.dghs.gov.bd/images/docs/vpr/20240921_dengue_all.pdf,wayback,200,1300770,7f10cf89d3d3b64979e5f916965d41613a65f2407917280698a3ac70ea30544b,2026-09-22T13:00:12.600044+00:00
2024-09-22,https://web.archive.org/web/20250528163604id_/http://old.dghs.gov.bd/images/docs/vpr/20240922_dengue_all.pdf,wayback,200,981867,62775444aef5a57e90afe4e7c4221bd354ed5bc48586c13096a62048ce8e5eef,2026-09-22T13:00:14.858892+00:00
2024-09-23,https://web.archive.org/web/20250528163421id_/http://old.dghs.gov.bd/images/docs/vpr/20240923_dengue_all.pdf,wayback,200,1209280,83afd0e0867dc420627cc348931220b08d8a1b637f39669324cf4551a3b7c274,2026-09-22T13:00:17.780440+00:00
2024-09-24,https://web.archive.org/web/20250528163701id_/http://old.dghs.gov.bd/images/docs/vpr/20240924_dengue_all.pdf,wayback,200,1381416,1eac7798fc142dfe27011d711df3bf3833b93d08fc5bc5b3911f97c24665a4f2,2026-09-22T13:00:20.185130+00:00
2024-09-25,https://web.archive.org/web/20250530003534id_/http://old.dghs.gov.bd/images/docs/vpr/20240925_dengue_all.pdf,wayback,200,1481422,1381d7b8f4b2901a6b1de7b50c37d19c88cacf986315e1a6c257d5715a53de65,2026-09-22T13:00:25.182770+00:00
2024-09-26,https://web.archive.org/web/20250528163832id_/http://old.dghs.gov.bd/images/docs/vpr/20240926_dengue_all.pdf,wayback,200,987144,0244d06cceacc8b1019f3645eb11f721160fa0505a499c52aee13f1cfc63e560,2026-09-22T13:00:28.670581+00:00
2024-09-27,https://web.archive.org/web/20250528163503id_/http://old.dghs.gov.bd/images/docs/vpr/20240927_dengue_all.pdf,wayback,200,977723,ea84ee3807d4d658d68d78ba4ed43970044ba0223a72260b6dd6dbe884c042e9,2026-09-22T13:00:31.733109+00:00
2024-09-28,https://web.archive.org/web/20250528164005id_/http://old.dghs.gov.bd/images/docs/vpr/20240928_dengue_all.pdf,wayback,200,995776,058bdbf00b1357295e655978d0e87a74f6974bb1105012a5925198bd24c6929c,2026-09-22T13:00:34.742615+00:00
2024-09-29,https://web.archive.org/web/20241003115633id_/https://old.dghs.gov.bd/images/docs/vpr/20240929_dengue_all.pdf,wayback,200,1222914,e2518ec9ffcbfe78ea13647b048bba018969b9d31bdae2b03fd7b454a14df082,2026-09-22T13:00:40.551920+00:00
2024-09-30,https://web.archive.org/web/20250528163446id_/http://old.dghs.gov.bd/images/docs/vpr/20240930_dengue_all.pdf,wayback,200,1219778,00635a6a9b7c8c2d58b88c74df76eda68e49f1e0881dc4daa16d624ebb8b88a4,2026-09-22T13:00:44.031368+00:00
2024-10-01,https://web.archive.org/web/20250528163417id_/http://old.dghs.gov.bd/images/docs/vpr/20241001_dengue_all.pdf,wayback,200,1381336,e7be274dfb72e5b26a9e39597898b88e8aab022d8eb40e0ebdb793393201777f,2026-09-22T13:00:48.522834+00:00
2024-10-02,https://web.archive.org/web/20250528163421id_/http://old.dghs.gov.bd/images/docs/vpr/20241002_dengue_all.pdf,wayback,200,1490941,928ca07c9cbfa12d0ca4f0c0fbfb6b3acb2c6142da69d003582efad6545e7346,2026-09-22T13:00:51.084052+00:00
2024-10-03,https://web.archive.org/web/20250528163646id_/http://old.dghs.gov.bd/images/docs/vpr/20241003_dengue_all.pdf,wayback,200,1186665,d6a785c5f5abb28ecd36ae10abe4071870efee521ed1bccec3cfa1603279fd6d,2026-09-22T13:00:56.541765+00:00
2024-10-04,https://web.archive.org/web/20250528164119id_/http://old.dghs.gov.bd/images/docs/vpr/20241004_dengue_all.pdf,wayback,200,1345266,4a24a50ac18bec14f37289f26d8fcaaf9505f8f182f66471fc3630b676df615e,2026-09-22T13:01:00.130964+00:00
2024-10-05,https://web.archive.org/web/20250528163434id_/http://old.dghs.gov.bd/images/docs/vpr/20241005_dengue_all.pdf,wayback,200,1301496,46c747a058deec73374f604324d27edd0b2f20628e72de26824a5536854fe35b,2026-09-22T13:01:03.561922+00:00
2024-10-06,https://web.archive.org/web/20250528163511id_/http://old.dghs.gov.bd/images/docs/vpr/20241006_dengue_all.pdf,wayback,200,1067150,b3a46e4e7e9e74503df28bf3ccdcd9432cb1cd016adc184f523556361ee925a5,2026-09-22T13:01:06.026235+00:00
2024-10-07,https://web.archive.org/web/20250528163435id_/http://old.dghs.gov.bd/images/docs/vpr/20241007_dengue_all.pdf,wayback,200,832221,128525621888d0063ad2e44b1c34f681512e10251c9e77e9d3d15a722eedbfc8,2026-09-22T13:01:08.573945+00:00
2024-10-08,https://web.archive.org/web/20250528163427id_/http://old.dghs.gov.bd/images/docs/vpr/20241008_dengue_all.pdf,wayback,200,1237294,64d080ee0610ce98a2f3eca31eeebc3c8589304716c4c680168d80fe9e9459fd,2026-09-22T13:01:11.608654+00:00
2024-10-09,https://web.archive.org/web/20250528163452id_/http://old.dghs.gov.bd/images/docs/vpr/20241009_dengue_all.pdf,wayback,200,1067235,5d2b19c57805d59a05ad4ab012f4248140487b2a7ab2c279b10429366358ce2a,2026-09-22T13:01:13.809571+00:00
2024-10-10,https://web.archive.org/web/20250528164020id_/http://old.dghs.gov.bd/images/docs/vpr/20241010_dengue_all.pdf,wayback,200,834769,9cac9693eb99fbe47a0539b73a9b75834635774738316a1179419636e6b3e755,2026-09-22T13:01:16.422948+00:00
2024-10-11,https://web.archive.org/web/20250528163429id_/http://old.dghs.gov.bd/images/docs/vpr/20241011_dengue_all.pdf,wayback,200,1244571,e4f7b7a511f20cf36d59b3aaf535e464128adc36006450cc02b240f2c1ec65a1,2026-09-22T13:01:18.918976+00:00
2024-10-12,https://web.archive.org/web/20250528163431id_/http://old.dghs.gov.bd/images/docs/vpr/20241012_dengue_all.pdf,wayback,200,832989,38e4952e3cb8b4ed372219bec8b338b22f36c252be40f47068ce499d415d7ed5,2026-09-22T13:01:21.590266+00:00
2024-10-13,https://web.archive.org/web/20241022041009id_/https://old.dghs.gov.bd/images/docs/vpr/20241013_dengue_all.pdf,wayback,200,1059560,32ae0a66015396fce8e69193eff4d0d8b1164ec1d51a60f8ea296cba886e1a4a,2026-09-22T13:01:25.038052+00:00
2024-10-14,https://web.archive.org/web/20250528163601id_/http://old.dghs.gov.bd/images/docs/vpr/20241014_dengue_all.pdf,wayback,200,1061332,30633369b451a361be19bba316870c8ffcdf8cfb647340aaa15466561739c0d2,2026-09-22T13:01:27.271911+00:00
2024-10-15,https://web.archive.org/web/20250528163615id_/http://old.dghs.gov.bd/images/docs/vpr/20241015_dengue_all.pdf,wayback,200,1242564,c82f4bce4479eb577f606b0a1abcc98a0af763244328a72ab67e8bcd5840bb03,2026-09-22T13:01:29.190091+00:00
2024-10-16,https://web.archive.org/web/20250528163706id_/http://old.dghs.gov.bd/images/docs/vpr/20241016_dengue_all.pdf,wayback,200,1232827,a06d0ce667de2766051ea2b92fde8d382cc525e4bf0011fac41a56e0b3746b76,2026-09-22T13:01:33.727483+00:00
2024-10-17,https://web.archive.org/web/20250528163543id_/http://old.dghs.gov.bd/images/docs/vpr/20241017_dengue_all.pdf,wayback,200,1174732,6c4a0a748563dc579abb329f026145c0ce913213e8c3201c99dd7d1c101656b1,2026-09-22T13:01:37.658862+00:00
2024-10-18,https://web.archive.org/web/20250528163430id_/http://old.dghs.gov.bd/images/docs/vpr/20241018_dengue_all.pdf,wayback,200,1327457,7205dc7a93c7ab78767391efae8ba62c0f4b495956ea94a4117f8cd5a62c06c1,2026-09-22T13:01:39.866408+00:00
2024-10-19,https://web.archive.org/web/20250528163518id_/http://old.dghs.gov.bd/images/docs/vpr/20241019_dengue_all.pdf,wayback,200,1169023,742cf301d235299bca7edb1e8e081992d2ff0c32cd4d6195dbd28bc0145616f1,2026-09-22T13:01:43.366563+00:00
2024-10-20,https://web.archive.org/web/20250528163411id_/http://old.dghs.gov.bd/images/docs/vpr/20241020_dengue_all.pdf,wayback,200,1272478,f90a37c0135827def9d48315eeb540a31496a5a2345108562e1d15b70f3be912,2026-09-22T13:01:45.529112+00:00
2024-10-21,https://web.archive.org/web/20250528163739id_/http://old.dghs.gov.bd/images/docs/vpr/20241021_dengue_all.pdf,wayback,200,1235940,70cbf6d35cfc63b1db71f0226a2a6d4a253e32c800d4b542badefd216c7e7535,2026-09-22T13:01:47.762456+00:00
2024-10-22,https://web.archive.org/web/20250528164613id_/http://old.dghs.gov.bd/images/docs/vpr/20241022_dengue_all.pdf,wayback,200,1273855,19feda92962b87588eb39171ef7aaaeb847b63067ed6647a7d7537ab1ab31628,2026-09-22T13:01:49.998026+00:00
2024-10-23,https://web.archive.org/web/20250528163515id_/http://old.dghs.gov.bd/images/docs/vpr/20241023_dengue_all.pdf,wayback,200,901448,f4b9ef3b3d4945253bbc8d827f6efdcf73f1f8f386ebef9a35e200a007ef0ca3,2026-09-22T13:01:52.416696+00:00
2024-10-24,https://web.archive.org/web/20250528163521id_/http://old.dghs.gov.bd/images/docs/vpr/20241024_dengue_all.pdf,wayback,200,1337828,84e72d243f3d19b8b774620c9cc4206a9682e217af3e1d7f93e15255a78ebd52,2026-09-22T13:01:56.109191+00:00
2024-10-25,https://web.archive.org/web/20250528163410id_/http://old.dghs.gov.bd/images/docs/vpr/20241025_dengue_all.pdf,wayback,200,916945,4519405e555c6bcfe16bd6c169b90263845b204e00b55871d8bdc59103ccc5af,2026-09-22T13:01:58.379759+00:00
2024-10-26,https://web.archive.org/web/20250528164028id_/http://old.dghs.gov.bd/images/docs/vpr/20241026_dengue_all.pdf,wayback,200,1264220,89bf31918c4b75e4856cf3c4a8ebd2a238eadd1e5e2d99d77960135078cb232c,2026-09-22T13:02:01.034529+00:00
2024-10-27,https://web.archive.org/web/20241106050654id_/https://old.dghs.gov.bd/images/docs/vpr/20241027_dengue_all.pdf,wayback,200,1174472,b31f10b4a804ad724eeb8f506a407f18486ea05dc6e4b60d0d112ff9105bb3cc,2026-09-22T13:02:04.073413+00:00
2024-10-28,https://web.archive.org/web/20250528163429id_/http://old.dghs.gov.bd/images/docs/vpr/20241028_dengue_all.pdf,wayback,200,1170790,d5ea39eebc986794678c256f93bc9880c4cd5bc76e7acbaaee93f84d0d32d0e1,2026-09-22T13:02:06.295571+00:00
2024-10-29,https://web.archive.org/web/20250528163612id_/http://old.dghs.gov.bd/images/docs/vpr/20241029_dengue_all.pdf,wayback,200,894143,33faf4f18033bb17c8d99fb775ad79b943c2005b226828717fd7c6b1174a7b66,2026-09-22T13:02:08.742077+00:00
2024-10-30,https://web.archive.org/web/20250528163509id_/http://old.dghs.gov.bd/images/docs/vpr/20241030_dengue_all.pdf,wayback,200,1276864,f7f892094b6c61fbe0862ba50156b5812e51a48872484aa96507b351ff6c63d8,2026-09-22T13:02:11.406754+00:00
2024-10-31,https://web.archive.org/web/20250528163630id_/http://old.dghs.gov.bd/images/docs/vpr/20241031_dengue_all.pdf,wayback,200,921535,ef19a2011cfa29edb2b148cf4c2d54f55c3504812f20704a47ddd9eeb0ef2a1a,2026-09-22T13:02:13.976522+00:00
2024-11-01,https://web.archive.org/web/20250528163444id_/http://old.dghs.gov.bd/images/docs/vpr/20241101_dengue_all.pdf,wayback,200,922407,0a55f5cb5a71c51876d1912d8429aa4cab977d726dcd2ec73f90c69dc392f14f,2026-09-22T13:02:16.235699+00:00
2024-11-02,https://web.archive.org/web/20250528163452id_/http://old.dghs.gov.bd/images/docs/vpr/20241102_dengue_all.pdf,wayback,200,1185605,5c78bc0001899dfa6aac5ca89b8b1eb055bea0dc1cdfbe676fbc63ff2b27c987,2026-09-22T13:02:18.823787+00:00
2024-11-03,https://web.archive.org/web/20250528163512id_/http://old.dghs.gov.bd/images/docs/vpr/20241103_dengue_all.pdf,wayback,200,1174110,cce8041b7c1f35f8360c0d91516bb9f8d6bc91505a141bd31894f3245bd67c6c,2026-09-22T13:02:21.732974+00:00
2024-11-04,https://web.archive.org/web/20250528163536id_/http://old.dghs.gov.bd/images/docs/vpr/20241104_dengue_all.pdf,wayback,200,925626,f330ff2e9b11690fe8b9ea170f64fdacf09e529ce01d986023426217ec88c798,2026-09-22T13:02:24.302342+00:00
2024-11-05,https://web.archive.org/web/20250528163548id_/http://old.dghs.gov.bd/images/docs/vpr/20241105_dengue_all.pdf,wayback,200,922842,36c913ae1a16084b0f62494b03aa26023b812b51604a430f2976a738b31fb25f,2026-09-22T13:02:26.492405+00:00
2024-11-06,https://web.archive.org/web/20250528163906id_/http://old.dghs.gov.bd/images/docs/vpr/20241106_dengue_all.pdf,wayback,200,929575,d56b14538736b7a8ddb09728fdbe94d18a825ddc194c00b3653ebc476411339c,2026-09-22T13:02:29.068916+00:00
2024-11-07,https://web.archive.org/web/20250528163524id_/http://old.dghs.gov.bd/images/docs/vpr/20241107_dengue_all.pdf,wayback,200,1378897,a00f79145c4ad09af6f8403d2279875ae6d7fca6fe052d29cf09d3dfbbffcc62,2026-09-22T13:02:33.488017+00:00
2024-11-08,https://web.archive.org/web/20250528164518id_/http://old.dghs.gov.bd/images/docs/vpr/20241108_dengue_all.pdf,wayback,200,903824,3d364935cd157d8595c6689c177e662808e58a60f5dbe38551060d3eaff5c0b7,2026-09-22T13:02:35.794801+00:00
2024-11-09,https://web.archive.org/web/20250528163807id_/http://old.dghs.gov.bd/images/docs/vpr/20241109_dengue_all.pdf,wayback,200,933952,37b538edc42ae247cbe8ec9b27e86a464dba1c7399d6f838658c294c9a6f8157,2026-09-22T13:02:38.657467+00:00
2024-11-10,https://web.archive.org/web/20241119064741id_/https://old.dghs.gov.bd/images/docs/vpr/20241110_dengue_all.pdf,wayback,200,1360627,df4c298644a1357456c137c7cdfa5a79126dd41e591432ea99f9bff7295c5e9d,2026-09-22T13:02:41.390472+00:00
2024-11-11,https://web.archive.org/web/20250528163657id_/http://old.dghs.gov.bd/images/docs/vpr/20241111_dengue_all.pdf,wayback,200,1361966,761cb4f97e30f33e457ad33dbcd4ec570a637028e3754fc632d0e4e50498010f,2026-09-22T13:02:44.015754+00:00
2024-11-12,https://web.archive.org/web/20250528163511id_/http://old.dghs.gov.bd/images/docs/vpr/20241112_dengue_all.pdf,wayback,200,1370372,47489eee66cb9c9f85a7ce60290270949ae463632657f4ad41637c938b1c68b6,2026-09-22T13:02:46.785210+00:00
2024-11-13,https://web.archive.org/web/20250528163425id_/http://old.dghs.gov.bd/images/docs/vpr/20241113_dengue_all.pdf,wayback,200,1471713,fab643869f358c28fdac74f5cddfe0b821e49cedbf280d1837148f20057a9f0e,2026-09-22T13:02:49.812280+00:00
2024-11-14,https://web.archive.org/web/20250528163516id_/http://old.dghs.gov.bd/images/docs/vpr/20241114_dengue_all.pdf,wayback,200,935037,a150c643d16f8d080cfa693665f5212c08a624fc2b9b51d601cce7cc53504d03,2026-09-22T13:02:51.718846+00:00
2024-11-15,https://web.archive.org/web/20250528163422id_/http://old.dghs.gov.bd/images/docs/vpr/20241115_dengue_all.pdf,wayback,200,1374098,970b5740b16bf5a911d7da56eee9962a7986b5a25d10c66a693cb596c6acd645,2026-09-22T13:02:53.909752+00:00
2024-11-16,https://web.archive.org/web/20250528163709id_/http://old.dghs.gov.bd/images/docs/vpr/20241116_dengue_all.pdf,wayback,200,1179115,1654fa90ae11ac3551582d15dace3ea0e8a4e95ad6173f630ac94fd010e79090,2026-09-22T13:02:56.572037+00:00
2024-11-17,https://web.archive.org/web/20250528163647id_/http://old.dghs.gov.bd/images/docs/vpr/20241117_dengue_all.pdf,wayback,200,1181390,be2c17ff58ea993960e2f68f01d1a8b493b8c36231271caa087f36d43cea055d,2026-09-22T13:03:00.173982+00:00
2024-11-18,https://web.archive.org/web/20250528163544id_/http://old.dghs.gov.bd/images/docs/vpr/20241118_dengue_all.pdf,wayback,200,1179982,c53e50e6c93db0ea843162bca21dfe92801f3c8ca879d828e8dc697ee33be968,2026-09-22T13:03:02.755489+00:00
2024-11-19,https://web.archive.org/web/20250528163713id_/http://old.dghs.gov.bd/images/docs/vpr/20241119_dengue_all.pdf,wayback,200,1323910,1dfc3105593f556d42182b7b42309be7dc53b83c4809c4e921b729d731c5ecb3,2026-09-22T13:03:05.367183+00:00
2024-11-20,https://web.archive.org/web/20250528163412id_/http://old.dghs.gov.bd/images/docs/vpr/20241120_dengue_all.pdf,wayback,200,1438256,f3f4892e63f882274461b4cd7c3645b11467904a373a15cd614ad6c123c843f7,2026-09-22T13:03:07.626419+00:00
2024-11-21,https://web.archive.org/web/20250528163641id_/http://old.dghs.gov.bd/images/docs/vpr/20241121_dengue_all.pdf,wayback,200,1261476,137765229f8df03c22198d8f1e6b938c83a123034782bfb24a8ed7bd13a63a6d,2026-09-22T13:03:09.882760+00:00
2024-11-22,https://web.archive.org/web/20250528163459id_/http://old.dghs.gov.bd/images/docs/vpr/20241122_dengue_all.pdf,wayback,200,1324859,fc52ed4039664d85cf4853e9e64acb8d4e331e89d89944b7b7d36aff97c0476c,2026-09-22T13:03:12.127705+00:00
2024-11-23,https://web.archive.org/web/20250528163446id_/http://old.dghs.gov.bd/images/docs/vpr/20241123_dengue_all.pdf,wayback,200,1153071,48072a819b1fcd196a2de38710c20d148351c252776a0d2d2ec6a1452f895f3f,2026-09-22T13:03:14.488412+00:00
2024-11-24,https://web.archive.org/web/20241214175432id_/https://old.dghs.gov.bd/images/docs/vpr/20241124_dengue_all.pdf,wayback,200,1156761,3cbb17c8084e436c88055e257b614fccbb36c18f27c9b9b20e1a5b3a90588731,2026-09-22T13:03:16.781378+00:00
2024-11-25,https://web.archive.org/web/20250530003853id_/http://old.dghs.gov.bd/images/docs/vpr/20241125_dengue_all.pdf,wayback,200,1149244,be47b054883243303e861c33f14db4d6072814033d507026968d604b9c8f3a35,2026-09-22T13:03:19.695134+00:00
2024-11-26,https://web.archive.org/web/20250528163529id_/http://old.dghs.gov.bd/images/docs/vpr/20241126_dengue_all.pdf,wayback,200,1347290,2ff88e6c231bbc1b3fa77d59dc7c145a2b3048009e8bdf5328058a57949c48ff,2026-09-22T13:03:23.988136+00:00
2024-11-27,https://web.archive.org/web/20250528163535id_/http://old.dghs.gov.bd/images/docs/vpr/20241127_dengue_all.pdf,wayback,200,1334926,7c4e75b298e58a6e8c70ab1cafa5d28bd7e7c05916e9dcfa2efe3e1363e350b5,2026-09-22T13:03:26.372885+00:00
2024-11-28,https://web.archive.org/web/20250528163733id_/http://old.dghs.gov.bd/images/docs/vpr/20241128_dengue_all.pdf,wayback,200,1152064,7371f82ff49a9e2c1b6555814c07e525c77a670defd806a9a3cad49dbff5a094,2026-09-22T13:03:28.981677+00:00
2024-11-29,https://web.archive.org/web/20250528163519id_/http://old.dghs.gov.bd/images/docs/vpr/20241129_dengue_all.pdf,wayback,200,1331502,1784bf37848a9e508581bdb009aa30e9f18a68fa38be656a36de210532213a17,2026-09-22T13:03:31.877616+00:00
2024-11-30,https://web.archive.org/web/20250528163502id_/http://old.dghs.gov.bd/images/docs/vpr/20241130_dengue_all.pdf,wayback,200,1142487,4b2a57a0ed3bce0633a1f00142a94d653092e07ed4144bbae7b0366013dc7ad9,2026-09-22T13:03:35.335850+00:00
2024-12-01,https://web.archive.org/web/20250528163427id_/http://old.dghs.gov.bd/images/docs/vpr/20241201_dengue_all.pdf,wayback,200,1152507,51eea1fff1815503606576a2a78a254ef1407ebfb9ac593c4e720fbd67bf7f7f,2026-09-22T13:03:37.546889+00:00
2024-12-02,https://web.archive.org/web/20250528163448id_/http://old.dghs.gov.bd/images/docs/vpr/20241202_dengue_all.pdf,wayback,200,1101856,197bc402d350a2559dcf75623969e908514567c491ea99cd57f262c7be9f9a5b,2026-09-22T13:03:40.153865+00:00
2024-12-03,https://web.archive.org/web/20250528163521id_/http://old.dghs.gov.bd/images/docs/vpr/20241203_dengue_all.pdf,wayback,200,1407561,56c4c4fe6eb0050dbef3be056390020b0c7831e4ca0b1469ba737046ccdbb1b0,2026-09-22T13:03:42.976208+00:00
2024-12-04,https://web.archive.org/web/20260608104349id_/https://old.dghs.gov.bd/images/docs/vpr/20241204_dengue_all.pdf,wayback,200,1400065,2f07910af4be623bbba5023bcf8ed6b2e662df47d92534f8ec52b34d2cb7bb03,2026-09-22T13:03:46.885692+00:00
2024-12-05,https://web.archive.org/web/20250528163521id_/http://old.dghs.gov.bd/images/docs/vpr/20241205_dengue_all.pdf,wayback,200,1213527,c61f59bc29f2d1745709c36b105368916448ad5814d27809882825a8d6ae00c8,2026-09-22T13:03:49.530329+00:00
2024-12-06,https://web.archive.org/web/20250528163507id_/http://old.dghs.gov.bd/images/docs/vpr/20241206_dengue_all.pdf,wayback,200,1204774,be1d0ef69c919fdb51abe9f0a9b05b4f67a6caeedf90a739b0becbc8ef8f7928,2026-09-22T13:03:52.322410+00:00
2024-12-07,https://web.archive.org/web/20250528164207id_/http://old.dghs.gov.bd/images/docs/vpr/20241207_dengue_all.pdf,wayback,200,1112917,764ffb0df4182c8ac350f489676dbb38e875df23fd2f038b083c13851d73290f,2026-09-22T13:03:55.080702+00:00
2024-12-08,https://web.archive.org/web/20250528163502id_/http://old.dghs.gov.bd/images/docs/vpr/20241208_dengue_all.pdf,wayback,200,1117572,50c501159ea2760a78de9ab6e2904ee69bb1e3593c363b09b2c9f8c5bbc415d2,2026-09-22T13:03:57.292052+00:00
2024-12-09,https://web.archive.org/web/20250119172621id_/https://old.dghs.gov.bd/images/docs/vpr/20241209_dengue_all.pdf,wayback,200,1104787,b14bcde2e035901d3b7460f95b25a6ab7348c6900e04fb8fe61936d4e0eb2269,2026-09-22T13:03:59.525090+00:00
2024-12-10,https://web.archive.org/web/20250528163435id_/http://old.dghs.gov.bd/images/docs/vpr/20241210_dengue_all.pdf,wayback,200,1289933,6d949aa82f4adac49e2582667c378630411df94fa33d01ee07c09ce5a3129ae8,2026-09-22T13:04:06.919768+00:00
2024-12-11,https://web.archive.org/web/20250528163653id_/http://old.dghs.gov.bd/images/docs/vpr/20241211_dengue_all.pdf,wayback,200,1297088,478bb82d21a40fbb17932efb99ff2eebd9047540d354fc42661d200c654fe72f,2026-09-22T13:04:09.136740+00:00
2024-12-12,https://web.archive.org/web/20250528163800id_/http://old.dghs.gov.bd/images/docs/vpr/20241212_dengue_all.pdf,wayback,200,1213314,2aa743787d4a6a57b838a3fe5c1056b91a5f6af225888fc22031736692a437a1,2026-09-22T13:04:11.381012+00:00
2024-12-13,https://web.archive.org/web/20250528163415id_/http://old.dghs.gov.bd/images/docs/vpr/20241213_dengue_all.pdf,wayback,200,1295755,0338ccf2ba758e1b9727fd0b4a5c800f1e91672e27a5745d9abc146524480d33,2026-09-22T13:04:15.982704+00:00
2024-12-14,https://web.archive.org/web/20250528163455id_/http://old.dghs.gov.bd/images/docs/vpr/20241214_dengue_all.pdf,wayback,200,1394813,a0ca6d9611b27c035e987ed1d2a8d08f14f51b0f6dbc9f6284d4806ccbfc505a,2026-09-22T13:04:18.216598+00:00
2024-12-15,https://web.archive.org/web/20250528163453id_/http://old.dghs.gov.bd/images/docs/vpr/20241215_dengue_all.pdf,wayback,200,1279897,7a05ac74e6673c43ac143ac7b54a5f429152e7c52d15ef82955c474a5456f7cb,2026-09-22T13:04:20.493065+00:00
2024-12-16,https://web.archive.org/web/20250528163512id_/http://old.dghs.gov.bd/images/docs/vpr/20241216_dengue_all.pdf,wayback,200,1119370,1baecb5c6a308d128455023e882fdcc489b0b5c80dda68691d183d4b78227c7a,2026-09-22T13:04:24.858854+00:00
2024-12-17,https://web.archive.org/web/20250528163448id_/http://old.dghs.gov.bd/images/docs/vpr/20241217_dengue_all.pdf,wayback,200,1299166,2f2f7b79d14a2d734602bfd83cf473a3d363fc4962b4447b146d3fd866779054,2026-09-22T13:04:27.477201+00:00
2024-12-18,https://web.archive.org/web/20250528163442id_/http://old.dghs.gov.bd/images/docs/vpr/20241218_dengue_all.pdf,wayback,200,1410504,2cf90423ab896b74fbcca6d6cf1fadb4c7d539a9b31f8d93ac1aa256e8fd4a50,2026-09-22T13:04:30.423885+00:00
2024-12-19,https://web.archive.org/web/20250528163808id_/http://old.dghs.gov.bd/images/docs/vpr/20241219_dengue_all.pdf,wayback,200,1214277,a146e16ab1b9b5b5e8b534f5fb9835916162cdf96e7ab0e72845b7fa21f81e68,2026-09-22T13:04:32.665047+00:00
2024-12-20,https://web.archive.org/web/20250528163439id_/http://old.dghs.gov.bd/images/docs/vpr/20241220_dengue_all.pdf,wayback,200,1366318,071e5de7519c0abb79a593bf5d93a54bb19fa771d8b4e03408731c7aa2134aa5,2026-09-22T13:04:34.878754+00:00
2024-12-21,https://web.archive.org/web/20250528163422id_/http://old.dghs.gov.bd/images/docs/vpr/20241221_dengue_all.pdf,wayback,200,1172618,779273e33def203ff269d9a12c3e1fcc0625f2630a80434390ab33ee7776e567,2026-09-22T13:04:37.461729+00:00
2024-12-22,https://web.archive.org/web/20250528163410id_/http://old.dghs.gov.bd/images/docs/vpr/20241222_dengue_all.pdf,wayback,200,1172715,63f0e5d90a3b5c869c7ebfdbc4709a4f400ca49543c95e4b15eb30ff29dc81eb,2026-09-22T13:04:40.397801+00:00
2024-12-23,https://web.archive.org/web/20250528163902id_/http://old.dghs.gov.bd/images/docs/vpr/20241223_dengue_all.pdf,wayback,200,1168844,e52e72d22357044e2d11d211dc3ef30c436ed0789b929e365e9ecc230720801e,2026-09-22T13:04:43.956057+00:00
2024-12-24,https://web.archive.org/web/20250528163540id_/http://old.dghs.gov.bd/images/docs/vpr/20241224_dengue_all.pdf,wayback,200,1369248,6e6be1e64d8eaecaf26e4efa688dada62b0785c28506446948f6900762d006e7,2026-09-22T13:04:46.183381+00:00
2024-12-25,https://web.archive.org/web/20250528163622id_/http://old.dghs.gov.bd/images/docs/vpr/20241225_dengue_all.pdf,wayback,200,1141797,1731bd841266e799770658e425232ab029aab8d58dfdae692297df30ef5decdf,2026-09-22T13:04:48.292832+00:00
2024-12-26,https://web.archive.org/web/20250528164128id_/http://old.dghs.gov.bd/images/docs/vpr/20241226_dengue_all.pdf,wayback,200,949041,b4c1cab9ea299e1eb45cad978f2ba25fc27341b18374eb808598184f1c08756b,2026-09-22T13:04:50.515587+00:00
2024-12-27,https://web.archive.org/web/20250528163718id_/http://old.dghs.gov.bd/images/docs/vpr/20241227_dengue_all.pdf,wayback,200,1154332,e0d6229b5bdc7784f420fbe0ca1d68521bb573b5abec4d5d4101c44268ecc10e,2026-09-22T13:04:53.129123+00:00
2024-12-28,https://web.archive.org/web/20250528163537id_/http://old.dghs.gov.bd/images/docs/vpr/20241228_dengue_all.pdf,wayback,200,1155500,fe0207032f13abccb62e342bec50b4db8168c0de07d81f20e3d334c82364c852,2026-09-22T13:04:56.042843+00:00
2024-12-29,https://web.archive.org/web/20250528163448id_/http://old.dghs.gov.bd/images/docs/vpr/20241229_dengue_all.pdf,wayback,200,1366818,a504f1e8e64bd779da818d7e3561f753c5f0a736bad27dff76ebb7fa4ba2280d,2026-09-22T13:04:58.273998+00:00
2024-12-30,https://web.archive.org/web/20250528163542id_/http://old.dghs.gov.bd/images/docs/vpr/20241230_dengue_all.pdf,wayback,200,1347814,de21a323d2ea015a65fb27e3b25708f40d2c28c824af40c282f2667102f17a10,2026-09-22T13:05:00.921978+00:00
2024-12-31,https://web.archive.org/web/20250119172730id_/https://old.dghs.gov.bd/images/docs/vpr/20241231_dengue_all.pdf,wayback,200,1434919,a34e5d7f446f6df8a6c9e78550b0ab8935af01f5298e5ced278b96fcca8f6fab,2026-09-22T13:05:03.700448+00:00
2025-01-01,https://web.archive.org/web/20250528163503id_/http://old.dghs.gov.bd/images/docs/vpr/20250101_dengue_all.pdf,wayback,200,1268952,ef69631432e7d630846f017a624aae0f9353b7a68053d45ed54facb5047ab729,2026-09-22T13:05:07.255239+00:00
2025-01-02,https://web.archive.org/web/20250528163436id_/http://old.dghs.gov.bd/images/docs/vpr/20250102_dengue_all.pdf,wayback,200,1125644,f3688a11633e9b8d21c21c903b924f390b9cf64aa348eea25b64abcb7ddf821c,2026-09-22T13:05:09.395713+00:00
2025-01-03,https://web.archive.org/web/20250528163423id_/http://old.dghs.gov.bd/images/docs/vpr/20250103_dengue_all.pdf,wayback,200,1175682,75c21ec3326f3bc204fb6fe9d1a5e3665024ac23a5d9995717e454f575852257,2026-09-22T13:05:14.865008+00:00
2025-01-04,https://web.archive.org/web/20250528163600id_/http://old.dghs.gov.bd/images/docs/vpr/20250104_dengue_all.pdf,wayback,200,1111352,930aa92bd49585f3aef6892d60712e832397ef184663413f508e0b5b9394b167,2026-09-22T13:05:17.449406+00:00
2025-01-05,https://web.archive.org/web/20250528163436id_/http://old.dghs.gov.bd/images/docs/vpr/20250105_dengue_all.pdf,wayback,200,1026021,59167b0c1ee9b74d6fad7c95e90cbafc7b62c6145c504c816553e52f3365d0b4,2026-09-22T13:05:21.823941+00:00
2025-01-06,https://web.archive.org/web/20250528163622id_/http://old.dghs.gov.bd/images/docs/vpr/20250106_dengue_all.pdf,wayback,200,1056278,a972f77b29c3d0f42a744e74e672de43f2d5ddea144f8427f158107cb95f830f,2026-09-22T13:05:24.390815+00:00
2025-01-07,https://web.archive.org/web/20250528163645id_/http://old.dghs.gov.bd/images/docs/vpr/20250107_dengue_all.pdf,wayback,200,1227304,89afbe1436d1b69d80aaeb95c7a783ac9d4f54b803ccd967c0c8fb70e7c4437b,2026-09-22T13:05:27.535619+00:00
2025-01-08,https://web.archive.org/web/20250528163630id_/http://old.dghs.gov.bd/images/docs/vpr/20250108_dengue_all.pdf,wayback,200,1247717,8b39e6585c36aa3972ac085769a8fbc18dc27016ef4a4a85fcf966e8cba880ab,2026-09-22T13:05:30.068832+00:00
2025-01-09,https://web.archive.org/web/20250528163600id_/http://old.dghs.gov.bd/images/docs/vpr/20250109_dengue_all.pdf,wayback,200,880789,01efa0e4f972aed84c179391459bddb5e73cf0e004c16954c1e8af8c6e732496,2026-09-22T13:05:32.600013+00:00
2025-01-10,https://web.archive.org/web/20250528163852id_/http://old.dghs.gov.bd/images/docs/vpr/20250110_dengue_all.pdf,wayback,200,1224937,349a21ec57a5e460e5990a538a4a4fde3c3cb6a21afe14a62747c019f87a5ed9,2026-09-22T13:05:35.156537+00:00
2025-01-11,https://web.archive.org/web/20250528163518id_/http://old.dghs.gov.bd/images/docs/vpr/20250111_dengue_all.pdf,wayback,200,1037868,cd262147c9a79c107bf1dddd95ffce7d4205f67ae85ef7416efdadf5effe1b95,2026-09-22T13:05:37.923060+00:00
2025-01-12,https://web.archive.org/web/20250119172640id_/https://old.dghs.gov.bd/images/docs/vpr/20250112_dengue_all.pdf,wayback,200,1055041,741cc88939d4c825961f16cbbd682aa84a69fc6e744119810401531c72e0daa7,2026-09-22T13:05:40.672906+00:00
2025-01-13,https://web.archive.org/web/20250528163415id_/http://old.dghs.gov.bd/images/docs/vpr/20250113_dengue_all.pdf,wayback,200,1087544,94fa98a938c603393977a51e30cf0cba91495bdc86c30c5037004bbca21345e2,2026-09-22T13:05:43.735576+00:00
2025-01-14,https://web.archive.org/web/20250528163551id_/http://old.dghs.gov.bd/images/docs/vpr/20250114_dengue_all.pdf,wayback,200,1234203,b13ce05b23eeceb1fba556ce9e3331bce90ac7616c5d53239e21895c5215e2fa,2026-09-22T13:05:46.196769+00:00
2025-01-15,https://web.archive.org/web/20250528163541id_/http://old.dghs.gov.bd/images/docs/vpr/20250115_dengue_all.pdf,wayback,200,1351054,5edeeaf028c74cf60eb1d0cea8d84a275472cde77340d84b15d1095ae873c722,2026-09-22T13:05:48.621006+00:00
2025-01-16,https://web.archive.org/web/20250528163529id_/http://old.dghs.gov.bd/images/docs/vpr/20250116_dengue_all.pdf,wayback,200,1024791,07038a4c85f9eb931cfda187276ce83d1cdf375889bbb62335d34b904247874a,2026-09-22T13:05:51.194219+00:00
2025-01-17,https://web.archive.org/web/20260608104318id_/https://old.dghs.gov.bd/images/docs/vpr/20250117_dengue_all.pdf,wayback,200,1222464,abbe12a70dc3f7266b6f830e25f44e6027f98b86af1a8d799a11dc39aa3f39d7,2026-09-22T13:05:53.454392+00:00
2025-01-18,https://web.archive.org/web/20250528163549id_/http://old.dghs.gov.bd/images/docs/vpr/20250118_dengue_all.pdf,wayback,200,1040667,734bb57be958b7d7464c3f90a41911a42236cea7c507a823f5720d13bda9a8ed,2026-09-22T13:05:57.201058+00:00
2025-01-19,https://web.archive.org/web/20250528163450id_/http://old.dghs.gov.bd/images/docs/vpr/20250119_dengue_all.pdf,wayback,ERR,0,,2026-09-22T13:07:05.631439+00:00
2025-01-20,https://web.archive.org/web/20250528163621id_/http://old.dghs.gov.bd/images/docs/vpr/20250120_dengue_all.pdf,wayback,200,1081821,d26752fe42610405ac97e028f62b03ea9d675800412edd99cd8635d9359d47ee,2026-09-22T13:07:08.660808+00:00
2025-01-21,https://web.archive.org/web/20250528163421id_/http://old.dghs.gov.bd/images/docs/vpr/20250121_dengue_all.pdf,wayback,200,900073,d4cf84fa2fa2c8d44cadb307550ad8a2d8b0f41bfee1146b0cf5c7e49348d51f,2026-09-22T13:07:10.723656+00:00
2025-01-22,https://web.archive.org/web/20250528163747id_/http://old.dghs.gov.bd/images/docs/vpr/20250122_dengue_all.pdf,wayback,200,1340486,0a583ae969993d3d0abbcce4e31f0c53ab3028e494487b0960a74aee8104f53b,2026-09-22T13:07:13.013749+00:00
2025-01-23,https://web.archive.org/web/20250528163448id_/http://old.dghs.gov.bd/images/docs/vpr/20250123_dengue_all.pdf,wayback,200,1327397,ac29d818d152883240049dabec76203c99d3687d1f2c9abb7a5bc64bebdc3537,2026-09-22T13:07:15.458424+00:00
2025-01-24,https://web.archive.org/web/20250528163757id_/http://old.dghs.gov.bd/images/docs/vpr/20250124_dengue_all.pdf,wayback,200,1022470,8959da99a44e5eab3b957f73aae859dbe66d80dc5ee3d264b90061354cd6003c,2026-09-22T13:07:17.506537+00:00
2025-01-25,https://web.archive.org/web/20250528163726id_/http://old.dghs.gov.bd/images/docs/vpr/20250125_dengue_all.pdf,wayback,200,1109130,88d2635a783241cbdde955c1ac6caa8b2b31b5b67cd381c8ba61d685c56ee774,2026-09-22T13:07:19.807149+00:00
2025-01-26,https://web.archive.org/web/20250131185957id_/https://old.dghs.gov.bd/images/docs/vpr/20250126_dengue_all.pdf,wayback,200,1081897,040bc2dbcf7cbe77d93d12ecc124eef210ad5aaf0bb7e058c30fa1cf68aec0aa,2026-09-22T13:07:21.927826+00:00
2025-01-27,https://web.archive.org/web/20250528163628id_/http://old.dghs.gov.bd/images/docs/vpr/20250127_dengue_all.pdf,wayback,200,1054394,5cbc938ae8679e581fa3b26ad20da2b43f095e18bd74e0225b9b5d369181556f,2026-09-22T13:07:27.110032+00:00
2025-01-28,https://web.archive.org/web/20250528164100id_/http://old.dghs.gov.bd/images/docs/vpr/20250128_dengue_all.pdf,wayback,200,1342916,dd324be95c2e264bea1116d39b68bc9c841a8965bd9d4168b4ce70a63ab3ea43,2026-09-22T13:07:29.463581+00:00
2025-01-29,https://web.archive.org/web/20260608104312id_/https://old.dghs.gov.bd/images/docs/vpr/20250129_dengue_all.pdf,wayback,200,1351547,858c37e02464c397415137f6819796d66eec50adf323851534245f6127d4cb64,2026-09-22T13:07:31.811327+00:00
2025-01-30,https://web.archive.org/web/20250528163604id_/http://old.dghs.gov.bd/images/docs/vpr/20250130_dengue_all.pdf,wayback,200,1371684,bca8e91bb7753509ce3698f31d3c9328c82ab089f9fcab6116ba86e81e4b6037,2026-09-22T13:07:34.087821+00:00
2025-01-31,https://web.archive.org/web/20250528163500id_/http://old.dghs.gov.bd/images/docs/vpr/20250131_dengue_all.pdf,wayback,200,1366890,2cb6d24ff8611c459fe790ec760dba19803e14169c9f27568552d92b3944f054,2026-09-22T13:07:36.495068+00:00
2025-02-01,https://web.archive.org/web/20250528163826id_/http://old.dghs.gov.bd/images/docs/vpr/20250201_dengue_all.pdf,wayback,200,1187136,0ecce512f68163ddd4f04b35f4896f0c644cfa5af0bb84c78669749cdd969e1c,2026-09-22T13:07:38.836472+00:00
2025-02-02,https://web.archive.org/web/20250528163423id_/http://old.dghs.gov.bd/images/docs/vpr/20250202_dengue_all.pdf,wayback,200,1267292,c8e15dad01f63202ff4d31a760cf44bdb1be60b57ce9b7039231dc013832326a,2026-09-22T13:07:43.704230+00:00
2025-02-03,https://web.archive.org/web/20250528163432id_/http://old.dghs.gov.bd/images/docs/vpr/20250203_dengue_all.pdf,wayback,200,1059020,20bfa77b57bfe55a9fbeae06794f4f1bd7b262e5a40234c079e8f71207d71c34,2026-09-22T13:07:46.087430+00:00
2025-02-04,https://web.archive.org/web/20250528163532id_/http://old.dghs.gov.bd/images/docs/vpr/20250204_dengue_all.pdf,wayback,200,1357483,52985985b925e52a0e36f3cd45c35e71169143e74c857f6f6d60f527f21176cc,2026-09-22T13:07:48.507987+00:00
2025-02-05,https://web.archive.org/web/20250528163435id_/http://old.dghs.gov.bd/images/docs/vpr/20250205_dengue_all.pdf,wayback,200,1347963,4d07fd053cafa8cb9f248946b99bfae80702d9330e6279fd6e05cfa154cafe0f,2026-09-22T13:07:50.914418+00:00
2025-02-06,https://web.archive.org/web/20250528163441id_/http://old.dghs.gov.bd/images/docs/vpr/20250206_dengue_all.pdf,wayback,200,1356776,105fa18eedc7447581be12691f575a1fd68149b272dec6c63bd6b9fcf970ef78,2026-09-22T13:07:53.296302+00:00
2025-02-07,https://web.archive.org/web/20250528163540id_/http://old.dghs.gov.bd/images/docs/vpr/20250207_dengue_all.pdf,wayback,200,1348062,83cb6fe3642157ea7b1b4a46d9c9326d253835ee194415e2672d688412c2aeb7,2026-09-22T13:07:55.643196+00:00
2025-02-08,https://web.archive.org/web/20250528163713id_/http://old.dghs.gov.bd/images/docs/vpr/20250208_dengue_all.pdf,wayback,200,1270553,8736bfc8ee5b53c9e2bf769162f258309f259bb3eb0f4e0fdd26d0c405d58ff1,2026-09-22T13:07:57.954862+00:00
2025-02-09,https://web.archive.org/web/20250221103420id_/https://old.dghs.gov.bd/images/docs/vpr/20250209_dengue_all.pdf,wayback,200,1180972,ce25f52a50c0bcd0b156dfac8e305294e677edf73297a884d39a0c1a10b07b3e,2026-09-22T13:08:00.550604+00:00
2025-02-10,https://web.archive.org/web/20250528163434id_/http://old.dghs.gov.bd/images/docs/vpr/20250210_dengue_all.pdf,wayback,200,1279517,4c173c8aec11e5f6b586ff2f360fb12a5292ec0c86ff27239590bb5ae54282b2,2026-09-22T13:08:02.830492+00:00
2025-02-11,https://web.archive.org/web/20250528163414id_/http://old.dghs.gov.bd/images/docs/vpr/20250211_dengue_all.pdf,wayback,200,1365396,f6005c9edc8e63e7ebf13481925542051708de7679237b92db5f9c27fdbfea89,2026-09-22T13:08:05.237216+00:00
2025-02-12,https://web.archive.org/web/20250528163611id_/http://old.dghs.gov.bd/images/docs/vpr/20250212_dengue_all.pdf,wayback,200,1255745,a27eba2481ffd7e0b59901ad3cc5b64b0683298a8bfb48ef5c93f8f37f285a08,2026-09-22T13:08:10.535523+00:00
2025-02-13,https://web.archive.org/web/20250528163512id_/http://old.dghs.gov.bd/images/docs/vpr/20250213_dengue_all.pdf,wayback,200,1354151,10397fd547b9095f138c3920fbb92c044eccf2dd59d1f51a621cc80ba7699e80,2026-09-22T13:08:12.523251+00:00
2025-02-14,https://web.archive.org/web/20250528163555id_/http://old.dghs.gov.bd/images/docs/vpr/20250214_dengue_all.pdf,wayback,200,1350840,cf35876c0cf4c9a8096cb2c5aaad2cc5c5388fdbb5be5950ac8eb70bc59d66f0,2026-09-22T13:08:14.911289+00:00
2025-02-15,https://web.archive.org/web/20250528163644id_/http://old.dghs.gov.bd/images/docs/vpr/20250215_dengue_all.pdf,wayback,200,1065128,aca038beb7dc6922dafe604251574a4416712bfc6daca5bb7313178200b12f04,2026-09-22T13:08:17.489551+00:00
2025-02-16,https://web.archive.org/web/20250405092459id_/https://old.dghs.gov.bd/images/docs/vpr/20250216_dengue_all.pdf,wayback,200,1387711,200c6c3f6c5a5fc96cc960b79880f8780df24b6c7d74a3cdc7470755331f6eef,2026-09-22T13:08:20.227075+00:00
2025-02-17,https://web.archive.org/web/20250528163433id_/http://old.dghs.gov.bd/images/docs/vpr/20250217_dengue_all.pdf,wayback,200,1089300,d18538d9cd877823482305b27dbe319a4ba050ca8177717cfe2a0424273472f5,2026-09-22T13:08:22.791554+00:00
2025-02-18,https://web.archive.org/web/20250528163409id_/http://old.dghs.gov.bd/images/docs/vpr/20250218_dengue_all.pdf,wayback,200,1389132,b04b1753ec57d45899cb7a5a1af372a1cecf87bfb25cf30e057bc5dcad5e85dd,2026-09-22T13:08:26.176698+00:00
2025-02-19,https://web.archive.org/web/20260608104257id_/https://old.dghs.gov.bd/images/docs/vpr/20250219_dengue_all.pdf,wayback,200,1273972,690b61bcca4ce9b700bba469eed9dc34e7bbf77990b002648f83198efa31406c,2026-09-22T13:08:29.424351+00:00
2025-02-20,https://web.archive.org/web/20250528163928id_/http://old.dghs.gov.bd/images/docs/vpr/20250220_dengue_all.pdf,wayback,200,1055263,f97922897cd596cabeffb0de55290945fa26d44d5087d57042eec68b4b8a9a57,2026-09-22T13:08:32.050569+00:00
2025-02-21,https://web.archive.org/web/20250528163539id_/http://old.dghs.gov.bd/images/docs/vpr/20250221_dengue_all.pdf,wayback,200,1364467,5d34576d4a143c50045cb3cf1fe41580f6c7b935d6e42eb9b28e5ee183aad82c,2026-09-22T13:08:34.393617+00:00
2025-02-22,https://web.archive.org/web/20250528163506id_/http://old.dghs.gov.bd/images/docs/vpr/20250222_dengue_all.pdf,wayback,200,1104653,f61dedf95f65a093a69dceb0a9f09a233649ca089ae215445118e463ae11908d,2026-09-22T13:08:36.709224+00:00
2025-02-23,https://web.archive.org/web/20250228124836id_/https://old.dghs.gov.bd/images/docs/vpr/20250223_dengue_all.pdf,wayback,200,1400998,f8ae486663414ba17d6a0529d6ae2031c009cb6031bc60b5e1379792593ae2f4,2026-09-22T13:08:39.718798+00:00
2025-02-24,https://web.archive.org/web/20250528163602id_/http://old.dghs.gov.bd/images/docs/vpr/20250224_dengue_all.pdf,wayback,200,1100577,c01a0a81d3c5b7a6139045fa5a18b7a0b9c11e0007ef9ed2f167e513f99dcd44,2026-09-22T13:08:41.977656+00:00
2025-02-25,https://web.archive.org/web/20250528163544id_/http://old.dghs.gov.bd/images/docs/vpr/20250225_dengue_all.pdf,wayback,200,1060984,a0b5831a5516bd62755c4eb5431e17fd9a5e5befaa9e18a42dc948702b633972,2026-09-22T13:08:44.368008+00:00
2025-02-26,https://web.archive.org/web/20250528163515id_/http://old.dghs.gov.bd/images/docs/vpr/20250226_dengue_all.pdf,wayback,200,1060728,da70b0a1d670fcad02adf542982a7d364363849472b73ea35162e3433430b836,2026-09-22T13:08:46.691485+00:00
2025-02-27,https://web.archive.org/web/20250528163523id_/http://old.dghs.gov.bd/images/docs/vpr/20250227_dengue_all.pdf,wayback,200,1074051,b0863748b67196b23bd3f8450beab47bdc811bad7faa2cf6308bfa2745cb77e2,2026-09-22T13:08:49.066169+00:00
2025-02-28,https://web.archive.org/web/20250528171527id_/http://old.dghs.gov.bd/images/docs/vpr/20250228_dengue_all.pdf,wayback,200,1082227,fa9ab3e6be5640d9c35f012df172cc34b1e2fa487051804c0b32e599fe6d7948,2026-09-22T13:08:51.658685+00:00
2025-03-01,https://web.archive.org/web/20250528163426id_/http://old.dghs.gov.bd/images/docs/vpr/20250301_dengue_all.pdf,wayback,200,1355829,264661a0a82782714b1c5a645531c8ebcde47af7ccdb4844e28ea4047291b49d,2026-09-22T13:08:54.050498+00:00
2025-03-02,https://web.archive.org/web/20250528163651id_/http://old.dghs.gov.bd/images/docs/vpr/20250302_dengue_all.pdf,wayback,200,1094430,38402a537d5be383686e4ff5ca0dd31fd6d1e8b4f07c74b4c6ced13e670667ea,2026-09-22T13:08:56.597784+00:00
2025-03-03,https://web.archive.org/web/20250528163412id_/http://old.dghs.gov.bd/images/docs/vpr/20250303_dengue_all.pdf,wayback,200,1358208,a223d0eac421bca24fb4acbcf57644d0ffd761f4bb85995a200ec8d200b351b8,2026-09-22T13:08:58.962333+00:00
2025-03-04,https://web.archive.org/web/20250528163414id_/http://old.dghs.gov.bd/images/docs/vpr/20250304_dengue_all.pdf,wayback,200,1060323,398cc9da6cb7bd9471043b24a44bf8452e1e496748ca6f15338e8cab5a1b58ec,2026-09-22T13:09:03.511314+00:00
2025-03-05,https://web.archive.org/web/20250528163559id_/http://old.dghs.gov.bd/images/docs/vpr/20250305_dengue_all.pdf,wayback,200,1060594,249ec103260e1eeac22a870e58cd12f9da3ebdef5ac3b1f994831f81c356c3ed,2026-09-22T13:09:05.849633+00:00
2025-03-06,https://web.archive.org/web/20250528163703id_/http://old.dghs.gov.bd/images/docs/vpr/20250306_dengue_all.pdf,wayback,200,1060450,3a3e0e7598fc66740b4559b3f041a675704b899a133fa486ffe60c0d6b8d80f2,2026-09-22T13:09:08.229615+00:00
2025-03-07,https://web.archive.org/web/20260608104246id_/https://old.dghs.gov.bd/images/docs/vpr/20250307_dengue_all.pdf,wayback,200,1058948,da2aa14896f770a03122cf447efe3261ec72845fe9cfabd5f646d2b5167124fd,2026-09-22T13:09:10.547263+00:00
2025-03-08,https://web.archive.org/web/20250528163422id_/http://old.dghs.gov.bd/images/docs/vpr/20250308_dengue_all.pdf,wayback,200,1371113,8e6db22c759025d2d0582bdc45ea8f0c5712205fd6af774f0f9703939963d2af,2026-09-22T13:09:12.970414+00:00
2025-03-09,https://web.archive.org/web/20250315030612id_/https://old.dghs.gov.bd/images/docs/vpr/20250309_dengue_all.pdf,wayback,200,1378240,417d6b6b6a81642bd94707efe9970e931fb69cac9dcd293119b5a87e80e65159,2026-09-22T13:09:15.250352+00:00
2025-03-10,https://web.archive.org/web/20250528163521id_/http://old.dghs.gov.bd/images/docs/vpr/20250310_dengue_all.pdf,wayback,200,1363275,42862b45f14d2bd39cc0747627c6b155890eb5337ef35987d3a2ea53420df0c8,2026-09-22T13:09:19.066189+00:00
2025-03-11,https://web.archive.org/web/20250528163733id_/http://old.dghs.gov.bd/images/docs/vpr/20250311_dengue_all.pdf,wayback,200,837885,12a65d3866187a1e4474dee4450cc72db63983ef5639da0d3e29770dfacc6865,2026-09-22T13:09:21.232250+00:00
2025-03-12,https://web.archive.org/web/20250528163850id_/http://old.dghs.gov.bd/images/docs/vpr/20250312_dengue_all.pdf,wayback,200,1054701,470adca89823c874cc64477449c20d58440e8eab36edccbd7b1797c2122f5165,2026-09-22T13:09:23.597887+00:00
2025-03-13,https://web.archive.org/web/20250528163453id_/http://old.dghs.gov.bd/images/docs/vpr/20250313_dengue_all.pdf,wayback,200,1051727,d6239e06f1703cebf0eaea3da69f095553b7b774459be468e5f8e4577b88144b,2026-09-22T13:09:25.938888+00:00
2025-03-14,https://web.archive.org/web/20250528163909id_/http://old.dghs.gov.bd/images/docs/vpr/20250314_dengue_all.pdf,wayback,200,1072473,3c561296a31b57e97a59a7a43dd9e8727913b32787f2cbf13a3e4090b89864ca,2026-09-22T13:09:28.338389+00:00
2025-03-15,https://web.archive.org/web/20260608104240id_/https://old.dghs.gov.bd/images/docs/vpr/20250315_dengue_all.pdf,wayback,200,1268294,853faeb7b4e616ece997d20099678d728c23982e82d02b887045bb4237ae025a,2026-09-22T13:09:30.827221+00:00
2025-03-16,https://web.archive.org/web/20260608104240id_/https://old.dghs.gov.bd/images/docs/vpr/20250316_dengue_all.pdf,wayback,200,1066603,2048ec3b2c05feab80a77c81689911eeb1feeff48a340cd137ccf7f90354976d,2026-09-22T13:09:33.121562+00:00
2025-03-17,https://web.archive.org/web/20260608104240id_/https://old.dghs.gov.bd/images/docs/vpr/20250317_dengue_all.pdf,wayback,200,1377568,110250c3b3fc2aec881eb0c2732285b959daafc150c878a38e3786ef618829f4,2026-09-22T13:09:35.464844+00:00
2025-03-18,https://web.archive.org/web/20260608104239id_/https://old.dghs.gov.bd/images/docs/vpr/20250318_dengue_all.pdf,wayback,200,1064825,6b2e3b24aaf16bac8b4f9077dcf1e5411e8d394f6a4114a56811f170a2adebd6,2026-09-22T13:09:37.710318+00:00
2025-03-19,https://web.archive.org/web/20260608104238id_/https://old.dghs.gov.bd/images/docs/vpr/20250319_dengue_all.pdf,wayback,200,1380663,5a1c9595dc44298254cfa2dd0bebe73f36bcd09acd20ea13fea87f8d0d98b951,2026-09-22T13:09:40.012290+00:00
2025-03-20,https://web.archive.org/web/20260608104237id_/https://old.dghs.gov.bd/images/docs/vpr/20250320_dengue_all.pdf,wayback,200,1363216,ed76b10b36550715d21b262b16a158250404bbb048c8ef6b7d103423acadc66d,2026-09-22T13:09:42.415680+00:00
2025-03-21,https://web.archive.org/web/20260608104236id_/https://old.dghs.gov.bd/images/docs/vpr/20250321_dengue_all.pdf,wayback,200,1051289,5b27a390f1ee9bcb36ab9594f2b25f545bb44aca5e1e3a5f42fa90515f0d996c,2026-09-22T13:09:44.444803+00:00
2025-03-22,https://web.archive.org/web/20260608104236id_/https://old.dghs.gov.bd/images/docs/vpr/20250322_dengue_all.pdf,wayback,200,1367438,01b98bf3a748eefc725531add2899b37373596c7967da675e4039281c8e51b80,2026-09-22T13:09:46.740504+00:00
2025-03-23,https://web.archive.org/web/20250528163629id_/http://old.dghs.gov.bd/images/docs/vpr/20250323_dengue_all.pdf,wayback,200,1061748,e25ad3b1b6b185ffc2d0226d84137b23ce48c9d9d815a75b3a5c6d54c442937c,2026-09-22T13:09:49.016116+00:00
2025-03-24,https://web.archive.org/web/20250528163525id_/http://old.dghs.gov.bd/images/docs/vpr/20250324_dengue_all.pdf,wayback,200,1369728,2fa97c1ffc5947f80c0ed9d4fcbd20a242c8f364a871f09ccc3dd977e131714e,2026-09-22T13:09:56.193325+00:00
2025-03-25,https://web.archive.org/web/20250528163414id_/http://old.dghs.gov.bd/images/docs/vpr/20250325_dengue_all.pdf,wayback,200,1366672,36d5f13d3b07ac084a8ef1240c91c383de7b96c89b9560bcb79492b0317f9bc7,2026-09-22T13:09:58.454024+00:00
2025-03-26,https://web.archive.org/web/20250528163700id_/http://old.dghs.gov.bd/images/docs/vpr/20250326_dengue_all.pdf,wayback,200,908998,8c44c2d764c75ff25d48a788b77476b7f013cc5c95db5678b7fe265da7f76380,2026-09-22T13:10:00.568419+00:00
2025-03-27,https://web.archive.org/web/20250528163437id_/http://old.dghs.gov.bd/images/docs/vpr/20250327_dengue_all.pdf,wayback,200,1058475,c496fff0c3aad9b4260dc0565d0f7112af063323c64d05a8d3a5e7baf7192f91,2026-09-22T13:10:03.013864+00:00
2025-03-28,https://web.archive.org/web/20250528163614id_/http://old.dghs.gov.bd/images/docs/vpr/20250328_dengue_all.pdf,wayback,200,893568,73c4f2626cc5cf321c43eafb9c11751f8734bb96a50cdd77271b5b2c831be76f,2026-09-22T13:10:05.168735+00:00
2025-03-29,https://web.archive.org/web/20250528163547id_/http://old.dghs.gov.bd/images/docs/vpr/20250329_dengue_all.pdf,wayback,200,899294,ce853b34307bc0effebdd9338169cb5d3527b423750bf36b92f2fa85d6e008e2,2026-09-22T13:10:07.667278+00:00
2025-03-30,https://web.archive.org/web/20250528163555id_/http://old.dghs.gov.bd/images/docs/vpr/20250330_dengue_all.pdf,wayback,200,1121927,fb57cd16cf842d5f84ad5aedb5020eafb77a2f9a2e3a8b3ded518a2c13593c0a,2026-09-22T13:10:12.747337+00:00
2025-03-31,https://web.archive.org/web/20250528163636id_/http://old.dghs.gov.bd/images/docs/vpr/20250331_dengue_all.pdf,wayback,200,1116090,727fd5a8a45504f0d997d7c9ef4680f4a9d546a01be7620e5a65e5875fffbae4,2026-09-22T13:10:15.115448+00:00
2025-04-01,https://web.archive.org/web/20250528163730id_/http://old.dghs.gov.bd/images/docs/vpr/20250401_dengue_all.pdf,wayback,200,1661319,12333fc806b924e8a125d3e5c29243ab63a4517f0305d17832230a7e41853e33,2026-09-22T13:10:19.861334+00:00
2025-04-02,https://web.archive.org/web/20250528163436id_/http://old.dghs.gov.bd/images/docs/vpr/20250402_dengue_all.pdf,wayback,200,1652588,826fc390add319f98040c3857ca8bc9f494df9e14c0d7f9e4d3558745677717a,2026-09-22T13:10:22.458286+00:00
2025-04-03,https://web.archive.org/web/20250528163535id_/http://old.dghs.gov.bd/images/docs/vpr/20250403_dengue_all.pdf,wayback,200,1686902,0d045e4a10e26ac7cd7905cc714f98bad31a35af89a9a3c03ff8d01dcb93f8e3,2026-09-22T13:10:24.782157+00:00
2025-04-04,https://web.archive.org/web/20250528163535id_/http://old.dghs.gov.bd/images/docs/vpr/20250404_dengue_all.pdf,wayback,200,1140093,bd313560d71980206d2488cd81d5878cddee2d767621d643e65abbe2f83e9fee,2026-09-22T13:10:26.932076+00:00
2025-04-05,https://web.archive.org/web/20250528163909id_/http://old.dghs.gov.bd/images/docs/vpr/20250405_dengue_all.pdf,wayback,200,1095879,7745df8bf704c1cff7159004f758c7d7a88be3bd5c788b34eea97e19ff90abee,2026-09-22T13:10:29.245339+00:00
2025-04-06,https://web.archive.org/web/20250528163500id_/http://old.dghs.gov.bd/images/docs/vpr/20250406_dengue_all.pdf,wayback,200,1125418,e294edabea8641ce4e82410fca182f8f7554c4ae10ff2a30b70437d4ebf328be,2026-09-22T13:10:31.463314+00:00
2025-04-07,https://web.archive.org/web/20250528163416id_/http://old.dghs.gov.bd/images/docs/vpr/20250407_dengue_all.pdf,wayback,200,1112050,c5545829190eb617e8d590f811143dfe7e1614e1f196dbad7336c6925e2c173f,2026-09-22T13:10:34.054336+00:00
2025-04-08,https://web.archive.org/web/20250528163750id_/http://old.dghs.gov.bd/images/docs/vpr/20250408_dengue_all.pdf,wayback,200,1088851,95b2bf4074344fe9e8fae06fd7832feb1791007c74c0adfcda75b740b3253ccd,2026-09-22T13:10:36.348040+00:00
2025-04-09,https://web.archive.org/web/20250528163608id_/http://old.dghs.gov.bd/images/docs/vpr/20250409_dengue_all.pdf,wayback,200,1114109,96b2f26fcdf1ea8136516038bc11089e81aac7dba29f23e359fcf8f634c79cfc,2026-09-22T13:10:38.733921+00:00
2025-04-10,https://web.archive.org/web/20250528163820id_/http://old.dghs.gov.bd/images/docs/vpr/20250410_dengue_all.pdf,wayback,200,1082505,17ca234fe0a0567df2b6208471e2340d4b07b5a273252d9de2d67470d24b986f,2026-09-22T13:10:41.655763+00:00
2025-04-11,https://web.archive.org/web/20250528163450id_/http://old.dghs.gov.bd/images/docs/vpr/20250411_dengue_all.pdf,wayback,200,1082784,02a2c598958bd6c095f13c4ff66d7aa1602fab0dff0773685ffaef8702420a48,2026-09-22T13:10:44.025256+00:00
2025-04-12,https://web.archive.org/web/20250528163838id_/http://old.dghs.gov.bd/images/docs/vpr/20250412_dengue_all.pdf,wayback,200,1387873,f6d4cb39dd59e00438a8cca3ebeaa134b9942690ec5f33551fa330e2a879c9d1,2026-09-22T13:10:46.388396+00:00
2025-04-13,https://web.archive.org/web/20250528164341id_/http://old.dghs.gov.bd/images/docs/vpr/20250413_dengue_all.pdf,wayback,200,1383338,928d0d3a485ce475c4b14cfbf0f29ca6156f7ac11ff6123131c8e94b77ac0b05,2026-09-22T13:10:48.713397+00:00
2025-04-14,https://web.archive.org/web/20250528163553id_/http://old.dghs.gov.bd/images/docs/vpr/20250414_dengue_all.pdf,wayback,200,1071331,d81fe40767be10e85afdb723124ddf742479e0a2c382215101a33d89f63aa6d7,2026-09-22T13:10:50.749246+00:00
2025-04-15,https://web.archive.org/web/20250528163923id_/http://old.dghs.gov.bd/images/docs/vpr/20250415_dengue_all.pdf,wayback,200,1375578,8d3386cbd94437ec419bd683b0f5d4c33e4507f4def131a2d1cc86b652d15a46,2026-09-22T13:10:53.186698+00:00
2025-04-16,https://web.archive.org/web/20250528163537id_/http://old.dghs.gov.bd/images/docs/vpr/20250416_dengue_all.pdf,wayback,200,1076931,fb20cabccb759a01df65f643be81ce393a3adb830981ed9a456fd53e44b48b3d,2026-09-22T13:10:55.436189+00:00
2025-04-17,https://web.archive.org/web/20250528163548id_/http://old.dghs.gov.bd/images/docs/vpr/20250417_dengue_all.pdf,wayback,200,1371285,eb7698812d0495c8c62ae2bfb765d2dc83460c9198cc146eacca2eb5b7941c5c,2026-09-22T13:10:57.658773+00:00
2025-04-18,https://web.archive.org/web/20250528163500id_/http://old.dghs.gov.bd/images/docs/vpr/20250418_dengue_all.pdf,wayback,200,1072750,d773194b9307114be94e328678354c91593c3cbd42764cf275d53acdf2095a54,2026-09-22T13:11:00.111053+00:00
2025-04-19,https://web.archive.org/web/20250528163417id_/http://old.dghs.gov.bd/images/docs/vpr/20250419_dengue_all.pdf,wayback,200,1084511,ba5ede12506783f1a690b3a7dc07aefe48a7a7af8cd64c32f885c0bd82f2a9fa,2026-09-22T13:11:02.412219+00:00
2025-04-20,https://web.archive.org/web/20250528163547id_/http://old.dghs.gov.bd/images/docs/vpr/20250420_dengue_all.pdf,wayback,200,1085540,05eb935f2db11febbec6e7b9b386ca780be5c7b01b6150ca4e7acf8ea555dee5,2026-09-22T13:11:04.796847+00:00
2025-04-21,https://web.archive.org/web/20250528163511id_/http://old.dghs.gov.bd/images/docs/vpr/20250421_dengue_all.pdf,wayback,200,1105706,7d736bec00ecbc8418e764ecdb9b774e09b16d20a80e4fe5c067bb293d7f8582,2026-09-22T13:11:07.043490+00:00
2025-04-22,https://web.archive.org/web/20250528163546id_/http://old.dghs.gov.bd/images/docs/vpr/20250422_dengue_all.pdf,wayback,200,1095071,88720459db2ee4f85d76f507ca28c16e93d59a450f7047f369b60847f86c301f,2026-09-22T13:11:09.444068+00:00
2025-04-23,https://web.archive.org/web/20250528163711id_/http://old.dghs.gov.bd/images/docs/vpr/20250423_dengue_all.pdf,wayback,200,1091429,50ead4d87007ea39b664ad0f0577825199ec3e3fa815b12bc8461963f88c23dd,2026-09-22T13:11:11.767844+00:00
2025-04-24,https://web.archive.org/web/20250528163610id_/http://old.dghs.gov.bd/images/docs/vpr/20250424_dengue_all.pdf,wayback,200,1076376,77a03b8a68d346811121b2390c6650a6a01ed88235873f83686a013c00fb15c1,2026-09-22T13:11:14.266226+00:00
2025-04-25,https://web.archive.org/web/20250528163525id_/http://old.dghs.gov.bd/images/docs/vpr/20250425_dengue_all.pdf,wayback,200,1079415,e2c441214389163152cc1b10bdc5c8633cda20b5f86ce6444a0788f5e7b92857,2026-09-22T13:11:16.554530+00:00
2025-04-26,https://web.archive.org/web/20250528163436id_/http://old.dghs.gov.bd/images/docs/vpr/20250426_dengue_all.pdf,wayback,200,1085424,66c9b9018605ab6c82eba95b44c9c6faa6f66ca7fbf62c057ca0e816cd1def54,2026-09-22T13:11:18.807128+00:00
2025-04-27,https://web.archive.org/web/20250528163704id_/http://old.dghs.gov.bd/images/docs/vpr/20250427_dengue_all.pdf,wayback,200,1073619,f37411274cd2448631ca6a6d2c2c452f474401b20cfb235415d6789f54e5731e,2026-09-22T13:11:21.199483+00:00
2025-04-28,https://web.archive.org/web/20250528163417id_/http://old.dghs.gov.bd/images/docs/vpr/20250428_dengue_all.pdf,wayback,200,1096131,25856a1e0cfd4513b23d04beb115243cc0e12f9ee8cb87506976cda3dc9d9764,2026-09-22T13:11:24.255529+00:00
2025-04-29,https://web.archive.org/web/20250529084642id_/http://old.dghs.gov.bd/images/docs/vpr/20250429_dengue_all.pdf,wayback,200,1087661,d7f035f02111965a42088569163131c5763bca495f5a73adcf5c3d216ea25f9a,2026-09-22T13:11:27.629224+00:00
2025-04-30,https://web.archive.org/web/20250528163506id_/http://old.dghs.gov.bd/images/docs/vpr/20250430_dengue_all.pdf,wayback,200,1101650,27b96bee8086cc8227212cf70d9e8e33dbadf8cbce52522d6463714165e992dd,2026-09-22T13:11:30.014159+00:00
2025-05-01,https://web.archive.org/web/20250528163526id_/http://old.dghs.gov.bd/images/docs/vpr/20250501_dengue_all.pdf,wayback,200,1084234,b5182c1e8666e3c77099ec2b5641099fe1b7ed1ff3b82ec66afecb9fa8d72eff,2026-09-22T13:11:32.465197+00:00
2025-05-02,https://web.archive.org/web/20250529024451id_/https://old.dghs.gov.bd/images/docs/vpr/20250502_dengue_all.pdf,wayback,200,1076993,14ca54d18e0ea4041d0100dc32bcb57fedef0b89f2fc00003c3a08a4da56e975,2026-09-22T13:11:34.994021+00:00
2025-05-03,https://web.archive.org/web/20250529024511id_/https://old.dghs.gov.bd/images/docs/vpr/20250503_dengue_all.pdf,wayback,200,1110520,b69d3d2fd4f19867c958fe1cd8b46da2603e764a1c3e61519a63812a33650163,2026-09-22T13:11:37.623227+00:00
2025-05-04,https://web.archive.org/web/20250529024618id_/https://old.dghs.gov.bd/images/docs/vpr/20250504_dengue_all.pdf,wayback,200,1088489,16a0badb679268a1cca2c52e40cb4a4950405c8b8806059066d422fea4b6dc2a,2026-09-22T13:11:39.925454+00:00
2025-05-05,https://web.archive.org/web/20250529024458id_/https://old.dghs.gov.bd/images/docs/vpr/20250505_dengue_all.pdf,wayback,200,1094088,30c41e36fde10584fa897638eb11440f29435afd476ff7636a8276496c18123c,2026-09-22T13:11:43.868645+00:00
2025-05-06,https://web.archive.org/web/20250529024740id_/https://old.dghs.gov.bd/images/docs/vpr/20250506_dengue_all.pdf,wayback,200,1411365,68bc66f5fc751a52c7643a288107ed7bd5941b3621993b54d230fd181044d174,2026-09-22T13:11:46.164307+00:00
2025-05-07,https://web.archive.org/web/20250529024532id_/https://old.dghs.gov.bd/images/docs/vpr/20250507_dengue_all.pdf,wayback,200,1089187,3d1005f5318803cdd81d12a7b15e39c0d4280bcce3802a1064fafb9f4097ef92,2026-09-22T13:11:49.401463+00:00
2025-05-08,https://web.archive.org/web/20250529024629id_/https://old.dghs.gov.bd/images/docs/vpr/20250508_dengue_all.pdf,wayback,200,1395883,bcf331b8266a4820ce38df7b15abcce6df2e4bc3437964bc3e2e4630cb55dbfa,2026-09-22T13:11:51.970418+00:00
2025-05-09,https://web.archive.org/web/20250529024520id_/https://old.dghs.gov.bd/images/docs/vpr/20250509_dengue_all.pdf,wayback,200,1087354,61e0bf9a96e5820ca192178b56fc285e2b7af3c906e9ddb6ecfa47ed18a47105,2026-09-22T13:11:55.063157+00:00
2025-05-10,https://web.archive.org/web/20250529024518id_/https://old.dghs.gov.bd/images/docs/vpr/20250510_dengue_all.pdf,wayback,200,1395645,4ef03d784dc0ccc93e8a9a7708d98d3a9388f4519600ff90c40e56be38a33d05,2026-09-22T13:11:57.460001+00:00
2025-05-11,https://web.archive.org/web/20250530165250id_/https://old.dghs.gov.bd/images/docs/vpr/20250511_dengue_all.pdf,wayback,200,1094336,e8a2325d68693fd608312f77d776a8688fffc3d3e6901293c6751fc2808d5369,2026-09-22T13:11:59.961776+00:00
2025-05-12,https://web.archive.org/web/20250529024556id_/https://old.dghs.gov.bd/images/docs/vpr/20250512_dengue_all.pdf,wayback,200,1110880,afea0da32a2492beed9321493c7a287714c230bc436c241827773cf0c0403fdc,2026-09-22T13:12:02.329257+00:00
2025-05-13,https://web.archive.org/web/20250529024448id_/https://old.dghs.gov.bd/images/docs/vpr/20250513_dengue_all.pdf,wayback,200,1397210,fc037cf3b86ae19bd0de9df62aeab6a76109703afab9377f7d5c864048497dc2,2026-09-22T13:12:05.030292+00:00
2025-05-14,https://web.archive.org/web/20250529024458id_/https://old.dghs.gov.bd/images/docs/vpr/20250514_dengue_all.pdf,wayback,200,1098013,9cb53397f54471e309d10de91a2582ba93b3dc75d843361e3993b54fefa039cc,2026-09-22T13:12:08.218018+00:00
2025-05-15,https://web.archive.org/web/20250529024518id_/https://old.dghs.gov.bd/images/docs/vpr/20250515_dengue_all.pdf,wayback,200,1097841,9c8dc30cc0ce0eef11807e3dc6c5554b7af021f50e220e1c7e9b30dbc03219a0,2026-09-22T13:12:10.526623+00:00
2025-05-16,https://web.archive.org/web/20250529024510id_/https://old.dghs.gov.bd/images/docs/vpr/20250516_dengue_all.pdf,wayback,200,1091064,db8d1e5196e29ff9003b133d041bc54b9101333fd773f4ef76863aab14345fe2,2026-09-22T13:12:12.874008+00:00
2025-05-17,https://web.archive.org/web/20250529024458id_/https://old.dghs.gov.bd/images/docs/vpr/20250517_dengue_all.pdf,wayback,200,1098851,8cc197d74b2c96f84783a0cec4cbf9602f363f3a1c5879445a3046b2c146b832,2026-09-22T13:12:15.246767+00:00
2025-05-18,https://web.archive.org/web/20250529024557id_/https://old.dghs.gov.bd/images/docs/vpr/20250518_dengue_all.pdf,wayback,200,1110472,471a319b2de153b5172a7e144a47fb580f44f9fe725bdbd93e69b84c84321108,2026-09-22T13:12:17.664137+00:00
2025-05-19,https://web.archive.org/web/20250529024603id_/https://old.dghs.gov.bd/images/docs/vpr/20250519_dengue_all.pdf,wayback,200,1099666,fd43ca91b3f8bde91d67b195398990650842e8f7b4fba60a761b0d347d29da29,2026-09-22T13:12:20.054363+00:00
2025-05-20,https://web.archive.org/web/20250529024526id_/https://old.dghs.gov.bd/images/docs/vpr/20250520_dengue_all.pdf,wayback,200,1404830,88270e2943514c0366a1ae360628bb2efb9c393d0a19aebce170b625e69ae69a,2026-09-22T13:12:22.620078+00:00
2025-05-21,https://web.archive.org/web/20250529024534id_/https://old.dghs.gov.bd/images/docs/vpr/20250521_dengue_all.pdf,wayback,200,1419958,fd6837df2e1fae2233fbdb392b8a78bffc7d234bda44d50282ffd7ade1faf46a,2026-09-22T13:12:25.873507+00:00
2025-05-23,https://web.archive.org/web/20250529024511id_/https://old.dghs.gov.bd/images/docs/vpr/20250523_dengue_all.pdf,wayback,200,982406,78d8cdbda925d24aeab73c74dca7ac368161bddf3e83695b0c50591ac7e13b73,2026-09-22T13:12:27.995792+00:00
2025-05-24,https://web.archive.org/web/20250529024513id_/https://old.dghs.gov.bd/images/docs/vpr/20250524_dengue_all.pdf,wayback,200,1095048,17f1ad95dc0a68f52d8faa93123df70bb4aa181bcdacc861d31d6a1100e162bd,2026-09-22T13:12:30.659491+00:00
2025-05-25,https://web.archive.org/web/20250529024527id_/https://old.dghs.gov.bd/images/docs/vpr/20250525_dengue_all.pdf,wayback,200,1111206,1726cb15c0c7c9f3157f7dcd2e392ffa8279148948ab012841bf2a9bbf586590,2026-09-22T13:12:33.021555+00:00
2025-05-26,https://web.archive.org/web/20250529024528id_/https://old.dghs.gov.bd/images/docs/vpr/20250526_dengue_all.pdf,wayback,200,1393271,ba988150a2baa662384f10d215b5b7c69af4235b565b9ab2fbc9273325edd83b,2026-09-22T13:12:35.491290+00:00
2025-05-27,https://web.archive.org/web/20250529024535id_/https://old.dghs.gov.bd/images/docs/vpr/20250527_dengue_all.pdf,wayback,200,1393798,81bccc9514126ccfd2140676e51cfbf217638ace435ef6be5eb5bdba383fdd24,2026-09-22T13:12:39.401646+00:00
2025-05-28,https://web.archive.org/web/20250529024454id_/https://old.dghs.gov.bd/images/docs/vpr/20250528_dengue_all.pdf,wayback,200,1397207,754d3e60f2e343a0bdbf6873e7f1a00b960c10adcfa4b60c3a1309d790a052d8,2026-09-22T13:12:41.740550+00:00
2025-05-29,https://web.archive.org/web/20250621210912id_/https://old.dghs.gov.bd/images/docs/vpr/20250529_dengue_all.pdf,wayback,200,1381850,1589d636d19d98470802694a1886336223acbf2e81436c89b94a91a5628a0e78,2026-09-22T13:12:47.801200+00:00
2025-05-30,https://web.archive.org/web/20250621210912id_/https://old.dghs.gov.bd/images/docs/vpr/20250530_dengue_all.pdf,wayback,200,1383841,cfd1f86831397ed0fb1974e7ff9c66d91b1ecbb8255aa4554cf0843dbb470de0,2026-09-22T13:12:50.123763+00:00
2025-05-31,https://web.archive.org/web/20250621210911id_/https://old.dghs.gov.bd/images/docs/vpr/20250531_dengue_all.pdf,wayback,200,1388846,6781467548be439fb1132a9a5418fc6f096e9e91d69056ace8ba74593c884c99,2026-09-22T13:12:52.536300+00:00
2025-06-01,https://web.archive.org/web/20250621210911id_/https://old.dghs.gov.bd/images/docs/vpr/20250601_dengue_all.pdf,wayback,200,1387313,c8ca5e244a0b0dcf05df29465ccb2d997bc533435a6875d64b7094734df01774,2026-09-22T13:12:56.486748+00:00
2025-06-02,https://web.archive.org/web/20250621210911id_/https://old.dghs.gov.bd/images/docs/vpr/20250602_dengue_all.pdf,wayback,200,1399886,2c77a6790ec45f146e953d387b0ae5e88fd6fab059e41222aad6a986cc5dd603,2026-09-22T13:12:58.798101+00:00
2025-06-03,https://web.archive.org/web/20250621210911id_/https://old.dghs.gov.bd/images/docs/vpr/20250603_dengue_all.pdf,wayback,200,1408458,98aa256a11ddc13d33aeebcf8dc220a06803ca71de828e93b6733a77b913bd91,2026-09-22T13:13:01.108243+00:00
2025-06-04,https://web.archive.org/web/20250621210911id_/https://old.dghs.gov.bd/images/docs/vpr/20250604_dengue_all.pdf,wayback,200,1391385,feb151f96dfae2316dc9281e9d815e8a75d2533ab22645595efaaaf4dfc0715b,2026-09-22T13:13:03.356609+00:00
2025-06-05,https://web.archive.org/web/20250621210911id_/https://old.dghs.gov.bd/images/docs/vpr/20250605_dengue_all.pdf,wayback,200,1164775,7ee4990c9e2d1761408fa6b74a43c8f1ec4feebc99c1ca4b042c36b11f2ac773,2026-09-22T13:13:05.604048+00:00
2025-06-06,https://web.archive.org/web/20250621210909id_/https://old.dghs.gov.bd/images/docs/vpr/20250606_dengue_all.pdf,wayback,200,1147605,be982de08f80de27bf9e7c74441991de49e82735f9e2d31dd76f0c5990e46e3f,2026-09-22T13:13:07.983184+00:00
2025-06-07,https://web.archive.org/web/20250621210909id_/https://old.dghs.gov.bd/images/docs/vpr/20250607_dengue_all.pdf,wayback,200,1155722,ffc6a17e53c395a3ad54822e5ec46a32a75f2cf970d6c62c772aa0c762156c39,2026-09-22T13:13:10.306191+00:00
2025-06-08,https://web.archive.org/web/20250621210908id_/https://old.dghs.gov.bd/images/docs/vpr/20250608_dengue_all.pdf,wayback,200,1167412,44ad8ab4c8bc4fd888806990bb043d1031029adddd9eae2edbc1a14960e73f31,2026-09-22T13:13:12.671896+00:00
2025-06-09,https://web.archive.org/web/20250621210908id_/https://old.dghs.gov.bd/images/docs/vpr/20250609_dengue_all.pdf,wayback,200,1147455,5b51ac79e062f4f30bdf9c4f76091a79def6d9c5a11dc9b1493290433af241a4,2026-09-22T13:13:14.974148+00:00
2025-06-10,https://web.archive.org/web/20250621210908id_/https://old.dghs.gov.bd/images/docs/vpr/20250610_dengue_all.pdf,wayback,200,1252009,b9d5d76ba95a9a012e23c8c325218d0181bf3f6c1c7cc865768e085b5a536172,2026-09-22T13:13:17.265945+00:00
2025-06-11,https://web.archive.org/web/20250621210908id_/https://old.dghs.gov.bd/images/docs/vpr/20250611_dengue_all.pdf,wayback,200,1250644,dbee1ed44ade56ff0c6fc4d0f594e342c74e0e9808dfbcb558f74132eb5ce6d3,2026-09-22T13:13:19.257668+00:00
2025-06-12,https://web.archive.org/web/20250621210908id_/https://old.dghs.gov.bd/images/docs/vpr/20250612_dengue_all.pdf,wayback,200,1257354,a9f6aa5efcf1d0f4dfe48e40b9b245330e861b4890c8aed0d4cae081f2f003b7,2026-09-22T13:13:21.720040+00:00
2025-06-13,https://web.archive.org/web/20250621210908id_/https://old.dghs.gov.bd/images/docs/vpr/20250613_dengue_all.pdf,wayback,200,1299561,97db877f5eddc234725e9c84bf3a92cf158f2ab0ce3bfc9b6ff16a4fbe787adf,2026-09-22T13:13:24.269310+00:00
2025-06-14,https://web.archive.org/web/20250621210905id_/https://old.dghs.gov.bd/images/docs/vpr/20250614_dengue_all.pdf,wayback,200,1274640,bd50eeeccffa744b13f045f12fcf38480b04ce65ee6d3a0229a6e5b4834f5061,2026-09-22T13:13:26.851396+00:00
2025-06-15,https://web.archive.org/web/20250621210905id_/https://old.dghs.gov.bd/images/docs/vpr/20250615_dengue_all.pdf,wayback,200,1125873,ce0cf0a8e3b7c388b73fdbd8525a2073959d9093e6c161d6b8554785876ae85d,2026-09-22T13:13:29.178503+00:00
2025-06-16,https://web.archive.org/web/20250621210905id_/https://old.dghs.gov.bd/images/docs/vpr/20250616_dengue_all.pdf,wayback,200,1152540,55e6a37f121bc4d945e8686a82bd4d342d303b7d9ac8a99320bec65c5f6e8393,2026-09-22T13:13:31.463294+00:00
2025-06-17,https://web.archive.org/web/20250621210905id_/https://old.dghs.gov.bd/images/docs/vpr/20250617_dengue_all.pdf,wayback,200,1136924,1a3137d80a7d4b64bc55f7b0e806b58e458664ec56ae9798641a1de604d78c0f,2026-09-22T13:13:33.492528+00:00
2025-06-18,https://web.archive.org/web/20250621210905id_/https://old.dghs.gov.bd/images/docs/vpr/20250618_dengue_all.pdf,wayback,200,1119356,4f02a4c709f1882fe36b1d76a9f7d5addec9ddf2ffeee3a171c0bf894623c5fe,2026-09-22T13:13:35.466793+00:00
2025-06-19,https://web.archive.org/web/20250621210905id_/https://old.dghs.gov.bd/images/docs/vpr/20250619_dengue_all.pdf,wayback,200,1114120,21c56bd69826f68d8fbd24df3467ac0b40d7cbab057f13056ae9eb5bae86ab58,2026-09-22T13:13:38.667370+00:00
2025-06-20,https://web.archive.org/web/20250621210905id_/https://old.dghs.gov.bd/images/docs/vpr/20250620_dengue_all.pdf,wayback,200,1250364,aef3647f37e601f91ed7bf9ad0594bfe22e855bdaeaea3da0a2f30e401f7f7c6,2026-09-22T13:13:41.048818+00:00
2025-06-21,https://web.archive.org/web/20250621210905id_/https://old.dghs.gov.bd/images/docs/vpr/20250621_dengue_all.pdf,wayback,200,1285658,f4ed3fcdafba86c4e30c06721fca5b29fcee32483a077ab28233567812e9bcb3,2026-09-22T13:13:43.338590+00:00
2025-06-22,https://web.archive.org/web/20260117043205id_/https://old.dghs.gov.bd/images/docs/vpr/20250622_dengue_all.pdf,wayback,200,1128708,03fff57c8b4ec2885a04b2ab952f908d0cb06e00e838c33da3a1ea60c4c813d7,2026-09-22T13:13:46.594426+00:00
2025-06-23,https://web.archive.org/web/20260117050625id_/https://old.dghs.gov.bd/images/docs/vpr/20250623_dengue_all.pdf,wayback,200,1157614,752112433a220330492acfc7f709ca62cbfbe36804fc950c13ac66ad641e6458,2026-09-22T13:13:49.132254+00:00
2025-06-24,https://web.archive.org/web/20260116081058id_/https://old.dghs.gov.bd/images/docs/vpr/20250624_dengue_all.pdf,wayback,200,1127853,7b2c260ac1b3ffcc69ad719d9f8c480f98d9f9d59dd7993e9aa8561cdaa19a16,2026-09-22T13:14:00.811895+00:00
2025-06-25,https://web.archive.org/web/20260117054348id_/https://old.dghs.gov.bd/images/docs/vpr/20250625_dengue_all.pdf,wayback,200,1141960,335f243ecd20be34ac0e1ae8e4c9911c110f26b3908869002d8587c68cea36e8,2026-09-22T13:14:03.263169+00:00
2025-06-26,https://web.archive.org/web/20260117180003id_/https://old.dghs.gov.bd/images/docs/vpr/20250626_dengue_all.pdf,wayback,200,1157150,ba329933c5444058e3a8539e456a53ef3011671a6ec08692098e67b03a51b754,2026-09-22T13:14:05.853487+00:00
2025-06-27,https://web.archive.org/web/20260116085656id_/https://old.dghs.gov.bd/images/docs/vpr/20250627_dengue_all.pdf,wayback,200,1284312,6c532d41f539ff8133c5235bf6130064dbe87f7d3ef2203d4a2db2771b84cae7,2026-09-22T13:14:08.567483+00:00
2025-06-28,https://web.archive.org/web/20260117054121id_/https://old.dghs.gov.bd/images/docs/vpr/20250628_dengue_all.pdf,wayback,200,1308418,7277e887cb482fcc439b10d960e7a6d8afdb373acf68325370ae80678d334dc0,2026-09-22T13:14:11.011183+00:00
2025-06-29,https://web.archive.org/web/20260116073418id_/https://old.dghs.gov.bd/images/docs/vpr/20250629_dengue_all.pdf,wayback,200,1148363,a415ed91dadab5da1ac82aa5ff80eaeb641bf05ab75a151106bcbacfa30a3a36,2026-09-22T13:14:13.400253+00:00
2025-06-30,https://web.archive.org/web/20260116165854id_/https://old.dghs.gov.bd/images/docs/vpr/20250630_dengue_all.pdf,wayback,200,1133948,d2c3ee67f900df8e8650b72fca125796bfaaeeb555f2cc2de96946b29a97c579,2026-09-22T13:14:15.837086+00:00
2025-07-01,https://web.archive.org/web/20260116073244id_/https://old.dghs.gov.bd/images/docs/vpr/20250701_dengue_all.pdf,wayback,200,1164152,fb893a150f775f5190d29a123640732b1f588192656bb43a95f70c1c75ab319a,2026-09-22T13:14:18.955798+00:00
2025-07-02,https://web.archive.org/web/20260117053531id_/https://old.dghs.gov.bd/images/docs/vpr/20250702_dengue_all.pdf,wayback,200,1171595,d7bf047df4ad862334127bda349daac5609f2479a6086e705b1deb9859963f8c,2026-09-22T13:14:23.867052+00:00
2025-07-03,https://web.archive.org/web/20260116101621id_/https://old.dghs.gov.bd/images/docs/vpr/20250703_dengue_all.pdf,wayback,200,1289217,6ae257aab1ab2a17ed60aaefcfc26c990662b6300f202a82b32c1b6db5945360,2026-09-22T13:14:26.460214+00:00
2025-07-04,https://web.archive.org/web/20260116060709id_/https://old.dghs.gov.bd/images/docs/vpr/20250704_dengue_all.pdf,wayback,200,1285777,344fb20633b23ddfc5a897bea4c0bbf2b4d78fe03c0fc0d99d0ae38097d2a389,2026-09-22T13:14:28.874169+00:00
2025-07-05,https://web.archive.org/web/20260116113043id_/https://old.dghs.gov.bd/images/docs/vpr/20250705_dengue_all.pdf,wayback,200,1273087,f953a429a73de5d5e7fd2ba57ac0aecf3c2804e9f808e7fd33e2ee70862e7897,2026-09-22T13:14:32.255123+00:00
2025-07-06,https://web.archive.org/web/20260116095232id_/https://old.dghs.gov.bd/images/docs/vpr/20250706_dengue_all.pdf,wayback,200,1277187,f948fcdcbf6e053eacc99dcda7eeb151260d6558873f2b2e0a2de369428c5876,2026-09-22T13:14:36.039445+00:00
2025-07-07,https://web.archive.org/web/20260117063531id_/https://old.dghs.gov.bd/images/docs/vpr/20250707_dengue_all.pdf,wayback,200,1162408,48028223bc9f9fb446d16a780a84886bb8b1e67951b85304efaa1abf59ab0707,2026-09-22T13:14:46.904824+00:00
2025-07-08,https://web.archive.org/web/20260117090616id_/https://old.dghs.gov.bd/images/docs/vpr/20250708_dengue_all.pdf,wayback,200,1189044,9dc9576232133899007de2ca89fb94741ee36e75124cdd278787f8283b71b8b3,2026-09-22T13:14:49.889989+00:00
2025-07-09,https://web.archive.org/web/20260116100100id_/https://old.dghs.gov.bd/images/docs/vpr/20250709_dengue_all.pdf,wayback,200,1141435,80feca8b8a8dcaeab651ba27233a26bd16e06f736431b87f3716389c5148dba8,2026-09-22T13:14:52.364455+00:00
2025-07-10,https://web.archive.org/web/20260116070126id_/https://old.dghs.gov.bd/images/docs/vpr/20250710_dengue_all.pdf,wayback,200,1177561,ebe08b93e389f6af686c3d3c39deb18cf407a8ad522236abbd5ae8150bd6f0d4,2026-09-22T13:15:02.963228+00:00
2025-07-11,https://web.archive.org/web/20260116070918id_/https://old.dghs.gov.bd/images/docs/vpr/20250711_dengue_all.pdf,wayback,200,1149401,9dae793f2f0da789a3dc079320c49ecd2bc86791a304c9cf4509886a9905f055,2026-09-22T13:15:05.399390+00:00
2025-07-12,https://web.archive.org/web/20260117042827id_/https://old.dghs.gov.bd/images/docs/vpr/20250712_dengue_all.pdf,wayback,200,1153887,91b774b6fa5f5110564970fb420f1c1cb48d75539768a5fcd08d9828ca8a3cc7,2026-09-22T13:15:08.640708+00:00
2025-07-13,https://web.archive.org/web/20260116070742id_/https://old.dghs.gov.bd/images/docs/vpr/20250713_dengue_all.pdf,wayback,200,1166354,6c97a0b82d88a72044b5bf01b02df2388520837f8bc146deb89dacf39c90e7ec,2026-09-22T13:15:10.999349+00:00
2025-07-14,https://web.archive.org/web/20260116062649id_/https://old.dghs.gov.bd/images/docs/vpr/20250714_dengue_all.pdf,wayback,200,1177061,35739c28db8015db88bc5da3fc1963bac003d039278d4772a9ccbfa316db2c9c,2026-09-22T13:15:13.912232+00:00
2025-07-15,https://web.archive.org/web/20260117063219id_/https://old.dghs.gov.bd/images/docs/vpr/20250715_dengue_all.pdf,wayback,200,1151336,f4afd0feccdc215026af6787d1341dc37c77f9305dc3b4a8d5b8fdda0e7347e7,2026-09-22T13:15:16.328592+00:00
2025-07-16,https://web.archive.org/web/20260116094441id_/https://old.dghs.gov.bd/images/docs/vpr/20250716_dengue_all.pdf,wayback,200,1153841,28c1b35c6921332c21c3ed0408f1dee9ddc2ac1e89ea43ddf5eeee2d3bfe8b45,2026-09-22T13:15:20.224880+00:00
2025-07-17,https://web.archive.org/web/20250725210943id_/https://old.dghs.gov.bd/images/docs/vpr/20250717_dengue_all.pdf,wayback,200,1145961,87e00f974f4ed3c0dbc0cd74a4ba40c4dcaca5a49a7fd4b97f2b4bb45fbf9679,2026-09-22T13:15:22.817159+00:00
2025-07-18,https://web.archive.org/web/20260116065038id_/https://old.dghs.gov.bd/images/docs/vpr/20250718_dengue_all.pdf,wayback,200,1145702,2bad8f78c0da6a68383b29ec0db256d33a2bd1fd06391430fcd166357311ca76,2026-09-22T13:15:25.372480+00:00
2025-07-19,https://web.archive.org/web/20260116061237id_/https://old.dghs.gov.bd/images/docs/vpr/20250719_dengue_all.pdf,wayback,200,1142716,13b61db78a7d735b0ba1eb3b3de708def1188e41ca555826af82b15390fa4f23,2026-09-22T13:15:30.749789+00:00
2025-07-20,https://web.archive.org/web/20260116063534id_/https://old.dghs.gov.bd/images/docs/vpr/20250720_dengue_all.pdf,wayback,200,1134472,e63afefd9f9dd39960e07126e987a2a291500679d9530c5b66a0c7216446a318,2026-09-22T13:15:35.434723+00:00
2025-07-21,https://web.archive.org/web/20260116073233id_/https://old.dghs.gov.bd/images/docs/vpr/20250721_dengue_all.pdf,wayback,200,1126310,0ff715027f0cf6089c51945799a29a95dfc5176dc21dd3b30ea74c97d5e70708,2026-09-22T13:15:37.854090+00:00
2025-07-22,https://web.archive.org/web/20260116062620id_/https://old.dghs.gov.bd/images/docs/vpr/20250722_dengue_all.pdf,wayback,200,1167860,56aad0274640b91441c874e7267166e7819991a1b1258cdbe245ec2dc1959e70,2026-09-22T13:15:42.359727+00:00
2025-07-23,https://web.archive.org/web/20260117071442id_/https://old.dghs.gov.bd/images/docs/vpr/20250723_dengue_all.pdf,wayback,200,1153012,7ebec85e51ebc422c03b7639440141475eeef30157d074c743e2016153b52fd0,2026-09-22T13:15:44.891692+00:00
2025-07-24,https://web.archive.org/web/20260116161810id_/https://old.dghs.gov.bd/images/docs/vpr/20250724_dengue_all.pdf,wayback,200,1172967,f12f8667bb07a3f6de8775c235a59c7e30f060c14a103512e2236a1bfc12649c,2026-09-22T13:15:48.003539+00:00
2025-07-25,https://web.archive.org/web/20260116063542id_/https://old.dghs.gov.bd/images/docs/vpr/20250725_dengue_all.pdf,wayback,200,1170449,694bda73281266c68a798e9e85b4d745f6c3faf50df762d892cae1b9899b8944,2026-09-22T13:15:53.668783+00:00
2025-07-26,https://web.archive.org/web/20260116084051id_/https://old.dghs.gov.bd/images/docs/vpr/20250726_dengue_all.pdf,wayback,200,1171588,8e3baf010517434defcea2463cbed9691b9c4a133db474abbf0280fcf8efd014,2026-09-22T13:15:56.087683+00:00
2025-07-27,https://web.archive.org/web/20260116092412id_/https://old.dghs.gov.bd/images/docs/vpr/20250727_dengue_all.pdf,wayback,200,1193430,923f5d4daff06ef89efd466c47402c062f957ca845770c810f3992b9a455d721,2026-09-22T13:15:58.561401+00:00
2025-07-28,https://web.archive.org/web/20260116071553id_/https://old.dghs.gov.bd/images/docs/vpr/20250728_dengue_all.pdf,wayback,200,1171508,d09478608b57bad55410bd453b6eb9639618c90449b21a85123f4a741b1f3a00,2026-09-22T13:16:01.058968+00:00
2025-07-29,https://web.archive.org/web/20260116063519id_/https://old.dghs.gov.bd/images/docs/vpr/20250729_dengue_all.pdf,wayback,200,1176772,31ed994ab2852a11f2b2071f24a5741b2aba49585e998c4d537c858c1146ecd9,2026-09-22T13:16:04.501057+00:00
2025-07-30,https://web.archive.org/web/20260116062327id_/https://old.dghs.gov.bd/images/docs/vpr/20250730_dengue_all.pdf,wayback,200,1152669,19221620f4daf82b6fe4fe1482bd6c587b0f935357abe94cbc494dca6e8ce6f7,2026-09-22T13:16:06.944385+00:00
2025-07-31,https://web.archive.org/web/20260117060034id_/https://old.dghs.gov.bd/images/docs/vpr/20250731_dengue_all.pdf,wayback,200,1190917,bfe8fbcf45309e336d0a843bc5b27cf0de36a400e52a0be4deaf563c4a58841b,2026-09-22T13:16:22.142008+00:00
2025-08-01,https://web.archive.org/web/20260116173421id_/https://old.dghs.gov.bd/images/docs/vpr/20250801_dengue_all.pdf,wayback,200,1290993,236f39697ae24eb08089bd0c69abeb79dbdbc4176aa08544a72fef17d726c90a,2026-09-22T13:16:24.610866+00:00
2025-08-02,https://web.archive.org/web/20260117062902id_/https://old.dghs.gov.bd/images/docs/vpr/20250802_dengue_all.pdf,wayback,200,1308384,f7a310e91b16f0f5c5029284dc1e099a167c87faa6de94317dbcb4ac3d2e65fd,2026-09-22T13:16:27.086302+00:00
2025-08-03,https://web.archive.org/web/20250808193823id_/https://old.dghs.gov.bd/images/docs/vpr/20250803_dengue_all.pdf,wayback,200,1293226,31af598ddff1a98fbf402db5b97cd42a4d37012cf3b3e91f08422ccbbbbeff48,2026-09-22T13:16:29.811797+00:00
2025-08-04,https://web.archive.org/web/20260117054126id_/https://old.dghs.gov.bd/images/docs/vpr/20250804_dengue_all.pdf,wayback,200,1314088,77d3f2d46797472ad0389bcbb1481c8ea5159bc1a230ab37b56c023f0871b251,2026-09-22T13:16:32.590703+00:00
2025-08-05,https://web.archive.org/web/20260116060901id_/https://old.dghs.gov.bd/images/docs/vpr/20250805_dengue_all.pdf,wayback,200,1310211,81a46e40ed57c444f0b09052fc09a628743a058fadd3da140d00215735bb58cf,2026-09-22T13:16:35.003318+00:00
2025-08-06,https://web.archive.org/web/20260116073945id_/https://old.dghs.gov.bd/images/docs/vpr/20250806_dengue_all.pdf,wayback,200,1158346,9b2c1f8931d74d4fcc54cf7d65102a295464e34968eada134904d5efb244654c,2026-09-22T13:16:37.511372+00:00
2025-08-07,https://web.archive.org/web/20260116074425id_/https://old.dghs.gov.bd/images/docs/vpr/20250807_dengue_all.pdf,wayback,200,1207234,3a64516339d50d32f05c7217331da9dd799f60e57561e4758a5f983308eb66f1,2026-09-22T13:16:39.932551+00:00
2025-08-08,https://web.archive.org/web/20260116083333id_/https://old.dghs.gov.bd/images/docs/vpr/20250808_dengue_all.pdf,wayback,200,1303439,4ec26d78cbb106fb177e340389b10c0e597171a2b90fe9775cd2e5a1e17f24c4,2026-09-22T13:16:45.168527+00:00
2025-08-09,https://web.archive.org/web/20260116070405id_/https://old.dghs.gov.bd/images/docs/vpr/20250809_dengue_all.pdf,wayback,200,1323082,ec637c5bb062fae17df3a04c81c583635acf6dc15eb0f93e0c61db446ec1cef0,2026-09-22T13:16:48.383368+00:00
2025-08-10,https://web.archive.org/web/20260117042450id_/https://old.dghs.gov.bd/images/docs/vpr/20250810_dengue_all.pdf,wayback,200,1168989,ea92922b86561cc7f55a6b42fdf4dafc946caabc354118744a449359ddfd0f08,2026-09-22T13:17:00.413193+00:00
2025-08-11,https://web.archive.org/web/20260116063131id_/https://old.dghs.gov.bd/images/docs/vpr/20250811_dengue_all.pdf,wayback,200,1184525,f4e9876a931a8fcbc9d66a7458567ee6c7f95e484697d945f683c7fe6f75cb0c,2026-09-22T13:17:02.883478+00:00
2025-08-12,https://web.archive.org/web/20260117052438id_/https://old.dghs.gov.bd/images/docs/vpr/20250812_dengue_all.pdf,wayback,200,1175051,85ee22c8a5801c7860b960d3f753196af9b3cb9040f4684940ac57cf677a054c,2026-09-22T13:17:05.271419+00:00
2025-08-13,https://web.archive.org/web/20260116091155id_/https://old.dghs.gov.bd/images/docs/vpr/20250813_dengue_all.pdf,wayback,200,1160196,a9057074326d165f38e1912e64f907379d3745eec9c5a324c6efcdfc2c0c6a62,2026-09-22T13:17:07.725024+00:00
2025-08-14,https://web.archive.org/web/20260117043330id_/https://old.dghs.gov.bd/images/docs/vpr/20250814_dengue_all.pdf,wayback,200,1162914,450a413b2a6c1431398aa4e18d011b30a535fc055839e6aa837c26813ab97d21,2026-09-22T13:17:10.176250+00:00
2025-08-15,https://web.archive.org/web/20260116070804id_/https://old.dghs.gov.bd/images/docs/vpr/20250815_dengue_all.pdf,wayback,200,1291005,af586d79986f5bbc106b4608bae8190d1f3d2fc78af6b8198b493743c08ac300,2026-09-22T13:17:12.894402+00:00
2025-08-16,https://web.archive.org/web/20260117034740id_/https://old.dghs.gov.bd/images/docs/vpr/20250816_dengue_all.pdf,wayback,200,1312940,ce87376d5016a60234d7fc033af8a8d1b8cb9f52adb12426c4cdca9eb5904153,2026-09-22T13:17:17.016176+00:00
2025-08-17,https://web.archive.org/web/20260116064829id_/https://old.dghs.gov.bd/images/docs/vpr/20250817_dengue_all.pdf,wayback,200,1167640,ccb662fd5ee920645ec8edb9d41153246a63d773b2cbc54c144fdf5796558e4a,2026-09-22T13:17:19.693350+00:00
2025-08-18,https://web.archive.org/web/20260116075138id_/https://old.dghs.gov.bd/images/docs/vpr/20250818_dengue_all.pdf,wayback,200,1182611,22072a84b4fbc79f01c2a1057368135e5c6ffeb1d868ff0157bc7619a74ae939,2026-09-22T13:17:23.794132+00:00
2025-08-19,https://web.archive.org/web/20260116174550id_/https://old.dghs.gov.bd/images/docs/vpr/20250819_dengue_all.pdf,wayback,200,1157406,3b2ffec576e98a36bd2ad451ca8c711d36c5320b1b4e2bfe4cad7496932e9612,2026-09-22T13:17:26.232218+00:00
2025-08-20,https://web.archive.org/web/20260117042127id_/https://old.dghs.gov.bd/images/docs/vpr/20250820_dengue_all.pdf,wayback,200,1151696,3ef8f54b2fa144a48995cd5305a08b94a9eb534c46ae1f2ea7c8e398fe8dee03,2026-09-22T13:17:28.738392+00:00
2025-08-21,https://web.archive.org/web/20260116121155id_/https://old.dghs.gov.bd/images/docs/vpr/20250821_dengue_all.pdf,wayback,200,1202448,36f0cb417d708113c247afacefa9c4f34b3b0d0303c7b3445a69973d7a408c0d,2026-09-22T13:17:31.223793+00:00
2025-08-22,https://web.archive.org/web/20260116075316id_/https://old.dghs.gov.bd/images/docs/vpr/20250822_dengue_all.pdf,wayback,200,1337523,8313ba2931ec2cf5b4bd0ccf022821733cdd86858c3a16cd122c771130f342f5,2026-09-22T13:17:33.762381+00:00
2025-08-23,https://web.archive.org/web/20260116071822id_/https://old.dghs.gov.bd/images/docs/vpr/20250823_dengue_all.pdf,wayback,200,1339956,a137b88ba03a6005f5a6a3ec002f707b2a7cac5969e85abcbc42afd3b33ae588,2026-09-22T13:17:37.803064+00:00
2025-08-24,https://web.archive.org/web/20260116062517id_/https://old.dghs.gov.bd/images/docs/vpr/20250824_dengue_all.pdf,wayback,200,1165771,22ede3866fa9db1e04b2ab2774e255f71d6ee23b5dfa50878d16d5ed3d159510,2026-09-22T13:17:40.199875+00:00
2025-08-25,https://web.archive.org/web/20260116065644id_/https://old.dghs.gov.bd/images/docs/vpr/20250825_dengue_all.pdf,wayback,200,1183359,2c89e0438e06ece106617c27597ed4e246a32525b188085b763fefd23253f744,2026-09-22T13:17:43.411873+00:00
2025-08-26,https://web.archive.org/web/20260116084444id_/https://old.dghs.gov.bd/images/docs/vpr/20250826_dengue_all.pdf,wayback,200,1182980,b44cac113704fd7b71df3848131e42d7d1202c5b4c6814201c39f8df6abc7235,2026-09-22T13:17:45.867265+00:00
2025-08-27,https://web.archive.org/web/20260116064321id_/https://old.dghs.gov.bd/images/docs/vpr/20250827_dengue_all.pdf,wayback,200,1318214,135de116425fdcb391075fc68b2516d069bcb7044c94de7c6733e228292fd9bd,2026-09-22T13:17:48.849572+00:00
2025-08-28,https://web.archive.org/web/20260116083340id_/https://old.dghs.gov.bd/images/docs/vpr/20250828_dengue_all.pdf,wayback,200,1307654,910eac2236d323d6c3515c86f78bbc22c018c93a78c57a939a02fe0ac90ae309,2026-09-22T13:17:54.434372+00:00
2025-08-29,https://web.archive.org/web/20260116093845id_/https://old.dghs.gov.bd/images/docs/vpr/20250829_dengue_all.pdf,wayback,200,1302041,910312ee13cd2591672158f178af60307edb73e44d0bb4e4dae121f378e4cc19,2026-09-22T13:17:58.484077+00:00
2025-08-30,https://web.archive.org/web/20260116074822id_/https://old.dghs.gov.bd/images/docs/vpr/20250830_dengue_all.pdf,wayback,200,1307482,b39de593d14be14db957f8388019408f1e5e02bc9b5af0baf8e5f52006d636ac,2026-09-22T13:18:01.013354+00:00
2025-08-31,https://web.archive.org/web/20260116120458id_/https://old.dghs.gov.bd/images/docs/vpr/20250831_dengue_all.pdf,wayback,200,1189665,3bf06ee4348dfd22bfe7a78e9b9880bab4a58ae14a9fa07f6b9aa35952909617,2026-09-22T13:18:03.441162+00:00
2025-09-01,https://web.archive.org/web/20260116092723id_/https://old.dghs.gov.bd/images/docs/vpr/20250901_dengue_all.pdf,wayback,200,1152575,3f75540d041b803808d6303c8623200e2ea4e3a5074ccabbcd90d2f39607160c,2026-09-22T13:18:06.037726+00:00
2025-09-02,https://web.archive.org/web/20250904202008id_/https://old.dghs.gov.bd/images/docs/vpr/20250902_dengue_all.pdf,wayback,200,1177428,5898002157788a7197f8953f48813a4c0fe71c6f4154de5c0d13f21236ce80e3,2026-09-22T13:18:08.390673+00:00
2025-09-03,https://web.archive.org/web/20260117041929id_/https://old.dghs.gov.bd/images/docs/vpr/20250903_dengue_all.pdf,wayback,200,1162422,658cbeb402839dae54d56627e7ede73432a1c8c5ec5bc8ca7ee48d285e8ccf55,2026-09-22T13:18:10.797530+00:00
2025-09-04,https://web.archive.org/web/20260116093426id_/https://old.dghs.gov.bd/images/docs/vpr/20250904_dengue_all.pdf,wayback,200,1161387,d576e96fded8d4ed1640bc8f365349935086a35bd00071ef6dc6407041fb3574,2026-09-22T13:18:13.301658+00:00
2025-09-05,https://web.archive.org/web/20260116130628id_/https://old.dghs.gov.bd/images/docs/vpr/20250905_dengue_all.pdf,wayback,200,1287524,bcfe3f72d2f197910ec624f359a13be3c916c0c48432e3145ba4707afb4383d2,2026-09-22T13:18:15.973548+00:00
2025-09-06,https://web.archive.org/web/20260116084111id_/https://old.dghs.gov.bd/images/docs/vpr/20250906_dengue_all.pdf,wayback,200,1310417,989666073fa03f25f93f35bda04c3d51ca32a229e53fcb267b9bef44d33e20ee,2026-09-22T13:18:18.382321+00:00
2025-09-07,https://web.archive.org/web/20260116063048id_/https://old.dghs.gov.bd/images/docs/vpr/20250907_dengue_all.pdf,wayback,200,1183270,6edae8cd9f29b49fec8d24be716a8304246fcf9e6703b3ef16dc3e17ef440fc4,2026-09-22T13:18:21.623577+00:00
2025-09-08,https://web.archive.org/web/20260116085528id_/https://old.dghs.gov.bd/images/docs/vpr/20250908_dengue_all.pdf,wayback,200,1162927,fac21579dc6c1eb156f9063c019c60dd55f275e4c7bc22688ae714fc8c114441,2026-09-22T13:18:24.199240+00:00
2025-09-09,https://web.archive.org/web/20260117062405id_/https://old.dghs.gov.bd/images/docs/vpr/20250909_dengue_all.pdf,wayback,200,1166214,1201770cb8227e45f2455556843ebb1348166ba3f5413d8c65f3f9967b828e03,2026-09-22T13:18:27.562284+00:00
2025-09-10,https://web.archive.org/web/20260116062959id_/https://old.dghs.gov.bd/images/docs/vpr/20250910_dengue_all.pdf,wayback,200,1182086,13c69acc518c7e5a0540057aa7db2966b225941459b9bd4a6b9b3558f45a9ef8,2026-09-22T13:18:30.028959+00:00
2025-09-11,https://web.archive.org/web/20260117055321id_/https://old.dghs.gov.bd/images/docs/vpr/20250911_dengue_all.pdf,wayback,200,967597,c320b434f3bc991b5e2f557b81b890cfd539d6af4e42d66334a0d7637bb03b81,2026-09-22T13:18:32.560769+00:00
2025-09-12,https://web.archive.org/web/20260116075757id_/https://old.dghs.gov.bd/images/docs/vpr/20250912_dengue_all.pdf,wayback,200,1298117,e2e57d67ad4ce60c8cbd87bcdf3a48b5d28825b593661f5420c9e2a9274e4979,2026-09-22T13:18:35.131205+00:00
2025-09-13,https://web.archive.org/web/20260116061439id_/https://old.dghs.gov.bd/images/docs/vpr/20250913_dengue_all.pdf,wayback,200,1334626,cfbd433bcffb736bc89b2b74a36d5afd88f8a93334bc537e0fb89400c65e020b,2026-09-22T13:18:37.721254+00:00
2025-09-14,https://web.archive.org/web/20260117052353id_/https://old.dghs.gov.bd/images/docs/vpr/20250914_dengue_all.pdf,wayback,200,1188855,c368f15c704847be1c9e3418b37c029c189622ef7e2e6ab6e7e79850199f21c6,2026-09-22T13:18:40.027219+00:00
2025-09-15,https://web.archive.org/web/20260116073124id_/https://old.dghs.gov.bd/images/docs/vpr/20250915_dengue_all.pdf,wayback,200,1184544,7ee1df6fc0f51d0773e864f9dbe7ef3fac464148b522255a4ac090ea2a572de3,2026-09-22T13:18:43.012670+00:00
2025-09-16,https://web.archive.org/web/20260117051956id_/https://old.dghs.gov.bd/images/docs/vpr/20250916_dengue_all.pdf,wayback,200,1197617,fb566394446b24daf9dd980b1ca1d35f391878a6e6d5389ca2733ee7fc389c65,2026-09-22T13:18:45.422402+00:00
2025-09-17,https://web.archive.org/web/20260116075857id_/https://old.dghs.gov.bd/images/docs/vpr/20250917_dengue_all.pdf,wayback,200,1201653,2551e76279b56e1fa2a8097decb913a7725a53604f9884e1a91c2cadfed507e4,2026-09-22T13:18:48.394591+00:00
2025-09-20,https://web.archive.org/web/20260117051249id_/https://old.dghs.gov.bd/images/docs/vpr/20250920_dengue_all.pdf,wayback,200,1293606,b85abb006c24ca075a494f8aecb6cc9a444a945a37cf0c4033605eea2c80300f,2026-09-22T13:18:51.466624+00:00
2025-09-21,https://web.archive.org/web/20260116073516id_/https://old.dghs.gov.bd/images/docs/vpr/20250921_dengue_all.pdf,wayback,200,1232667,07a32dc6da05c4be22fa51ed68144f734d50d42f3ba08579b3d99f447ccaa113,2026-09-22T13:18:53.933103+00:00
2025-09-22,https://web.archive.org/web/20250928050355id_/https://old.dghs.gov.bd/images/docs/vpr/20250922_dengue_all.pdf,wayback,200,1164533,5aa7a2cf4e758f45a618799050d4aebeb3911e359386190a523d5af6bdf15b2c,2026-09-22T13:18:57.289465+00:00
2025-09-23,https://web.archive.org/web/20260117040559id_/https://old.dghs.gov.bd/images/docs/vpr/20250923_dengue_all.pdf,wayback,200,1168300,545c7a453716db4a43f22e46c92dd94d04b5891a18611570b01fd471fdc993f1,2026-09-22T13:19:01.152470+00:00
2025-09-24,https://web.archive.org/web/20260117033439id_/https://old.dghs.gov.bd/images/docs/vpr/20250924_dengue_all.pdf,wayback,200,1205611,844eb0a0548ef793b3f4b0d3f3a1f4f4cb6324ce002ccc84924fc86bed86ba07,2026-09-22T13:19:03.670929+00:00
2025-09-25,https://web.archive.org/web/20260116092050id_/https://old.dghs.gov.bd/images/docs/vpr/20250925_dengue_all.pdf,wayback,200,1176067,21188cbc22897564ba4c1cc3c516d8e0f4419847be85aa03dd878a19059c2a51,2026-09-22T13:19:06.306751+00:00
2025-09-26,https://web.archive.org/web/20260116063002id_/https://old.dghs.gov.bd/images/docs/vpr/20250926_dengue_all.pdf,wayback,200,1304717,85d2d14b52b0404098b8e6f6af0fa707c1fbbc86915a115def72cd7dc27c5119,2026-09-22T13:19:08.700516+00:00
2025-09-27,https://web.archive.org/web/20260117045136id_/https://old.dghs.gov.bd/images/docs/vpr/20250927_dengue_all.pdf,wayback,200,1309999,a8eac826bf24b70e34d4d1375edc6478e3020dbbd92a30d498ba6518b3978996,2026-09-22T13:19:11.088683+00:00
2025-09-28,https://web.archive.org/web/20260117044125id_/https://old.dghs.gov.bd/images/docs/vpr/20250928_dengue_all.pdf,wayback,200,1177401,fec9e51524aa29b3100728bf83c2649c01830571523cffcb0d672fcde8dcb08a,2026-09-22T13:19:13.505582+00:00
2025-09-29,https://web.archive.org/web/20260116063018id_/https://old.dghs.gov.bd/images/docs/vpr/20250929_dengue_all.pdf,wayback,200,1197703,a3cd06005d35302f1502efc361f45eef0fb6736020d41a212f8427d54a22b0d7,2026-09-22T13:19:15.826651+00:00
2025-09-30,https://web.archive.org/web/20260116100238id_/https://old.dghs.gov.bd/images/docs/vpr/20250930_dengue_all.pdf,wayback,200,1343328,fa03085f14266c114459baa933a02ca4099b79b8cf12711e1ba9487a5017a680,2026-09-22T13:19:18.266134+00:00
2025-10-01,https://web.archive.org/web/20260116070906id_/https://old.dghs.gov.bd/images/docs/vpr/20251001_dengue_all.pdf,wayback,200,1332640,56cee8b56c9732ba0f1f670ed38f8b88c6d1ae2f494f2047d95da372c2a090b8,2026-09-22T13:19:20.727788+00:00
2025-10-02,https://web.archive.org/web/20260116063018id_/https://old.dghs.gov.bd/images/docs/vpr/20251002_dengue_all.pdf,wayback,200,1322043,e5db91f97942b11cfd1e96104ae441740c657252a8efe310965821fb558e982c,2026-09-22T13:19:23.031293+00:00
2025-10-03,https://web.archive.org/web/20260116123254id_/https://old.dghs.gov.bd/images/docs/vpr/20251003_dengue_all.pdf,wayback,200,1303744,ba2a171c2ede2f6a906ea472c57da620ab1931a356f63ae6850976f5384ac62a,2026-09-22T13:19:25.470273+00:00
2025-10-04,https://web.archive.org/web/20260117063523id_/https://old.dghs.gov.bd/images/docs/vpr/20251004_dengue_all.pdf,wayback,200,1357095,3232ffc988922d92c9486a159bd28a474c994c79381cc7610df59f2b2acef11f,2026-09-22T13:19:27.921914+00:00
2025-10-05,https://web.archive.org/web/20260116095648id_/https://old.dghs.gov.bd/images/docs/vpr/20251005_dengue_all.pdf,wayback,200,1249433,219e711dc33d333d5d23d98931d173c1cd3400a264ce78ee07aebe1b7295d99d,2026-09-22T13:19:31.369082+00:00
2025-10-06,https://web.archive.org/web/20260116073805id_/https://old.dghs.gov.bd/images/docs/vpr/20251006_dengue_all.pdf,wayback,200,1188245,cb886bfc66bcd5722d65de28b203c6746b388f00727990424498a6b8e3efe8ee,2026-09-22T13:19:33.893353+00:00
2025-10-07,https://web.archive.org/web/20260117045813id_/https://old.dghs.gov.bd/images/docs/vpr/20251007_dengue_all.pdf,wayback,200,1188770,939fe8cff39e56f58cac8fc37983d17730ccc12f8a32b40d913e1982db40f84c,2026-09-22T13:19:36.609101+00:00
2025-10-08,https://web.archive.org/web/20260116082002id_/https://old.dghs.gov.bd/images/docs/vpr/20251008_dengue_all.pdf,wayback,200,1178982,8e2991e565f998ba83baecfccb3e3d08cffa9b2acc8c14dd7e44d0df271ad46a,2026-09-22T13:19:39.937982+00:00
2025-10-09,https://web.archive.org/web/20260117071237id_/https://old.dghs.gov.bd/images/docs/vpr/20251009_dengue_all.pdf,wayback,200,1180734,6691d00ea333f3b10ed7d91b2efb9de4edb74d9b3aee6019c380bee1fecf6f1d,2026-09-22T13:19:42.600295+00:00
2025-10-10,https://web.archive.org/web/20260117040247id_/https://old.dghs.gov.bd/images/docs/vpr/20251010_dengue_all.pdf,wayback,200,1299549,8bc04085e0a77fb9db14e213de8cde3b955e37a8cf72ec6012ddc15e201c09e4,2026-09-22T13:19:45.403992+00:00
2025-10-11,https://web.archive.org/web/20260116065558id_/https://old.dghs.gov.bd/images/docs/vpr/20251011_dengue_all.pdf,wayback,200,1298528,3bb9392df2e0b8d54b5299054e77c6415e42d50904352adefb734bdc9b3d5ce6,2026-09-22T13:19:48.720330+00:00
2025-10-12,https://web.archive.org/web/20260116090607id_/https://old.dghs.gov.bd/images/docs/vpr/20251012_dengue_all.pdf,wayback,200,1184881,dc7233f12ade1667b231b1b30686de6abf78849ad53be1d3fddcd01e11c4fddb,2026-09-22T13:19:51.282197+00:00
2025-10-13,https://web.archive.org/web/20260116083445id_/https://old.dghs.gov.bd/images/docs/vpr/20251013_dengue_all.pdf,wayback,200,1198990,a51c99c2bef6d03483195dad3341d780e5b39ea1b1ea5f4225a3a750d4e7bf96,2026-09-22T13:19:53.885250+00:00
2025-10-14,https://web.archive.org/web/20260116122925id_/https://old.dghs.gov.bd/images/docs/vpr/20251014_dengue_all.pdf,wayback,200,1221396,a1171a545f32ead2a6ddc8a79d733a0fc47e3d9f619bd2f4dc491777c55a6ef7,2026-09-22T13:19:57.304787+00:00
2025-10-15,https://web.archive.org/web/20260117055233id_/https://old.dghs.gov.bd/images/docs/vpr/20251015_dengue_all.pdf,wayback,200,1210304,533df32e251b06ec0af3179784db03fe423d5728295aab610af0d94d718e4616,2026-09-22T13:20:02.159481+00:00
2025-10-16,https://web.archive.org/web/20260116060657id_/https://old.dghs.gov.bd/images/docs/vpr/20251016_dengue_all.pdf,wayback,200,1337995,78ad72a27e6a0e0be09ae3bd8e757b1bddcc578ec108efbce6716a3ec5721edd,2026-09-22T13:20:04.849518+00:00
2025-10-17,https://web.archive.org/web/20260116063653id_/https://old.dghs.gov.bd/images/docs/vpr/20251017_dengue_all.pdf,wayback,200,1311497,31dfe51576759c2f76082e3f6de506a620141d6f48ae6e4aaf1933dba97c3497,2026-09-22T13:20:07.609056+00:00
2025-10-18,https://web.archive.org/web/20260117035132id_/https://old.dghs.gov.bd/images/docs/vpr/20251018_dengue_all.pdf,wayback,200,1345133,dca6791a751b41ceca24193e9a6764c1ab0aaa7029d2e94e3ed27ce68b002d90,2026-09-22T13:20:13.718097+00:00
2025-10-19,https://web.archive.org/web/20260116065526id_/https://old.dghs.gov.bd/images/docs/vpr/20251019_dengue_all.pdf,wayback,200,1346478,499f9b6d048e9d52f1954d62f9f42b01c8d59953b11c767c6cfe69fed3bd4e0b,2026-09-22T13:20:16.123879+00:00
2025-10-20,https://web.archive.org/web/20260116082226id_/https://old.dghs.gov.bd/images/docs/vpr/20251020_dengue_all.pdf,wayback,200,1223358,208b710e644547b7a41f0782811ee9868ca78c74bd722e02533dc861d03ce0c5,2026-09-22T13:20:20.682604+00:00
2025-10-21,https://web.archive.org/web/20260116131232id_/https://old.dghs.gov.bd/images/docs/vpr/20251021_dengue_all.pdf,wayback,200,1190765,883a0c1b2a3e7f3f25352664e4e64557a58d0ac1cd5c62059fb251db60c6101b,2026-09-22T13:20:23.270787+00:00
2025-10-22,https://web.archive.org/web/20260116064347id_/https://old.dghs.gov.bd/images/docs/vpr/20251022_dengue_all.pdf,wayback,200,1183920,dcde1068c5581a9df5352d8e348b3d1e163216dc65b7ae38f1f4dcc10c01b49f,2026-09-22T13:20:25.827698+00:00
2025-10-23,https://web.archive.org/web/20260116061647id_/https://old.dghs.gov.bd/images/docs/vpr/20251023_dengue_all.pdf,wayback,200,1191392,78024105c663956bc11c64ca1c27fc3bae75c6b351ed41be1252e3d3198b9724,2026-09-22T13:20:28.258370+00:00
2025-10-24,https://web.archive.org/web/20260116071657id_/https://old.dghs.gov.bd/images/docs/vpr/20251024_dengue_all.pdf,wayback,200,1327169,cf820d642865b3b5e741601db35a6c95ff2c8bca7857d23ae003fb72757f91fd,2026-09-22T13:20:30.799591+00:00
2025-10-25,https://web.archive.org/web/20260116060729id_/https://old.dghs.gov.bd/images/docs/vpr/20251025_dengue_all.pdf,wayback,200,1315209,b47a65c9cd2f24dbc6f4ffb672a14fad5e554da7c16921065581d73b8bdf3162,2026-09-22T13:20:33.674994+00:00
2025-10-26,https://web.archive.org/web/20260116081443id_/https://old.dghs.gov.bd/images/docs/vpr/20251026_dengue_all.pdf,wayback,200,1197931,d8cba79a5a9d60a5611689dbb5b7a40bce279d55dc4595a044164e7fcfad7038,2026-09-22T13:20:37.019601+00:00
2025-10-27,https://web.archive.org/web/20251028093804id_/https://old.dghs.gov.bd/images/docs/vpr/20251027_dengue_all.pdf,wayback,200,1200929,f840cdd4953cd4952ad6f4540a4226d517982e76774e4e1eb5430c0d8d608f3f,2026-09-22T13:20:39.508589+00:00
2025-10-28,https://web.archive.org/web/20260116110223id_/https://old.dghs.gov.bd/images/docs/vpr/20251028_dengue_all.pdf,wayback,200,1206208,823f6d6fab575d3a7774e2acea673a95afa9ab40d04c1e6f483e29c040abe7b4,2026-09-22T13:20:42.147578+00:00
2025-10-29,https://web.archive.org/web/20260117054538id_/https://old.dghs.gov.bd/images/docs/vpr/20251029_dengue_all.pdf,wayback,200,1178290,21136fc12b14133248c9416376619a3f82149e5b4d1d9a8fd9d02a212ad224e5,2026-09-22T13:20:45.184365+00:00
2025-10-30,https://web.archive.org/web/20260116072121id_/https://old.dghs.gov.bd/images/docs/vpr/20251030_dengue_all.pdf,wayback,200,1195504,711f91e29ffbfdb179ffa9c8bf375a9d759944f5b56aa5122f13ba87588d3bce,2026-09-22T13:20:47.839863+00:00
2025-10-31,https://web.archive.org/web/20260116183336id_/https://old.dghs.gov.bd/images/docs/vpr/20251031_dengue_all.pdf,wayback,200,1300130,65205b6ab00ed718836022aa346426254a6b65a9fc0253c41951801f58c9f48e,2026-09-22T13:20:50.300199+00:00
2025-11-01,https://web.archive.org/web/20260117051335id_/https://old.dghs.gov.bd/images/docs/vpr/20251101_dengue_all.pdf,wayback,200,1323811,25995d82c571ac7c6de129df0f227768d170419cd37ce35002436d901f3c0ed6,2026-09-22T13:20:52.925177+00:00
2025-11-02,https://web.archive.org/web/20251103032514id_/https://old.dghs.gov.bd/images/docs/vpr/20251102_dengue_all.pdf,wayback,200,1212316,acf45e392583d37ebe9837d24b942ee56e53407b875ba17254743f6df2955584,2026-09-22T13:20:55.317277+00:00
2025-11-03,https://web.archive.org/web/20260116100816id_/https://old.dghs.gov.bd/images/docs/vpr/20251103_dengue_all.pdf,wayback,200,1207483,4640cf4da14fd7db734cdbb34de27002b21eb6ee8dbc1e1ce57bf95dea21979b,2026-09-22T13:20:57.778439+00:00
2025-11-04,https://web.archive.org/web/20260116064728id_/https://old.dghs.gov.bd/images/docs/vpr/20251104_dengue_all.pdf,wayback,200,1215207,85aab35f36ffca364b729f30934952447843a5d5f3c06d9d8228750fc55b3090,2026-09-22T13:21:00.122467+00:00
2025-11-05,https://web.archive.org/web/20260116060800id_/https://old.dghs.gov.bd/images/docs/vpr/20251105_dengue_all.pdf,wayback,200,1227806,3f6f744ebea782cf3f83b5ed7307449fa04ffb6c5d9ca5b7ca47e473c4b56b96,2026-09-22T13:21:02.537848+00:00
2025-11-06,https://web.archive.org/web/20260116062138id_/https://old.dghs.gov.bd/images/docs/vpr/20251106_dengue_all.pdf,wayback,200,1207397,0cdd54d5b42538b2dfb3cef6869e0f690810a0c15ab2f928a2c1a5f259d7758f,2026-09-22T13:21:04.914645+00:00
2025-11-07,https://web.archive.org/web/20260116080911id_/https://old.dghs.gov.bd/images/docs/vpr/20251107_dengue_all.pdf,wayback,200,1319846,a17defba31ce6edc74886c874e375f7d649f265fc9638cbfd193868349fddade,2026-09-22T13:21:07.314713+00:00
2025-11-08,https://web.archive.org/web/20260117035125id_/https://old.dghs.gov.bd/images/docs/vpr/20251108_dengue_all.pdf,wayback,200,1310300,beec33e4505b329d6aee0199fb60e51f9e40b0c8dddb58ada0c1aa057ee992bb,2026-09-22T13:21:09.728542+00:00
2025-11-09,https://web.archive.org/web/20260116062019id_/https://old.dghs.gov.bd/images/docs/vpr/20251109_dengue_all.pdf,wayback,200,1387891,44fa56bd7dc1757192d1b3ad565e1336eb3a69736a9f59612071e998fcdd616c,2026-09-22T13:21:13.123624+00:00
2025-11-10,https://web.archive.org/web/20260116060931id_/https://old.dghs.gov.bd/images/docs/vpr/20251110_dengue_all.pdf,wayback,200,1358522,ce2df34435b954043bb4522d0b45fc06bf9ca6a97ba1be29e1c5f42975950287,2026-09-22T13:21:15.451251+00:00
2025-11-11,https://web.archive.org/web/20260117050349id_/https://old.dghs.gov.bd/images/docs/vpr/20251111_dengue_all.pdf,wayback,200,1349453,6859a065f5ffef3277cdddb5bc5465a7de578481364b27312ef3093fca178aad,2026-09-22T13:21:18.088947+00:00
2025-11-13,https://web.archive.org/web/20260117045404id_/https://old.dghs.gov.bd/images/docs/vpr/20251113_dengue_all.pdf,wayback,200,1331877,2ef2faae2d2565d78aa2b145939b85d1738ab6b2dc35792ec95b99e7821ce306,2026-09-22T13:21:20.478143+00:00
2025-11-14,https://web.archive.org/web/20260116065506id_/https://old.dghs.gov.bd/images/docs/vpr/20251114_dengue_all.pdf,wayback,200,1310941,76f8c5d3d116a2967f3656a05b1b622b3c2df2eac3549365b0ee329e59d60873,2026-09-22T13:21:25.047555+00:00
2025-11-15,https://web.archive.org/web/20260116195712id_/https://old.dghs.gov.bd/images/docs/vpr/20251115_dengue_all.pdf,wayback,200,1336772,a26eb0902788e03269051827e71a5642d911ff9cad4f9c20ef3a685e36fe3f28,2026-09-22T13:21:28.150885+00:00
2025-11-16,https://web.archive.org/web/20260116072341id_/https://old.dghs.gov.bd/images/docs/vpr/20251116_dengue_all.pdf,wayback,200,1190394,e2c2ce37f247a3c197b97974325b678a9b892aae678f22705e63704c77d4e5fb,2026-09-22T13:21:30.840464+00:00
2025-11-17,https://web.archive.org/web/20260116074551id_/https://old.dghs.gov.bd/images/docs/vpr/20251117_dengue_all.pdf,wayback,200,1188977,2b0a05edaea7d59209bc00b484d1b18cbb1c7c7b200ac0d49205aa21e9620966,2026-09-22T13:21:33.309476+00:00
2025-11-18,https://web.archive.org/web/20260116071610id_/https://old.dghs.gov.bd/images/docs/vpr/20251118_dengue_all.pdf,wayback,200,1190202,8f9d966ca5b40af622117cedcf4f7f0f81da6a47d170696cf102d13cbe0ee7b9,2026-09-22T13:21:35.829621+00:00
2025-11-19,https://web.archive.org/web/20260117094705id_/https://old.dghs.gov.bd/images/docs/vpr/20251119_dengue_all.pdf,wayback,200,1204686,d41cf4c78a6717969e946cdafb47099e28bdfe166c00fa2585c71b19384263c9,2026-09-22T13:21:38.382100+00:00
2025-11-20,https://web.archive.org/web/20260116065624id_/https://old.dghs.gov.bd/images/docs/vpr/20251120_dengue_all.pdf,wayback,200,1204537,f91d1ccade753a810cebd9e76eff06760fd86cf0e1eeb00195752aad303be1fe,2026-09-22T13:21:42.898876+00:00
2025-11-21,https://web.archive.org/web/20260116064831id_/https://old.dghs.gov.bd/images/docs/vpr/20251121_dengue_all.pdf,wayback,200,1170126,b0e16d2609b99d857ac5dcc1f9d672b034648b248176b15c488a6e0204ab36f1,2026-09-22T13:21:45.487779+00:00
2025-11-22,https://web.archive.org/web/20260116081133id_/https://old.dghs.gov.bd/images/docs/vpr/20251122_dengue_all.pdf,wayback,200,1187933,5def50e52622f75f71873756bab415a749479dc5552f61527f4ec823c1b0c859,2026-09-22T13:21:56.984396+00:00
2025-11-24,https://web.archive.org/web/20260117051611id_/https://old.dghs.gov.bd/images/docs/vpr/20251124_dengue_all.pdf,wayback,200,1201102,e90a9e3e57f5bb4523bef0df3fb61902c0a32877b102cad8027196ec9a41c1e3,2026-09-22T13:21:59.373419+00:00
2025-11-25,https://web.archive.org/web/20260116132033id_/https://old.dghs.gov.bd/images/docs/vpr/20251125_dengue_all.pdf,wayback,200,1185122,cbbeabe650b37a661a162a4626fb790fdf7a5a47dc3244dd31870a4214fef1b7,2026-09-22T13:22:01.980934+00:00
2025-11-26,https://web.archive.org/web/20260116085042id_/https://old.dghs.gov.bd/images/docs/vpr/20251126_dengue_all.pdf,wayback,200,1211225,e39b33d23177c7726bb026d0da2fb5b3473ad17aac4db7d798640a15d38d7e7d,2026-09-22T13:22:05.306830+00:00
2025-11-27,https://web.archive.org/web/20260117055828id_/https://old.dghs.gov.bd/images/docs/vpr/20251127_dengue_all.pdf,wayback,200,1246536,cb2c8f0e8a70fcae33a29e21975b694dab16e7641ef247b05ed0fe532f7806db,2026-09-22T13:22:07.749779+00:00
2025-11-29,https://web.archive.org/web/20260117053744id_/https://old.dghs.gov.bd/images/docs/vpr/20251129_dengue_all.pdf,wayback,200,1357385,165c24954ff734361766d140a39d97e1f0e26759a9e53bc0b94e54baf2a9ae0e,2026-09-22T13:22:10.116119+00:00
2025-11-30,https://web.archive.org/web/20260116063333id_/https://old.dghs.gov.bd/images/docs/vpr/20251130_dengue_all.pdf,wayback,200,1231190,2c4d92055002729d6f9ed64758840163eb0d0f8120ee291ace07ef0b8d8ba476,2026-09-22T13:22:12.432910+00:00
2025-12-01,https://web.archive.org/web/20260116070326id_/https://old.dghs.gov.bd/images/docs/vpr/20251201_dengue_all.pdf,wayback,200,1350381,a9e2f845f10de78f5495230bb98930529b1168ef7f53da0f4901a0b26f6319d7,2026-09-22T13:22:14.906102+00:00
2025-12-02,https://web.archive.org/web/20260116081357id_/https://old.dghs.gov.bd/images/docs/vpr/20251202_dengue_all.pdf,wayback,200,1359017,f33cfa16c327ef9dbfccb27c849b81ba7a212ffcbee37a24208b42d178f625e9,2026-09-22T13:22:18.026372+00:00
2025-12-03,https://web.archive.org/web/20260116081104id_/https://old.dghs.gov.bd/images/docs/vpr/20251203_dengue_all.pdf,wayback,200,1205093,114e33df5b8b62c75873c0e39f13c1b1cc125409c02f7fd7e61f4372b99c79d7,2026-09-22T13:22:20.456417+00:00
2025-12-04,https://web.archive.org/web/20260116064748id_/https://old.dghs.gov.bd/images/docs/vpr/20251204_dengue_all.pdf,wayback,200,1198990,40eb066db58c0b59fb051743397db4e30649f4adf26ffcd2a01f82c10689cea8,2026-09-22T13:22:22.836819+00:00
2025-12-05,https://web.archive.org/web/20260117042229id_/https://old.dghs.gov.bd/images/docs/vpr/20251205_dengue_all.pdf,wayback,200,1325508,54a27ec6e386cb68342223e3929097fe72b4413404efb57d1fdf2e54b453a8df,2026-09-22T13:22:25.299504+00:00
2025-12-07,https://web.archive.org/web/20260116092536id_/https://old.dghs.gov.bd/images/docs/vpr/20251207_dengue_all.pdf,wayback,200,1323966,65e573876007311ce5362e759d37741dde41e7d716cb6977af3cf380be0e641b,2026-09-22T13:22:27.627491+00:00
2025-12-08,https://web.archive.org/web/20260117035819id_/https://old.dghs.gov.bd/images/docs/vpr/20251208_dengue_all.pdf,wayback,200,1325785,a337ab7cebe928c72e302f8ec5c7d49c3e55b88bf3d0c77e8a98d2f969d10e7b,2026-09-22T13:22:29.941046+00:00
2025-12-09,https://web.archive.org/web/20260116070023id_/https://old.dghs.gov.bd/images/docs/vpr/20251209_dengue_all.pdf,wayback,200,1214795,170f2d5ae6a1dd7eaedcfeeddd1ecb9195338e03f91c9f50bd28d9c76eaa8b84,2026-09-22T13:22:33.387174+00:00
2025-12-10,https://web.archive.org/web/20260117041322id_/https://old.dghs.gov.bd/images/docs/vpr/20251210_dengue_all.pdf,wayback,200,1178509,33eea7084786bc83a63c086f57c52766996ab3b2f443f08e46bb8a73db923173,2026-09-22T13:22:37.812622+00:00
2025-12-11,https://web.archive.org/web/20260116065505id_/https://old.dghs.gov.bd/images/docs/vpr/20251211_dengue_all.pdf,wayback,200,1187543,44ff32cfca02ce24f72e67cedd2b891d79e701143a9fc3f2d350be008f8f85d3,2026-09-22T13:22:40.095908+00:00
2025-12-12,https://web.archive.org/web/20260117040638id_/https://old.dghs.gov.bd/images/docs/vpr/20251212_dengue_all.pdf,wayback,200,1310183,0d69a9cfe4a265f209b9888fb31c3a0c3d718d5b8b6dda261aa5dc5f449bd8ec,2026-09-22T13:22:45.788503+00:00
2025-12-13,https://web.archive.org/web/20260117064107id_/https://old.dghs.gov.bd/images/docs/vpr/20251213_dengue_all.pdf,wayback,200,1315148,5c89dfe50b307fc16dcc4165a39d887d8d941bde177ef311aa9d33a2aaae86f5,2026-09-22T13:22:48.329864+00:00
2025-12-14,https://web.archive.org/web/20260117050148id_/https://old.dghs.gov.bd/images/docs/vpr/20251214_dengue_all.pdf,wayback,200,1182652,0c1e0697c951b5f5c259e31bb46782129608006f8a951ab8010c745ecfde3cb0,2026-09-22T13:22:50.841975+00:00
2025-12-15,https://web.archive.org/web/20260117053400id_/https://old.dghs.gov.bd/images/docs/vpr/20251215_dengue_all.pdf,wayback,200,1175906,8747e482e5d7eac3be8b5555972437dfe76db13e4be0a2295acce10939b009be,2026-09-22T13:22:53.198961+00:00
2025-12-16,https://web.archive.org/web/20260116085545id_/https://old.dghs.gov.bd/images/docs/vpr/20251216_dengue_all.pdf,wayback,200,1159319,5c8f7ef9d282969fc87be4ad579fe7db3716b99b4b4b90734ebae3b073d905e1,2026-09-22T13:22:55.737825+00:00
2025-12-17,https://web.archive.org/web/20260116064210id_/https://old.dghs.gov.bd/images/docs/vpr/20251217_dengue_all.pdf,wayback,200,1157103,c36fbae6d9c8e8c28802a68924713d15205bf183a30d60bf6d04a597252011be,2026-09-22T13:23:00.470720+00:00
2025-12-18,https://web.archive.org/web/20260116173735id_/https://old.dghs.gov.bd/images/docs/vpr/20251218_dengue_all.pdf,wayback,200,1170488,19affee24dd64ccaa79fdd5b6da30b6cfa5cd083b42eeb6fe464623ed5b125ba,2026-09-22T13:23:03.437477+00:00
2025-12-19,https://web.archive.org/web/20260117072214id_/https://old.dghs.gov.bd/images/docs/vpr/20251219_dengue_all.pdf,wayback,200,1302140,fb2cea6654993d3bd8e861cebc894d4cc4ab5c57fefa7c537504bc48988cd7c6,2026-09-22T13:23:05.907469+00:00
2025-12-20,https://web.archive.org/web/20260116063359id_/https://old.dghs.gov.bd/images/docs/vpr/20251220_dengue_all.pdf,wayback,200,1331781,240df3c2359b6f9a17dc3e2c7f4928744d099f85e60a0d742aa87b481226a5f9,2026-09-22T13:23:08.258527+00:00
2025-12-21,https://web.archive.org/web/20260117043939id_/https://old.dghs.gov.bd/images/docs/vpr/20251221_dengue_all.pdf,wayback,200,1177654,b682c8f5e96c15e1c5b1cb23696642f50584ee87a0ecbb08ea2046456620bf4f,2026-09-22T13:23:10.758913+00:00
2025-12-22,https://web.archive.org/web/20260116071512id_/https://old.dghs.gov.bd/images/docs/vpr/20251222_dengue_all.pdf,wayback,200,1175473,8eb21f0a04f58569826813f2f2417f800c24d61d5e2cbb1b2f495dfe91e4b800,2026-09-22T13:23:13.342622+00:00
2025-12-23,https://web.archive.org/web/20260116104700id_/https://old.dghs.gov.bd/images/docs/vpr/20251223_dengue_all.pdf,wayback,200,1158401,6c66fdd12dc5eea2d61f1a9d658f6acf80db8deb2fb026f8e8127d860dd0b314,2026-09-22T13:23:15.919963+00:00
2025-12-25,https://web.archive.org/web/20260116073925id_/https://old.dghs.gov.bd/images/docs/vpr/20251225_dengue_all.pdf,wayback,200,1313400,e42b13dab9896ceeac8fc3d433896c53b77675c318a744f9a3a73daec025a41b,2026-09-22T13:23:18.439672+00:00
2025-12-26,https://web.archive.org/web/20260117044806id_/https://old.dghs.gov.bd/images/docs/vpr/20251226_dengue_all.pdf,wayback,200,1304725,c8581992239820723ada50693079aab320b26e4be626bd1ad34560c072a3a104,2026-09-22T13:23:27.394188+00:00
2025-12-28,https://web.archive.org/web/20260116062711id_/https://old.dghs.gov.bd/images/docs/vpr/20251228_dengue_all.pdf,wayback,200,1307306,6779e47fcad3943bd01db27e0984b25d74e5ae3ad06482b5e971c05e6cd423e9,2026-09-22T13:23:30.621854+00:00
2025-12-29,https://web.archive.org/web/20260117052952id_/https://old.dghs.gov.bd/images/docs/vpr/20251229_dengue_all.pdf,wayback,200,1302911,f3987ee08373991197f03a62df75022c7e8c26da4bb9b4cb90fed5e8ad9bdb0d,2026-09-22T13:23:33.136015+00:00
2025-12-30,https://web.archive.org/web/20260116075014id_/https://old.dghs.gov.bd/images/docs/vpr/20251230_dengue_all.pdf,wayback,200,1172057,41ef4b4bfc455fd0c58c2694059a47a3df6f45a3c34c4abee35e8150a9587986,2026-09-22T13:23:35.516504+00:00
2025-12-31,https://web.archive.org/web/20260117060242id_/https://old.dghs.gov.bd/images/docs/vpr/20251231_dengue_all.pdf,wayback,200,1154737,ab2f57aa0e71a1a44bc1b7dac03e71aac26f6fa898d9263f1ce548ec2a7c432e,2026-09-22T13:23:39.525683+00:00
2026-01-01,https://web.archive.org/web/20260117043823id_/https://old.dghs.gov.bd/images/docs/vpr/20260101_dengue_all.pdf,wayback,200,1011068,f14b2817419255a6f51669f1232d9e280d63c4346082b7cda36dc9eaac0f5ac7,2026-09-22T13:23:42.053288+00:00
2026-01-02,https://web.archive.org/web/20260116095516id_/https://old.dghs.gov.bd/images/docs/vpr/20260102_dengue_all.pdf,wayback,200,1002066,017cbb07f1dcebe07e9298d3eb41bf3ec975223fe67fee7e73bb7ac14663903e,2026-09-22T13:23:47.701411+00:00
2026-01-03,https://web.archive.org/web/20260116113623id_/https://old.dghs.gov.bd/images/docs/vpr/20260103_dengue_all.pdf,wayback,200,1118699,c3f032efbc36b8436a107e3d302286f69d5a196c8f654b1f24703edd9ece8279,2026-09-22T13:23:50.155691+00:00
2026-01-04,https://web.archive.org/web/20260116090038id_/https://old.dghs.gov.bd/images/docs/vpr/20260104_dengue_all.pdf,wayback,200,1020893,d1e5bad274ba89aab6f053b707191172457961daa2b1ce0a38885c41795857b2,2026-09-22T13:23:52.542540+00:00
2026-01-05,https://web.archive.org/web/20260116081124id_/https://old.dghs.gov.bd/images/docs/vpr/20260105_dengue_all.pdf,wayback,200,1021489,62bbf3f08c38ccb1d4ce304437338277a1c866ba1b2856efd997b017bec882e3,2026-09-22T13:23:55.028826+00:00
2026-01-06,https://web.archive.org/web/20260117044946id_/https://old.dghs.gov.bd/images/docs/vpr/20260106_dengue_all.pdf,wayback,200,1020519,6a8fee49ce66bf23657b92a564061cfea1bdbc90f55199b735de837870f5038e,2026-09-22T13:23:57.547413+00:00
2026-01-08,https://web.archive.org/web/20260117044704id_/https://old.dghs.gov.bd/images/docs/vpr/20260108_dengue_all.pdf,wayback,200,1032747,b0adcaadd990fa2fc26d506b6cbc74fd0f1a196ced4586e98434a9f764fff9c3,2026-09-22T13:24:00.012441+00:00
2026-01-09,https://web.archive.org/web/20260116062035id_/https://old.dghs.gov.bd/images/docs/vpr/20260109_dengue_all.pdf,wayback,200,1025518,60ff26f63f8b3ac5a58fd09c44a7778888c641ab1aca9618a40cb60a772c3dfd,2026-09-22T13:24:02.301231+00:00
2026-01-10,https://web.archive.org/web/20260116083559id_/https://old.dghs.gov.bd/images/docs/vpr/20260110_dengue_all.pdf,wayback,200,1018165,7c647998ed0a0c1edfd9eee8d236c78028a0a7dfdc5222353e3960a4c18f6d31,2026-09-22T13:24:04.594296+00:00
2026-01-11,https://web.archive.org/web/20260117044154id_/https://old.dghs.gov.bd/images/docs/vpr/20260111_dengue_all.pdf,wayback,200,1031783,8fa6b7ab190bd11f31367bcde7eca1a654934ec395918061ba2039db33d2a507,2026-09-22T13:24:07.129846+00:00
2026-01-13,https://web.archive.org/web/20260116063953id_/https://old.dghs.gov.bd/images/docs/vpr/20260113_dengue_all.pdf,wayback,200,1016238,b7766b570458763ac9382ddd216ec41b86432050165ed27506a78943f0ee9d8c,2026-09-22T13:24:09.658753+00:00
2026-01-14,https://web.archive.org/web/20260116062705id_/https://old.dghs.gov.bd/images/docs/vpr/20260114_dengue_all.pdf,wayback,200,1018901,f0a870dd2ee697ea1c9d1d21ac3b97869b40c876695c14163db029b295c5550b,2026-09-22T13:24:12.097469+00:00
2026-01-15,https://web.archive.org/web/20260116061101id_/https://old.dghs.gov.bd/images/docs/vpr/20260115_dengue_all.pdf,wayback,200,1044147,77a1e444b6fb5cfee7b95912b3617558c31ad209575a0a2e9e35a3af30ce5685,2026-09-22T13:24:14.443233+00:00
2026-01-17,https://web.archive.org/web/20260203055734id_/https://old.dghs.gov.bd/images/docs/vpr/20260117_dengue_all.pdf,wayback,200,1029625,52ac500ffa4abbbbd8348b820a93c7e7951f18857b0fc47088a90f362c722e86,2026-09-22T13:24:17.804713+00:00
2026-01-18,https://web.archive.org/web/20260203041017id_/https://old.dghs.gov.bd/images/docs/vpr/20260118_dengue_all.pdf,wayback,200,1023271,3c839d59dab6d54b50ee7ea918d3631792b6eba58625770ed0d5959729119ffd,2026-09-22T13:24:20.230291+00:00
2026-01-19,https://web.archive.org/web/20260203051122id_/https://old.dghs.gov.bd/images/docs/vpr/20260119_dengue_all.pdf,wayback,200,1095231,e92faa0e2ac975135a3ae68d623c72fafaeb7c95f0fab4c53e03057bedfe4b25,2026-09-22T13:24:28.825621+00:00
2026-01-20,https://web.archive.org/web/20260203041355id_/https://old.dghs.gov.bd/images/docs/vpr/20260120_dengue_all.pdf,wayback,200,1184686,3a8863d4859bf2b4a0eb15356c8e3e333828d58ba1e0cf832f253c31d53cd96e,2026-09-22T13:24:39.414128+00:00
2026-01-21,https://web.archive.org/web/20260203055442id_/https://old.dghs.gov.bd/images/docs/vpr/20260121_dengue_all.pdf,wayback,200,1183276,77a91f910e71367758b3158ae9735e2711a1afd7e31d1b9a74b7d14b5ca47e89,2026-09-22T13:24:41.784458+00:00
2026-01-22,https://web.archive.org/web/20260203041626id_/https://old.dghs.gov.bd/images/docs/vpr/20260122_dengue_all.pdf,wayback,200,1185388,2889fbb559b3a80871a3760bfe7a24cff5d303df4336c4f085a780da4b1e23df,2026-09-22T13:24:44.313803+00:00
2026-01-23,https://web.archive.org/web/20260203043609id_/https://old.dghs.gov.bd/images/docs/vpr/20260123_dengue_all.pdf,wayback,200,1182546,b039772c0a53fb0eb563ab0a12178d4fbc191eec5a5ba380b46267d05f47e8ca,2026-09-22T13:24:47.271632+00:00
2026-01-24,https://web.archive.org/web/20260203042009id_/https://old.dghs.gov.bd/images/docs/vpr/20260124_dengue_all.pdf,wayback,200,1199814,6d6e630acf9b2d6f51048b737469336ee5cb98b521646719dd1aaefbe1805a5a,2026-09-22T13:24:51.294338+00:00
2026-01-25,https://web.archive.org/web/20260203063654id_/https://old.dghs.gov.bd/images/docs/vpr/20260125_dengue_all.pdf,wayback,200,1056873,ab333691b3fbb68a748ac6229ad768b2eaf57cc435bfb2d442fa490182d2f36c,2026-09-22T13:24:53.673431+00:00
2026-01-26,https://web.archive.org/web/20260203041307id_/https://old.dghs.gov.bd/images/docs/vpr/20260126_dengue_all.pdf,wayback,200,1078481,08c2da6d1d3059c8c077d2a8a51c156421cd6539f6f734f168eea36e6adbc554,2026-09-22T13:24:59.690156+00:00
2026-01-27,https://web.archive.org/web/20260203041128id_/https://old.dghs.gov.bd/images/docs/vpr/20260127_dengue_all.pdf,wayback,200,1052407,97aff7988b9bb77a32b54950dd3ff1d9c024f1332626992ec9757f2ac891b105,2026-09-22T13:25:02.730786+00:00
2026-01-28,https://web.archive.org/web/20260203043340id_/https://old.dghs.gov.bd/images/docs/vpr/20260128_dengue_all.pdf,wayback,200,1064004,c3a7822129a138fc879e51cb2d71a6f50c0e3781aeaf219431f39f03684c1c5c,2026-09-22T13:25:13.321263+00:00
2026-01-29,https://web.archive.org/web/20260203043149id_/https://old.dghs.gov.bd/images/docs/vpr/20260129_dengue_all.pdf,wayback,200,1057213,a285487d438bdb045ef469eb8d065fb9928b83e46cdc3247aa1e2a16f5d644e8,2026-09-22T13:25:15.686482+00:00
2026-01-30,https://web.archive.org/web/20260203055338id_/https://old.dghs.gov.bd/images/docs/vpr/20260130_dengue_all.pdf,wayback,200,1186772,551c88ffe2bf2866e44374effde5758487905b80d8e3a63c7615584900a711a2,2026-09-22T13:25:18.127426+00:00
2026-01-31,https://web.archive.org/web/20260203054104id_/https://old.dghs.gov.bd/images/docs/vpr/20260131_dengue_all.pdf,wayback,200,1193486,ca545556c6c4041ab4225b29683ba6dee00600710bb167349a1e3859a00c7917,2026-09-22T13:25:20.547841+00:00
2026-02-01,https://web.archive.org/web/20260203063018id_/https://old.dghs.gov.bd/images/docs/vpr/20260201_dengue_all.pdf,wayback,200,1061563,4f7deec09928059946dd1e2a44e1f86f3d4474737110e45da97543c1d3dbf3ea,2026-09-22T13:25:22.934601+00:00
2026-02-03,https://web.archive.org/web/20260307194921id_/https://old.dghs.gov.bd/images/docs/vpr/20260203_dengue_all.pdf,wayback,200,1066780,659f5d204db6957ac39f8f167416a8eae1628e0c1c0e750ab5ca0e46bd40467a,2026-09-22T13:25:25.267478+00:00
2026-02-04,https://web.archive.org/web/20260307194921id_/https://old.dghs.gov.bd/images/docs/vpr/20260204_dengue_all.pdf,wayback,200,1170964,db3b1a6b7a4eb86f1fad9221aedde0ff29dd2dab510e68dc2a1b6ec751110364,2026-09-22T13:25:27.520894+00:00
2026-02-05,https://web.archive.org/web/20260307194920id_/https://old.dghs.gov.bd/images/docs/vpr/20260205_dengue_all.pdf,wayback,200,1183143,41edfc2e61841f542c7abf1ddfca1a45a60d712efa616c898bc939d32ff16f1d,2026-09-22T13:25:29.471028+00:00
2026-02-06,https://web.archive.org/web/20260307194920id_/https://old.dghs.gov.bd/images/docs/vpr/20260206_dengue_all.pdf,wayback,200,1194999,dadca6c35ae8ecaeea11d90661f3ff57bc0c60fee7ea543614a76a13f7efe6f5,2026-09-22T13:25:32.146678+00:00
2026-02-09,https://web.archive.org/web/20260307194919id_/https://old.dghs.gov.bd/images/docs/vpr/20260209_dengue_all.pdf,wayback,200,1106563,4883aa0d6333524f670dbb54a3a018cb5e824fcc89705206f2342eda4164ed9c,2026-09-22T13:25:34.490712+00:00
2026-02-10,https://web.archive.org/web/20260307194919id_/https://old.dghs.gov.bd/images/docs/vpr/20260210_dengue_all.pdf,wayback,200,1056120,c21d7d8bbb786a7d68cbfcdd012ac759fec1f282a03c3e79964fff4e06613054,2026-09-22T13:25:36.780879+00:00
2026-02-11,https://web.archive.org/web/20260307194919id_/https://old.dghs.gov.bd/images/docs/vpr/20260211_dengue_all.pdf,wayback,200,1058250,020806b1104b0f658e6d9f518bd66b3043c9d1567ff679d676a01197dfeca26f,2026-09-22T13:25:39.146467+00:00
2026-02-12,https://web.archive.org/web/20260307194919id_/https://old.dghs.gov.bd/images/docs/vpr/20260212_dengue_all.pdf,wayback,200,1072743,1443493480690936f31dbaa16ee15dcce34020058545eddb8ca07172e6c47eb1,2026-09-22T13:25:41.435129+00:00
2026-02-13,https://web.archive.org/web/20260307194918id_/https://old.dghs.gov.bd/images/docs/vpr/20260213_dengue_all.pdf,wayback,200,1057587,152024e35fa84b563bca3f0fc247c59fc63dc61af13f45b3b916717b03f79b33,2026-09-22T13:25:47.478047+00:00
2026-02-14,https://web.archive.org/web/20260307194918id_/https://old.dghs.gov.bd/images/docs/vpr/20260214_dengue_all.pdf,wayback,200,1062371,caa5f931dc721cd81f4ad10eddc74752a4790cfccb6ff9c7f9ea0423ce4913f2,2026-09-22T13:25:49.790847+00:00
2026-02-15,https://web.archive.org/web/20260307194918id_/https://old.dghs.gov.bd/images/docs/vpr/20260215_dengue_all.pdf,wayback,200,1068690,0a7635d1c8dc2899dd1a2d5d7f5caf2dca76dc2a78b3bcdcb657b7e7854616b3,2026-09-22T13:25:51.770436+00:00
2026-02-16,https://web.archive.org/web/20260307194917id_/https://old.dghs.gov.bd/images/docs/vpr/20260216_dengue_all.pdf,wayback,200,1067539,528722ea5817e0cbf1971537aac689238d8890086701ae9d6e989b439e2f2620,2026-09-22T13:25:53.739904+00:00
2026-02-17,https://web.archive.org/web/20260307194917id_/https://old.dghs.gov.bd/images/docs/vpr/20260217_dengue_all.pdf,wayback,200,1062306,297cd1aa02dd17a117ecebdc9da0294b40a836c1e393e4fedc7ee468644a4e6a,2026-09-22T13:25:56.077845+00:00
2026-02-18,https://web.archive.org/web/20260307194917id_/https://old.dghs.gov.bd/images/docs/vpr/20260218_dengue_all.pdf,wayback,200,1062089,58c362890366a266687ea9b18936011ca752a34e058db8ab1175eb7ef6721a31,2026-09-22T13:25:58.332091+00:00
2026-02-19,https://web.archive.org/web/20260307194917id_/https://old.dghs.gov.bd/images/docs/vpr/20260219_dengue_all.pdf,wayback,200,1079600,51e9e58a404290d489f65bab0deaa09bdbe52036be444795700c5e35eb324f0c,2026-09-22T13:26:00.270501+00:00
2026-02-21,https://web.archive.org/web/20260307194916id_/https://old.dghs.gov.bd/images/docs/vpr/20260221_dengue_all.pdf,wayback,200,1001071,4d1e8296912beb8bf06670778790f25bfacd1abedec0883e7a20c7d4abd2a9f5,2026-09-22T13:26:02.594263+00:00
2026-02-22,https://web.archive.org/web/20260307194915id_/https://old.dghs.gov.bd/images/docs/vpr/20260222_dengue_all.pdf,wayback,200,1000019,af829aadc36e4e69bf3b06db81a675cc17bf649fc5faa0f95d47d28b36e39cf6,2026-09-22T13:26:04.894241+00:00
2026-02-23,https://web.archive.org/web/20260307194915id_/https://old.dghs.gov.bd/images/docs/vpr/20260223_dengue_all.pdf,wayback,200,995746,b003d9a527a0fb5561208979195cc8e55b12f821ae4f3103c57ae7b3fc33acdb,2026-09-22T13:26:07.212451+00:00
2026-02-24,https://web.archive.org/web/20260307194915id_/https://old.dghs.gov.bd/images/docs/vpr/20260224_dengue_all.pdf,wayback,200,994748,522d2c6f4540afe5caa344855f069311b3a889ca96a5c2cfea089afb417c9b13,2026-09-22T13:26:09.521041+00:00
2026-02-25,https://web.archive.org/web/20260307194915id_/https://old.dghs.gov.bd/images/docs/vpr/20260225_dengue_all.pdf,wayback,200,1000953,2a3ad842f54cf3abd42e44d8b88de2cdf466328cceea63635d5d0f4945a4bd99,2026-09-22T13:26:11.916384+00:00
2026-02-26,https://web.archive.org/web/20260307194914id_/https://old.dghs.gov.bd/images/docs/vpr/20260226_dengue_all.pdf,wayback,200,993318,8a5bed388ef6a824555bdf86bb43a898814b9d8a93da5b3b778aede2a3e45dca,2026-09-22T13:26:14.413402+00:00
2026-02-27,https://web.archive.org/web/20260307194914id_/https://old.dghs.gov.bd/images/docs/vpr/20260227_dengue_all.pdf,wayback,200,987019,a6128d7d0535322860f842397aa67c490892f8481c7e4cdbb817a7f9ac3b118b,2026-09-22T13:26:16.685360+00:00
2026-02-28,https://web.archive.org/web/20260608103933id_/https://old.dghs.gov.bd/images/docs/vpr/20260228_dengue_all.pdf,wayback,200,993970,3818614b86cf75c03d853db24143ac2607e9c9fcbb4837271dd8bb43fb0affac,2026-09-22T13:26:19.065506+00:00
2026-03-01,https://web.archive.org/web/20260307194914id_/https://old.dghs.gov.bd/images/docs/vpr/20260301_dengue_all.pdf,wayback,200,1129483,0b84ac0e9d948f6ef7d0c53375f404252433b054143362e9cd32a95d1701fb15,2026-09-22T13:26:21.466736+00:00
2026-03-02,https://web.archive.org/web/20260608103933id_/https://old.dghs.gov.bd/images/docs/vpr/20260302_dengue_all.pdf,wayback,200,1127566,647c6d046cfbf3d4dc1f026b7a8a576ee45e6d7b1c5ee85527d1581d5696fca9,2026-09-22T13:26:23.816287+00:00
2026-03-03,https://web.archive.org/web/20260608103933id_/https://old.dghs.gov.bd/images/docs/vpr/20260303_dengue_all.pdf,wayback,200,1126286,62b9654e8a681a72baa3d8f37c04c42f46a9eac23377a66eef96856fe2947085,2026-09-22T13:26:29.980457+00:00
2026-03-04,https://web.archive.org/web/20260608103930id_/https://old.dghs.gov.bd/images/docs/vpr/20260304_dengue_all.pdf,wayback,200,1121858,74805351c4601b5c61c9487c3f02b479ee894a5378a8d5b9924eed17cd74327f,2026-09-22T13:26:32.262318+00:00
2026-03-05,https://web.archive.org/web/20260608103930id_/https://old.dghs.gov.bd/images/docs/vpr/20260305_dengue_all.pdf,wayback,200,1128376,ced66c1da98e6b8e0d5143e03449f38e3b1fbf256fecb38767df0d7148d86916,2026-09-22T13:26:34.538132+00:00
2026-03-06,https://web.archive.org/web/20260608103930id_/https://old.dghs.gov.bd/images/docs/vpr/20260306_dengue_all.pdf,wayback,200,1123253,49d49fb3bff64e96d403767e4ee439c99057b5797fcc02ce33434c4401f5bc0d,2026-09-22T13:26:36.782932+00:00
2026-03-07,https://web.archive.org/web/20260608103930id_/https://old.dghs.gov.bd/images/docs/vpr/20260307_dengue_all.pdf,wayback,200,1133855,ac8a9065ffaee4708faf2591e884649609e41c61c2ef33c421522f1214fb4f73,2026-09-22T13:26:39.036674+00:00
2026-03-08,https://web.archive.org/web/20260608103930id_/https://old.dghs.gov.bd/images/docs/vpr/20260308_dengue_all.pdf,wayback,200,991370,2040e246d6d7a1f3661110e5d025210a734e9ebc20d4d0325fceba64fc139fac,2026-09-22T13:26:41.409596+00:00
2026-03-09,https://web.archive.org/web/20260608103929id_/https://old.dghs.gov.bd/images/docs/vpr/20260309_dengue_all.pdf,wayback,200,1003613,265ba00782724b1112f02f54e5c2e7aff81a087b1102fbbaa15be4eafec80713,2026-09-22T13:26:43.718078+00:00
2026-03-10,https://web.archive.org/web/20260608103929id_/https://old.dghs.gov.bd/images/docs/vpr/20260310_dengue_all.pdf,wayback,200,997485,a40ed63528fcae5469206707d55e410b14e9afeac3a10703431ef41cfc97fa09,2026-09-22T13:26:45.639115+00:00
2026-03-11,https://web.archive.org/web/20260608103929id_/https://old.dghs.gov.bd/images/docs/vpr/20260311_dengue_all.pdf,wayback,200,989183,cd9649eeaeb9d4f65adc89a4d71db844d6936b2cd1b9d0cb7c72167e2a90a912,2026-09-22T13:26:47.935503+00:00
2026-03-12,https://web.archive.org/web/20260608103927id_/https://old.dghs.gov.bd/images/docs/vpr/20260312_dengue_all.pdf,wayback,200,1006259,29a0c3c40db2c0da1ab38b7a13b8535762bb864b52f5405502a059b8af98dede,2026-09-22T13:26:50.439792+00:00
2026-03-13,https://web.archive.org/web/20260608103927id_/https://old.dghs.gov.bd/images/docs/vpr/20260313_dengue_all.pdf,wayback,200,1000531,7e2e6c846cb96f4ad7e5044e4a34e7b56ea9b4a70ed3380dae1f7f23daf61873,2026-09-22T13:26:52.713332+00:00
2026-03-14,https://web.archive.org/web/20260608103927id_/https://old.dghs.gov.bd/images/docs/vpr/20260314_dengue_all.pdf,wayback,200,995168,13264ab2b343a75b78cb41468b8ed7f710958b243875f15caae27ebcc2471c13,2026-09-22T13:26:55.034584+00:00
2026-03-15,https://web.archive.org/web/20260608103927id_/https://old.dghs.gov.bd/images/docs/vpr/20260315_dengue_all.pdf,wayback,200,1007079,667e7f80f138792f7f6943c3ab394fcf1ef109ac30e37c560da0a2267ec782b2,2026-09-22T13:26:57.299594+00:00
2026-03-16,https://web.archive.org/web/20260608103926id_/https://old.dghs.gov.bd/images/docs/vpr/20260316_dengue_all.pdf,wayback,200,1000243,ac92ae117737b6117ed65620117d47f51bf91b39a23cbd9e85dcf2559512a876,2026-09-22T13:27:00.470651+00:00
2026-03-17,https://web.archive.org/web/20260608103926id_/https://old.dghs.gov.bd/images/docs/vpr/20260317_dengue_all.pdf,wayback,200,1116014,bf48af7afabb22334f276487e20896aec98d49d2b3ada14cbda72232cb63350c,2026-09-22T13:27:02.724490+00:00
2026-03-19,https://web.archive.org/web/20260608103926id_/https://old.dghs.gov.bd/images/docs/vpr/20260319_dengue_all.pdf,wayback,200,1131384,82215c0c51f1b9dcc481ae64b886dbb0039cb5137971dc892884fc0aaf92381e,2026-09-22T13:27:04.683366+00:00
2026-03-20,https://web.archive.org/web/20260608103926id_/https://old.dghs.gov.bd/images/docs/vpr/20260320_dengue_all.pdf,wayback,200,1124246,f4e1739870c12f7aa2e372e6f1a5139170f1b2631d792fc406e3449d30155139,2026-09-22T13:27:07.046967+00:00
2026-03-21,https://web.archive.org/web/20260608103924id_/https://old.dghs.gov.bd/images/docs/vpr/20260321_dengue_all.pdf,wayback,200,1128118,cb6ebc333403b94408d128dbf7b24c26feaefacddbfc9a4a37285f0e48fad157,2026-09-22T13:27:09.267222+00:00
2026-03-22,https://web.archive.org/web/20260608103924id_/https://old.dghs.gov.bd/images/docs/vpr/20260322_dengue_all.pdf,wayback,200,1127626,37d1fe13ec6bbe0211fb892de1c8602f820384da2c7b0c48d30cd6ebc6096f8f,2026-09-22T13:27:11.645892+00:00
2026-03-24,https://web.archive.org/web/20260608103923id_/https://old.dghs.gov.bd/images/docs/vpr/20260324_dengue_all.pdf,wayback,200,1127154,5372903b0bcb2259548ac1a20717fc26dda556465974415791c8c9278c35c0f4,2026-09-22T13:27:13.889079+00:00
2026-03-25,https://web.archive.org/web/20260608103923id_/https://old.dghs.gov.bd/images/docs/vpr/20260325_dengue_all.pdf,wayback,200,1128561,2e854b7b723b20dc2beaf9b8dbc10d1a511400bc92d93790b5e217bf7657ca7b,2026-09-22T13:27:16.197623+00:00
2026-03-26,https://web.archive.org/web/20260608103923id_/https://old.dghs.gov.bd/images/docs/vpr/20260326_dengue_all.pdf,wayback,200,1129464,e60b7e6e7bde79f2ebe1717037b3add3b86784ee8ab7400c37cc9b12f7caeea9,2026-09-22T13:27:18.419837+00:00
2026-03-27,https://web.archive.org/web/20260608103923id_/https://old.dghs.gov.bd/images/docs/vpr/20260327_dengue_all.pdf,wayback,200,1134202,329ce63d6942083d6733529c531bc992c5fb5fec19ec8f9babb10be054f20a5f,2026-09-22T13:27:20.757696+00:00
2026-03-28,https://web.archive.org/web/20260608103923id_/https://old.dghs.gov.bd/images/docs/vpr/20260328_dengue_all.pdf,wayback,200,1133115,b0584792c5c4a903ae9399b933393ed5c76ee6fc3001aa7884d0313f6394c979,2026-09-22T13:27:23.021961+00:00
2026-03-29,https://web.archive.org/web/20260608103921id_/https://old.dghs.gov.bd/images/docs/vpr/20260329_dengue_all.pdf,wayback,200,1003439,3ae3dd4b37e99d422e7bd2da7550dffb98a3aa9aa7a8c93276b9688f12ead7c2,2026-09-22T13:27:26.108966+00:00
2026-03-30,https://web.archive.org/web/20260608103920id_/https://old.dghs.gov.bd/images/docs/vpr/20260330_dengue_all.pdf,wayback,200,1009215,9115e4d0efb7fbe11e74b2facefe00075685d04f3a0198270cedacdb28443424,2026-09-22T13:27:28.038455+00:00
2026-03-31,https://web.archive.org/web/20260608103920id_/https://old.dghs.gov.bd/images/docs/vpr/20260331_dengue_all.pdf,wayback,200,1009907,70e09e6881728ba1cc77ccd3fc723fba26708fe7c43f719efcee0b1b4c765205,2026-09-22T13:27:30.305356+00:00
2026-04-01,https://web.archive.org/web/20260608103920id_/https://old.dghs.gov.bd/images/docs/vpr/20260401_dengue_all.pdf,wayback,200,1014093,cdf9b6379a511ff90d129221220edc43d9460c48e1213ddcc627b39b3286b98f,2026-09-22T13:27:33.662980+00:00
2026-04-02,https://web.archive.org/web/20260608103920id_/https://old.dghs.gov.bd/images/docs/vpr/20260402_dengue_all.pdf,wayback,200,1015982,99c0f79c33f9b1654e16f5e9a658dd1c7c769c10a36a8d95211548241eed8e68,2026-09-22T13:27:35.938105+00:00
2026-04-03,https://web.archive.org/web/20260608103920id_/https://old.dghs.gov.bd/images/docs/vpr/20260403_dengue_all.pdf,wayback,200,1003558,cb68ea6cfa13bcaba3d0981a542b8144a64cc86c9ac4e813d2e58d6c3549b42c,2026-09-22T13:27:38.200556+00:00
2026-04-04,https://web.archive.org/web/20260608103920id_/https://old.dghs.gov.bd/images/docs/vpr/20260404_dengue_all.pdf,wayback,200,1008203,2fd23690f4ffb96ecc55d57fcaa2c4d6037327fc05d30fd08d818b570d54768a,2026-09-22T13:27:40.178508+00:00
2026-04-05,https://web.archive.org/web/20260608103918id_/https://old.dghs.gov.bd/images/docs/vpr/20260405_dengue_all.pdf,wayback,200,1015457,e2f428fcad8d51956c6e511bd7539b3bdfc7329f28474efdd39a1d6ac50dcaa2,2026-09-22T13:27:42.137945+00:00
2026-04-06,https://web.archive.org/web/20260608103917id_/https://old.dghs.gov.bd/images/docs/vpr/20260406_dengue_all.pdf,wayback,200,1016503,c7a8eb544aae572923d853a66622681bd5b6313eda16abfce5c8981bd7f40ab5,2026-09-22T13:27:44.415847+00:00
2026-04-07,https://web.archive.org/web/20260608103917id_/https://old.dghs.gov.bd/images/docs/vpr/20260407_dengue_all.pdf,wayback,200,1010634,a5d76a8f5ebba55480ec431583e4472bb6ea17730893747ef3caa5959eb64a29,2026-09-22T13:27:47.555875+00:00
2026-04-08,https://web.archive.org/web/20260608103917id_/https://old.dghs.gov.bd/images/docs/vpr/20260408_dengue_all.pdf,wayback,200,1003675,fa3f2df8bebb3af99792aa5a9f3d3d64b9503a7cccf87c2fc6b762fa37f1968a,2026-09-22T13:27:52.102621+00:00
2026-04-09,https://web.archive.org/web/20260608103917id_/https://old.dghs.gov.bd/images/docs/vpr/20260409_dengue_all.pdf,wayback,200,1130761,62b554455e718d0b1e254a9eac49c46f9325ae1b5774421c18415693160ecc1e,2026-09-22T13:27:54.033700+00:00
2026-04-10,https://web.archive.org/web/20260608103917id_/https://old.dghs.gov.bd/images/docs/vpr/20260410_dengue_all.pdf,wayback,200,1137096,f4c88d7c554bd887e02ea74f817e77eebf14c556ebe187384c6ffea38bbec825,2026-09-22T13:27:56.275863+00:00
2026-04-11,https://web.archive.org/web/20260608103917id_/https://old.dghs.gov.bd/images/docs/vpr/20260411_dengue_all.pdf,wayback,200,1133544,c2a139796b3572f39d1de34e6cd847389acdcaa0079ae7e273d22a2c4dcf2cbd,2026-09-22T13:27:58.559636+00:00
2026-04-12,https://web.archive.org/web/20260608103915id_/https://old.dghs.gov.bd/images/docs/vpr/20260412_dengue_all.pdf,wayback,200,1133597,96f5a6a967754ffdbc7c9fd59bcac721f48ed0917f5911d39ad7254f4f37ceb0,2026-09-22T13:28:00.834262+00:00
2026-04-13,https://web.archive.org/web/20260608103914id_/https://old.dghs.gov.bd/images/docs/vpr/20260413_dengue_all.pdf,wayback,200,1018136,cf916baa1aeaece6e9db5167c0102e79169a16b089f7bacd07cd27ecb73d18db,2026-09-22T13:28:03.098787+00:00
2026-04-14,https://web.archive.org/web/20260608103914id_/https://old.dghs.gov.bd/images/docs/vpr/20260414_dengue_all.pdf,wayback,200,1012409,836f8e914ac8642ba3e82a80bf9bcaa154e04d1f8699584b5b29d70b3666e814,2026-09-22T13:28:05.041531+00:00
2026-04-15,https://web.archive.org/web/20260608103914id_/https://old.dghs.gov.bd/images/docs/vpr/20260415_dengue_all.pdf,wayback,200,1017770,cd8905651c24c75a495d3655ee56002ae8bfad8898440b4e26cc16b33b44af30,2026-09-22T13:28:07.310332+00:00
2026-04-16,https://web.archive.org/web/20260608103914id_/https://old.dghs.gov.bd/images/docs/vpr/20260416_dengue_all.pdf,wayback,200,1007036,8d270941cdd78a22df61bc04da9c5464842bdebbdf6d8e9bf37679a4995acb90,2026-09-22T13:28:09.585491+00:00
2026-04-17,https://web.archive.org/web/20260608103914id_/https://old.dghs.gov.bd/images/docs/vpr/20260417_dengue_all.pdf,wayback,200,1140901,bd98c46a3227eb98286930c3ae4da1fefd20fe3fab7f329e7c5d7367a0b56896,2026-09-22T13:28:11.556415+00:00
2026-04-18,https://web.archive.org/web/20260608103914id_/https://old.dghs.gov.bd/images/docs/vpr/20260418_dengue_all.pdf,wayback,200,1014052,cca0fbbbc261887cdf8819c046b1e8ce7090559fb2ddede35cc73523d1b69d72,2026-09-22T13:28:13.812814+00:00
2026-04-19,https://web.archive.org/web/20260608103912id_/https://old.dghs.gov.bd/images/docs/vpr/20260419_dengue_all.pdf,wayback,200,1019241,90dbb5fffe0cb0a5749205199c21f153b920a4d6d3a32263e12b55bc4f701d6e,2026-09-22T13:28:15.739278+00:00
2026-04-20,https://web.archive.org/web/20260608103912id_/https://old.dghs.gov.bd/images/docs/vpr/20260420_dengue_all.pdf,wayback,200,1001647,c8bfb02c43b7e9cf7fb1fed5dca42481818c869e201faad3fde019f98a274a55,2026-09-22T13:28:18.093487+00:00
2026-04-21,https://web.archive.org/web/20260608103912id_/https://old.dghs.gov.bd/images/docs/vpr/20260421_dengue_all.pdf,wayback,200,1013674,759f435151f986cb4a1280db4a0194acceaf3ca4f1e6c92875b9bde12ab3d374,2026-09-22T13:28:20.328368+00:00
2026-04-22,https://web.archive.org/web/20260608103912id_/https://old.dghs.gov.bd/images/docs/vpr/20260422_dengue_all.pdf,wayback,200,1007249,92cde7218054c4ab8dbba4b1911485e8bed3337d31572e136c5dbb7f4a6dfd6d,2026-09-22T13:28:22.648155+00:00
2026-04-23,https://web.archive.org/web/20260608103911id_/https://old.dghs.gov.bd/images/docs/vpr/20260423_dengue_all.pdf,wayback,200,1006419,0e294583e011b1a8385a21e05d5fb76345452b42f45878652f9b48f0346a7a90,2026-09-22T13:28:24.939012+00:00
2026-04-24,https://web.archive.org/web/20260608103911id_/https://old.dghs.gov.bd/images/docs/vpr/20260424_dengue_all.pdf,wayback,200,1133575,841bd93dce0d38668d744c153f85f21d2b8968e416d1a80cc9015a3c82b38c3e,2026-09-22T13:28:26.899765+00:00
2026-04-25,https://web.archive.org/web/20260608103910id_/https://old.dghs.gov.bd/images/docs/vpr/20260425_dengue_all.pdf,wayback,200,1141587,a2b627fb4158776a88f7ddfa4a2f87bb9ebc71549efa2f16cb939db4b66d977a,2026-09-22T13:28:28.870224+00:00
2026-04-26,https://web.archive.org/web/20260608103910id_/https://old.dghs.gov.bd/images/docs/vpr/20260426_dengue_all.pdf,wayback,200,1021613,0c8fd1efbc421ca330f603b536bbe366bf7356b2b54a412b600c02342724653c,2026-09-22T13:28:30.800791+00:00
2026-04-27,https://web.archive.org/web/20260608103909id_/https://old.dghs.gov.bd/images/docs/vpr/20260427_dengue_all.pdf,wayback,200,1008225,d32c0390d494eff18273e3f82f5060cb0f497a71dbf4798f927628843536dadb,2026-09-22T13:28:32.738192+00:00
2026-04-28,https://web.archive.org/web/20260608103909id_/https://old.dghs.gov.bd/images/docs/vpr/20260428_dengue_all.pdf,wayback,200,1012235,0a20ac76b8e771fe37b87db22c088f4208dd4fa61aed01c2e8b4c0e2ac02b059,2026-09-22T13:28:36.222788+00:00
2026-04-29,https://web.archive.org/web/20260608103909id_/https://old.dghs.gov.bd/images/docs/vpr/20260429_dengue_all.pdf,wayback,200,996565,ff27135b3ecbdaf45a67ecbcee4852ee833ab6eec0c4fdaf1cd8316e90873fff,2026-09-22T13:28:39.287431+00:00
2026-04-30,https://web.archive.org/web/20260608103909id_/https://old.dghs.gov.bd/images/docs/vpr/20260430_dengue_all.pdf,wayback,200,1138255,dbe627deb7c2df8b081bb5f12f29ea25c5074c61cdb5045c65a9ca578d6325c2,2026-09-22T13:28:41.554793+00:00
2026-05-01,https://web.archive.org/web/20260608103909id_/https://old.dghs.gov.bd/images/docs/vpr/20260501_dengue_all.pdf,wayback,200,1139435,77970b2cbcae94988086a5ed6810942b58134230b8d46ab8a51245bf2c26c72e,2026-09-22T13:28:47.000271+00:00
2026-05-05,https://web.archive.org/web/20260608103907id_/https://old.dghs.gov.bd/images/docs/vpr/20260505_dengue_all.pdf,wayback,200,1141406,693504aa131b57ece643c03c6df361c4762a6d52a67f1670722818a45fce8d62,2026-09-22T13:28:49.234317+00:00
2026-05-06,https://web.archive.org/web/20260608103907id_/https://old.dghs.gov.bd/images/docs/vpr/20260506_dengue_all.pdf,wayback,200,1145354,4fbb53faddc8e8bca830e66f411def3a2c3af37ba55b1f715198c5bdd3770dcf,2026-09-22T13:28:51.495558+00:00
2026-05-07,https://web.archive.org/web/20260608103907id_/https://old.dghs.gov.bd/images/docs/vpr/20260507_dengue_all.pdf,wayback,200,1141721,e99eb2435415239a1b58cce15990cc2b1888a4bee0f0043ab10ff61fc0f0af72,2026-09-22T13:28:53.820880+00:00
2026-05-08,https://web.archive.org/web/20260608103906id_/https://old.dghs.gov.bd/images/docs/vpr/20260508_dengue_all.pdf,wayback,200,1138676,7acfd970c4079c23ccfea91f39da63709c4a3d4d7149d7b858fe397fc2b3cb21,2026-09-22T13:28:55.775207+00:00
2026-05-09,https://web.archive.org/web/20260608103906id_/https://old.dghs.gov.bd/images/docs/vpr/20260509_dengue_all.pdf,wayback,200,1149180,465aa984b2e292b9eb7870bbcc26c3ed8650441c3f975788aa8ef97f20cb8991,2026-09-22T13:28:57.730349+00:00
2026-05-10,https://web.archive.org/web/20260608103906id_/https://old.dghs.gov.bd/images/docs/vpr/20260510_dengue_all.pdf,wayback,200,1027205,735ba4114ef8c39e475db560b003a2aee39ce830947807cd284826fb220aaa4d,2026-09-22T13:29:01.237245+00:00
2026-05-11,https://web.archive.org/web/20260608103905id_/https://old.dghs.gov.bd/images/docs/vpr/20260511_dengue_all.pdf,wayback,200,1029355,db9b688ff2a304d75deb372900c466d009268ba4ac33bcca8cd9c3e8520e7a4b,2026-09-22T13:29:03.541623+00:00
2026-05-12,https://web.archive.org/web/20260608103905id_/https://old.dghs.gov.bd/images/docs/vpr/20260512_dengue_all.pdf,wayback,200,1027711,c0b535e04e4884e11e5c969fbe49df43b29746858a2310357ea5388537688544,2026-09-22T13:29:05.784641+00:00
2026-05-13,https://web.archive.org/web/20260608103904id_/https://old.dghs.gov.bd/images/docs/vpr/20260513_dengue_all.pdf,wayback,200,1029367,3dadd7dfc3d4684afe4a8679778b7cbe9006f2ed260f6c1fc91d497332cc2bd2,2026-09-22T13:29:08.007201+00:00
2026-05-14,https://web.archive.org/web/20260608103904id_/https://old.dghs.gov.bd/images/docs/vpr/20260514_dengue_all.pdf,wayback,200,1030836,9319960d7df7b84462d9fa596bde114efb9802e8164ffde9aa755e6e5c577c0e,2026-09-22T13:29:10.256720+00:00
2026-05-15,https://web.archive.org/web/20260608103904id_/https://old.dghs.gov.bd/images/docs/vpr/20260515_dengue_all.pdf,wayback,200,1020928,4742beabf323c8a1012f0e30932bbd6ed53d9813b08d98b027d7a438b162a3b1,2026-09-22T13:29:12.457992+00:00
2026-05-16,https://web.archive.org/web/20260608103904id_/https://old.dghs.gov.bd/images/docs/vpr/20260516_dengue_all.pdf,wayback,200,1014917,f26762aff7517ab0be60c2894961b77ea043330ea85b2dd6485f797cfb639dc5,2026-09-22T13:29:14.747299+00:00
2026-05-17,https://web.archive.org/web/20260608103904id_/https://old.dghs.gov.bd/images/docs/vpr/20260517_dengue_all.pdf,wayback,200,1021678,c1822b1934334f64c9221193bb59b9b1a776a7bee5476b76590bd21ba459534e,2026-09-22T13:29:20.303728+00:00
2026-05-18,https://web.archive.org/web/20260608103903id_/https://old.dghs.gov.bd/images/docs/vpr/20260518_dengue_all.pdf,wayback,200,1013242,9f004c2097dc978f9682ceb589af5d39174f32af2130b8e9fd15ba81a77e889d,2026-09-22T13:29:22.853779+00:00
2026-05-19,https://web.archive.org/web/20260608103902id_/https://old.dghs.gov.bd/images/docs/vpr/20260519_dengue_all.pdf,wayback,200,1014261,976be34669fb1ff31d16fc03f21ca56696ab5f9fde6216ca80adf929b009bf37,2026-09-22T13:29:25.328776+00:00
2026-05-20,https://web.archive.org/web/20260608103902id_/https://old.dghs.gov.bd/images/docs/vpr/20260520_dengue_all.pdf,wayback,200,1017781,eb5cb44db6fa73868acdf557875420ba9f8abdcbba6f9cd642c614a81a67b0ac,2026-09-22T13:29:29.880927+00:00
2026-05-21,https://web.archive.org/web/20260608103902id_/https://old.dghs.gov.bd/images/docs/vpr/20260521_dengue_all.pdf,wayback,200,1014184,4fd2fce1eedf5269efe2d1ab53ad26b92fba286e30d02771d5b2ef94833d3512,2026-09-22T13:29:32.502177+00:00
2026-05-22,https://web.archive.org/web/20260608103902id_/https://old.dghs.gov.bd/images/docs/vpr/20260522_dengue_all.pdf,wayback,200,1135960,f648cec31a4b20cb81faa1ce8fc036cf8abe4d8238911acfe43d567f91b4b8b1,2026-09-22T13:29:35.308323+00:00
2026-05-23,https://web.archive.org/web/20260608103901id_/https://old.dghs.gov.bd/images/docs/vpr/20260523_dengue_all.pdf,wayback,200,1143314,117e34020a13784e33101c96084425fa46c141217125792ffa4dd58269b40557,2026-09-22T13:29:38.027129+00:00
2026-05-25,https://web.archive.org/web/20260608103901id_/https://old.dghs.gov.bd/images/docs/vpr/20260525_dengue_all.pdf,wayback,200,1143779,4805292bb0aee74a6f9cf8daaf88b27ed372845773fcdc2a420919e1cfed6e71,2026-09-22T13:29:41.430734+00:00
2026-05-26,https://web.archive.org/web/20260608103900id_/https://old.dghs.gov.bd/images/docs/vpr/20260526_dengue_all.pdf,wayback,200,1147162,2c775ebe3c6cde066d8c4613517333f58fadd85f0d0bdb8fd4a0921d71388d96,2026-09-22T13:29:44.021737+00:00
2026-05-27,https://web.archive.org/web/20260608103900id_/https://old.dghs.gov.bd/images/docs/vpr/20260527_dengue_all.pdf,wayback,200,570666,5a9157bf70fd1a614e6d01f2e597a7e22841e7953049d110460d7597644cadf1,2026-09-22T13:29:46.420823+00:00
2026-05-28,https://web.archive.org/web/20260608103859id_/https://old.dghs.gov.bd/images/docs/vpr/20260528_dengue_all.pdf,wayback,200,1145218,ae8b59e4b5327b4016716238532dc77cab512a98b7b9c4b552da4ad4c378da7b,2026-09-22T13:29:48.947823+00:00
2026-05-29,https://web.archive.org/web/20260608103859id_/https://old.dghs.gov.bd/images/docs/vpr/20260529_dengue_all.pdf,wayback,200,1141821,4d206692078a7cfb648e2bee094ba51284f9eb05994e3daf98499fb15572081f,2026-09-22T13:29:51.194019+00:00
2026-05-30,https://web.archive.org/web/20260608103859id_/https://old.dghs.gov.bd/images/docs/vpr/20260530_dengue_all.pdf,wayback,200,1149650,1c39b69a1c8093426669956f43cc1275010ae42806bfe9bdc2e8dc29822e154b,2026-09-22T13:29:53.208311+00:00
2026-05-31,https://web.archive.org/web/20260608103859id_/https://old.dghs.gov.bd/images/docs/vpr/20260531_dengue_all.pdf,wayback,200,1150128,8b6f725f6e86039303784a4279a50740066dfed43689d4a889c9565a406a84f7,2026-09-22T13:29:55.174720+00:00
2026-06-01,https://web.archive.org/web/20260608103859id_/https://old.dghs.gov.bd/images/docs/vpr/20260601_dengue_all.pdf,wayback,200,1034442,a2e4db38e40e183f756547a66990163f8e193020ac40dda4d7a4e84e5f78a982,2026-09-22T13:29:57.504302+00:00
2026-06-02,https://web.archive.org/web/20260608103858id_/https://old.dghs.gov.bd/images/docs/vpr/20260602_dengue_all.pdf,wayback,200,1022883,79d559023d74bb7e205b7b23f15f0ceb4a03a31e954145c4caeaffce9de5f26b,2026-09-22T13:29:59.811776+00:00
2026-06-03,https://web.archive.org/web/20260608103857id_/https://old.dghs.gov.bd/images/docs/vpr/20260603_dengue_all.pdf,wayback,200,1023722,1f5c636613a47f50a4444e6e267a3290f64be914d8c4c98f88aef337f30fe746,2026-09-22T13:30:04.691637+00:00
2026-06-04,https://web.archive.org/web/20260608103857id_/https://old.dghs.gov.bd/images/docs/vpr/20260604_dengue_all.pdf,wayback,200,1024333,7fe0810e63f5c4bb22574c5ac900be22049c931dd5ec87001c4e0b669e1276c9,2026-09-22T13:30:06.695210+00:00
2026-06-05,https://web.archive.org/web/20260608103857id_/https://old.dghs.gov.bd/images/docs/vpr/20260605_dengue_all.pdf,wayback,200,1017935,3d081fe6e41bb088854fb6117d53df643034283ec4fe77c683db8dfde2c3be86,2026-09-22T13:30:08.915091+00:00
2026-06-06,https://web.archive.org/web/20260608103857id_/https://old.dghs.gov.bd/images/docs/vpr/20260606_dengue_all.pdf,wayback,200,1024091,d37a1745d076f266c939b56cc8be81dd20cda86a5d37d529166b0b49c5b17aa3,2026-09-22T13:30:11.601708+00:00
2026-06-07,https://web.archive.org/web/20260608103856id_/https://old.dghs.gov.bd/images/docs/vpr/20260607_dengue_all.pdf,wayback,200,1020735,69568cf9ffdadf472cb2145b7094bda29b7b8f1516cefe165f3d6a28a7035314,2026-09-22T13:30:13.519437+00:00
2026-06-08,https://web.archive.org/web/20260608103856id_/https://old.dghs.gov.bd/images/docs/vpr/20260608_dengue_all.pdf,wayback,200,1024329,ba72e420c14a73bfe417aca0dc377ecd9b7c60cd357f8f83afa7219467f3441e,2026-09-22T13:30:15.826567+00:00
2026-06-09,https://web.archive.org/web/20260711044936id_/https://old.dghs.gov.bd/images/docs/vpr/20260609_dengue_all.pdf,wayback,200,1031119,b551fce611dc5e132869e7d4442e7ba7eaf5e8cc2b7405ffe42a871971ddec40,2026-09-22T13:30:18.214174+00:00
2026-06-10,https://web.archive.org/web/20260711044936id_/https://old.dghs.gov.bd/images/docs/vpr/20260610_dengue_all.pdf,wayback,200,1031526,2addcc03fd14d4f4e339c31814b3f03f0ee4f4cef554507660685ded9f2a9367,2026-09-22T13:30:20.436045+00:00
2026-06-11,https://web.archive.org/web/20260711044936id_/https://old.dghs.gov.bd/images/docs/vpr/20260611_dengue_all.pdf,wayback,200,1029616,4830017e03adc141052a2eff2ba84901657136067ea10e7b7a4d747b99816f6a,2026-09-22T13:30:22.898016+00:00
2026-06-12,https://web.archive.org/web/20260711044934id_/https://old.dghs.gov.bd/images/docs/vpr/20260612_dengue_all.pdf,wayback,200,1018431,3b366d33d57e9f82a1c525d4ea384669c2d35d617f9d21590515bf7b3fba15ec,2026-09-22T13:30:25.269270+00:00
2026-06-13,https://web.archive.org/web/20260711044933id_/https://old.dghs.gov.bd/images/docs/vpr/20260613_dengue_all.pdf,wayback,200,1030635,caa97ad5b84d4f1e3a7bfce7570f31e1a7a93436df0fe831cc206ca196ec3b86,2026-09-22T13:30:27.187473+00:00
2026-06-14,https://web.archive.org/web/20260711044933id_/https://old.dghs.gov.bd/images/docs/vpr/20260614_dengue_all.pdf,wayback,200,1031718,87bbba5636c76c3b21f8b3f12e34752383bbfb67c01c507985afea15cac32c16,2026-09-22T13:30:30.878672+00:00
2026-06-15,https://web.archive.org/web/20260711044933id_/https://old.dghs.gov.bd/images/docs/vpr/20260615_dengue_all.pdf,wayback,200,1027157,277a4cade856fdc21c8e346b0bc6d4fa30d7e5f9cb1da42e5c334ea968a6a0c3,2026-09-22T13:30:33.541961+00:00
2026-06-16,https://web.archive.org/web/20260711044933id_/https://old.dghs.gov.bd/images/docs/vpr/20260616_dengue_all.pdf,wayback,200,1039076,fee1944af48bd832419cffb8371887e1926e669a4feebb3f94be2fa2a401ae60,2026-09-22T13:30:37.394993+00:00
2026-06-17,https://web.archive.org/web/20260711044933id_/https://old.dghs.gov.bd/images/docs/vpr/20260617_dengue_all.pdf,wayback,200,1032679,85118d9be51582e21e7904f522eeb000ab2128a94a789370fcda3bc3a11fdaad,2026-09-22T13:30:43.065905+00:00
2026-06-18,https://web.archive.org/web/20260711044933id_/https://old.dghs.gov.bd/images/docs/vpr/20260618_dengue_all.pdf,wayback,200,1034337,bece35e4c614654f5096c23794423d743c50cc4392d411975f20796a611fd73c,2026-09-22T13:30:45.462326+00:00
2026-06-19,https://web.archive.org/web/20260711044931id_/https://old.dghs.gov.bd/images/docs/vpr/20260619_dengue_all.pdf,wayback,200,1024086,fa38e7cec1fa56bcc53183614f6ce4fee4dfb6353a59632d050d568dccdb4622,2026-09-22T13:30:47.740735+00:00
2026-06-20,https://web.archive.org/web/20260711044931id_/https://old.dghs.gov.bd/images/docs/vpr/20260620_dengue_all.pdf,wayback,200,1033831,8cd95cde4204ac11b01d203e9407e55604200b8acc344071d74e0b15a7a8e5cf,2026-09-22T13:30:50.265438+00:00
2026-06-21,https://web.archive.org/web/20260711044931id_/https://old.dghs.gov.bd/images/docs/vpr/20260621_dengue_all.pdf,wayback,200,1057394,87e5c59d64af36ae12e178f3a635758af06969e43ae0cb03257a2cb214b7292f,2026-09-22T13:30:52.537092+00:00
2026-06-22,https://web.archive.org/web/20260711044931id_/https://old.dghs.gov.bd/images/docs/vpr/20260622_dengue_all.pdf,wayback,200,1054840,5ec63a27f747d3b1941ec4dc2f613197f76498a04b3d5df4a4b6e305516d98b2,2026-09-22T13:30:54.455246+00:00
2026-06-23,https://web.archive.org/web/20260711044931id_/https://old.dghs.gov.bd/images/docs/vpr/20260623_dengue_all.pdf,wayback,200,1040286,b314a2604758015b484775fe445ea5af8c8549663080dc66f2e27957a35bff42,2026-09-22T13:30:56.683497+00:00
2026-06-24,https://web.archive.org/web/20260711044931id_/https://old.dghs.gov.bd/images/docs/vpr/20260624_dengue_all.pdf,wayback,200,1056636,18c48e3042a2131031e1ae25453dac476f9338c6a39cdf0b141d031aa8192855,2026-09-22T13:30:58.941953+00:00
2026-06-25,https://web.archive.org/web/20260711044931id_/https://old.dghs.gov.bd/images/docs/vpr/20260625_dengue_all.pdf,wayback,200,1057901,8cb1f75b02f68a1888614e4804005cec3f1cef872cd4b40fc89114f4d9d71a68,2026-09-22T13:31:01.212860+00:00
2026-06-27,https://web.archive.org/web/20260711044929id_/https://old.dghs.gov.bd/images/docs/vpr/20260627_dengue_all.pdf,wayback,200,1044233,58efaf1faf63cab7d16991a5d68c9f4037b7f9ffe43474720f27c21dc9f4726f,2026-09-22T13:31:05.350926+00:00
2026-06-28,https://web.archive.org/web/20260711044929id_/https://old.dghs.gov.bd/images/docs/vpr/20260628_dengue_all.pdf,wayback,200,1046385,c96246479715430c1b7b06799c33f252a44df6d27ea8c8460c2cef8139d837a2,2026-09-22T13:31:07.897010+00:00
2026-06-29,https://web.archive.org/web/20260711044928id_/https://old.dghs.gov.bd/images/docs/vpr/20260629_dengue_all.pdf,wayback,200,1074386,2bcc594eba7c045ce8e4febcfb5558b0f85fe693b3b4df906c1051d35e4dab02,2026-09-22T13:31:10.177107+00:00
2026-06-30,https://web.archive.org/web/20260711044928id_/https://old.dghs.gov.bd/images/docs/vpr/20260630_dengue_all.pdf,wayback,200,1059170,c2bcb1c3df95efbc3782d16d70f77950747f1197d5b096cb2304582b29a18753,2026-09-22T13:31:12.411078+00:00
2026-07-01,https://web.archive.org/web/20260711044928id_/https://old.dghs.gov.bd/images/docs/vpr/20260701_dengue_all.pdf,wayback,200,1065202,e50dcd32b5d3fcc9a9af6919635beb258da43f7aa7db0fda186ba120243d8635,2026-09-22T13:31:14.718786+00:00
2026-07-02,https://web.archive.org/web/20260711044928id_/https://old.dghs.gov.bd/images/docs/vpr/20260702_dengue_all.pdf,wayback,200,1064806,18cbd21fa9de4954fd05459eb06d2ca151d7484114c9e4817b2e2431852970d4,2026-09-22T13:31:16.671214+00:00
2026-07-03,https://web.archive.org/web/20260711044928id_/https://old.dghs.gov.bd/images/docs/vpr/20260703_dengue_all.pdf,wayback,200,1055065,6a301305ec8bedc795ec899e285293b73ec11b4baa27573e725449b34989acb3,2026-09-22T13:31:18.629363+00:00
2026-07-04,https://web.archive.org/web/20260711044926id_/https://old.dghs.gov.bd/images/docs/vpr/20260704_dengue_all.pdf,wayback,200,1062509,f0352f6793f5a7446bdae2d859a67cbf8cf12e4dd30d624ccba692498017fd26,2026-09-22T13:31:20.919081+00:00
2026-07-05,https://web.archive.org/web/20260711044926id_/https://old.dghs.gov.bd/images/docs/vpr/20260705_dengue_all.pdf,wayback,200,1064446,021091b7e5ba55b7bf09bd37f8389b33562ca594b99e5d24d3041291b51e1548,2026-09-22T13:31:23.491984+00:00
2026-07-06,https://web.archive.org/web/20260711044926id_/https://old.dghs.gov.bd/images/docs/vpr/20260706_dengue_all.pdf,wayback,200,1372726,3eb9bc51b859a477673e9f7ab2254c347be63b63ad9cb0c2466ddce82a15c5fa,2026-09-22T13:31:26.924262+00:00
2026-07-07,https://web.archive.org/web/20260711044926id_/https://old.dghs.gov.bd/images/docs/vpr/20260707_dengue_all.pdf,wayback,200,1438750,94d6aeadcc866bd9ecd37391156d6215fce95399c5d355f6b519c71ee655fdf4,2026-09-22T13:31:29.243772+00:00
2026-07-08,https://web.archive.org/web/20260711044926id_/https://old.dghs.gov.bd/images/docs/vpr/20260708_dengue_all.pdf,wayback,200,1228190,e3ed33fe022df38180e9d9dba066618497c1dc5573b166b445c3ec0a8677d146,2026-09-22T13:31:31.551697+00:00
2026-07-09,https://web.archive.org/web/20260711044926id_/https://old.dghs.gov.bd/images/docs/vpr/20260709_dengue_all.pdf,wayback,200,1218500,f2187f6f66c426544dd960d0e16bf4796043d154c3cde64ada252481453fc77a,2026-09-22T13:31:33.997647+00:00
2026-07-10,https://web.archive.org/web/20260711044925id_/https://old.dghs.gov.bd/images/docs/vpr/20260710_dengue_all.pdf,wayback,200,1427498,425aab6e0d54c4e9ffa10f99de5d1be447a86c8e4b47145186578904a75fe7c7,2026-09-22T13:31:36.271392+00:00
2026-07-31,https://web.archive.org/web/20260818041510id_/https://old.dghs.gov.bd/images/docs/vpr/20260731_dengue_all.pdf,wayback,200,1198923,dfc1f91244a26f355057b5a293f0a7cbb8559c3183deee6719eaf0fc9e91b27c,2026-09-22T13:31:39.322552+00:00
