week,grain,division,district,admissions,lag_0,lag_1,lag_2,lag_3,lag_4,lag_8,roll_mean_4,roll_mean_8,roll_max_4,roll_max_8,roll_std_4,growth_1_4,growth_4_8,peer_other_lag1,log_population,month,woy_sin,woy_cos,eid_days,ramadan_days,holiday_days,fog_days,rain_lag_0,rain_lag_2,rain_lag_3,rain_lag_4,rain_lag_5,rain_lag_6,rain_lag_8,rain_lag_10,rain_lag_12,temp_lag_0,temp_max_lag_0,temp_lag_2,temp_lag_4,temp_max_lag_4,temp_lag_6,temp_lag_8,humid_lag_0,humid_lag_4,humid_lag_8,rain_sum_4_8,rain_sum_8_12,rain_sum_0_3,rain_x_temp_4_8,y_w1,y_w2,y_w4
2022-02-28,division,Barishal,Barishal,0.0,0.0,0.0,2.0,3.0,0.0,1.0,1.25,0.75,3.0,3.0,1.5,0.4444444444444444,1.2857142857142858,0.42857142857142855,16.02379618021547,2,0.8854560256532099,0.4647231720437686,0.0,0.0,0.0,0.0,4.376666666666667,3.1216666666666666,0.01,59.071666666666665,12.385,0.12999999999999998,0.0,0.0016666666666666668,71.75833333333334,23.909047619047623,29.45285714285714,19.314047619047617,18.842380952380953,23.891428571428573,18.026190476190475,17.849761904761902,61.485476190476184,74.3047619047619,82.14666666666666,18.48,71.76,18.476666666666674,333.12399999999997,0.0,0.0,0.0
2022-02-28,division,Chattogram,Chattogram,2.0,2.0,1.0,0.0,1.0,1.0,36.0,1.0,2.875,2.0,14.0,0.8164965809277472,1.5,0.5161290322580645,0.2857142857142857,17.31813049167358,2,0.8854560256532099,0.4647231720437686,0.0,0.0,0.0,0.0,0.27909090909090906,0.9690909090909091,0.06272727272727273,36.016363636363636,14.455454545454545,0.19090909090909092,0.0,0.06909090909090909,81.26,22.643376623376625,29.35363636363636,18.30948051948052,17.627012987012986,23.01688311688312,18.09922077922078,17.849999999999998,58.98766233766234,73.04324675324675,78.362987012987,20.876363636363635,81.32909090909091,9.813636363636363,377.8459145218418,0.0,0.0,1.0
2022-02-28,division,Dhaka,Dhaka,2.0,2.0,1.0,0.0,2.0,7.0,19.0,1.25,5.5,2.0,14.0,0.9574271077563381,1.3333333333333333,0.34615384615384615,0.2857142857142857,17.604592364757483,2,0.8854560256532099,0.4647231720437686,0.0,0.0,0.0,0.0,3.0653846153846156,2.4815384615384612,0.9107692307692308,44.399230769230776,14.163846153846153,0.44307692307692303,0.0,0.12307692307692307,87.84538461538462,23.382417582417585,30.155494505494502,18.643406593406592,17.344065934065934,23.376153846153844,17.411978021978022,17.574615384615385,57.317142857142855,73.21758241758242,80.20758241758243,24.886923076923075,87.97769230769231,13.616923076923076,433.33055765004224,4.0,0.0,6.0
2022-02-28,division,Khulna,Khulna,0.0,0.0,0.0,1.0,0.0,0.0,0.0,0.25,0.25,1.0,1.0,0.5,0.8,1.0,0.42857142857142855,16.659378702207434,2,0.8854560256532099,0.4647231720437686,0.0,0.0,0.0,0.0,11.443999999999999,3.339,2.2169999999999996,47.914,9.498000000000001,1.569,0.0,0.0,66.83099999999999,23.626714285714286,30.80385714285714,18.862428571428573,17.895000000000003,24.556285714285714,16.85914285714286,17.133285714285712,59.437571428571424,72.38942857142857,79.13442857142857,22.044999999999973,66.96399999999996,28.20499999999997,371.6598042857139,0.0,1.0,0.0
2022-02-28,division,Mymensingh,Mymensingh,0.0,0.0,0.0,0.0,0.0,0.0,0.0,0.0,0.125,0.0,1.0,0.0,1.0,0.8888888888888888,0.42857142857142855,16.31903432869183,2,0.8854560256532099,0.4647231720437686,0.0,0.0,0.0,0.0,0.065,0.78,2.4125,36.61,4.7925,0.3025,0.0,0.41500000000000004,29.979999999999997,23.034285714285712,30.505714285714287,18.40892857142857,16.427857142857142,22.361428571428572,17.593214285714286,18.064285714285717,53.681785714285716,72.67392857142858,77.03071428571428,23.502499999999998,30.727499999999996,12.81,413.48451874999995,0.0,0.0,0.0
2022-02-28,division,Rajshahi,Rajshahi,0.0,0.0,0.0,0.0,0.0,0.0,0.0,0.0,0.0,0.0,0.0,0.0,1.0,1.0,0.42857142857142855,16.828744725921833,2,0.8854560256532099,0.4647231720437686,0.0,0.0,0.0,0.0,1.2525000000000002,0.9025,5.0325,38.565,2.82625,1.05875,0.0,0.0,21.84,22.86357142857143,30.355892857142855,18.208035714285714,16.395,22.4175,16.459285714285716,17.19232142857143,56.54535714285714,74.64303571428572,79.00428571428571,23.429999999999986,23.052499999999984,14.612499999999985,385.6410642857141,0.0,0.0,1.0
2022-02-28,division,Rangpur,Rangpur,0.0,0.0,1.0,0.0,0.0,0.0,0.0,0.25,0.25,1.0,1.0,0.5,0.8,1.0,0.2857142857142857,16.68403182311846,2,0.8854560256532099,0.4647231720437686,0.0,0.0,0.0,0.0,0.095,0.24750000000000003,2.3825,43.33625,0.3075,0.76875,0.0,0.03125,0.7025,21.67267857142857,29.62875,17.638214285714284,15.491071428571429,21.110535714285714,16.445357142857144,17.32375,55.638392857142854,76.05946428571428,79.58375,14.708749999999974,5.523749999999971,15.769999999999971,241.8906468749996,0.0,0.0,0.0
2022-02-28,division,Sylhet,Sylhet,0.0,0.0,0.0,0.0,0.0,0.0,0.0,0.0,0.0,0.0,0.0,0.0,1.0,1.0,0.42857142857142855,16.21657018255286,2,0.8854560256532099,0.4647231720437686,0.0,0.0,0.0,0.0,0.0,1.665,0.10250000000000001,33.9675,13.48,0.56,0.0,1.9649999999999999,49.2675,22.47357142857143,29.435,18.095714285714287,16.262857142857143,22.298214285714288,17.659285714285716,17.988928571428573,55.24785714285714,74.71714285714285,73.78821428571428,30.21249999999994,51.279999999999944,15.384999999999943,533.5311696428562,0.0,0.0,0.0
2022-03-07,division,Barishal,Barishal,0.0,0.0,0.0,0.0,2.0,3.0,1.0,0.5,0.625,2.0,3.0,0.9999999999999999,0.6666666666666666,0.9230769230769231,0.5714285714285714,16.02379618021547,3,0.9350162426854148,0.35460488704253557,0.0,0.0,0.0,0.0,0.0,10.968333333333334,3.1216666666666666,0.01,59.071666666666665,12.385,5.965,0.0,0.0,24.688571428571425,31.41452380952381,22.5297619047619,18.186666666666664,23.61261904761905,17.66190476190476,18.955000000000002,57.47380952380953,70.8854761904762,82.99857142857142,77.55166666666666,0.0016666666666666668,18.466666666666672,1369.7101507936507,0.0,0.0,0.0
2022-03-07,division,Chattogram,Chattogram,0.0,0.0,2.0,1.0,0.0,1.0,14.0,0.75,1.125,2.0,3.0,0.9574271077563562,0.5714285714285714,0.8235294117647058,0.2857142857142857,17.31813049167358,3,0.9350162426854148,0.35460488704253557,0.0,0.0,0.0,0.0,0.0,8.502727272727272,0.9690909090909091,0.06272727272727273,36.016363636363636,14.455454545454545,6.23,0.0,0.0,24.21012987012987,31.58753246753247,21.662857142857145,17.007792207792207,23.068441558441556,17.063636363636363,18.76051948051948,56.006493506493506,71.46467532467533,80.90233766233766,56.89272727272727,0.06909090909090909,9.75090909090909,970.7968099173553,0.0,1.0,0.0
2022-03-07,division,Dhaka,Dhaka,4.0,4.0,2.0,1.0,0.0,2.0,14.0,1.75,4.25,4.0,12.0,1.707825127659933,1.8181818181818181,0.5238095238095238,0.2857142857142857,17.604592364757483,3,0.9350162426854148,0.35460488704253557,0.0,0.0,0.0,0.0,0.0,7.159230769230769,2.4815384615384612,0.9107692307692308,44.399230769230776,14.163846153846153,10.28,0.009230769230769232,0.0,24.733186813186816,32.855604395604395,21.715824175824174,17.353406593406593,23.39131868131868,16.50065934065934,18.396923076923077,51.50153846153846,68.74373626373625,81.38868131868132,69.28615384615385,0.1323076923076923,12.706153846153844,1143.2672216398985,0.0,1.0,3.0
2022-03-07,division,Khulna,Khulna,0.0,0.0,0.0,0.0,1.0,0.0,0.0,0.25,0.25,1.0,1.0,0.5,0.8,1.0,0.5714285714285714,16.659378702207434,3,0.9350162426854148,0.35460488704253557,0.0,0.0,0.0,0.0,0.0,11.205,3.339,2.2169999999999996,47.914,9.498000000000001,10.978,0.133,0.0,24.317,33.29185714285715,22.443285714285715,17.873714285714286,24.24142857142857,16.527142857142856,18.17157142857143,52.90657142857143,66.99757142857143,81.22571428571429,69.95899999999997,0.13299999999997159,25.98799999999997,1156.2223871428566,1.0,2.0,0.0
2022-03-07,division,Mymensingh,Mymensingh,0.0,0.0,0.0,0.0,0.0,0.0,1.0,0.0,0.0,0.0,0.0,0.0,1.0,1.0,0.5714285714285714,16.31903432869183,3,0.9350162426854148,0.35460488704253557,0.0,0.0,0.0,0.0,0.0,9.5525,0.78,2.4125,36.61,4.7925,18.4075,0.3325,0.0,25.359285714285715,33.80642857142857,20.759999999999998,16.621785714285714,22.83607142857143,16.174285714285716,18.285357142857144,44.70357142857143,68.09785714285715,78.32214285714286,60.1125,0.7475,10.3975,972.2767500000001,0.0,1.0,0.0
2022-03-07,division,Rajshahi,Rajshahi,0.0,0.0,0.0,0.0,0.0,0.0,0.0,0.0,0.0,0.0,0.0,0.0,1.0,1.0,0.5714285714285714,16.828744725921833,3,0.9350162426854148,0.35460488704253557,0.0,0.0,0.0,0.0,0.0,7.425,0.9025,5.0325,38.565,2.82625,19.544999999999998,1.2125,0.0,24.915,32.97642857142857,21.15892857142857,17.045357142857142,22.62607142857143,15.845535714285715,17.567678571428573,47.86232142857143,67.66392857142857,80.56589285714286,61.99499999999998,1.2124999999999857,9.579999999999984,982.3439866071426,0.0,0.0,0.0
2022-03-07,division,Rangpur,Rangpur,0.0,0.0,0.0,1.0,0.0,0.0,1.0,0.25,0.125,1.0,1.0,0.5,0.8,1.1111111111111112,0.5714285714285714,16.68403182311846,3,0.9350162426854148,0.35460488704253557,0.0,0.0,0.0,0.0,0.0,13.045,0.24750000000000003,2.3825,43.33625,0.3075,13.6325,4.79,0.0,24.769107142857145,32.941964285714285,19.503749999999997,16.03589285714286,22.045,15.34,17.015535714285715,46.98267857142857,71.7475,81.47160714285714,58.04499999999997,4.8212499999999725,13.38749999999997,890.4102999999996,0.0,0.0,0.0
2022-03-07,division,Sylhet,Sylhet,0.0,0.0,0.0,0.0,0.0,0.0,0.0,0.0,0.0,0.0,0.0,0.0,1.0,1.0,0.5714285714285714,16.21657018255286,3,0.9350162426854148,0.35460488704253557,0.0,0.0,0.0,0.0,0.0,13.6175,1.665,0.10250000000000001,33.9675,13.48,16.1725,0.0475,0.0,24.888928571428572,32.80357142857143,19.858571428571427,16.521071428571428,22.94142857142857,16.046785714285715,18.4325,48.635714285714286,68.84857142857143,76.39928571428571,64.17999999999995,2.012499999999943,15.282499999999944,1029.8827071428564,0.0,0.0,0.0
2022-03-14,division,Barishal,Barishal,0.0,0.0,0.0,0.0,0.0,2.0,0.0,0.0,0.625,0.0,3.0,0.0,1.0,0.6153846153846154,0.5714285714285714,16.02379618021547,3,0.970941817426052,0.23931566428755804,0.0,0.0,0.0,0.0,0.0,4.376666666666667,10.968333333333334,3.1216666666666666,0.01,59.071666666666665,0.12999999999999998,0.0,0.0016666666666666668,26.95190476190476,34.156190476190474,23.909047619047623,19.314047619047617,25.20809523809524,18.842380952380953,18.026190476190475,59.068333333333335,63.78,75.93214285714286,71.59666666666666,5.966666666666667,15.345000000000008,1349.0516682539683,0.0,0.0,0.0
2022-03-14,division,Chattogram,Chattogram,0.0,0.0,0.0,2.0,1.0,0.0,3.0,0.75,0.75,2.0,2.0,0.9574271077563562,0.5714285714285714,1.0,0.5714285714285714,17.31813049167358,3,0.970941817426052,0.23931566428755804,0.0,0.0,0.0,0.0,0.0,0.27909090909090906,8.502727272727272,0.9690909090909091,0.06272727272727273,36.016363636363636,0.19090909090909092,0.0,0.06909090909090909,26.21012987012987,33.316753246753244,22.643376623376625,18.30948051948052,24.897402597402596,17.627012987012986,18.09922077922078,55.70506493506493,62.654935064935074,75.2338961038961,50.72545454545454,6.29909090909091,8.781818181818181,894.1382460448641,1.0,1.0,2.0
2022-03-14,division,Dhaka,Dhaka,0.0,0.0,4.0,2.0,1.0,0.0,12.0,1.75,2.75,4.0,7.0,1.707825127659933,0.36363636363636365,0.7333333333333333,0.0,17.604592364757483,3,0.970941817426052,0.23931566428755804,0.0,0.0,0.0,0.0,0.0,3.0653846153846156,7.159230769230769,2.4815384615384612,0.9107692307692308,44.399230769230776,0.44307692307692303,0.0,0.12307692307692307,27.130659340659342,35.489120879120875,23.382417582417585,18.643406593406592,25.53967032967033,17.344065934065934,17.411978021978022,50.06802197802198,61.58857142857143,75.42076923076924,59.916923076923084,10.412307692307692,10.224615384615383,1039.2030644125107,1.0,6.0,4.0
2022-03-14,division,Khulna,Khulna,1.0,1.0,0.0,0.0,0.0,1.0,1.0,0.25,0.25,1.0,1.0,0.5,1.6,1.0,0.5714285714285714,16.659378702207434,3,0.970941817426052,0.23931566428755804,0.0,0.0,0.0,0.0,0.0,11.443999999999999,11.205,3.339,2.2169999999999996,47.914,1.569,0.0,0.0,27.100714285714286,36.50842857142857,23.626714285714286,18.862428571428573,26.472571428571428,17.895000000000003,16.85914285714286,53.77371428571429,60.71171428571429,76.753,61.19799999999997,11.110999999999972,22.64899999999997,1095.1382099999996,2.0,0.0,0.0
2022-03-14,division,Mymensingh,Mymensingh,0.0,0.0,0.0,0.0,0.0,0.0,0.0,0.0,0.0,0.0,0.0,0.0,1.0,1.0,0.5714285714285714,16.31903432869183,3,0.970941817426052,0.23931566428755804,0.0,0.0,0.0,0.0,0.0,0.065,9.5525,0.78,2.4125,36.61,0.3025,0.0,0.41500000000000004,27.70285714285714,35.8925,23.034285714285712,18.40892857142857,25.816428571428574,16.427857142857142,17.593214285714286,45.60785714285714,60.042857142857144,73.48428571428572,44.1175,19.154999999999998,9.6175,724.7559875,1.0,0.0,0.0
2022-03-14,division,Rajshahi,Rajshahi,0.0,0.0,0.0,0.0,0.0,0.0,0.0,0.0,0.0,0.0,0.0,0.0,1.0,1.0,0.5714285714285714,16.828744725921833,3,0.970941817426052,0.23931566428755804,0.0,0.0,0.0,0.0,0.0,1.2525000000000002,7.425,0.9025,5.0325,38.565,1.05875,0.0,0.0,27.559107142857144,35.9775,22.86357142857143,18.208035714285714,25.323571428571427,16.395,16.459285714285716,48.395,62.20964285714286,76.86803571428571,47.48249999999999,20.757499999999983,8.677499999999984,778.4755874999997,0.0,1.0,0.0
2022-03-14,division,Rangpur,Rangpur,0.0,0.0,0.0,0.0,1.0,0.0,0.0,0.25,0.125,1.0,1.0,0.5,0.8,1.1111111111111112,0.5714285714285714,16.68403182311846,3,0.970941817426052,0.23931566428755804,0.0,0.0,0.0,0.0,0.037500000000000006,0.095,13.045,0.24750000000000003,2.3825,43.33625,0.76875,0.0,0.03125,27.788214285714286,35.66892857142857,21.67267857142857,17.638214285714284,25.204285714285714,15.491071428571429,16.445357142857144,48.04232142857143,65.15160714285715,76.07410714285714,46.79499999999997,18.45374999999997,13.177499999999972,724.9046874999996,0.0,0.0,0.0
2022-03-14,division,Sylhet,Sylhet,0.0,0.0,0.0,0.0,0.0,0.0,0.0,0.0,0.0,0.0,0.0,0.0,1.0,1.0,0.5714285714285714,16.21657018255286,3,0.970941817426052,0.23931566428755804,0.0,0.0,0.0,0.0,0.0,0.0,13.6175,1.665,0.10250000000000001,33.9675,0.56,0.0,1.9649999999999999,27.122142857142858,34.533928571428575,22.47357142857143,18.095714285714287,25.063214285714288,16.262857142857143,17.659285714285716,48.88357142857143,59.0275,73.5875,48.10999999999994,18.184999999999942,13.617499999999943,782.4060571428562,0.0,0.0,0.0
2022-03-21,division,Barishal,Barishal,0.0,0.0,0.0,0.0,0.0,0.0,0.0,0.0,0.625,0.0,3.0,0.0,1.0,0.6153846153846154,0.14285714285714285,16.02379618021547,3,0.992708874098054,0.120536680255323,0.0,0.0,1.0,0.0,0.6083333333333333,0.0,4.376666666666667,10.968333333333334,3.1216666666666666,0.01,12.385,5.965,0.0,28.409047619047616,34.65642857142857,24.688571428571425,22.5297619047619,27.962380952380954,18.186666666666664,17.66190476190476,69.05261904761905,71.24833333333333,78.5795238095238,74.58833333333334,6.095,4.985000000000007,1356.5131555555554,0.0,0.0,0.0
2022-03-21,division,Chattogram,Chattogram,1.0,1.0,0.0,0.0,2.0,1.0,1.0,0.75,0.75,2.0,2.0,0.9574271077563562,1.1428571428571428,1.0,0.14285714285714285,17.31813049167358,3,0.992708874098054,0.120536680255323,0.0,0.0,1.0,0.0,2.4127272727272726,0.0,0.27909090909090906,8.502727272727272,0.9690909090909091,0.06272727272727273,14.455454545454545,6.23,0.0,27.243766233766234,33.53324675324675,24.21012987012987,21.662857142857145,27.767532467532465,17.007792207792207,17.063636363636363,67.91350649350649,68.27441558441559,79.01233766233766,51.50363636363636,6.420909090909092,2.6918181818181814,875.9631452184178,1.0,0.0,1.0
2022-03-21,division,Dhaka,Dhaka,1.0,1.0,0.0,4.0,2.0,1.0,6.0,1.75,2.125,4.0,7.0,1.707825127659933,0.7272727272727273,0.88,0.14285714285714285,17.604592364757483,3,0.992708874098054,0.120536680255323,0.0,0.0,1.0,0.0,4.568461538461539,0.0,3.0653846153846156,7.159230769230769,2.4815384615384612,0.9107692307692308,14.163846153846153,10.28,0.009230769230769232,28.724065934065933,36.51659340659341,24.733186813186816,21.715824175824174,28.069890109890114,17.353406593406593,16.50065934065934,61.48208791208791,69.10098901098901,77.60131868131867,61.95538461538462,10.732307692307693,7.633846153846155,1075.1369798816568,6.0,3.0,5.0
2022-03-21,division,Khulna,Khulna,2.0,2.0,1.0,0.0,0.0,0.0,0.0,0.75,0.5,2.0,2.0,0.9574271077563381,1.7142857142857142,1.1666666666666667,0.0,16.659378702207434,3,0.992708874098054,0.120536680255323,0.0,0.0,1.0,0.0,0.166,0.0,11.443999999999999,11.205,3.339,2.2169999999999996,9.498000000000001,10.978,0.133,29.667285714285715,38.09742857142857,24.317,22.443285714285715,29.331857142857142,17.873714285714286,16.527142857142856,59.28357142857143,68.243,76.79842857142857,62.96799999999997,12.679999999999971,11.609999999999971,1125.4720411428566,0.0,0.0,0.0
2022-03-21,division,Mymensingh,Mymensingh,1.0,1.0,0.0,0.0,0.0,0.0,0.0,0.25,0.125,1.0,1.0,0.5,1.6,1.1111111111111112,0.14285714285714285,16.31903432869183,3,0.992708874098054,0.120536680255323,0.0,0.0,1.0,0.0,14.8925,0.0,0.065,9.5525,0.78,2.4125,4.7925,18.4075,0.3325,28.312857142857144,36.302499999999995,25.359285714285715,20.759999999999998,27.244642857142857,16.621785714285714,16.174285714285716,56.402857142857144,67.45892857142857,74.96714285714285,44.595,19.042499999999997,14.9575,741.2485339285714,0.0,0.0,0.0
2022-03-21,division,Rajshahi,Rajshahi,0.0,0.0,0.0,0.0,0.0,0.0,0.0,0.0,0.0,0.0,0.0,0.0,1.0,1.0,0.14285714285714285,16.828744725921833,3,0.992708874098054,0.120536680255323,0.0,0.0,1.0,0.0,0.9337500000000001,0.0,1.2525000000000002,7.425,0.9025,5.0325,2.82625,19.544999999999998,1.2125,28.92892857142857,37.32625,24.915,21.15892857142857,27.444464285714286,17.045357142857142,15.845535714285715,52.80428571428571,68.75428571428571,75.51571428571428,47.32624999999999,21.816249999999982,2.186249999999986,806.6928334821426,1.0,0.0,0.0
2022-03-21,division,Rangpur,Rangpur,0.0,0.0,0.0,0.0,0.0,1.0,0.0,0.0,0.125,0.0,1.0,0.0,1.0,0.8888888888888888,0.14285714285714285,16.68403182311846,3,0.992708874098054,0.120536680255323,0.0,0.0,1.0,0.0,3.52875,0.0,0.095,13.045,0.24750000000000003,2.3825,0.3075,13.6325,4.79,28.02,36.20625,24.769107142857145,19.503749999999997,25.88,16.03589285714286,15.34,47.15,68.83375,75.28910714285715,46.27374999999998,19.19124999999997,3.6612499999999715,742.040897098214,0.0,0.0,0.0
2022-03-21,division,Sylhet,Sylhet,0.0,0.0,0.0,0.0,0.0,0.0,0.0,0.0,0.0,0.0,0.0,0.0,1.0,1.0,0.14285714285714285,16.21657018255286,3,0.992708874098054,0.120536680255323,0.0,0.0,1.0,0.0,67.965,0.0,0.0,13.6175,1.665,0.10250000000000001,13.48,16.1725,0.0475,27.27857142857143,34.106785714285714,24.888928571428572,19.858571428571427,26.283214285714287,16.521071428571428,16.046785714285715,64.15285714285714,70.81428571428572,75.51892857142857,49.21499999999994,16.77999999999994,67.96499999999995,813.0845303571418,0.0,0.0,0.0
2022-03-28,division,Barishal,Barishal,0.0,0.0,0.0,0.0,0.0,0.0,0.0,0.0,0.625,0.0,3.0,0.0,1.0,0.6153846153846154,0.7142857142857143,16.02379618021547,3,1.0,-1.6081226496766366e-16,0.0,1.0,0.0,0.0,1.1516666666666666,0.0,0.0,4.376666666666667,10.968333333333334,3.1216666666666666,59.071666666666665,0.12999999999999998,0.0,28.959761904761905,34.22,26.95190476190476,23.909047619047623,29.45285714285714,19.314047619047617,18.842380952380953,70.89238095238095,61.485476190476184,74.3047619047619,73.17166666666667,18.48,1.760000000000007,1413.2410543650792,0.0,0.0,0.0
2022-03-28,division,Chattogram,Chattogram,1.0,1.0,1.0,0.0,0.0,2.0,1.0,0.5,0.75,1.0,2.0,0.5773502691896557,1.3333333333333333,0.8571428571428571,0.5714285714285714,17.31813049167358,3,1.0,-1.6081226496766366e-16,0.0,1.0,0.0,0.0,7.1000000000000005,0.0,0.0,0.27909090909090906,8.502727272727272,0.9690909090909091,36.016363636363636,0.19090909090909092,0.0,27.603376623376622,33.00753246753247,26.21012987012987,22.643376623376625,29.35363636363636,18.30948051948052,17.627012987012986,73.56181818181818,58.98766233766234,73.04324675324675,45.55090909090909,20.876363636363635,9.512727272727272,834.0134826446281,0.0,2.0,0.0
2022-03-28,division,Dhaka,Dhaka,6.0,6.0,1.0,0.0,4.0,2.0,7.0,2.75,2.0,6.0,6.0,2.753785273643051,1.8666666666666667,1.25,0.5714285714285714,17.604592364757483,3,1.0,-1.6081226496766366e-16,0.0,1.0,0.0,0.0,14.589230769230769,0.0,0.0,3.0653846153846156,7.159230769230769,2.4815384615384612,44.399230769230776,0.44307692307692303,0.0,29.334725274725276,35.940989010989014,27.130659340659342,23.382417582417585,30.155494505494502,18.643406593406592,17.344065934065934,66.78109890109889,57.317142857142855,73.21758241758242,54.95076923076924,24.886923076923075,19.157692307692308,1024.4695333896873,3.0,4.0,5.0
2022-03-28,division,Khulna,Khulna,0.0,0.0,2.0,1.0,0.0,0.0,0.0,0.75,0.5,2.0,2.0,0.9574271077563381,0.5714285714285714,1.1666666666666667,0.42857142857142855,16.659378702207434,3,1.0,-1.6081226496766366e-16,0.0,1.0,0.0,0.0,0.583,0.0,0.0,11.443999999999999,11.205,3.339,47.914,1.569,0.0,30.32257142857143,37.939,27.100714285714286,23.626714285714286,30.80385714285714,18.862428571428573,17.895000000000003,62.06471428571429,59.437571428571424,72.38942857142857,64.67499999999997,22.044999999999973,0.7489999999999716,1219.9275678571423,0.0,0.0,1.0
2022-03-28,division,Mymensingh,Mymensingh,0.0,0.0,1.0,0.0,0.0,0.0,0.0,0.25,0.125,1.0,1.0,0.5,0.8,1.1111111111111112,0.5714285714285714,16.31903432869183,3,1.0,-1.6081226496766366e-16,0.0,1.0,0.0,0.0,46.975,0.0,0.0,0.065,9.5525,0.78,36.61,0.3025,0.0,28.283928571428568,34.135,27.70285714285714,23.034285714285712,30.505714285714287,18.40892857142857,16.427857142857142,68.69464285714285,53.681785714285716,72.67392857142858,49.355000000000004,23.502499999999998,61.8675,908.5726696428572,0.0,0.0,0.0
2022-03-28,division,Rajshahi,Rajshahi,1.0,1.0,0.0,0.0,0.0,0.0,0.0,0.25,0.125,1.0,1.0,0.5,1.6,1.1111111111111112,0.7142857142857143,16.828744725921833,3,1.0,-1.6081226496766366e-16,0.0,1.0,0.0,0.0,7.11125,0.0,0.0,1.2525000000000002,7.425,0.9025,38.565,1.05875,0.0,29.72267857142857,36.59982142857143,27.559107142857144,22.86357142857143,30.355892857142855,18.208035714285714,16.395,60.39767857142857,56.54535714285714,74.64303571428572,51.92499999999998,23.429999999999986,8.044999999999986,945.4522544642854,0.0,0.0,0.0
2022-03-28,division,Rangpur,Rangpur,0.0,0.0,0.0,0.0,0.0,0.0,0.0,0.0,0.125,0.0,1.0,0.0,1.0,0.8888888888888888,0.7142857142857143,16.68403182311846,3,1.0,-1.6081226496766366e-16,0.0,1.0,0.0,0.0,47.918749999999996,0.037500000000000006,0.0,0.095,13.045,0.24750000000000003,43.33625,0.76875,0.0,27.55607142857143,33.63125,27.788214285714286,21.67267857142857,29.62875,17.638214285714284,15.491071428571429,66.45017857142857,55.638392857142854,76.05946428571428,59.01124999999997,14.708749999999974,51.484999999999964,1040.8530727678565,0.0,0.0,0.0
2022-03-28,division,Sylhet,Sylhet,0.0,0.0,0.0,0.0,0.0,0.0,0.0,0.0,0.0,0.0,0.0,0.0,1.0,1.0,0.7142857142857143,16.21657018255286,3,1.0,-1.6081226496766366e-16,0.0,1.0,0.0,0.0,132.015,0.0,0.0,0.0,13.6175,1.665,33.9675,0.56,0.0,26.46892857142857,31.650000000000002,27.122142857142858,22.47357142857143,29.435,18.095714285714287,16.262857142857143,77.75821428571429,55.24785714285714,74.71714285714285,49.35249999999994,30.21249999999994,199.97999999999993,893.0687392857133,0.0,0.0,0.0
2022-04-04,division,Barishal,Barishal,0.0,0.0,0.0,0.0,0.0,0.0,3.0,0.0,0.25,0.0,2.0,0.0,1.0,0.8,1.1428571428571428,16.02379618021547,4,0.992708874098054,-0.12053668025532288,0.0,7.0,0.0,0.0,0.9033333333333333,0.6083333333333333,0.0,0.0,4.376666666666667,10.968333333333334,0.01,12.385,5.965,29.47809523809524,35.61071428571429,28.409047619047616,24.688571428571425,31.41452380952381,22.5297619047619,18.186666666666664,68.3,57.47380952380953,70.8854761904762,18.476666666666674,77.55166666666666,2.66333333333334,416.2749007936509,0.0,0.0,0.0
2022-04-04,division,Chattogram,Chattogram,0.0,0.0,1.0,1.0,0.0,0.0,1.0,0.5,0.625,1.0,2.0,0.5773502691896557,0.6666666666666666,0.9230769230769231,1.0,17.31813049167358,4,0.992708874098054,-0.12053668025532288,0.0,7.0,0.0,0.0,3.5654545454545454,2.4127272727272726,0.0,0.0,0.27909090909090906,8.502727272727272,0.06272727272727273,14.455454545454545,6.23,28.61974025974026,34.82805194805195,27.243766233766234,24.21012987012987,31.58753246753247,21.662857142857145,17.007792207792207,67.63948051948051,56.006493506493506,71.46467532467533,9.813636363636363,56.89272727272727,13.078181818181818,212.5914025974026,2.0,1.0,0.0
2022-04-04,division,Dhaka,Dhaka,3.0,3.0,6.0,1.0,0.0,4.0,2.0,2.5,2.125,6.0,6.0,2.6457513110645907,1.1428571428571428,1.12,0.2857142857142857,17.604592364757483,4,0.992708874098054,-0.12053668025532288,0.0,7.0,0.0,0.0,9.446153846153846,4.568461538461539,0.0,0.0,3.0653846153846156,7.159230769230769,0.9107692307692308,14.163846153846153,10.28,30.25230769230769,37.815054945054946,28.724065934065933,24.733186813186816,32.855604395604395,21.715824175824174,17.353406593406593,60.03241758241758,51.50153846153846,68.74373626373625,13.616923076923076,69.28615384615385,28.603846153846156,295.7027073541842,4.0,5.0,7.0
2022-04-04,division,Khulna,Khulna,0.0,0.0,0.0,2.0,1.0,0.0,0.0,0.75,0.5,2.0,2.0,0.9574271077563381,0.5714285714285714,1.1666666666666667,1.1428571428571428,16.659378702207434,4,0.992708874098054,-0.12053668025532288,0.0,7.0,0.0,0.0,0.715,0.166,0.0,0.0,11.443999999999999,11.205,2.2169999999999996,9.498000000000001,10.978,31.133,39.74457142857143,29.667285714285715,24.317,33.29185714285715,22.443285714285715,17.873714285714286,56.640571428571434,52.90657142857143,66.99757142857143,28.20499999999997,69.95899999999997,1.4639999999999715,633.0128735714279,0.0,0.0,0.0
2022-04-04,division,Mymensingh,Mymensingh,0.0,0.0,0.0,1.0,0.0,0.0,0.0,0.25,0.125,1.0,1.0,0.5,0.8,1.1111111111111112,1.1428571428571428,16.31903432869183,4,0.992708874098054,-0.12053668025532288,0.0,7.0,0.0,0.0,40.334999999999994,14.8925,0.0,0.0,0.065,9.5525,2.4125,4.7925,18.4075,28.767142857142858,35.62678571428572,28.312857142857144,25.359285714285715,33.80642857142857,20.759999999999998,16.621785714285714,64.70392857142856,44.70357142857143,68.09785714285715,12.81,60.1125,102.20249999999999,265.93559999999997,0.0,0.0,0.0
2022-04-04,division,Rajshahi,Rajshahi,0.0,0.0,1.0,0.0,0.0,0.0,0.0,0.25,0.125,1.0,1.0,0.5,0.8,1.1111111111111112,1.0,16.828744725921833,4,0.992708874098054,-0.12053668025532288,0.0,7.0,0.0,0.0,11.06375,0.9337500000000001,0.0,0.0,1.2525000000000002,7.425,5.0325,2.82625,19.544999999999998,30.5325,38.50696428571429,28.92892857142857,24.915,32.97642857142857,21.15892857142857,17.045357142857142,55.89892857142857,47.86232142857143,67.66392857142857,14.612499999999985,61.99499999999998,19.108749999999986,309.1848437499997,0.0,0.0,0.0
2022-04-04,division,Rangpur,Rangpur,0.0,0.0,0.0,0.0,0.0,0.0,0.0,0.0,0.125,0.0,1.0,0.0,1.0,0.8888888888888888,1.1428571428571428,16.68403182311846,4,0.992708874098054,-0.12053668025532288,0.0,7.0,0.0,0.0,56.64,3.52875,0.037500000000000006,0.0,0.095,13.045,2.3825,0.3075,13.6325,27.56125,34.017857142857146,28.02,24.769107142857145,32.941964285714285,19.503749999999997,16.03589285714286,68.95285714285714,46.98267857142857,71.7475,15.769999999999971,58.04499999999997,108.12499999999997,307.5741374999994,0.0,0.0,0.0
2022-04-04,division,Sylhet,Sylhet,0.0,0.0,0.0,0.0,0.0,0.0,0.0,0.0,0.0,0.0,0.0,0.0,1.0,1.0,1.1428571428571428,16.21657018255286,4,0.992708874098054,-0.12053668025532288,0.0,7.0,0.0,0.0,107.36500000000001,67.965,0.0,0.0,0.0,13.6175,0.10250000000000001,13.48,16.1725,26.923571428571428,32.542500000000004,27.27857142857143,24.888928571428572,32.80357142857143,19.858571428571427,16.521071428571428,75.31821428571429,48.635714285714286,68.84857142857143,15.384999999999943,64.17999999999995,307.3449999999999,305.52412142857025,0.0,0.0,0.0
2022-04-11,division,Barishal,Barishal,0.0,0.0,0.0,0.0,0.0,0.0,2.0,0.0,0.0,0.0,0.0,0.0,1.0,1.0,0.42857142857142855,16.02379618021547,4,0.9709418174260521,-0.2393156642875575,0.0,7.0,1.0,0.0,2.928333333333333,1.1516666666666666,0.6083333333333333,0.0,0.0,4.376666666666667,3.1216666666666666,59.071666666666665,0.12999999999999998,30.113333333333333,35.607142857142854,28.959761904761905,26.95190476190476,34.156190476190474,23.909047619047623,19.314047619047617,70.50785714285713,59.068333333333335,63.78,18.466666666666672,71.59666666666666,5.591666666666673,441.5204126984129,0.0,0.0,0.0
2022-04-11,division,Chattogram,Chattogram,2.0,2.0,0.0,1.0,1.0,0.0,0.0,1.0,0.875,2.0,2.0,0.8164965809277472,1.5,1.0666666666666667,0.42857142857142855,17.31813049167358,4,0.9709418174260521,-0.2393156642875575,0.0,7.0,1.0,0.0,4.707272727272727,7.1000000000000005,2.4127272727272726,0.0,0.0,0.27909090909090906,0.9690909090909091,36.016363636363636,0.19090909090909092,29.107532467532465,34.37974025974026,27.603376623376622,26.21012987012987,33.316753246753244,22.643376623376625,18.30948051948052,71.19961038961038,55.70506493506493,62.654935064935074,9.75090909090909,50.72545454545454,17.785454545454545,220.7935069657615,1.0,0.0,0.0
2022-04-11,division,Dhaka,Dhaka,4.0,4.0,3.0,6.0,1.0,0.0,0.0,3.5,2.625,6.0,6.0,2.0816659994661326,1.1111111111111112,1.2413793103448276,0.0,17.604592364757483,4,0.9709418174260521,-0.2393156642875575,0.0,7.0,1.0,0.0,11.405384615384614,14.589230769230769,4.568461538461539,0.0,0.0,3.0653846153846156,2.4815384615384612,44.399230769230776,0.44307692307692303,31.482747252747252,38.841208791208786,29.334725274725276,27.130659340659342,35.489120879120875,23.382417582417585,18.643406593406592,61.02703296703297,50.06802197802198,61.58857142857143,12.706153846153844,59.916923076923084,40.00923076923077,297.1005950972105,5.0,5.0,8.0
2022-04-11,division,Khulna,Khulna,0.0,0.0,0.0,0.0,2.0,1.0,1.0,0.5,0.375,2.0,2.0,1.0,0.6666666666666666,1.0909090909090908,0.42857142857142855,16.659378702207434,4,0.9709418174260521,-0.2393156642875575,0.0,7.0,1.0,0.0,1.9300000000000002,0.583,0.166,0.0,0.0,11.443999999999999,3.339,47.914,1.569,32.71628571428572,40.936857142857136,30.32257142857143,27.100714285714286,36.50842857142857,23.626714285714286,18.862428571428573,54.739999999999995,53.77371428571429,60.71171428571429,25.98799999999997,61.19799999999997,3.3939999999999717,614.0110508571422,0.0,1.0,0.0
2022-04-11,division,Mymensingh,Mymensingh,0.0,0.0,0.0,0.0,1.0,0.0,0.0,0.25,0.125,1.0,1.0,0.5,0.8,1.1111111111111112,0.42857142857142855,16.31903432869183,4,0.9709418174260521,-0.2393156642875575,0.0,7.0,1.0,0.0,58.28,46.975,14.8925,0.0,0.0,0.065,0.78,36.61,0.3025,29.475714285714286,35.88892857142857,28.283928571428568,27.70285714285714,35.8925,23.034285714285712,18.40892857142857,68.57071428571429,45.60785714285714,60.042857142857144,10.3975,44.1175,160.4825,239.4989857142857,0.0,0.0,0.0
2022-04-11,division,Rajshahi,Rajshahi,0.0,0.0,0.0,1.0,0.0,0.0,0.0,0.25,0.125,1.0,1.0,0.5,0.8,1.1111111111111112,0.42857142857142855,16.828744725921833,4,0.9709418174260521,-0.2393156642875575,0.0,7.0,1.0,0.0,7.9475,7.11125,0.9337500000000001,0.0,0.0,1.2525000000000002,0.9025,38.565,1.05875,32.28,39.95892857142857,29.72267857142857,27.559107142857144,35.9775,22.86357142857143,18.208035714285714,50.86553571428571,48.395,62.20964285714286,9.579999999999984,47.48249999999999,27.056249999999984,219.03301428571393,0.0,0.0,0.0
2022-04-11,division,Rangpur,Rangpur,0.0,0.0,0.0,0.0,0.0,0.0,0.0,0.0,0.125,0.0,1.0,0.0,1.0,0.8888888888888888,0.42857142857142855,16.68403182311846,4,0.9709418174260521,-0.2393156642875575,0.0,7.0,1.0,0.0,33.525,47.918749999999996,3.52875,0.037500000000000006,0.0,0.095,0.24750000000000003,43.33625,0.76875,28.295357142857142,35.09196428571428,27.55607142857143,27.788214285714286,35.66892857142857,21.67267857142857,17.638214285714284,63.13142857142857,48.04232142857143,65.15160714285715,13.38749999999997,46.79499999999997,141.61249999999995,290.14298437499934,0.0,0.0,0.0
2022-04-11,division,Sylhet,Sylhet,0.0,0.0,0.0,0.0,0.0,0.0,0.0,0.0,0.0,0.0,0.0,0.0,1.0,1.0,0.42857142857142855,16.21657018255286,4,0.9709418174260521,-0.2393156642875575,0.0,7.0,1.0,0.0,126.55,132.015,67.965,0.0,0.0,0.0,1.665,33.9675,0.56,27.6525,32.69428571428571,26.46892857142857,27.122142857142858,34.533928571428575,22.47357142857143,18.095714285714287,79.66142857142857,48.88357142857143,59.0275,15.282499999999944,48.10999999999994,433.8949999999999,343.4523553571416,0.0,0.0,0.0
2022-04-18,division,Barishal,Barishal,0.0,0.0,0.0,0.0,0.0,0.0,0.0,0.0,0.0,0.0,0.0,0.0,1.0,1.0,0.8571428571428571,16.02379618021547,4,0.9350162426854148,-0.35460488704253545,0.0,7.0,0.0,0.0,41.718333333333334,0.9033333333333333,1.1516666666666666,0.6083333333333333,0.0,0.0,10.968333333333334,0.01,12.385,29.71785714285714,35.22095238095238,29.47809523809524,28.409047619047616,34.65642857142857,24.688571428571425,22.5297619047619,72.5704761904762,69.05261904761905,71.24833333333333,15.345000000000008,74.58833333333334,46.701666666666675,378.8461285714287,0.0,0.0,0.0
2022-04-18,division,Chattogram,Chattogram,1.0,1.0,2.0,0.0,1.0,1.0,1.0,1.0,0.875,2.0,2.0,0.8164965809277472,1.0,1.0666666666666667,0.5714285714285714,17.31813049167358,4,0.9350162426854148,-0.35460488704253545,0.0,7.0,0.0,0.0,66.63454545454546,3.5654545454545454,7.1000000000000005,2.4127272727272726,0.0,0.0,8.502727272727272,0.06272727272727273,14.455454545454545,28.354155844155844,33.577922077922075,28.61974025974026,27.243766233766234,33.53324675324675,24.21012987012987,21.662857142857145,74.38688311688311,67.91350649350649,68.27441558441559,8.781818181818181,51.50363636363636,82.00727272727273,212.60895867768593,0.0,0.0,0.0
2022-04-18,division,Dhaka,Dhaka,5.0,5.0,4.0,3.0,6.0,1.0,1.0,4.5,3.125,6.0,6.0,1.2909944487358058,1.0909090909090908,1.3333333333333333,0.2857142857142857,17.604592364757483,4,0.9350162426854148,-0.35460488704253545,0.0,7.0,0.0,0.0,61.62461538461538,9.446153846153846,14.589230769230769,4.568461538461539,0.0,0.0,7.159230769230769,0.9107692307692308,14.163846153846153,30.288571428571426,36.90604395604395,30.25230769230769,28.724065934065933,36.51659340659341,24.733186813186816,21.715824175824174,66.2678021978022,61.48208791208791,69.10098901098901,10.224615384615383,61.95538461538462,97.0653846153846,252.88732240067623,5.0,7.0,45.0
2022-04-18,division,Khulna,Khulna,0.0,0.0,0.0,0.0,0.0,2.0,0.0,0.0,0.375,0.0,2.0,0.0,1.0,0.7272727272727273,0.8571428571428571,16.659378702207434,4,0.9350162426854148,-0.35460488704253545,0.0,7.0,0.0,0.0,21.79,0.715,0.583,0.166,0.0,0.0,11.205,2.2169999999999996,9.498000000000001,32.18185714285714,39.97485714285715,31.133,29.667285714285715,38.09742857142857,24.317,22.443285714285715,56.129714285714286,59.28357142857143,68.243,22.64899999999997,62.96799999999997,25.017999999999972,550.7557329999993,1.0,0.0,0.0
2022-04-18,division,Mymensingh,Mymensingh,0.0,0.0,0.0,0.0,0.0,1.0,0.0,0.0,0.125,0.0,1.0,0.0,1.0,0.8888888888888888,0.8571428571428571,16.31903432869183,4,0.9350162426854148,-0.35460488704253545,0.0,7.0,0.0,0.0,63.3975,40.334999999999994,46.975,14.8925,0.0,0.0,9.5525,2.4125,4.7925,28.542142857142856,34.24642857142857,28.767142857142858,28.312857142857144,36.302499999999995,25.359285714285715,20.759999999999998,71.80857142857143,56.402857142857144,67.45892857142857,9.6175,44.595,208.98749999999998,243.89293035714286,0.0,0.0,0.0
2022-04-18,division,Rajshahi,Rajshahi,0.0,0.0,0.0,0.0,1.0,0.0,0.0,0.25,0.125,1.0,1.0,0.5,0.8,1.1111111111111112,0.8571428571428571,16.828744725921833,4,0.9350162426854148,-0.35460488704253545,0.0,7.0,0.0,0.0,39.83,11.06375,7.11125,0.9337500000000001,0.0,0.0,7.425,5.0325,2.82625,31.185892857142857,38.01357142857143,30.5325,28.92892857142857,37.32625,24.915,21.15892857142857,56.15642857142858,52.80428571428571,68.75428571428571,8.677499999999984,47.32624999999999,65.95249999999999,216.1999124999996,0.0,0.0,0.0
2022-04-18,division,Rangpur,Rangpur,0.0,0.0,0.0,0.0,0.0,0.0,1.0,0.0,0.0,0.0,0.0,0.0,1.0,1.0,0.8571428571428571,16.68403182311846,4,0.9350162426854148,-0.35460488704253545,0.0,7.0,0.0,0.0,48.74,56.64,47.918749999999996,3.52875,0.037500000000000006,0.0,13.045,2.3825,0.3075,28.13232142857143,34.120892857142856,27.56125,28.02,36.20625,24.769107142857145,19.503749999999997,66.17642857142857,47.15,68.83375,13.177499999999972,46.27374999999998,186.82374999999996,326.3949093749993,0.0,0.0,0.0
2022-04-18,division,Sylhet,Sylhet,0.0,0.0,0.0,0.0,0.0,0.0,0.0,0.0,0.0,0.0,0.0,0.0,1.0,1.0,0.8571428571428571,16.21657018255286,4,0.9350162426854148,-0.35460488704253545,0.0,7.0,0.0,0.0,75.095,107.36500000000001,132.015,67.965,0.0,0.0,13.6175,0.10250000000000001,13.48,27.149285714285714,31.663214285714282,26.923571428571428,27.27857142857143,34.106785714285714,24.888928571428572,19.858571428571427,79.64035714285714,64.15285714285714,70.81428571428572,13.617499999999943,49.21499999999994,441.025,338.92498482142713,0.0,0.0,0.0
2022-04-25,division,Barishal,Barishal,0.0,0.0,0.0,0.0,0.0,0.0,0.0,0.0,0.0,0.0,0.0,0.0,1.0,1.0,0.8571428571428571,16.02379618021547,4,0.8854560256532099,-0.4647231720437685,0.0,6.0,1.0,0.0,11.725,2.928333333333333,0.9033333333333333,1.1516666666666666,0.6083333333333333,0.0,4.376666666666667,3.1216666666666666,59.071666666666665,30.67190476190476,36.29333333333333,30.113333333333333,28.959761904761905,34.22,26.95190476190476,23.909047619047623,71.01547619047619,70.89238095238095,61.485476190476184,4.985000000000007,73.17166666666667,57.27500000000001,134.35524523809542,0.0,0.0,0.0
2022-04-25,division,Chattogram,Chattogram,0.0,0.0,1.0,2.0,0.0,1.0,2.0,0.75,0.625,2.0,2.0,0.9574271077563562,0.5714285714285714,1.0769230769230769,0.7142857142857143,17.31813049167358,4,0.8854560256532099,-0.4647231720437685,0.0,6.0,1.0,0.0,9.924545454545454,4.707272727272727,3.5654545454545454,7.1000000000000005,2.4127272727272726,0.0,0.27909090909090906,0.9690909090909091,36.016363636363636,29.646493506493506,35.19051948051948,29.107532467532465,27.603376623376622,33.00753246753247,26.21012987012987,22.643376623376625,71.18194805194805,73.56181818181818,58.98766233766234,2.6918181818181814,45.55090909090909,84.83181818181819,70.55290413223139,0.0,0.0,1.0
2022-04-25,division,Dhaka,Dhaka,5.0,5.0,5.0,4.0,3.0,6.0,2.0,4.25,3.5,5.0,6.0,0.9574271077563384,1.1428571428571428,1.1666666666666667,0.14285714285714285,17.604592364757483,4,0.8854560256532099,-0.4647231720437685,0.0,6.0,1.0,0.0,13.203076923076923,11.405384615384614,9.446153846153846,14.589230769230769,4.568461538461539,0.0,3.0653846153846156,2.4815384615384612,44.399230769230776,31.776043956043956,39.01791208791209,31.482747252747252,29.334725274725276,35.940989010989014,27.130659340659342,23.382417582417585,62.2067032967033,66.78109890109889,57.317142857142855,7.633846153846155,54.95076923076924,95.67923076923077,207.11127945900256,7.0,8.0,69.0
2022-04-25,division,Khulna,Khulna,1.0,1.0,0.0,0.0,0.0,0.0,0.0,0.25,0.5,1.0,2.0,0.5,1.6,0.8333333333333334,0.8571428571428571,16.659378702207434,4,0.8854560256532099,-0.4647231720437685,0.0,6.0,1.0,0.0,7.712999999999999,1.9300000000000002,0.715,0.583,0.166,0.0,11.443999999999999,3.339,47.914,33.49928571428571,41.904714285714284,32.71628571428572,30.32257142857143,37.939,27.100714285714286,23.626714285714286,51.88271428571429,62.06471428571429,59.437571428571424,11.609999999999971,64.67499999999997,32.147999999999975,314.6392928571421,0.0,0.0,1.0
2022-04-25,division,Mymensingh,Mymensingh,0.0,0.0,0.0,0.0,0.0,0.0,0.0,0.0,0.125,0.0,1.0,0.0,1.0,0.8888888888888888,0.8571428571428571,16.31903432869183,4,0.8854560256532099,-0.4647231720437685,0.0,6.0,1.0,0.0,26.98,58.28,40.334999999999994,46.975,14.8925,0.0,0.065,0.78,36.61,29.744285714285713,35.996428571428574,29.475714285714286,28.283928571428568,34.135,27.70285714285714,23.034285714285712,68.9275,68.69464285714285,53.681785714285716,14.9575,49.355000000000004,188.99249999999998,414.3654857142857,0.0,0.0,0.0
2022-04-25,division,Rajshahi,Rajshahi,0.0,0.0,0.0,0.0,0.0,1.0,0.0,0.0,0.125,0.0,1.0,0.0,1.0,0.8888888888888888,0.8571428571428571,16.828744725921833,4,0.8854560256532099,-0.4647231720437685,0.0,6.0,1.0,0.0,15.563749999999999,7.9475,11.06375,7.11125,0.9337500000000001,0.0,1.2525000000000002,0.9025,38.565,32.168035714285715,40.05142857142857,32.28,29.72267857142857,36.59982142857143,27.559107142857144,22.86357142857143,53.090892857142855,60.39767857142857,56.54535714285714,2.186249999999986,51.92499999999998,74.40499999999999,60.25109799107105,0.0,0.0,0.0
2022-04-25,division,Rangpur,Rangpur,0.0,0.0,0.0,0.0,0.0,0.0,0.0,0.0,0.0,0.0,0.0,0.0,1.0,1.0,0.8571428571428571,16.68403182311846,4,0.8854560256532099,-0.4647231720437685,0.0,6.0,1.0,0.0,30.13625,33.525,56.64,47.918749999999996,3.52875,0.037500000000000006,0.095,0.24750000000000003,43.33625,28.614821428571428,35.29392857142857,28.295357142857142,27.55607142857143,33.63125,27.788214285714286,21.67267857142857,65.26803571428572,66.45017857142857,55.638392857142854,3.6612499999999715,59.01124999999997,169.04125,101.73959955357064,0.0,0.0,0.0
2022-04-25,division,Sylhet,Sylhet,0.0,0.0,0.0,0.0,0.0,0.0,0.0,0.0,0.0,0.0,0.0,0.0,1.0,1.0,0.8571428571428571,16.21657018255286,4,0.8854560256532099,-0.4647231720437685,0.0,6.0,1.0,0.0,54.015,126.55,107.36500000000001,132.015,67.965,0.0,0.0,1.665,33.9675,28.634999999999998,33.675357142857145,27.6525,26.46892857142857,31.650000000000002,27.122142857142858,22.47357142857143,75.57214285714286,77.75821428571429,55.24785714285714,67.96499999999995,49.35249999999994,363.025,1843.356439285713,0.0,0.0,0.0
2022-05-02,division,Barishal,Barishal,0.0,0.0,0.0,0.0,0.0,0.0,0.0,0.0,0.0,0.0,0.0,0.0,1.0,1.0,0.8571428571428571,16.02379618021547,5,0.8229838658936565,-0.5680647467311557,3.0,1.0,3.0,0.0,56.89166666666667,41.718333333333334,2.928333333333333,0.9033333333333333,1.1516666666666666,0.6083333333333333,0.0,10.968333333333334,0.01,29.38452380952381,33.923809523809524,29.71785714285714,29.47809523809524,35.61071428571429,28.409047619047616,24.688571428571425,72.63714285714285,68.3,57.47380952380953,1.760000000000007,18.476666666666674,113.26333333333335,49.999923809524,0.0,0.0,0.0
2022-05-02,division,Chattogram,Chattogram,0.0,0.0,0.0,1.0,2.0,0.0,0.0,0.75,0.625,2.0,2.0,0.9574271077563562,0.5714285714285714,1.0769230769230769,0.8571428571428571,17.31813049167358,5,0.8229838658936565,-0.5680647467311557,3.0,1.0,3.0,0.0,39.04636363636364,66.63454545454546,4.707272727272727,3.5654545454545454,7.1000000000000005,2.4127272727272726,0.0,8.502727272727272,0.06272727272727273,28.986493506493506,33.92831168831169,28.354155844155844,28.61974025974026,34.82805194805195,27.243766233766234,24.21012987012987,69.49090909090908,67.63948051948051,56.006493506493506,9.512727272727272,9.813636363636363,120.31272727272727,259.1625180637544,0.0,0.0,1.0
2022-05-02,division,Dhaka,Dhaka,7.0,7.0,5.0,5.0,4.0,3.0,4.0,5.25,3.875,7.0,7.0,1.2583057392117918,1.28,1.2820512820512822,0.14285714285714285,17.604592364757483,5,0.8229838658936565,-0.5680647467311557,3.0,1.0,3.0,0.0,63.25923076923077,61.62461538461538,11.405384615384614,9.446153846153846,14.589230769230769,4.568461538461539,0.0,7.159230769230769,0.9107692307692308,29.72021978021978,35.033516483516486,30.288571428571426,30.25230769230769,37.815054945054946,28.724065934065933,24.733186813186816,67.72670329670329,60.03241758241758,51.50153846153846,19.157692307692308,13.616923076923076,149.4923076923077,550.2868169907016,8.0,45.0,103.0
2022-05-02,division,Khulna,Khulna,0.0,0.0,1.0,0.0,0.0,0.0,0.0,0.25,0.5,1.0,2.0,0.5,0.8,0.8333333333333334,0.7142857142857143,16.659378702207434,5,0.8229838658936565,-0.5680647467311557,3.0,1.0,3.0,0.0,63.771,21.79,1.9300000000000002,0.715,0.583,0.166,0.0,11.205,2.2169999999999996,30.168571428571433,35.949,32.18185714285714,31.133,39.74457142857143,29.667285714285715,24.317,66.34628571428571,56.640571428571434,52.90657142857143,0.7489999999999716,28.20499999999997,95.20399999999998,22.220796999999155,0.0,0.0,2.0
2022-05-02,division,Mymensingh,Mymensingh,0.0,0.0,0.0,0.0,0.0,0.0,0.0,0.0,0.125,0.0,1.0,0.0,1.0,0.8888888888888888,0.8571428571428571,16.31903432869183,5,0.8229838658936565,-0.5680647467311557,3.0,1.0,3.0,0.0,46.5925,63.3975,58.28,40.334999999999994,46.975,14.8925,0.0,9.5525,2.4125,28.8575,33.60142857142857,28.542142857142856,28.767142857142858,35.62678571428572,28.312857142857144,25.359285714285715,69.56035714285714,64.70392857142856,44.70357142857143,61.8675,12.81,195.25,1751.6456892857143,0.0,0.0,0.0
2022-05-02,division,Rajshahi,Rajshahi,0.0,0.0,0.0,0.0,0.0,0.0,0.0,0.0,0.125,0.0,1.0,0.0,1.0,0.8888888888888888,0.8571428571428571,16.828744725921833,5,0.8229838658936565,-0.5680647467311557,3.0,1.0,3.0,0.0,57.2425,39.83,7.9475,11.06375,7.11125,0.9337500000000001,0.0,7.425,5.0325,30.0325,34.93375,31.185892857142857,30.5325,38.50696428571429,28.92892857142857,24.915,63.8,55.89892857142857,47.86232142857143,8.044999999999986,14.612499999999985,120.58374999999998,232.73323035714245,0.0,0.0,0.0
2022-05-02,division,Rangpur,Rangpur,0.0,0.0,0.0,0.0,0.0,0.0,0.0,0.0,0.0,0.0,0.0,0.0,1.0,1.0,0.8571428571428571,16.68403182311846,5,0.8229838658936565,-0.5680647467311557,3.0,1.0,3.0,0.0,32.555,48.74,33.525,56.64,47.918749999999996,3.52875,0.0,13.045,2.3825,28.34267857142857,33.02178571428571,28.13232142857143,27.56125,34.017857142857146,28.02,24.769107142857145,69.73142857142857,68.95285714285714,46.98267857142857,51.484999999999964,15.769999999999971,144.95624999999995,1442.609699999999,0.0,0.0,0.0
2022-05-02,division,Sylhet,Sylhet,0.0,0.0,0.0,0.0,0.0,0.0,0.0,0.0,0.0,0.0,0.0,0.0,1.0,1.0,0.8571428571428571,16.21657018255286,5,0.8229838658936565,-0.5680647467311557,3.0,1.0,3.0,0.0,43.129999999999995,75.095,126.55,107.36500000000001,132.015,67.965,0.0,13.6175,0.10250000000000001,28.084285714285713,32.47821428571429,27.149285714285714,26.923571428571428,32.542500000000004,27.27857142857143,24.888928571428572,74.15464285714286,75.31821428571429,48.635714285714286,199.97999999999993,15.384999999999943,298.78999999999996,5455.168714285713,0.0,0.0,0.0
2022-05-09,division,Barishal,Barishal,0.0,0.0,0.0,0.0,0.0,0.0,0.0,0.0,0.0,0.0,0.0,0.0,1.0,1.0,1.0,16.02379618021547,5,0.7485107481711013,-0.663122658240795,0.0,0.0,0.0,0.0,119.77166666666666,11.725,41.718333333333334,2.928333333333333,0.9033333333333333,1.1516666666666666,0.0,4.376666666666667,3.1216666666666666,28.92952380952381,31.805238095238096,30.67190476190476,30.113333333333333,35.607142857142854,28.959761904761905,26.95190476190476,83.30190476190477,70.50785714285713,59.068333333333335,2.66333333333334,18.466666666666672,230.10666666666668,77.12949920634941,0.0,0.0,0.0
2022-05-09,division,Chattogram,Chattogram,0.0,0.0,0.0,0.0,1.0,2.0,0.0,0.25,0.625,1.0,2.0,0.5000000000000345,0.8,0.7692307692307693,1.0,17.31813049167358,5,0.7485107481711013,-0.663122658240795,0.0,0.0,0.0,0.0,122.88454545454546,9.924545454545454,66.63454545454546,4.707272727272727,3.5654545454545454,7.1000000000000005,0.0,0.27909090909090906,0.9690909090909091,28.394285714285715,31.81974025974026,29.646493506493506,29.107532467532465,34.37974025974026,27.603376623376622,26.21012987012987,82.78376623376624,71.19961038961038,55.70506493506493,13.078181818181818,9.75090909090909,238.49,361.00197827626914,0.0,1.0,3.0
2022-05-09,division,Dhaka,Dhaka,8.0,8.0,7.0,5.0,5.0,4.0,0.0,6.25,4.875,8.0,8.0,1.5,1.2413793103448276,1.2340425531914894,0.0,17.604592364757483,5,0.7485107481711013,-0.663122658240795,0.0,0.0,0.0,0.0,121.9530769230769,13.203076923076923,61.62461538461538,11.405384615384614,9.446153846153846,14.589230769230769,0.0,3.0653846153846156,2.4815384615384612,29.087362637362638,33.42846153846154,31.776043956043956,31.482747252747252,38.841208791208786,29.334725274725276,27.130659340659342,81.34857142857142,61.02703296703297,50.06802197802198,28.603846153846156,12.706153846153844,260.03999999999996,839.0859687235842,45.0,69.0,138.0
2022-05-09,division,Khulna,Khulna,0.0,0.0,0.0,1.0,0.0,0.0,1.0,0.25,0.375,1.0,2.0,0.5,0.8,0.9090909090909091,1.0,16.659378702207434,5,0.7485107481711013,-0.663122658240795,0.0,0.0,0.0,0.0,82.33200000000001,7.712999999999999,21.79,1.9300000000000002,0.715,0.583,0.0,11.443999999999999,3.339,29.55,34.30757142857143,33.49928571428571,32.71628571428572,40.936857142857136,30.32257142857143,27.100714285714286,78.361,54.739999999999995,53.77371428571429,1.4639999999999715,25.98799999999997,175.606,44.39224457142771,0.0,1.0,2.0
2022-05-09,division,Mymensingh,Mymensingh,0.0,0.0,0.0,0.0,0.0,0.0,0.0,0.0,0.125,0.0,1.0,0.0,1.0,0.8888888888888888,1.0,16.31903432869183,5,0.7485107481711013,-0.663122658240795,0.0,0.0,0.0,0.0,176.5525,26.98,63.3975,58.28,40.334999999999994,46.975,0.0,0.065,0.78,28.757142857142856,32.84142857142857,29.744285714285713,29.475714285714286,35.88892857142857,28.283928571428568,27.70285714285714,82.11785714285713,68.57071428571429,45.60785714285714,102.20249999999999,10.3975,313.52250000000004,2890.688209821428,0.0,0.0,2.0
2022-05-09,division,Rajshahi,Rajshahi,0.0,0.0,0.0,0.0,0.0,0.0,0.0,0.0,0.125,0.0,1.0,0.0,1.0,0.8888888888888888,1.0,16.828744725921833,5,0.7485107481711013,-0.663122658240795,0.0,0.0,0.0,0.0,73.7775,15.563749999999999,39.83,7.9475,11.06375,7.11125,0.0,1.2525000000000002,0.9025,30.173392857142858,35.28321428571429,32.168035714285715,32.28,39.95892857142857,29.72267857142857,27.559107142857144,74.09714285714286,50.86553571428571,48.395,19.108749999999986,9.579999999999984,186.41375,567.9632341517853,0.0,0.0,0.0
2022-05-09,division,Rangpur,Rangpur,0.0,0.0,0.0,0.0,0.0,0.0,0.0,0.0,0.0,0.0,0.0,0.0,1.0,1.0,1.0,16.68403182311846,5,0.7485107481711013,-0.663122658240795,0.0,0.0,0.0,0.0,121.3175,30.13625,48.74,33.525,56.64,47.918749999999996,0.037500000000000006,0.095,0.24750000000000003,29.49910714285714,34.176607142857144,28.614821428571428,28.295357142857142,35.09196428571428,27.55607142857143,27.788214285714286,75.9925,63.13142857142857,48.04232142857143,108.12499999999997,13.38749999999997,232.74874999999997,2979.5002232142847,0.0,0.0,0.0
2022-05-09,division,Sylhet,Sylhet,0.0,0.0,0.0,0.0,0.0,0.0,0.0,0.0,0.0,0.0,0.0,0.0,1.0,1.0,1.0,16.21657018255286,5,0.7485107481711013,-0.663122658240795,0.0,0.0,0.0,0.0,386.3075,54.015,75.095,126.55,107.36500000000001,132.015,0.0,0.0,1.665,27.986785714285713,31.486785714285716,28.634999999999998,27.6525,32.69428571428571,26.46892857142857,27.122142857142858,85.71035714285713,79.66142857142857,48.88357142857143,307.3449999999999,15.282499999999944,558.5474999999999,8135.092851785712,0.0,0.0,0.0
2022-05-16,division,Barishal,Barishal,0.0,0.0,0.0,0.0,0.0,0.0,0.0,0.0,0.0,0.0,0.0,0.0,1.0,1.0,1.1428571428571428,16.02379618021547,5,0.6631226582407952,-0.7485107481711012,0.0,0.0,0.0,0.0,104.75,56.89166666666667,11.725,41.718333333333334,2.928333333333333,0.9033333333333333,0.6083333333333333,0.0,10.968333333333334,28.89095238095238,31.32428571428571,29.38452380952381,29.71785714285714,35.22095238095238,29.47809523809524,28.409047619047616,86.39214285714286,72.5704761904762,69.05261904761905,5.591666666666673,15.345000000000008,293.1383333333333,164.83168253968273,0.0,0.0,0.0
2022-05-16,division,Chattogram,Chattogram,0.0,0.0,0.0,0.0,0.0,1.0,1.0,0.0,0.5,0.0,2.0,0.0,1.0,0.6666666666666666,1.1428571428571428,17.31813049167358,5,0.6631226582407952,-0.7485107481711012,0.0,0.0,0.0,0.0,144.31636363636363,39.04636363636364,9.924545454545454,66.63454545454546,4.707272727272727,3.5654545454545454,2.4127272727272726,0.0,8.502727272727272,28.023376623376624,30.63168831168831,28.986493506493506,28.354155844155844,33.577922077922075,28.61974025974026,27.243766233766234,87.30415584415584,74.38688311688311,67.91350649350649,17.785454545454545,8.781818181818181,316.1718181818182,509.0150894923259,1.0,1.0,6.0
2022-05-16,division,Dhaka,Dhaka,45.0,45.0,8.0,7.0,5.0,5.0,1.0,16.25,10.375,45.0,45.0,19.20720350979462,2.6666666666666665,1.5164835164835164,0.0,17.604592364757483,5,0.6631226582407952,-0.7485107481711012,0.0,0.0,0.0,0.0,137.75,63.25923076923077,13.203076923076923,61.62461538461538,11.405384615384614,9.446153846153846,4.568461538461539,0.0,7.159230769230769,28.806813186813187,32.308241758241756,29.72021978021978,30.288571428571426,36.90604395604395,30.25230769230769,28.724065934065933,84.8034065934066,66.2678021978022,61.48208791208791,40.00923076923077,10.224615384615383,336.1653846153846,1210.3715597633134,69.0,103.0,175.0
2022-05-16,division,Khulna,Khulna,0.0,0.0,0.0,0.0,1.0,0.0,2.0,0.25,0.125,1.0,1.0,0.5,0.8,1.1111111111111112,1.1428571428571428,16.659378702207434,5,0.6631226582407952,-0.7485107481711012,0.0,0.0,0.0,0.0,54.178,63.771,7.712999999999999,21.79,1.9300000000000002,0.715,0.166,0.0,11.205,29.766000000000002,34.35628571428571,30.168571428571433,32.18185714285714,39.97485714285715,31.133,29.667285714285715,79.28785714285715,56.129714285714286,59.28357142857143,3.3939999999999717,22.64899999999997,207.99399999999997,105.66540199999912,1.0,2.0,0.0
2022-05-16,division,Mymensingh,Mymensingh,0.0,0.0,0.0,0.0,0.0,0.0,1.0,0.0,0.0,0.0,0.0,0.0,1.0,1.0,1.1428571428571428,16.31903432869183,5,0.6631226582407952,-0.7485107481711012,0.0,0.0,0.0,0.0,253.12,46.5925,26.98,63.3975,58.28,40.334999999999994,14.8925,0.0,9.5525,28.120714285714286,31.20107142857143,28.8575,28.542142857142856,34.24642857142857,28.767142857142858,28.312857142857144,88.04607142857142,71.80857142857143,56.402857142857144,160.4825,9.6175,503.245,4616.623003571428,0.0,0.0,0.0
2022-05-16,division,Rajshahi,Rajshahi,0.0,0.0,0.0,0.0,0.0,0.0,0.0,0.0,0.125,0.0,1.0,0.0,1.0,0.8888888888888888,1.1428571428571428,16.828744725921833,5,0.6631226582407952,-0.7485107481711012,0.0,0.0,0.0,0.0,136.11875,57.2425,15.563749999999999,39.83,7.9475,11.06375,0.9337500000000001,0.0,7.425,29.993214285714288,34.746071428571426,30.0325,31.185892857142857,38.01357142857143,30.5325,28.92892857142857,78.35107142857143,56.15642857142858,52.80428571428571,27.056249999999984,8.677499999999984,282.7025,826.0949531249995,0.0,0.0,0.0
2022-05-16,division,Rangpur,Rangpur,0.0,0.0,0.0,0.0,0.0,0.0,0.0,0.0,0.0,0.0,0.0,0.0,1.0,1.0,1.1428571428571428,16.68403182311846,5,0.6631226582407952,-0.7485107481711012,0.0,0.0,0.0,0.0,186.03125,32.555,30.13625,48.74,33.525,56.64,3.52875,0.0,13.045,28.87482142857143,32.78928571428571,28.34267857142857,28.13232142857143,34.120892857142856,27.56125,28.02,82.82107142857143,66.17642857142857,47.15,141.61249999999995,13.177499999999972,370.03999999999996,3903.017515624999,0.0,0.0,1.0
2022-05-16,division,Sylhet,Sylhet,0.0,0.0,0.0,0.0,0.0,0.0,0.0,0.0,0.0,0.0,0.0,0.0,1.0,1.0,1.1428571428571428,16.21657018255286,5,0.6631226582407952,-0.7485107481711012,0.0,0.0,0.0,0.0,357.44,43.129999999999995,54.015,75.095,126.55,107.36500000000001,67.965,0.0,13.6175,27.41392857142857,30.181785714285713,28.084285714285713,27.149285714285714,31.663214285714282,26.923571428571428,27.27857142857143,89.55142857142857,79.64035714285714,64.15285714285714,433.8949999999999,13.617499999999943,840.8924999999999,11682.003024999998,0.0,0.0,0.0
2022-05-23,division,Barishal,Barishal,0.0,0.0,0.0,0.0,0.0,0.0,0.0,0.0,0.0,0.0,0.0,0.0,1.0,1.0,6.428571428571429,16.02379618021547,5,0.5680647467311558,-0.8229838658936564,0.0,0.0,0.0,0.0,99.29333333333334,119.77166666666666,56.89166666666667,11.725,41.718333333333334,2.928333333333333,1.1516666666666666,0.0,4.376666666666667,29.47380952380952,32.86857142857143,28.92952380952381,30.67190476190476,36.29333333333333,30.113333333333333,28.959761904761905,79.54452380952381,71.01547619047619,70.89238095238095,46.701666666666675,4.985000000000007,380.70666666666665,1406.3428555555558,0.0,0.0,0.0
2022-05-23,division,Chattogram,Chattogram,1.0,1.0,0.0,0.0,0.0,0.0,1.0,0.25,0.5,1.0,2.0,0.5000000000000345,1.6,0.8333333333333334,6.428571428571429,17.31813049167358,5,0.5680647467311558,-0.8229838658936564,0.0,0.0,0.0,0.0,122.3690909090909,122.88454545454546,39.04636363636364,9.924545454545454,66.63454545454546,4.707272727272727,7.1000000000000005,0.0,0.27909090909090906,28.116233766233766,31.45714285714286,28.394285714285715,29.646493506493506,35.19051948051948,29.107532467532465,27.603376623376622,83.65480519480519,71.18194805194805,73.56181818181818,82.00727272727273,2.6918181818181814,428.61636363636364,2387.0293534828807,1.0,3.0,4.0
2022-05-23,division,Dhaka,Dhaka,69.0,69.0,45.0,8.0,7.0,5.0,6.0,32.25,18.25,69.0,69.0,30.21451086260816,2.1052631578947367,1.7272727272727273,0.0,17.604592364757483,5,0.5680647467311558,-0.8229838658936564,0.0,0.0,0.0,0.0,89.52538461538461,121.9530769230769,63.25923076923077,13.203076923076923,61.62461538461538,11.405384615384614,14.589230769230769,0.0,3.0653846153846156,29.060659340659342,32.85065934065934,29.087362637362638,31.776043956043956,39.01791208791209,31.482747252747252,29.334725274725276,80.60769230769232,62.2067032967033,66.78109890109889,97.0653846153846,7.633846153846155,412.48769230769227,3055.884970836855,103.0,138.0,186.0
2022-05-23,division,Khulna,Khulna,1.0,1.0,0.0,0.0,0.0,1.0,0.0,0.25,0.25,1.0,1.0,0.5,1.6,1.0,6.428571428571429,16.659378702207434,5,0.5680647467311558,-0.8229838658936564,0.0,0.0,0.0,0.0,66.666,82.33200000000001,63.771,7.712999999999999,21.79,1.9300000000000002,0.583,0.0,11.443999999999999,30.22885714285714,35.19842857142857,29.55,33.49928571428571,41.904714285714284,32.71628571428572,30.32257142857143,73.56614285714286,51.88271428571429,62.06471428571429,25.017999999999972,11.609999999999971,266.94699999999995,818.4960359999992,2.0,2.0,2.0
2022-05-23,division,Mymensingh,Mymensingh,0.0,0.0,0.0,0.0,0.0,0.0,0.0,0.0,0.0,0.0,0.0,0.0,1.0,1.0,6.428571428571429,16.31903432869183,5,0.5680647467311558,-0.8229838658936564,0.0,0.0,0.0,0.0,68.94749999999999,176.5525,46.5925,26.98,63.3975,58.28,46.975,0.0,0.065,28.474642857142857,31.752857142857145,28.757142857142856,29.744285714285713,35.996428571428574,29.475714285714286,28.283928571428568,81.94607142857143,68.9275,68.69464285714285,208.98749999999998,14.9575,545.2125,6160.055839285714,0.0,2.0,6.0
2022-05-23,division,Rajshahi,Rajshahi,0.0,0.0,0.0,0.0,0.0,0.0,1.0,0.0,0.0,0.0,0.0,0.0,1.0,1.0,6.428571428571429,16.828744725921833,5,0.5680647467311558,-0.8229838658936564,0.0,0.0,0.0,0.0,50.09875,73.7775,57.2425,15.563749999999999,39.83,7.9475,7.11125,0.0,1.2525000000000002,29.71857142857143,33.644285714285715,30.173392857142858,32.168035714285715,40.05142857142857,32.28,29.72267857142857,74.48892857142857,53.090892857142855,60.39767857142857,65.95249999999999,2.186249999999986,317.23749999999995,2128.9466999999995,0.0,0.0,0.0
2022-05-23,division,Rangpur,Rangpur,0.0,0.0,0.0,0.0,0.0,0.0,0.0,0.0,0.0,0.0,0.0,0.0,1.0,1.0,6.428571428571429,16.68403182311846,5,0.5680647467311558,-0.8229838658936564,0.0,0.0,0.0,0.0,35.28125,121.3175,32.555,30.13625,48.74,33.525,47.918749999999996,0.037500000000000006,0.095,28.87982142857143,32.59571428571429,29.49910714285714,28.614821428571428,35.29392857142857,28.295357142857142,27.55607142857143,75.33892857142857,65.26803571428572,66.45017857142857,186.82374999999996,3.6612499999999715,375.18499999999995,5286.244729017856,0.0,0.0,0.0
2022-05-23,division,Sylhet,Sylhet,0.0,0.0,0.0,0.0,0.0,0.0,0.0,0.0,0.0,0.0,0.0,0.0,1.0,1.0,6.428571428571429,16.21657018255286,5,0.5680647467311558,-0.8229838658936564,0.0,0.0,0.0,0.0,78.1925,386.3075,43.129999999999995,54.015,75.095,126.55,132.015,0.0,0.0,27.934285714285714,31.223928571428573,27.986785714285713,28.634999999999998,33.675357142857145,27.6525,26.46892857142857,84.35678571428572,75.57214285714286,77.75821428571429,441.025,67.96499999999995,865.0699999999999,12195.4438125,0.0,0.0,0.0
2022-05-30,division,Barishal,Barishal,0.0,0.0,0.0,0.0,0.0,0.0,0.0,0.0,0.0,0.0,0.0,0.0,1.0,1.0,10.142857142857142,16.02379618021547,5,0.46472317204376906,-0.8854560256532096,0.0,0.0,0.0,0.0,88.46999999999998,104.75,119.77166666666666,56.89166666666667,11.725,41.718333333333334,0.9033333333333333,0.6083333333333333,0.0,28.785238095238096,31.195238095238096,28.89095238095238,29.38452380952381,33.923809523809524,29.71785714285714,29.47809523809524,85.66071428571429,72.63714285714285,68.3,57.27500000000001,1.760000000000007,412.28499999999997,1702.090267857143,0.0,0.0,4.0
2022-05-30,division,Chattogram,Chattogram,1.0,1.0,1.0,0.0,0.0,0.0,0.0,0.5,0.625,1.0,2.0,0.5773502691896557,1.3333333333333333,0.9230769230769231,10.0,17.31813049167358,5,0.46472317204376906,-0.8854560256532096,0.0,0.0,0.0,0.0,114.44636363636364,144.31636363636363,122.88454545454546,39.04636363636364,9.924545454545454,66.63454545454546,3.5654545454545454,2.4127272727272726,0.0,27.76012987012987,30.585324675324674,28.023376623376624,28.986493506493506,33.92831168831169,28.354155844155844,28.61974025974026,86.65714285714286,69.49090909090908,67.63948051948051,84.83181818181819,9.512727272727272,504.0163636363636,2405.3345932703664,3.0,6.0,10.0
2022-05-30,division,Dhaka,Dhaka,103.0,103.0,69.0,45.0,8.0,7.0,3.0,56.25,30.75,103.0,103.0,40.011456692635754,1.8165938864628821,1.8031496062992125,0.2857142857142857,17.604592364757483,5,0.46472317204376906,-0.8854560256532096,0.0,0.0,0.0,0.0,64.29384615384616,137.75,121.9530769230769,63.25923076923077,13.203076923076923,61.62461538461538,9.446153846153846,4.568461538461539,0.0,28.33604395604396,31.332197802197804,28.806813186813187,29.72021978021978,35.033516483516486,30.288571428571426,30.25230769230769,86.6853846153846,67.72670329670329,60.03241758241758,95.67923076923077,19.157692307692308,413.5223076923077,2897.9872153846154,138.0,175.0,232.0
2022-05-30,division,Khulna,Khulna,2.0,2.0,1.0,0.0,0.0,0.0,0.0,0.75,0.5,2.0,2.0,0.9574271077563381,1.7142857142857142,1.1666666666666667,10.0,16.659378702207434,5,0.46472317204376906,-0.8854560256532096,0.0,0.0,0.0,0.0,27.966,54.178,82.33200000000001,63.771,7.712999999999999,21.79,0.715,0.166,0.0,29.25857142857143,32.969428571428566,29.766000000000002,30.168571428571433,35.949,32.18185714285714,31.133,81.95942857142856,66.34628571428571,56.640571428571434,32.147999999999975,0.7489999999999716,231.14199999999997,1034.5823434285705,2.0,0.0,3.0
2022-05-30,division,Mymensingh,Mymensingh,0.0,0.0,0.0,0.0,0.0,0.0,0.0,0.0,0.0,0.0,0.0,0.0,1.0,1.0,10.142857142857142,16.31903432869183,5,0.46472317204376906,-0.8854560256532096,0.0,0.0,0.0,0.0,99.41250000000001,253.12,176.5525,46.5925,26.98,63.3975,40.334999999999994,14.8925,0.0,27.755,30.554642857142856,28.120714285714286,28.8575,33.60142857142857,28.542142857142856,28.767142857142858,88.23285714285714,69.56035714285714,64.70392857142856,188.99249999999998,61.8675,598.0325,5394.250933928571,2.0,0.0,1.0
2022-05-30,division,Rajshahi,Rajshahi,0.0,0.0,0.0,0.0,0.0,0.0,0.0,0.0,0.0,0.0,0.0,0.0,1.0,1.0,10.142857142857142,16.828744725921833,5,0.46472317204376906,-0.8854560256532096,0.0,0.0,0.0,0.0,30.46,136.11875,73.7775,57.2425,15.563749999999999,39.83,11.06375,0.9337500000000001,0.0,29.436785714285712,33.26357142857143,29.993214285714288,30.0325,34.93375,31.185892857142857,30.5325,80.20625,63.8,55.89892857142857,74.40499999999999,8.044999999999986,290.4549999999999,2320.386358035714,0.0,0.0,0.0
2022-05-30,division,Rangpur,Rangpur,0.0,0.0,0.0,0.0,0.0,0.0,0.0,0.0,0.0,0.0,0.0,0.0,1.0,1.0,10.142857142857142,16.68403182311846,5,0.46472317204376906,-0.8854560256532096,0.0,0.0,0.0,0.0,76.64625000000001,186.03125,121.3175,32.555,30.13625,48.74,56.64,3.52875,0.0,28.764464285714286,32.471607142857145,28.87482142857143,28.34267857142857,33.02178571428571,28.13232142857143,27.56125,83.93589285714286,69.73142857142857,68.95285714285714,169.04125,51.484999999999964,419.27625,4755.5227796875,0.0,1.0,0.0
2022-05-30,division,Sylhet,Sylhet,0.0,0.0,0.0,0.0,0.0,0.0,0.0,0.0,0.0,0.0,0.0,0.0,1.0,1.0,10.142857142857142,16.21657018255286,5,0.46472317204376906,-0.8854560256532096,0.0,0.0,0.0,0.0,177.275,357.44,386.3075,43.129999999999995,54.015,75.095,107.36500000000001,67.965,0.0,27.597142857142856,30.443214285714287,27.41392857142857,28.084285714285713,32.47821428571429,27.149285714285714,26.923571428571428,87.61535714285714,74.15464285714286,75.31821428571429,363.025,199.97999999999993,999.215,9855.86944642857,0.0,0.0,0.0
2022-06-06,division,Barishal,Barishal,0.0,0.0,0.0,0.0,0.0,0.0,0.0,0.0,0.0,0.0,0.0,0.0,1.0,1.0,15.142857142857142,16.02379618021547,6,0.35460488704253584,-0.9350162426854147,0.0,0.0,0.0,0.0,54.675000000000004,99.29333333333334,104.75,119.77166666666666,56.89166666666667,11.725,2.928333333333333,1.1516666666666666,0.0,29.079285714285714,31.61309523809524,29.47380952380952,28.92952380952381,31.805238095238096,30.67190476190476,30.113333333333333,86.01166666666667,83.30190476190477,70.50785714285713,113.26333333333335,2.66333333333334,347.18833333333333,3474.0021730158733,0.0,0.0,3.0
2022-06-06,division,Chattogram,Chattogram,3.0,3.0,1.0,1.0,0.0,0.0,2.0,1.25,0.75,3.0,3.0,1.2583057392118056,1.7777777777777777,1.2857142857142858,15.0,17.31813049167358,6,0.35460488704253584,-0.9350162426854147,0.0,0.0,0.0,0.0,70.93454545454546,122.3690909090909,144.31636363636363,122.88454545454546,39.04636363636364,9.924545454545454,4.707272727272727,7.1000000000000005,0.0,28.16077922077922,31.093506493506492,28.116233766233766,28.394285714285715,31.81974025974026,29.646493506493506,29.107532467532465,87.08194805194806,82.78376623376624,71.19961038961038,120.31272727272727,13.078181818181818,452.06636363636363,3566.8504878394333,6.0,4.0,3.0
2022-06-06,division,Dhaka,Dhaka,138.0,138.0,103.0,69.0,45.0,8.0,4.0,88.75,47.5,138.0,138.0,40.549352645880795,1.5487465181058495,1.8505154639175259,0.42857142857142855,17.604592364757483,6,0.35460488704253584,-0.9350162426854147,0.0,0.0,0.0,0.0,99.03307692307693,89.52538461538461,137.75,121.9530769230769,63.25923076923077,13.203076923076923,11.405384615384614,14.589230769230769,0.0,28.66659340659341,31.743956043956043,29.060659340659342,29.087362637362638,33.42846153846154,31.776043956043956,31.482747252747252,87.36538461538461,81.34857142857142,61.02703296703297,149.4923076923077,28.603846153846156,390.6023076923077,4750.274140321218,175.0,186.0,184.0
2022-06-06,division,Khulna,Khulna,2.0,2.0,2.0,1.0,0.0,0.0,0.0,1.25,0.75,2.0,2.0,0.9574271077563381,1.3333333333333333,1.2857142857142858,14.857142857142858,16.659378702207434,6,0.35460488704253584,-0.9350162426854147,0.0,0.0,0.0,0.0,26.934000000000005,66.666,54.178,82.33200000000001,63.771,7.712999999999999,1.9300000000000002,0.583,0.0,29.734571428571428,33.97728571428571,30.22885714285714,29.55,34.30757142857143,33.49928571428571,32.71628571428572,80.34228571428571,78.361,54.739999999999995,95.20399999999998,1.4639999999999715,175.74399999999997,3189.265997142856,0.0,2.0,3.0
2022-06-06,division,Mymensingh,Mymensingh,2.0,2.0,0.0,0.0,0.0,0.0,0.0,0.5,0.25,2.0,2.0,1.0,2.0,1.2,15.142857142857142,16.31903432869183,6,0.35460488704253584,-0.9350162426854147,0.0,0.0,0.0,0.0,190.75,68.94749999999999,253.12,176.5525,46.5925,26.98,58.28,46.975,0.0,28.034285714285716,30.80607142857143,28.474642857142857,28.757142857142856,32.84142857142857,29.744285714285713,29.475714285714286,90.00607142857143,82.11785714285713,68.57071428571429,195.25,102.20249999999999,612.23,5807.571785714285,0.0,6.0,2.0
2022-06-06,division,Rajshahi,Rajshahi,0.0,0.0,0.0,0.0,0.0,0.0,0.0,0.0,0.0,0.0,0.0,0.0,1.0,1.0,15.142857142857142,16.828744725921833,6,0.35460488704253584,-0.9350162426854147,0.0,0.0,0.0,0.0,79.50375,50.09875,136.11875,73.7775,57.2425,15.563749999999999,7.9475,7.11125,0.0,29.608214285714286,33.52303571428571,29.71857142857143,30.173392857142858,35.28321428571429,32.168035714285715,32.28,81.77178571428571,74.09714285714286,50.86553571428571,120.58374999999998,19.108749999999986,296.18125,3878.9423765624992,0.0,0.0,0.0
2022-06-06,division,Rangpur,Rangpur,0.0,0.0,0.0,0.0,0.0,0.0,0.0,0.0,0.0,0.0,0.0,0.0,1.0,1.0,15.142857142857142,16.68403182311846,6,0.35460488704253584,-0.9350162426854147,0.0,0.0,0.0,0.0,184.37375,35.28125,186.03125,121.3175,32.555,30.13625,33.525,47.918749999999996,0.037500000000000006,28.710535714285715,31.95625,28.87982142857143,29.49910714285714,34.176607142857144,28.614821428571428,28.295357142857142,87.25660714285715,75.9925,63.13142857142857,144.95624999999995,108.12499999999997,482.3325,4147.897208705356,1.0,0.0,0.0
2022-06-06,division,Sylhet,Sylhet,0.0,0.0,0.0,0.0,0.0,0.0,0.0,0.0,0.0,0.0,0.0,0.0,1.0,1.0,15.142857142857142,16.21657018255286,6,0.35460488704253584,-0.9350162426854147,0.0,0.0,0.0,0.0,290.8825,78.1925,357.44,386.3075,43.129999999999995,54.015,126.55,132.015,0.0,27.606071428571425,30.433214285714286,27.934285714285714,27.986785714285713,31.486785714285716,28.634999999999998,27.6525,89.74642857142857,85.71035714285713,79.66142857142857,298.78999999999996,307.3449999999999,903.79,8555.851649999999,0.0,0.0,0.0
2022-06-13,division,Barishal,Barishal,0.0,0.0,0.0,0.0,0.0,0.0,0.0,0.0,0.0,0.0,0.0,0.0,1.0,1.0,20.714285714285715,16.02379618021547,6,0.23931566428755768,-0.970941817426052,0.0,0.0,0.0,0.0,199.955,88.46999999999998,99.29333333333334,104.75,119.77166666666666,56.89166666666667,41.718333333333334,0.9033333333333333,0.6083333333333333,28.320238095238096,30.040714285714287,28.785238095238096,28.89095238095238,31.32428571428571,29.38452380952381,29.71785714285714,90.06547619047619,86.39214285714286,72.5704761904762,230.10666666666668,5.591666666666673,442.3933333333333,6761.574825396826,0.0,4.0,5.0
2022-06-13,division,Chattogram,Chattogram,6.0,6.0,3.0,1.0,1.0,0.0,1.0,2.75,1.375,6.0,6.0,2.3629078131263115,1.8666666666666667,1.5789473684210527,20.285714285714285,17.31813049167358,6,0.23931566428755768,-0.970941817426052,0.0,0.0,0.0,0.0,286.99545454545455,114.44636363636364,122.3690909090909,144.31636363636363,122.88454545454546,39.04636363636364,66.63454545454546,3.5654545454545454,2.4127272727272726,27.328441558441558,29.282727272727275,27.76012987012987,28.023376623376624,30.63168831168831,28.986493506493506,28.354155844155844,91.16350649350649,87.30415584415584,74.38688311688311,238.49,17.785454545454545,594.7454545454545,6912.988836363636,4.0,10.0,64.0
2022-06-13,division,Dhaka,Dhaka,175.0,175.0,138.0,103.0,69.0,45.0,5.0,121.25,68.75,175.0,175.0,45.580514842784886,1.4396728016359919,1.7526881720430108,1.0,17.604592364757483,6,0.23931566428755768,-0.970941817426052,0.0,0.0,0.0,0.0,144.29615384615383,64.29384615384616,89.52538461538461,137.75,121.9530769230769,63.25923076923077,61.62461538461538,9.446153846153846,4.568461538461539,28.004395604395604,30.28054945054945,28.33604395604396,28.806813186813187,32.308241758241756,29.72021978021978,30.288571428571426,90.76076923076923,84.8034065934066,66.2678021978022,260.03999999999996,40.00923076923077,397.14846153846156,7728.44595164835,186.0,232.0,250.0
2022-06-13,division,Khulna,Khulna,0.0,0.0,2.0,2.0,1.0,0.0,0.0,1.25,0.75,2.0,2.0,0.9574271077563381,0.4444444444444444,1.2857142857142858,20.428571428571427,16.659378702207434,6,0.23931566428755768,-0.970941817426052,0.0,0.0,0.0,0.0,59.766,27.966,66.666,54.178,82.33200000000001,63.771,21.79,0.715,0.166,29.025142857142857,32.433428571428564,29.25857142857143,29.766000000000002,34.35628571428571,30.168571428571433,32.18185714285714,84.07728571428571,79.28785714285715,56.129714285714286,175.606,3.3939999999999717,181.33199999999997,5297.782154285715,2.0,3.0,3.0
2022-06-13,division,Mymensingh,Mymensingh,0.0,0.0,2.0,0.0,0.0,0.0,0.0,0.5,0.25,2.0,2.0,1.0,0.6666666666666666,1.2,20.428571428571427,16.31903432869183,6,0.23931566428755768,-0.970941817426052,0.0,0.0,0.0,0.0,288.175,99.41250000000001,68.94749999999999,253.12,176.5525,46.5925,63.3975,40.334999999999994,14.8925,27.689642857142857,29.851071428571426,27.755,28.120714285714286,31.20107142857143,28.8575,28.542142857142856,92.95321428571428,88.04607142857142,71.80857142857143,313.52250000000004,160.4825,647.2850000000001,9047.47554375,6.0,1.0,4.0
2022-06-13,division,Rajshahi,Rajshahi,0.0,0.0,0.0,0.0,0.0,0.0,0.0,0.0,0.0,0.0,0.0,0.0,1.0,1.0,20.714285714285715,16.828744725921833,6,0.23931566428755768,-0.970941817426052,0.0,0.0,0.0,0.0,92.4,30.46,50.09875,136.11875,73.7775,57.2425,39.83,11.06375,0.9337500000000001,29.26642857142857,32.965357142857144,29.436785714285712,29.993214285714288,34.746071428571426,30.0325,31.185892857142857,83.60964285714286,78.35107142857143,56.15642857142858,186.41375,27.056249999999984,252.46249999999998,5598.470946875,0.0,0.0,0.0
2022-06-13,division,Rangpur,Rangpur,1.0,1.0,0.0,0.0,0.0,0.0,0.0,0.25,0.125,1.0,1.0,0.5,1.6,1.1111111111111112,20.714285714285715,16.68403182311846,6,0.23931566428755768,-0.970941817426052,0.0,0.0,0.0,0.0,241.13375,76.64625000000001,35.28125,186.03125,121.3175,32.555,48.74,56.64,3.52875,28.637678571428573,31.721249999999998,28.764464285714286,28.87482142857143,32.78928571428571,28.34267857142857,28.13232142857143,88.47749999999999,82.82107142857143,66.17642857142857,232.74874999999997,141.61249999999995,537.435,6596.723009151785,0.0,0.0,0.0
2022-06-13,division,Sylhet,Sylhet,0.0,0.0,0.0,0.0,0.0,0.0,0.0,0.0,0.0,0.0,0.0,0.0,1.0,1.0,20.714285714285715,16.21657018255286,6,0.23931566428755768,-0.970941817426052,0.0,0.0,0.0,0.0,531.4275,177.275,78.1925,357.44,386.3075,43.129999999999995,75.095,107.36500000000001,67.965,26.88214285714286,29.113214285714285,27.597142857142856,27.41392857142857,30.181785714285713,28.084285714285713,27.149285714285714,93.37607142857144,89.55142857142857,79.64035714285714,558.5474999999999,433.8949999999999,1077.7775,15686.407574999996,0.0,0.0,0.0
2022-06-20,division,Barishal,Barishal,0.0,0.0,0.0,0.0,0.0,0.0,0.0,0.0,0.0,0.0,0.0,0.0,1.0,1.0,26.0,16.02379618021547,6,0.12053668025532308,-0.992708874098054,0.0,0.0,0.0,0.0,130.34,54.675000000000004,88.46999999999998,99.29333333333334,104.75,119.77166666666666,11.725,2.928333333333333,1.1516666666666666,27.873095238095242,29.97642857142857,29.079285714285714,29.47380952380952,32.86857142857143,28.92952380952381,30.67190476190476,88.57190476190476,79.54452380952381,71.01547619047619,293.1383333333333,46.701666666666675,473.44,8480.352393650794,4.0,3.0,3.0
2022-06-20,division,Chattogram,Chattogram,4.0,4.0,6.0,3.0,1.0,1.0,0.0,3.5,1.875,6.0,6.0,2.081665999466141,1.1111111111111112,1.565217391304348,25.142857142857142,17.31813049167358,6,0.12053668025532308,-0.992708874098054,0.0,0.0,0.0,0.0,131.34363636363636,70.93454545454546,114.44636363636364,122.3690909090909,144.31636363636363,122.88454545454546,9.924545454545454,4.707272727272727,7.1000000000000005,27.135584415584415,29.64909090909091,28.16077922077922,28.116233766233766,31.45714285714286,28.394285714285715,29.646493506493506,89.24480519480518,83.65480519480519,71.18194805194805,316.1718181818182,82.00727272727273,603.72,8977.47294025974,10.0,3.0,55.0
2022-06-20,division,Dhaka,Dhaka,186.0,186.0,175.0,138.0,103.0,69.0,5.0,150.5,91.375,186.0,186.0,37.740340927624565,1.2343234323432344,1.6400541271989175,1.0,17.604592364757483,6,0.12053668025532308,-0.992708874098054,0.0,0.0,0.0,0.0,69.7776923076923,99.03307692307693,64.29384615384616,89.52538461538461,137.75,121.9530769230769,13.203076923076923,11.405384615384614,14.589230769230769,27.77703296703297,30.649560439560442,28.66659340659341,29.060659340659342,32.85065934065934,29.087362637362638,31.776043956043956,89.27186813186813,80.60769230769232,62.2067032967033,336.1653846153846,97.0653846153846,377.40076923076924,9778.164448436179,232.0,184.0,352.0
2022-06-20,division,Khulna,Khulna,2.0,2.0,0.0,2.0,2.0,1.0,1.0,1.5,0.875,2.0,2.0,1.0,1.2,1.3333333333333333,26.0,16.659378702207434,6,0.12053668025532308,-0.992708874098054,0.0,0.0,0.0,0.0,46.632,26.934000000000005,27.966,66.666,54.178,82.33200000000001,7.712999999999999,1.9300000000000002,0.583,28.415857142857142,32.02871428571429,29.734571428571428,30.22885714285714,35.19842857142857,29.55,33.49928571428571,84.22385714285714,73.56614285714286,51.88271428571429,207.99399999999997,25.017999999999972,161.29799999999994,6146.222699999999,3.0,3.0,4.0
2022-06-20,division,Mymensingh,Mymensingh,6.0,6.0,0.0,2.0,0.0,0.0,0.0,2.0,1.0,6.0,6.0,2.8284271247461903,2.3333333333333335,1.5,26.0,16.31903432869183,6,0.12053668025532308,-0.992708874098054,0.0,0.0,0.0,0.0,92.0825,190.75,99.41250000000001,68.94749999999999,253.12,176.5525,26.98,58.28,46.975,27.72142857142857,30.604285714285712,28.034285714285716,28.474642857142857,31.752857142857145,28.757142857142856,29.744285714285713,90.375,81.94607142857143,68.9275,503.245,208.98749999999998,670.4200000000001,14471.888357142856,1.0,2.0,8.0
2022-06-20,division,Rajshahi,Rajshahi,0.0,0.0,0.0,0.0,0.0,0.0,0.0,0.0,0.0,0.0,0.0,0.0,1.0,1.0,26.0,16.828744725921833,6,0.12053668025532308,-0.992708874098054,0.0,0.0,0.0,0.0,38.98625,79.50375,30.46,50.09875,136.11875,73.7775,15.563749999999999,7.9475,7.11125,28.835714285714285,32.299107142857146,29.608214285714286,29.71857142857143,33.644285714285715,30.173392857142858,32.168035714285715,83.16178571428571,74.48892857142857,53.090892857142855,282.7025,65.95249999999999,241.34999999999997,8530.093594196429,0.0,0.0,1.0
2022-06-20,division,Rangpur,Rangpur,0.0,0.0,1.0,0.0,0.0,0.0,0.0,0.25,0.125,1.0,1.0,0.5,0.8,1.1111111111111112,25.857142857142858,16.68403182311846,6,0.12053668025532308,-0.992708874098054,0.0,0.0,0.0,0.0,65.64,184.37375,76.64625000000001,35.28125,186.03125,121.3175,30.13625,33.525,47.918749999999996,28.53035714285714,31.745714285714286,28.710535714285715,28.87982142857143,32.59571428571429,29.49910714285714,28.614821428571428,86.13035714285715,75.33892857142857,65.26803571428572,370.03999999999996,186.82374999999996,567.79375,10915.849607142856,0.0,0.0,0.0
2022-06-20,division,Sylhet,Sylhet,0.0,0.0,0.0,0.0,0.0,0.0,0.0,0.0,0.0,0.0,0.0,0.0,1.0,1.0,26.0,16.21657018255286,6,0.12053668025532308,-0.992708874098054,0.0,0.0,0.0,0.0,128.965,290.8825,177.275,78.1925,357.44,386.3075,54.015,126.55,132.015,27.18,30.02357142857143,27.606071428571425,27.934285714285714,31.223928571428573,27.986785714285713,28.634999999999998,91.17642857142857,84.35678571428572,75.57214285714286,840.8924999999999,441.025,1128.55,23533.878206249996,0.0,0.0,0.0
2022-06-27,division,Barishal,Barishal,4.0,4.0,0.0,0.0,0.0,0.0,0.0,1.0,0.5,4.0,4.0,2.0,2.5,1.3333333333333333,28.285714285714285,16.02379618021547,6,-3.216245299353273e-16,-1.0,0.0,0.0,0.0,0.0,104.54166666666667,199.955,54.675000000000004,88.46999999999998,99.29333333333334,104.75,56.89166666666667,41.718333333333334,0.9033333333333333,28.251666666666665,30.27404761904762,28.320238095238096,28.785238095238096,31.195238095238096,28.89095238095238,29.38452380952381,88.98428571428572,85.66071428571429,72.63714285714285,380.70666666666665,57.27500000000001,489.5116666666667,10998.978177777777,3.0,5.0,3.0
2022-06-27,division,Chattogram,Chattogram,10.0,10.0,4.0,6.0,3.0,1.0,0.0,5.75,3.125,10.0,10.0,3.0956959368344577,1.6296296296296295,1.6363636363636365,27.714285714285715,17.31813049167358,6,-3.216245299353273e-16,-1.0,0.0,0.0,0.0,0.0,66.12090909090908,286.99545454545455,70.93454545454546,114.44636363636364,122.3690909090909,144.31636363636363,39.04636363636364,66.63454545454546,3.5654545454545454,27.752987012987013,30.398961038961037,27.328441558441558,27.76012987012987,30.585324675324674,28.023376623376624,28.986493506493506,88.94103896103896,86.65714285714286,69.49090909090908,428.61636363636364,84.83181818181819,555.3945454545454,12011.277785123968,3.0,64.0,92.0
2022-06-27,division,Dhaka,Dhaka,232.0,232.0,186.0,175.0,138.0,103.0,7.0,182.75,119.5,232.0,232.0,38.72445394493424,1.2680272108843538,1.5248962655601659,1.7142857142857142,17.604592364757483,6,-3.216245299353273e-16,-1.0,0.0,0.0,0.0,0.0,53.76769230769231,144.29615384615383,99.03307692307693,64.29384615384616,89.52538461538461,137.75,63.25923076923077,61.62461538461538,9.446153846153846,28.223186813186814,31.07021978021978,28.004395604395604,28.33604395604396,31.332197802197804,28.806813186813187,29.72021978021978,89.08923076923078,86.6853846153846,67.72670329670329,412.48769230769227,95.67923076923077,366.87461538461537,11882.45589416737,184.0,250.0,414.0
2022-06-27,division,Khulna,Khulna,3.0,3.0,2.0,0.0,2.0,2.0,0.0,1.75,1.25,3.0,3.0,1.2583057392117916,1.4545454545454546,1.2222222222222223,28.0,16.659378702207434,6,-3.216245299353273e-16,-1.0,0.0,0.0,0.0,0.0,50.388999999999996,59.766,26.934000000000005,27.966,66.666,54.178,63.771,21.79,0.715,28.581857142857142,31.842000000000002,29.025142857142857,29.25857142857143,32.969428571428566,29.766000000000002,30.168571428571433,86.02357142857144,81.95942857142856,66.34628571428571,266.94699999999995,32.147999999999975,183.72099999999995,7945.944401999999,3.0,3.0,3.0
2022-06-27,division,Mymensingh,Mymensingh,1.0,1.0,6.0,0.0,2.0,0.0,0.0,2.25,1.125,6.0,6.0,2.6299556396765835,0.6153846153846154,1.5294117647058822,27.428571428571427,16.31903432869183,6,-3.216245299353273e-16,-1.0,0.0,0.0,0.0,0.0,66.38250000000001,288.175,190.75,99.41250000000001,68.94749999999999,253.12,46.5925,63.3975,40.334999999999994,28.029285714285713,30.673214285714288,27.689642857142857,27.755,30.554642857142856,28.120714285714286,28.8575,89.18571428571428,88.23285714285714,69.56035714285714,545.2125,188.99249999999998,637.39,15331.7649375,2.0,4.0,1.0
2022-06-27,division,Rajshahi,Rajshahi,0.0,0.0,0.0,0.0,0.0,0.0,0.0,0.0,0.0,0.0,0.0,0.0,1.0,1.0,28.285714285714285,16.828744725921833,6,-3.216245299353273e-16,-1.0,0.0,0.0,0.0,0.0,40.613749999999996,92.4,79.50375,30.46,50.09875,136.11875,57.2425,39.83,11.06375,28.774107142857144,31.90089285714286,29.26642857142857,29.436785714285712,33.26357142857143,29.993214285714288,30.0325,84.71285714285715,80.20625,63.8,317.23749999999995,74.40499999999999,251.50374999999997,9514.972316964286,0.0,0.0,1.0
2022-06-27,division,Rangpur,Rangpur,0.0,0.0,0.0,1.0,0.0,0.0,0.0,0.25,0.125,1.0,1.0,0.5,0.8,1.1111111111111112,28.285714285714285,16.68403182311846,6,-3.216245299353273e-16,-1.0,0.0,0.0,0.0,0.0,162.9875,241.13375,184.37375,76.64625000000001,35.28125,186.03125,32.555,48.74,56.64,28.06142857142857,30.733392857142857,28.637678571428573,28.764464285714286,32.471607142857145,28.87482142857143,28.34267857142857,88.16142857142857,83.93589285714286,69.73142857142857,375.18499999999995,169.04125,654.135,10833.39987767857,0.0,0.0,0.0
2022-06-27,division,Sylhet,Sylhet,0.0,0.0,0.0,0.0,0.0,0.0,0.0,0.0,0.0,0.0,0.0,0.0,1.0,1.0,28.285714285714285,16.21657018255286,6,-3.216245299353273e-16,-1.0,0.0,0.0,0.0,0.0,149.295,531.4275,290.8825,177.275,78.1925,357.44,43.129999999999995,75.095,107.36500000000001,27.895357142857144,30.82071428571429,26.88214285714286,27.597142857142856,30.443214285714287,27.41392857142857,28.084285714285713,89.24607142857144,87.61535714285714,74.15464285714286,865.0699999999999,363.025,1100.57,23714.96718928571,0.0,0.0,0.0
2022-07-04,division,Barishal,Barishal,3.0,3.0,4.0,0.0,0.0,0.0,0.0,1.75,0.875,4.0,4.0,2.0615528128088303,1.4545454545454546,1.4666666666666666,35.142857142857146,16.02379618021547,7,-0.12053668025532283,-0.992708874098054,2.0,0.0,2.0,0.0,47.74166666666667,130.34,199.955,54.675000000000004,88.46999999999998,99.29333333333334,119.77166666666666,11.725,2.928333333333333,28.323095238095238,30.611190476190476,27.873095238095242,29.079285714285714,31.61309523809524,29.47380952380952,28.92952380952381,88.10642857142858,86.01166666666667,83.30190476190477,412.28499999999997,113.26333333333335,482.5783333333334,12151.609559523808,5.0,3.0,4.0
2022-07-04,division,Chattogram,Chattogram,3.0,3.0,10.0,4.0,6.0,3.0,0.0,5.75,3.5,10.0,10.0,3.0956959368344577,0.5925925925925926,1.5,34.285714285714285,17.31813049167358,7,-0.12053668025532283,-0.992708874098054,2.0,0.0,2.0,0.0,51.49545454545455,131.34363636363636,286.99545454545455,70.93454545454546,114.44636363636364,122.3690909090909,122.88454545454546,9.924545454545454,4.707272727272727,27.89792207792208,31.03298701298701,27.135584415584415,28.16077922077922,31.093506493506492,28.116233766233766,28.394285714285715,87.4083116883117,87.08194805194806,82.78376623376624,504.0163636363636,120.31272727272727,535.9554545454546,14171.041902007082,64.0,55.0,81.0
2022-07-04,division,Dhaka,Dhaka,184.0,184.0,232.0,186.0,175.0,138.0,8.0,194.25,141.5,232.0,232.0,25.617376914898998,0.9475032010243278,1.3701754385964913,2.5714285714285716,17.604592364757483,7,-0.12053668025532283,-0.992708874098054,2.0,0.0,2.0,0.0,37.668461538461536,69.7776923076923,144.29615384615383,99.03307692307693,64.29384615384616,89.52538461538461,121.9530769230769,13.203076923076923,11.405384615384614,28.35021978021978,31.545274725274723,27.77703296703297,28.66659340659341,31.743956043956043,29.060659340659342,29.087362637362638,88.24945054945056,87.36538461538461,81.34857142857142,413.5223076923077,149.4923076923077,305.51,12017.230913609468,250.0,352.0,435.0
2022-07-04,division,Khulna,Khulna,3.0,3.0,3.0,2.0,0.0,2.0,0.0,2.0,1.625,3.0,3.0,1.4142135623730951,1.3333333333333333,1.1428571428571428,35.285714285714285,16.659378702207434,7,-0.12053668025532283,-0.992708874098054,2.0,0.0,2.0,0.0,28.302,46.632,59.766,26.934000000000005,27.966,66.666,82.33200000000001,7.712999999999999,1.9300000000000002,28.872857142857146,32.56842857142857,28.415857142857142,29.734571428571428,33.97728571428571,30.22885714285714,29.55,84.79857142857142,80.34228571428571,78.361,231.14199999999997,95.20399999999998,185.08899999999994,6987.158497714284,3.0,4.0,1.0
2022-07-04,division,Mymensingh,Mymensingh,2.0,2.0,1.0,6.0,0.0,2.0,0.0,2.25,1.375,6.0,6.0,2.6299556396765835,0.9230769230769231,1.368421052631579,35.57142857142857,16.31903432869183,7,-0.12053668025532283,-0.992708874098054,2.0,0.0,2.0,0.0,27.705,92.0825,288.175,190.75,99.41250000000001,68.94749999999999,176.5525,26.98,58.28,28.317857142857143,31.57392857142857,27.72142857142857,28.034285714285716,30.80607142857143,28.474642857142857,28.757142857142856,88.28857142857143,90.00607142857143,82.11785714285713,598.0325,195.25,474.345,17028.761854464286,4.0,8.0,3.0
2022-07-04,division,Rajshahi,Rajshahi,0.0,0.0,0.0,0.0,0.0,0.0,0.0,0.0,0.0,0.0,0.0,0.0,1.0,1.0,35.714285714285715,16.828744725921833,7,-0.12053668025532283,-0.992708874098054,2.0,0.0,2.0,0.0,9.475,38.98625,92.4,79.50375,30.46,50.09875,73.7775,15.563749999999999,7.9475,29.423571428571428,33.138214285714284,28.835714285714285,29.608214285714286,33.52303571428571,29.71857142857143,30.173392857142858,82.40071428571429,81.77178571428571,74.09714285714286,290.4549999999999,120.58374999999998,181.47499999999997,8631.907664285713,0.0,1.0,0.0
2022-07-04,division,Rangpur,Rangpur,0.0,0.0,0.0,0.0,1.0,0.0,0.0,0.25,0.125,1.0,1.0,0.5,0.8,1.1111111111111112,35.714285714285715,16.68403182311846,7,-0.12053668025532283,-0.992708874098054,2.0,0.0,2.0,0.0,8.01375,65.64,241.13375,184.37375,76.64625000000001,35.28125,121.3175,30.13625,33.525,28.94375,32.25571428571429,28.53035714285714,28.710535714285715,31.95625,28.87982142857143,29.49910714285714,86.20446428571428,87.25660714285715,75.9925,419.27625,144.95624999999995,477.775,12108.623229241071,0.0,0.0,0.0
2022-07-04,division,Sylhet,Sylhet,0.0,0.0,0.0,0.0,0.0,0.0,0.0,0.0,0.0,0.0,0.0,0.0,1.0,1.0,35.714285714285715,16.21657018255286,7,-0.12053668025532283,-0.992708874098054,2.0,0.0,2.0,0.0,73.7125,128.965,531.4275,290.8825,177.275,78.1925,386.3075,54.015,126.55,28.267142857142858,31.603214285714287,27.18,27.606071428571425,30.433214285714286,27.934285714285714,27.986785714285713,87.60892857142856,89.74642857142857,85.71035714285713,999.215,298.78999999999996,883.4,27912.3573,0.0,0.0,0.0
2022-07-11,division,Barishal,Barishal,5.0,5.0,3.0,4.0,0.0,0.0,0.0,3.0,1.5,5.0,5.0,2.160246899469287,1.5,1.6,27.428571428571427,16.02379618021547,7,-0.23931566428755743,-0.9709418174260521,1.0,0.0,1.0,0.0,34.88833333333333,104.54166666666667,130.34,199.955,54.675000000000004,88.46999999999998,104.75,56.89166666666667,41.718333333333334,28.724523809523813,30.974761904761905,28.251666666666665,28.320238095238096,30.040714285714287,28.785238095238096,28.89095238095238,86.78166666666668,90.06547619047619,86.39214285714286,347.18833333333333,230.10666666666668,317.51166666666666,9993.898838888888,3.0,3.0,4.0
2022-07-11,division,Chattogram,Chattogram,64.0,64.0,3.0,10.0,4.0,6.0,0.0,20.25,11.5,64.0,64.0,29.330018752124932,3.0588235294117645,1.7,27.428571428571427,17.31813049167358,7,-0.23931566428755743,-0.9709418174260521,1.0,0.0,1.0,0.0,33.47090909090909,66.12090909090908,131.34363636363636,286.99545454545455,70.93454545454546,114.44636363636364,144.31636363636363,39.04636363636364,66.63454545454546,28.501428571428573,31.74116883116883,27.752987012987013,27.328441558441558,29.282727272727275,27.76012987012987,28.023376623376624,86.1977922077922,91.16350649350649,87.30415584415584,452.06636363636363,238.49,282.4309090909091,12549.42096446281,55.0,92.0,88.0
2022-07-11,division,Dhaka,Dhaka,250.0,250.0,184.0,232.0,186.0,175.0,45.0,213.0,167.125,250.0,250.0,33.166247903554,1.1728971962616823,1.2728624535315984,1.5714285714285714,17.604592364757483,7,-0.23931566428755743,-0.9709418174260521,1.0,0.0,1.0,0.0,24.083076923076923,53.76769230769231,69.7776923076923,144.29615384615383,99.03307692307693,64.29384615384616,137.75,63.25923076923077,61.62461538461538,28.837362637362638,32.2310989010989,28.223186813186814,28.004395604395604,30.28054945054945,28.33604395604396,28.806813186813187,87.00131868131868,90.76076923076923,84.8034065934066,390.6023076923077,260.03999999999996,185.29692307692306,11068.124160101439,352.0,414.0,466.0
2022-07-11,division,Khulna,Khulna,3.0,3.0,3.0,3.0,2.0,0.0,0.0,2.75,2.0,3.0,3.0,0.5000000000000001,1.0666666666666667,1.25,27.428571428571427,16.659378702207434,7,-0.23931566428755743,-0.9709418174260521,1.0,0.0,1.0,0.0,20.23,50.388999999999996,46.632,59.766,26.934000000000005,27.966,54.178,63.771,21.79,29.162714285714287,33.111285714285714,28.581857142857142,29.025142857142857,32.433428571428564,29.25857142857143,29.766000000000002,83.52257142857142,84.07728571428571,79.28785714285715,175.74399999999997,175.606,145.55299999999997,5142.0183771428565,4.0,3.0,12.0
2022-07-11,division,Mymensingh,Mymensingh,4.0,4.0,2.0,1.0,6.0,0.0,0.0,3.25,1.875,6.0,6.0,2.217355782608345,1.1764705882352942,1.4782608695652173,27.571428571428573,16.31903432869183,7,-0.23931566428755743,-0.9709418174260521,1.0,0.0,1.0,0.0,33.6625,66.38250000000001,92.0825,288.175,190.75,99.41250000000001,253.12,46.5925,63.3975,28.977857142857143,32.37392857142857,28.029285714285713,27.689642857142857,29.851071428571426,27.755,28.120714285714286,87.27071428571429,92.95321428571428,88.04607142857142,612.23,313.52250000000004,219.8325,16992.44365,8.0,1.0,5.0
2022-07-11,division,Rajshahi,Rajshahi,0.0,0.0,0.0,0.0,0.0,0.0,0.0,0.0,0.0,0.0,0.0,0.0,1.0,1.0,27.857142857142858,16.828744725921833,7,-0.23931566428755743,-0.9709418174260521,1.0,0.0,1.0,0.0,9.9125,40.613749999999996,38.98625,92.4,79.50375,30.46,136.11875,57.2425,39.83,29.81732142857143,33.81428571428572,28.774107142857144,29.26642857142857,32.965357142857144,29.436785714285712,29.993214285714288,81.30428571428571,83.60964285714286,78.35107142857143,296.18125,186.41375,98.98749999999997,8718.623988839285,1.0,1.0,0.0
2022-07-11,division,Rangpur,Rangpur,0.0,0.0,0.0,0.0,0.0,1.0,0.0,0.0,0.125,0.0,1.0,0.0,1.0,0.8888888888888888,27.857142857142858,16.68403182311846,7,-0.23931566428755743,-0.9709418174260521,1.0,0.0,1.0,0.0,9.59625,162.9875,65.64,241.13375,184.37375,76.64625000000001,186.03125,32.555,48.74,29.583571428571428,33.025535714285716,28.06142857142857,28.637678571428573,31.721249999999998,28.764464285714286,28.87482142857143,85.03785714285713,88.47749999999999,82.82107142857143,482.3325,232.74874999999997,246.23749999999995,13874.035970089286,0.0,0.0,0.0
2022-07-11,division,Sylhet,Sylhet,0.0,0.0,0.0,0.0,0.0,0.0,0.0,0.0,0.0,0.0,0.0,0.0,1.0,1.0,27.857142857142858,16.21657018255286,7,-0.23931566428755743,-0.9709418174260521,1.0,0.0,1.0,0.0,98.26499999999999,149.295,128.965,531.4275,290.8825,177.275,357.44,43.129999999999995,75.095,29.504642857142855,33.126428571428576,27.895357142857144,26.88214285714286,29.113214285714285,27.597142857142856,27.41392857142857,84.96892857142858,93.37607142857144,89.55142857142857,903.79,558.5474999999999,450.23749999999995,24942.02174285714,0.0,0.0,0.0
2022-07-18,division,Barishal,Barishal,3.0,3.0,5.0,3.0,4.0,0.0,0.0,3.75,1.875,5.0,5.0,0.9574271077563381,0.8421052631578947,1.6521739130434783,45.857142857142854,16.02379618021547,7,-0.3546048870425356,-0.9350162426854148,0.0,0.0,0.0,0.0,82.465,47.74166666666667,104.54166666666667,130.34,199.955,54.675000000000004,99.29333333333334,119.77166666666666,11.725,28.700000000000003,30.955238095238098,28.323095238095238,27.873095238095242,29.97642857142857,29.079285714285714,29.47380952380952,86.9445238095238,88.57190476190476,79.54452380952381,442.3933333333333,293.1383333333333,269.63666666666666,12864.482138095238,3.0,4.0,9.0
2022-07-18,division,Chattogram,Chattogram,55.0,55.0,64.0,3.0,10.0,4.0,1.0,33.0,18.25,64.0,64.0,30.95157508108432,1.6470588235294117,1.7662337662337662,37.42857142857143,17.31813049167358,7,-0.3546048870425356,-0.9350162426854148,0.0,0.0,0.0,0.0,108.32,51.49545454545455,66.12090909090908,131.34363636363636,286.99545454545455,70.93454545454546,122.3690909090909,122.88454545454546,9.924545454545454,28.02285714285714,30.76298701298701,27.89792207792208,27.135584415584415,29.64909090909091,28.16077922077922,28.116233766233766,88.10012987012988,89.24480519480518,83.65480519480519,594.7454545454545,316.1718181818182,259.4072727272727,16748.49543801653,92.0,81.0,97.0
2022-07-18,division,Dhaka,Dhaka,352.0,352.0,250.0,184.0,232.0,186.0,69.0,254.5,202.5,352.0,352.0,70.71774883294857,1.3816046966731899,1.2555282555282554,10.857142857142858,17.604592364757483,7,-0.3546048870425356,-0.9350162426854148,0.0,0.0,0.0,0.0,46.13384615384616,37.668461538461536,53.76769230769231,69.7776923076923,144.29615384615383,99.03307692307693,89.52538461538461,121.9530769230769,13.203076923076923,28.53824175824176,31.553846153846152,28.35021978021978,27.77703296703297,30.649560439560442,28.66659340659341,29.060659340659342,88.04406593406594,89.27186813186813,80.60769230769232,397.14846153846156,336.1653846153846,161.65307692307692,11384.89346897718,414.0,435.0,599.0
2022-07-18,division,Khulna,Khulna,4.0,4.0,3.0,3.0,3.0,2.0,1.0,3.25,2.375,4.0,4.0,0.5000000000000001,1.1764705882352942,1.2592592592592593,46.142857142857146,16.659378702207434,7,-0.3546048870425356,-0.9350162426854148,0.0,0.0,0.0,0.0,38.751,28.302,50.388999999999996,46.632,59.766,26.934000000000005,66.666,82.33200000000001,7.712999999999999,29.053428571428572,32.63471428571428,28.872857142857146,28.415857142857142,32.02871428571429,29.734571428571428,30.22885714285714,83.72085714285714,84.22385714285714,73.56614285714286,181.33199999999997,207.99399999999997,137.67199999999997,5391.829306285713,3.0,1.0,6.0
2022-07-18,division,Mymensingh,Mymensingh,8.0,8.0,4.0,2.0,1.0,6.0,0.0,3.75,2.875,8.0,8.0,3.095695936834452,1.894736842105263,1.2258064516129032,46.0,16.31903432869183,7,-0.3546048870425356,-0.9350162426854148,0.0,0.0,0.0,0.0,67.2075,27.705,66.38250000000001,92.0825,288.175,190.75,68.94749999999999,176.5525,26.98,28.40607142857143,31.346785714285712,28.317857142857143,27.72142857142857,30.604285714285712,28.034285714285716,28.474642857142857,89.1107142857143,90.375,81.94607142857143,647.2850000000001,503.245,194.95749999999998,18146.172628571432,1.0,3.0,9.0
2022-07-18,division,Rajshahi,Rajshahi,1.0,1.0,0.0,0.0,0.0,0.0,0.0,0.25,0.125,1.0,1.0,0.5,1.6,1.1111111111111112,46.57142857142857,16.828744725921833,7,-0.3546048870425356,-0.9350162426854148,0.0,0.0,0.0,0.0,40.51625,9.475,40.613749999999996,38.98625,92.4,79.50375,50.09875,73.7775,15.563749999999999,29.498571428571427,33.06178571428571,29.423571428571428,28.835714285714285,32.299107142857146,29.608214285714286,29.71857142857143,82.34964285714285,83.16178571428571,74.48892857142857,252.46249999999998,282.7025,100.51749999999997,7474.963799107142,1.0,0.0,1.0
2022-07-18,division,Rangpur,Rangpur,0.0,0.0,0.0,0.0,0.0,0.0,0.0,0.0,0.125,0.0,1.0,0.0,1.0,0.8888888888888888,46.57142857142857,16.68403182311846,7,-0.3546048870425356,-0.9350162426854148,0.0,0.0,0.0,0.0,79.59,8.01375,162.9875,65.64,241.13375,184.37375,35.28125,121.3175,30.13625,28.806428571428572,31.621428571428574,28.94375,28.53035714285714,31.745714285714286,28.710535714285715,28.87982142857143,87.45089285714286,86.13035714285715,75.33892857142857,537.435,370.03999999999996,260.1875,15430.046761607142,0.0,0.0,0.0
2022-07-18,division,Sylhet,Sylhet,0.0,0.0,0.0,0.0,0.0,0.0,0.0,0.0,0.0,0.0,0.0,0.0,1.0,1.0,46.57142857142857,16.21657018255286,7,-0.3546048870425356,-0.9350162426854148,0.0,0.0,0.0,0.0,109.88499999999999,73.7125,149.295,128.965,531.4275,290.8825,78.1925,386.3075,54.015,28.162857142857142,30.901071428571427,28.267142857142858,27.18,30.02357142857143,27.606071428571425,27.934285714285714,88.98535714285714,91.17642857142857,84.35678571428572,1077.7775,840.8924999999999,431.1574999999999,29753.202649107137,0.0,0.0,0.0
2022-07-25,division,Barishal,Barishal,3.0,3.0,3.0,5.0,3.0,4.0,0.0,3.5,2.25,5.0,5.0,1.0,0.8888888888888888,1.3846153846153846,60.0,16.02379618021547,7,-0.46472317204376806,-0.8854560256532101,0.0,0.0,0.0,0.0,59.30500000000001,34.88833333333333,47.74166666666667,104.54166666666667,130.34,199.955,88.46999999999998,104.75,56.89166666666667,28.72642857142857,31.36904761904762,28.724523809523813,28.251666666666665,30.27404761904762,28.320238095238096,28.785238095238096,82.94333333333334,88.98428571428572,85.66071428571429,473.44,380.70666666666665,224.39999999999998,13407.933523809525,4.0,4.0,16.0
2022-07-25,division,Chattogram,Chattogram,92.0,92.0,55.0,64.0,3.0,10.0,1.0,53.5,29.625,92.0,92.0,37.17077705223105,1.7064220183486238,1.779591836734694,52.57142857142857,17.31813049167358,7,-0.46472317204376806,-0.8854560256532101,0.0,0.0,0.0,0.0,58.15272727272727,33.47090909090909,51.49545454545455,66.12090909090908,131.34363636363636,286.99545454545455,114.44636363636364,144.31636363636363,39.04636363636364,28.217142857142857,31.228831168831167,28.501428571428573,27.752987012987013,30.398961038961037,27.328441558441558,27.76012987012987,83.44727272727273,88.94103896103896,86.65714285714286,603.72,428.61636363636364,251.43909090909088,16498.72673766234,81.0,88.0,152.0
2022-07-25,division,Dhaka,Dhaka,414.0,414.0,352.0,250.0,184.0,232.0,103.0,300.0,241.375,414.0,414.0,102.72292830717006,1.3787375415282392,1.2418772563176896,10.142857142857142,17.604592364757483,7,-0.46472317204376806,-0.8854560256532101,0.0,0.0,0.0,0.0,51.49923076923077,24.083076923076923,37.668461538461536,53.76769230769231,69.7776923076923,144.29615384615383,64.29384615384616,137.75,63.25923076923077,28.28934065934066,31.313406593406594,28.837362637362638,28.223186813186814,31.07021978021978,28.004395604395604,28.33604395604396,85.24835164835166,89.08923076923078,86.6853846153846,377.40076923076924,412.48769230769227,159.3846153846154,10568.880442941674,435.0,466.0,821.0
2022-07-25,division,Khulna,Khulna,3.0,3.0,4.0,3.0,3.0,3.0,2.0,3.25,2.5,4.0,4.0,0.5000000000000001,0.9411764705882353,1.2142857142857142,59.857142857142854,16.659378702207434,7,-0.46472317204376806,-0.8854560256532101,0.0,0.0,0.0,0.0,42.899,20.23,28.302,50.388999999999996,46.632,59.766,27.966,54.178,63.771,28.57785714285714,32.092,29.162714285714287,28.581857142857142,31.842000000000002,29.025142857142857,29.25857142857143,83.65514285714286,86.02357142857144,81.95942857142856,161.29799999999994,266.94699999999995,130.18199999999996,4681.697492571427,1.0,12.0,15.0
2022-07-25,division,Mymensingh,Mymensingh,1.0,1.0,8.0,4.0,2.0,1.0,0.0,3.75,3.0,8.0,8.0,3.095695936834452,0.42105263157894735,1.1875,59.285714285714285,16.31903432869183,7,-0.46472317204376806,-0.8854560256532101,0.0,0.0,0.0,0.0,85.0375,33.6625,27.705,66.38250000000001,92.0825,288.175,99.41250000000001,253.12,46.5925,27.997142857142855,30.846785714285716,28.977857142857143,28.029285714285713,30.673214285714288,27.689642857142857,27.755,87.14928571428571,89.18571428571428,88.23285714285714,670.4200000000001,545.2125,213.6125,18563.690364285718,3.0,5.0,6.0
2022-07-25,division,Rajshahi,Rajshahi,1.0,1.0,1.0,0.0,0.0,0.0,0.0,0.5,0.25,1.0,1.0,0.5773502691896257,1.3333333333333333,1.2,60.285714285714285,16.828744725921833,7,-0.46472317204376806,-0.8854560256532101,0.0,0.0,0.0,0.0,75.895,9.9125,9.475,40.613749999999996,38.98625,92.4,30.46,136.11875,57.2425,28.704285714285714,31.959285714285713,29.81732142857143,28.774107142857144,31.90089285714286,29.26642857142857,29.436785714285712,83.53839285714285,84.71285714285715,80.20625,241.34999999999997,317.23749999999995,135.79874999999998,7063.452535714284,0.0,0.0,0.0
2022-07-25,division,Rangpur,Rangpur,0.0,0.0,0.0,0.0,0.0,0.0,0.0,0.0,0.125,0.0,1.0,0.0,1.0,0.8888888888888888,60.42857142857143,16.68403182311846,7,-0.46472317204376806,-0.8854560256532101,0.0,0.0,0.0,0.0,131.87125,9.59625,8.01375,162.9875,65.64,241.13375,76.64625000000001,186.03125,32.555,28.27892857142857,31.12982142857143,29.583571428571428,28.06142857142857,30.733392857142857,28.637678571428573,28.764464285714286,87.5375,88.16142857142857,83.93589285714286,567.79375,375.18499999999995,229.07124999999996,16260.294907366073,0.0,0.0,1.0
2022-07-25,division,Sylhet,Sylhet,0.0,0.0,0.0,0.0,0.0,0.0,0.0,0.0,0.0,0.0,0.0,0.0,1.0,1.0,60.42857142857143,16.21657018255286,7,-0.46472317204376806,-0.8854560256532101,0.0,0.0,0.0,0.0,145.0525,98.26499999999999,73.7125,149.295,128.965,531.4275,177.275,357.44,43.129999999999995,27.743928571428572,30.591785714285713,29.504642857142855,27.895357142857144,30.82071428571429,26.88214285714286,27.597142857142856,86.85142857142857,89.24607142857144,87.61535714285714,1128.55,865.0699999999999,426.91499999999996,30337.842321428572,0.0,0.0,1.0
2022-08-01,division,Barishal,Barishal,4.0,4.0,3.0,3.0,5.0,3.0,0.0,3.75,2.75,5.0,5.0,0.9574271077563382,1.0526315789473684,1.2666666666666666,73.0,16.02379618021547,8,-0.5680647467311556,-0.8229838658936566,0.0,0.0,0.0,0.0,79.89333333333333,82.465,34.88833333333333,47.74166666666667,104.54166666666667,130.34,54.675000000000004,99.29333333333334,119.77166666666666,29.01,31.43952380952381,28.700000000000003,28.323095238095238,30.611190476190476,27.873095238095242,29.079285714285714,86.2547619047619,88.10642857142858,86.01166666666667,489.5116666666667,412.28499999999997,256.5516666666667,13644.205305158734,4.0,9.0,27.0
2022-08-01,division,Chattogram,Chattogram,81.0,81.0,92.0,55.0,64.0,3.0,3.0,73.0,39.375,92.0,92.0,16.633299933166203,1.1081081081081081,1.8328173374613004,60.285714285714285,17.31813049167358,8,-0.5680647467311556,-0.8229838658936566,0.0,0.0,0.0,0.0,107.16818181818181,108.32,33.47090909090909,51.49545454545455,66.12090909090908,131.34363636363636,70.93454545454546,122.3690909090909,122.88454545454546,28.671428571428574,31.895714285714288,28.02285714285714,27.89792207792208,31.03298701298701,27.135584415584415,28.16077922077922,85.8625974025974,87.4083116883117,87.08194805194806,555.3945454545454,504.0163636363636,307.1118181818182,15070.955572136952,88.0,97.0,193.0
2022-08-01,division,Dhaka,Dhaka,435.0,435.0,414.0,352.0,250.0,184.0,138.0,362.75,278.5,435.0,435.0,83.01556079033215,1.1986254295532646,1.3014311270125223,14.285714285714286,17.604592364757483,8,-0.5680647467311556,-0.8229838658936566,0.0,0.0,0.0,0.0,90.08307692307692,46.13384615384616,24.083076923076923,37.668461538461536,53.76769230769231,69.7776923076923,99.03307692307693,89.52538461538461,121.9530769230769,28.985494505494504,32.07791208791209,28.53824175824176,28.35021978021978,31.545274725274723,27.77703296703297,28.66659340659341,86.58868131868131,88.24945054945056,87.36538461538461,366.87461538461537,413.5223076923077,211.79923076923077,10190.688286306002,466.0,599.0,1135.0
2022-08-01,division,Khulna,Khulna,1.0,1.0,3.0,4.0,3.0,3.0,2.0,2.75,2.375,4.0,4.0,1.2583057392117918,0.5333333333333333,1.1111111111111112,73.0,16.659378702207434,8,-0.5680647467311556,-0.8229838658936566,0.0,0.0,0.0,0.0,57.601,38.751,20.23,28.302,50.388999999999996,46.632,26.934000000000005,66.666,82.33200000000001,29.037714285714287,32.423,29.053428571428572,28.872857142857146,32.56842857142857,28.415857142857142,29.734571428571428,85.97200000000001,84.79857142857142,80.34228571428571,183.72099999999995,231.14199999999997,159.48099999999997,5220.589690142855,12.0,6.0,43.0
2022-08-01,division,Mymensingh,Mymensingh,3.0,3.0,1.0,8.0,4.0,2.0,2.0,4.0,3.125,8.0,8.0,2.943920288775949,0.8,1.2121212121212122,73.28571428571429,16.31903432869183,8,-0.5680647467311556,-0.8229838658936566,0.0,0.0,0.0,0.0,115.1075,67.2075,33.6625,27.705,66.38250000000001,92.0825,190.75,68.94749999999999,176.5525,28.955000000000002,31.73392857142857,28.40607142857143,28.317857142857143,31.57392857142857,27.72142857142857,28.034285714285716,86.04428571428572,88.28857142857143,90.00607142857143,637.39,598.0325,301.015,17669.361357142858,5.0,9.0,13.0
2022-08-01,division,Rajshahi,Rajshahi,0.0,0.0,1.0,1.0,0.0,0.0,0.0,0.5,0.25,1.0,1.0,0.5773502691896257,0.6666666666666666,1.2,73.28571428571429,16.828744725921833,8,-0.5680647467311556,-0.8229838658936566,0.0,0.0,0.0,0.0,68.52625,40.51625,9.9125,9.475,40.613749999999996,38.98625,79.50375,50.09875,73.7775,29.14,32.12482142857142,29.498571428571427,29.423571428571428,33.138214285714284,28.835714285714285,29.608214285714286,84.87,82.40071428571429,81.77178571428571,251.50374999999997,290.4549999999999,194.84999999999997,7252.290276785713,0.0,1.0,0.0
2022-08-01,division,Rangpur,Rangpur,0.0,0.0,0.0,0.0,0.0,0.0,0.0,0.0,0.125,0.0,1.0,0.0,1.0,0.8888888888888888,73.42857142857143,16.68403182311846,8,-0.5680647467311556,-0.8229838658936566,0.0,0.0,0.0,0.0,85.2475,79.59,9.59625,8.01375,162.9875,65.64,184.37375,35.28125,121.3175,28.827857142857145,31.661607142857143,28.806428571428572,28.94375,32.25571428571429,28.53035714285714,28.710535714285715,85.81196428571428,86.20446428571428,87.25660714285715,654.135,419.27625,306.30499999999995,18662.705169642857,0.0,0.0,1.0
2022-08-01,division,Sylhet,Sylhet,0.0,0.0,0.0,0.0,0.0,0.0,0.0,0.0,0.0,0.0,0.0,0.0,1.0,1.0,73.42857142857143,16.21657018255286,8,-0.5680647467311556,-0.8229838658936566,0.0,0.0,0.0,0.0,155.0275,109.88499999999999,98.26499999999999,73.7125,149.295,128.965,290.8825,78.1925,386.3075,28.83214285714286,31.840000000000003,28.162857142857142,28.267142857142858,31.603214285714287,27.18,27.606071428571425,86.37357142857144,87.60892857142856,89.74642857142857,1100.57,999.215,508.23,29913.492599999998,0.0,0.0,1.0
2022-08-08,division,Barishal,Barishal,4.0,4.0,4.0,3.0,3.0,5.0,0.0,3.5,3.25,4.0,5.0,0.577350269189626,1.1111111111111112,1.0588235294117647,74.28571428571429,16.02379618021547,8,-0.663122658240795,-0.7485107481711013,0.0,0.0,0.0,0.0,160.54333333333332,59.30500000000001,82.465,34.88833333333333,47.74166666666667,104.54166666666667,199.955,88.46999999999998,104.75,28.03857142857143,29.79857142857143,28.72642857142857,28.724523809523813,30.974761904761905,28.251666666666665,28.320238095238096,89.87261904761904,86.78166666666668,90.06547619047619,482.5783333333334,347.18833333333333,382.2066666666667,13633.64221388889,9.0,16.0,60.0
2022-08-08,division,Chattogram,Chattogram,88.0,88.0,81.0,92.0,55.0,64.0,6.0,79.0,49.625,92.0,92.0,16.633299933166203,1.1125,1.5802469135802468,63.285714285714285,17.31813049167358,8,-0.663122658240795,-0.7485107481711013,0.0,0.0,0.0,0.0,77.78090909090909,58.15272727272727,108.32,33.47090909090909,51.49545454545455,66.12090909090908,286.99545454545455,114.44636363636364,144.31636363636363,27.505584415584416,30.03571428571429,28.217142857142857,28.501428571428573,31.74116883116883,27.752987012987013,27.328441558441558,89.66428571428571,86.1977922077922,91.16350649350649,535.9554545454546,452.06636363636363,351.42181818181814,14874.364769539552,97.0,152.0,273.0
2022-08-08,division,Dhaka,Dhaka,466.0,466.0,435.0,414.0,352.0,250.0,175.0,416.75,314.875,466.0,466.0,48.16205283553985,1.1178934769599043,1.3225168183616938,12.714285714285714,17.604592364757483,8,-0.663122658240795,-0.7485107481711013,0.0,0.0,0.0,0.0,63.22461538461538,51.49923076923077,46.13384615384616,24.083076923076923,37.668461538461536,53.76769230769231,144.29615384615383,64.29384615384616,137.75,28.056703296703297,31.023626373626374,28.28934065934066,28.837362637362638,32.2310989010989,28.223186813186814,28.004395604395604,89.16835164835165,87.00131868131868,90.76076923076923,305.51,390.6023076923077,250.94076923076923,8622.465803296704,599.0,821.0,1416.0
2022-08-08,division,Khulna,Khulna,12.0,12.0,1.0,3.0,4.0,3.0,0.0,5.0,3.875,12.0,12.0,4.8304589153964805,2.1666666666666665,1.2307692307692308,74.71428571428571,16.659378702207434,8,-0.663122658240795,-0.7485107481711013,0.0,0.0,0.0,0.0,87.25699999999999,42.899,38.751,20.23,28.302,50.388999999999996,59.766,27.966,54.178,28.139285714285716,31.270142857142854,28.57785714285714,29.162714285714287,33.111285714285714,28.581857142857142,29.025142857142857,88.15342857142858,83.52257142857142,84.07728571428571,185.08899999999994,175.74399999999997,226.50799999999992,5290.187356714284,6.0,15.0,68.0
2022-08-08,division,Mymensingh,Mymensingh,5.0,5.0,3.0,1.0,8.0,4.0,0.0,4.25,3.75,8.0,8.0,2.9860788111948193,1.1428571428571428,1.105263157894737,74.42857142857143,16.31903432869183,8,-0.663122658240795,-0.7485107481711013,0.0,0.0,0.0,0.0,34.9325,85.0375,67.2075,33.6625,27.705,66.38250000000001,288.175,99.41250000000001,253.12,28.189642857142857,31.41107142857143,27.997142857142855,28.977857142857143,32.37392857142857,28.029285714285713,27.689642857142857,88.84071428571428,87.27071428571429,92.95321428571428,474.345,612.23,302.28499999999997,13295.551532142857,9.0,6.0,17.0
2022-08-08,division,Rajshahi,Rajshahi,0.0,0.0,0.0,1.0,1.0,0.0,0.0,0.5,0.25,1.0,1.0,0.5773502691896257,0.6666666666666666,1.2,74.85714285714286,16.828744725921833,8,-0.663122658240795,-0.7485107481711013,0.0,0.0,0.0,0.0,23.04,75.895,40.51625,9.9125,9.475,40.613749999999996,92.4,30.46,136.11875,28.709107142857142,32.11035714285715,28.704285714285714,29.81732142857143,33.81428571428572,28.774107142857144,29.26642857142857,85.40125,81.30428571428571,83.60964285714286,181.47499999999997,296.18125,207.9775,5221.781093749999,1.0,0.0,8.0
2022-08-08,division,Rangpur,Rangpur,0.0,0.0,0.0,0.0,0.0,0.0,1.0,0.0,0.0,0.0,0.0,0.0,1.0,1.0,74.85714285714286,16.68403182311846,8,-0.663122658240795,-0.7485107481711013,0.0,0.0,0.0,0.0,27.57,131.87125,79.59,9.59625,8.01375,162.9875,241.13375,76.64625000000001,186.03125,28.98410714285714,32.42035714285714,28.27892857142857,29.583571428571428,33.025535714285716,28.06142857142857,28.637678571428573,86.20553571428572,85.03785714285713,88.47749999999999,477.775,482.3325,324.27875,13407.049035714284,0.0,1.0,1.0
2022-08-08,division,Sylhet,Sylhet,0.0,0.0,0.0,0.0,0.0,0.0,0.0,0.0,0.0,0.0,0.0,0.0,1.0,1.0,74.85714285714286,16.21657018255286,8,-0.663122658240795,-0.7485107481711013,0.0,0.0,0.0,0.0,70.4125,145.0525,109.88499999999999,98.26499999999999,73.7125,149.295,531.4275,177.275,357.44,28.50714285714286,32.129642857142855,27.743928571428572,29.504642857142855,33.126428571428576,27.895357142857144,26.88214285714286,86.54892857142858,84.96892857142858,93.37607142857144,883.4,903.79,480.37750000000005,24642.7585,0.0,1.0,2.0
2022-08-15,division,Barishal,Barishal,9.0,9.0,4.0,4.0,3.0,3.0,0.0,5.0,4.375,9.0,9.0,2.7080128015453204,1.6666666666666667,1.1162790697674418,81.57142857142857,16.02379618021547,8,-0.7485107481711011,-0.6631226582407952,0.0,0.0,0.0,0.0,72.12166666666666,79.89333333333333,59.30500000000001,82.465,34.88833333333333,47.74166666666667,130.34,54.675000000000004,99.29333333333334,28.526904761904763,30.80595238095238,29.01,28.700000000000003,30.955238095238098,28.323095238095238,27.873095238095242,88.02214285714285,86.9445238095238,88.57190476190476,317.51166666666666,442.3933333333333,371.8633333333333,8992.91317420635,16.0,27.0,85.0
2022-08-15,division,Chattogram,Chattogram,97.0,97.0,88.0,81.0,92.0,55.0,4.0,89.5,61.25,97.0,97.0,6.757711644237772,1.0828729281767955,1.4538152610441768,69.57142857142857,17.31813049167358,8,-0.7485107481711011,-0.6631226582407952,0.0,0.0,0.0,0.0,70.47818181818182,107.16818181818181,58.15272727272727,108.32,33.47090909090909,51.49545454545455,131.34363636363636,70.93454545454546,122.3690909090909,28.300779220779223,31.67,28.671428571428574,28.02285714285714,30.76298701298701,27.89792207792208,27.135584415584415,86.53441558441558,88.10012987012988,89.24480519480518,282.4309090909091,594.7454545454545,313.58,7879.235494214877,152.0,193.0,281.0
2022-08-15,division,Dhaka,Dhaka,599.0,599.0,466.0,435.0,414.0,352.0,186.0,478.5,366.5,599.0,599.0,83.12440475977357,1.251303441084463,1.3047619047619048,15.571428571428571,17.604592364757483,8,-0.7485107481711011,-0.6631226582407952,0.0,0.0,0.0,0.0,72.78999999999999,90.08307692307692,51.49923076923077,46.13384615384616,24.083076923076923,37.668461538461536,69.7776923076923,99.03307692307693,89.52538461538461,28.827692307692306,32.157912087912095,28.985494505494504,28.53824175824176,31.553846153846152,28.35021978021978,27.77703296703297,85.98087912087911,88.04406593406594,89.27186813186813,185.29692307692306,397.14846153846156,277.5969230769231,5253.208493829247,821.0,1135.0,1824.0
2022-08-15,division,Khulna,Khulna,6.0,6.0,12.0,1.0,3.0,4.0,2.0,5.5,4.375,12.0,12.0,4.79583152331272,1.0769230769230769,1.2093023255813953,80.42857142857143,16.659378702207434,8,-0.7485107481711011,-0.6631226582407952,0.0,0.0,0.0,0.0,59.864,57.601,42.899,38.751,20.23,28.302,46.632,26.934000000000005,66.666,28.77814285714286,32.261,29.037714285714287,29.053428571428572,32.63471428571428,28.872857142857146,28.415857142857142,85.61285714285714,83.72085714285714,84.22385714285714,145.55299999999997,181.33199999999997,247.62099999999995,4202.530975714285,15.0,43.0,132.0
2022-08-15,division,Mymensingh,Mymensingh,9.0,9.0,5.0,3.0,1.0,8.0,6.0,4.5,4.125,9.0,9.0,3.415650255319866,1.8181818181818181,1.0731707317073171,81.42857142857143,16.31903432869183,8,-0.7485107481711011,-0.6631226582407952,0.0,0.0,0.0,0.0,54.995,115.1075,85.0375,67.2075,33.6625,27.705,92.0825,190.75,68.94749999999999,28.984285714285715,32.379642857142855,28.955000000000002,28.40607142857143,31.346785714285712,28.317857142857143,27.72142857142857,85.16142857142857,89.1107142857143,90.375,219.8325,647.2850000000001,290.0725,6225.185330357143,6.0,13.0,34.0
2022-08-15,division,Rajshahi,Rajshahi,1.0,1.0,0.0,0.0,1.0,1.0,0.0,0.5,0.375,1.0,1.0,0.5773502691896257,1.3333333333333333,1.0909090909090908,82.14285714285714,16.828744725921833,8,-0.7485107481711011,-0.6631226582407952,0.0,0.0,0.0,0.0,57.23625,68.52625,75.895,40.51625,9.9125,9.475,38.98625,79.50375,50.09875,29.50625,32.96839285714286,29.14,29.498571428571427,33.06178571428571,29.423571428571428,28.835714285714285,81.80035714285714,82.34964285714285,83.16178571428571,98.98749999999997,252.46249999999998,224.69749999999996,2912.5657767857133,0.0,0.0,60.0
2022-08-15,division,Rangpur,Rangpur,0.0,0.0,0.0,0.0,0.0,0.0,0.0,0.0,0.0,0.0,0.0,0.0,1.0,1.0,82.14285714285714,16.68403182311846,8,-0.7485107481711011,-0.6631226582407952,0.0,0.0,0.0,0.0,35.695,85.2475,131.87125,79.59,9.59625,8.01375,65.64,184.37375,35.28125,29.258214285714285,32.698750000000004,28.827857142857145,28.806428571428572,31.621428571428574,28.94375,28.53035714285714,84.20196428571428,87.45089285714286,86.13035714285715,246.23749999999995,537.435,280.38374999999996,7127.036640624999,1.0,1.0,9.0
2022-08-15,division,Sylhet,Sylhet,0.0,0.0,0.0,0.0,0.0,0.0,0.0,0.0,0.0,0.0,0.0,0.0,1.0,1.0,82.14285714285714,16.21657018255286,8,-0.7485107481711011,-0.6631226582407952,0.0,0.0,0.0,0.0,61.345,155.0275,145.0525,109.88499999999999,98.26499999999999,73.7125,128.965,290.8825,78.1925,29.021785714285716,32.402142857142856,28.83214285714286,28.162857142857142,30.901071428571427,28.267142857142858,27.18,84.9042857142857,88.98535714285714,91.17642857142857,450.23749999999995,1077.7775,431.83750000000003,12726.927732142856,1.0,1.0,1.0
2022-08-22,division,Barishal,Barishal,16.0,16.0,9.0,4.0,4.0,3.0,4.0,8.25,5.875,16.0,16.0,5.678908345800274,1.837837837837838,1.3454545454545455,101.71428571428571,16.02379618021547,8,-0.8229838658936564,-0.5680647467311559,0.0,0.0,0.0,0.0,74.83,160.54333333333332,79.89333333333333,59.30500000000001,82.465,34.88833333333333,104.54166666666667,199.955,88.46999999999998,27.95809523809524,30.401666666666667,28.03857142857143,28.72642857142857,31.36904761904762,28.724523809523813,28.251666666666665,87.62452380952381,82.94333333333334,88.98428571428572,269.63666666666666,473.44,387.3883333333333,7745.184851587303,27.0,60.0,95.0
2022-08-22,division,Chattogram,Chattogram,152.0,152.0,97.0,88.0,81.0,92.0,10.0,104.5,79.0,152.0,152.0,32.3367695768558,1.4502369668246446,1.31875,89.14285714285714,17.31813049167358,8,-0.8229838658936564,-0.5680647467311559,0.0,0.0,0.0,0.0,69.35272727272728,77.78090909090909,107.16818181818181,58.15272727272727,108.32,33.47090909090909,66.12090909090908,286.99545454545455,114.44636363636364,27.70337662337662,30.775974025974026,27.505584415584416,28.217142857142857,31.228831168831167,28.501428571428573,27.752987012987013,86.62571428571428,83.44727272727273,88.94103896103896,259.4072727272727,603.72,324.78,7393.477854545454,193.0,273.0,321.0
2022-08-22,division,Dhaka,Dhaka,821.0,821.0,599.0,466.0,435.0,414.0,232.0,580.25,440.125,821.0,821.0,175.55886951865082,1.4141935483870969,1.3176537262680645,17.428571428571427,17.604592364757483,8,-0.8229838658936564,-0.5680647467311559,0.0,0.0,0.0,0.0,55.10000000000001,63.22461538461538,90.08307692307692,51.49923076923077,46.13384615384616,24.083076923076923,53.76769230769231,144.29615384615383,64.29384615384616,28.20065934065934,31.574175824175825,28.056703296703297,28.28934065934066,31.313406593406594,28.837362637362638,28.223186813186814,87.36538461538461,85.24835164835166,89.08923076923078,161.65307692307692,377.40076923076924,281.1976923076923,4661.648400676247,1135.0,1416.0,1995.0
2022-08-22,division,Khulna,Khulna,15.0,15.0,6.0,12.0,1.0,3.0,3.0,8.5,5.875,15.0,15.0,6.244997998398399,1.6842105263157894,1.3818181818181818,102.14285714285714,16.659378702207434,8,-0.8229838658936564,-0.5680647467311559,0.0,0.0,0.0,0.0,57.44,87.25699999999999,57.601,42.899,38.751,20.23,50.388999999999996,59.766,27.966,28.25671428571429,31.85257142857143,28.139285714285716,28.57785714285714,32.092,29.162714285714287,28.581857142857142,87.00342857142857,83.65514285714286,86.02357142857144,137.67199999999997,161.29799999999994,262.1619999999999,4014.8892011428566,43.0,68.0,146.0
2022-08-22,division,Mymensingh,Mymensingh,6.0,6.0,9.0,5.0,3.0,1.0,1.0,5.75,4.75,9.0,9.0,2.5,1.037037037037037,1.173913043478261,101.71428571428571,16.31903432869183,8,-0.8229838658936564,-0.5680647467311559,0.0,0.0,0.0,0.0,39.575,34.9325,115.1075,85.0375,67.2075,33.6625,66.38250000000001,288.175,99.41250000000001,28.278214285714284,31.622142857142858,28.189642857142857,27.997142857142855,30.846785714285716,28.977857142857143,28.029285714285713,87.36,87.14928571428571,89.18571428571428,194.95749999999998,670.4200000000001,244.60999999999999,5649.450583928571,13.0,17.0,39.0
2022-08-22,division,Rajshahi,Rajshahi,0.0,0.0,1.0,0.0,0.0,1.0,0.0,0.25,0.375,1.0,1.0,0.5,0.8,0.9090909090909091,102.85714285714286,16.828744725921833,8,-0.8229838658936564,-0.5680647467311559,0.0,0.0,0.0,0.0,44.49875,23.04,68.52625,75.895,40.51625,9.9125,40.613749999999996,92.4,30.46,28.820714285714285,32.32017857142857,28.709107142857142,28.704285714285714,31.959285714285713,29.81732142857143,28.774107142857144,84.52767857142857,83.53839285714285,84.71285714285715,100.51749999999997,241.34999999999997,193.30124999999995,2997.1626066964277,0.0,8.0,99.0
2022-08-22,division,Rangpur,Rangpur,1.0,1.0,0.0,0.0,0.0,0.0,0.0,0.25,0.125,1.0,1.0,0.5,1.6,1.1111111111111112,103.0,16.68403182311846,8,-0.8229838658936564,-0.5680647467311559,0.0,0.0,0.0,0.0,86.83500000000001,27.57,85.2475,131.87125,79.59,9.59625,162.9875,241.13375,76.64625000000001,28.80517857142857,32.2275,28.98410714285714,28.27892857142857,31.12982142857143,29.583571428571428,28.06142857142857,85.70035714285714,87.5375,88.16142857142857,260.1875,567.79375,235.34749999999997,7697.275491071428,1.0,1.0,4.0
2022-08-22,division,Sylhet,Sylhet,1.0,1.0,0.0,0.0,0.0,0.0,0.0,0.25,0.125,1.0,1.0,0.5,1.6,1.1111111111111112,103.0,16.21657018255286,8,-0.8229838658936564,-0.5680647467311559,0.0,0.0,0.0,0.0,82.9075,70.4125,155.0275,145.0525,109.88499999999999,98.26499999999999,149.295,531.4275,177.275,28.213214285714287,31.607857142857142,28.50714285714286,27.743928571428572,30.591785714285713,29.504642857142855,27.895357142857144,87.30071428571429,86.85142857142857,89.24607142857144,431.1574999999999,1128.55,369.6925,12721.148052678567,1.0,2.0,4.0
2022-08-29,division,Barishal,Barishal,27.0,27.0,16.0,9.0,4.0,4.0,3.0,14.0,8.875,27.0,27.0,9.966610925150704,1.8666666666666667,1.518987341772152,142.28571428571428,16.02379618021547,8,-0.8854560256532096,-0.4647231720437691,0.0,0.0,0.0,0.0,43.751666666666665,72.12166666666666,160.54333333333332,79.89333333333333,59.30500000000001,82.465,47.74166666666667,130.34,54.675000000000004,28.84880952380952,31.417857142857144,28.526904761904763,29.01,31.43952380952381,28.700000000000003,28.323095238095238,86.00738095238096,86.2547619047619,88.10642857142858,224.39999999999998,489.5116666666667,351.24666666666667,6440.28,60.0,85.0,134.0
2022-08-29,division,Chattogram,Chattogram,193.0,193.0,152.0,97.0,88.0,81.0,3.0,132.5,102.75,193.0,193.0,49.264591747014414,1.453183520599251,1.2867469879518072,122.85714285714286,17.31813049167358,8,-0.8854560256532096,-0.4647231720437691,0.0,0.0,0.0,0.0,86.84727272727272,70.47818181818182,77.78090909090909,107.16818181818181,58.15272727272727,108.32,51.49545454545455,131.34363636363636,70.93454545454546,28.31987012987013,31.225454545454546,28.300779220779223,28.671428571428574,31.895714285714288,28.02285714285714,27.89792207792208,85.62896103896104,85.8625974025974,87.4083116883117,251.43909090909088,555.3945454545454,304.45909090909095,7046.041724675323,273.0,281.0,336.0
2022-08-29,division,Dhaka,Dhaka,1135.0,1135.0,821.0,599.0,466.0,435.0,184.0,755.25,559.0,1135.0,1135.0,292.46808942743365,1.5021487603305785,1.3504464285714286,27.285714285714285,17.604592364757483,8,-0.8854560256532096,-0.4647231720437691,0.0,0.0,0.0,0.0,63.99076923076923,72.78999999999999,63.22461538461538,90.08307692307692,51.49923076923077,46.13384615384616,37.668461538461536,69.7776923076923,99.03307692307693,28.527362637362636,31.67032967032967,28.827692307692306,28.985494505494504,32.07791208791209,28.53824175824176,28.35021978021978,86.69021978021978,86.58868131868131,88.24945054945056,159.3846153846154,366.87461538461537,255.10538461538462,4548.556686390533,1416.0,1824.0,2521.0
2022-08-29,division,Khulna,Khulna,43.0,43.0,15.0,6.0,12.0,1.0,3.0,19.0,10.875,43.0,43.0,16.431676725154983,2.2,1.6842105263157894,142.42857142857142,16.659378702207434,8,-0.8854560256532096,-0.4647231720437691,0.0,0.0,0.0,0.0,32.603,59.864,87.25699999999999,57.601,42.899,38.751,28.302,46.632,26.934000000000005,28.643857142857144,32.166,28.77814285714286,29.037714285714287,32.423,29.053428571428572,28.872857142857146,86.82114285714286,85.97200000000001,84.79857142857142,130.18199999999996,183.72099999999995,237.16399999999993,3782.2334382857134,68.0,132.0,233.0
2022-08-29,division,Mymensingh,Mymensingh,13.0,13.0,6.0,9.0,5.0,3.0,2.0,8.25,6.125,13.0,13.0,3.5939764421413036,1.5135135135135136,1.2982456140350878,143.71428571428572,16.31903432869183,8,-0.8854560256532096,-0.4647231720437691,0.0,0.0,0.0,0.0,141.42000000000002,54.995,34.9325,115.1075,85.0375,67.2075,27.705,92.0825,190.75,27.93785714285714,30.77857142857143,28.984285714285715,28.955000000000002,31.73392857142857,28.40607142857143,28.317857142857143,88.58928571428571,86.04428571428572,88.28857142857143,213.6125,637.39,270.9225,6067.891933035715,17.0,34.0,28.0
2022-08-29,division,Rajshahi,Rajshahi,0.0,0.0,0.0,1.0,0.0,0.0,0.0,0.25,0.375,1.0,1.0,0.5,0.8,0.9090909090909091,144.57142857142858,16.828744725921833,8,-0.8854560256532096,-0.4647231720437691,0.0,0.0,0.0,0.0,93.3175,57.23625,23.04,68.52625,75.895,40.51625,9.475,38.98625,79.50375,28.5775,31.834107142857142,29.50625,29.14,32.12482142857142,29.498571428571427,29.423571428571428,86.8267857142857,84.87,82.40071428571429,135.79874999999998,251.50374999999997,218.09249999999997,4005.8691267857134,8.0,60.0,161.0
2022-08-29,division,Rangpur,Rangpur,1.0,1.0,1.0,0.0,0.0,0.0,0.0,0.5,0.25,1.0,1.0,0.5773502691896257,1.3333333333333333,1.2,144.42857142857142,16.68403182311846,8,-0.8854560256532096,-0.4647231720437691,0.0,0.0,0.0,0.0,125.1375,35.695,27.57,85.2475,131.87125,79.59,8.01375,65.64,184.37375,28.295892857142857,31.401071428571427,29.258214285714285,28.827857142857145,31.661607142857143,28.806428571428572,28.94375,89.07392857142857,85.81196428571428,86.20446428571428,229.07124999999996,654.135,275.23749999999995,6598.724600892856,1.0,9.0,1.0
2022-08-29,division,Sylhet,Sylhet,1.0,1.0,1.0,0.0,0.0,0.0,0.0,0.5,0.25,1.0,1.0,0.5773502691896257,1.3333333333333333,1.2,144.42857142857142,16.21657018255286,8,-0.8854560256532096,-0.4647231720437691,0.0,0.0,0.0,0.0,204.6225,61.345,70.4125,155.0275,145.0525,109.88499999999999,73.7125,128.965,290.8825,27.63392857142857,30.61714285714286,29.021785714285716,28.83214285714286,31.840000000000003,28.162857142857142,28.267142857142858,88.96142857142857,86.37357142857144,87.60892857142856,426.91499999999996,1100.57,419.2875,12023.146157142855,2.0,1.0,1.0
2022-09-05,division,Barishal,Barishal,60.0,60.0,27.0,16.0,9.0,4.0,5.0,28.0,15.75,60.0,60.0,22.583179581272432,2.103448275862069,1.7313432835820894,198.0,16.02379618021547,9,-0.9350162426854147,-0.3546048870425359,0.0,0.0,0.0,0.0,132.75333333333333,74.83,72.12166666666666,160.54333333333332,79.89333333333333,59.30500000000001,34.88833333333333,104.54166666666667,199.955,28.495,30.317857142857147,27.95809523809524,28.03857142857143,29.79857142857143,28.72642857142857,28.724523809523813,88.33642857142856,89.87261904761904,86.78166666666668,256.5516666666667,482.5783333333334,323.45666666666665,7369.813127380952,85.0,95.0,140.0
2022-09-05,division,Chattogram,Chattogram,273.0,273.0,193.0,152.0,97.0,88.0,64.0,178.75,128.875,273.0,273.0,74.1277051220842,1.5243393602225312,1.3840230991337825,174.28571428571428,17.31813049167358,9,-0.9350162426854147,-0.3546048870425359,0.0,0.0,0.0,0.0,137.7209090909091,69.35272727272728,70.47818181818182,77.78090909090909,107.16818181818181,58.15272727272727,33.47090909090909,66.12090909090908,286.99545454545455,28.154805194805196,30.72779220779221,27.70337662337662,27.505584415584416,30.03571428571429,28.217142857142857,28.501428571428573,87.91168831168831,89.66428571428571,86.1977922077922,307.1118181818182,535.9554545454546,364.3990909090909,8665.818046753247,281.0,321.0,324.0
2022-09-05,division,Dhaka,Dhaka,1416.0,1416.0,1135.0,821.0,599.0,466.0,250.0,992.75,704.75,1416.0,1416.0,357.7302288969534,1.4259119496855346,1.40807651434644,39.714285714285715,17.604592364757483,9,-0.9350162426854147,-0.3546048870425359,0.0,0.0,0.0,0.0,93.17692307692307,55.10000000000001,72.78999999999999,63.22461538461538,90.08307692307692,51.49923076923077,24.083076923076923,53.76769230769231,144.29615384615383,28.33175824175824,30.888901098901098,28.20065934065934,28.056703296703297,31.023626373626374,28.28934065934066,28.837362637362638,88.00395604395604,89.16835164835165,87.00131868131868,211.79923076923077,305.51,285.0576923076923,5991.660590617075,1824.0,1995.0,2428.0
2022-09-05,division,Khulna,Khulna,68.0,68.0,43.0,15.0,6.0,12.0,3.0,33.0,19.0,68.0,68.0,28.1543365517049,2.0294117647058822,1.7,195.71428571428572,16.659378702207434,9,-0.9350162426854147,-0.3546048870425359,0.0,0.0,0.0,0.0,89.46000000000001,57.44,59.864,87.25699999999999,57.601,42.899,20.23,50.388999999999996,59.766,28.12371428571429,30.68485714285714,28.25671428571429,28.139285714285716,31.270142857142854,28.57785714285714,29.162714285714287,89.16757142857143,88.15342857142858,83.52257142857142,159.48099999999997,185.08899999999994,239.36699999999996,4557.625234999999,132.0,146.0,201.0
2022-09-05,division,Mymensingh,Mymensingh,17.0,17.0,13.0,6.0,9.0,5.0,4.0,11.25,7.75,17.0,17.0,4.78713553878169,1.469387755102041,1.4,200.0,16.31903432869183,9,-0.9350162426854147,-0.3546048870425359,0.0,0.0,0.0,0.0,62.19,39.575,54.995,34.9325,115.1075,85.0375,33.6625,66.38250000000001,288.175,28.20285714285714,30.910714285714285,28.278214285714284,28.189642857142857,31.41107142857143,27.997142857142855,28.977857142857143,87.83107142857143,88.84071428571428,87.27071428571429,301.015,474.345,298.18,8427.559957142856,34.0,39.0,40.0
2022-09-05,division,Rajshahi,Rajshahi,8.0,8.0,0.0,0.0,1.0,0.0,0.0,2.25,1.375,8.0,8.0,3.8622100754188224,2.769230769230769,1.368421052631579,201.85714285714286,16.828744725921833,9,-0.9350162426854147,-0.3546048870425359,0.0,0.0,0.0,0.0,68.55499999999999,44.49875,57.23625,23.04,68.52625,75.895,9.9125,40.613749999999996,92.4,28.200178571428573,30.840892857142858,28.820714285714285,28.709107142857142,32.11035714285715,28.704285714285714,29.81732142857143,88.38392857142857,85.40125,81.30428571428571,194.84999999999997,181.47499999999997,263.60749999999996,5593.03007142857,60.0,99.0,133.0
2022-09-05,division,Rangpur,Rangpur,1.0,1.0,1.0,1.0,0.0,0.0,0.0,0.75,0.375,1.0,1.0,0.5,1.1428571428571428,1.2727272727272727,201.71428571428572,16.68403182311846,9,-0.9350162426854147,-0.3546048870425359,0.0,0.0,0.0,0.0,42.02875,86.83500000000001,35.695,27.57,85.2475,131.87125,9.59625,162.9875,241.13375,27.655535714285715,30.365535714285716,28.80517857142857,28.98410714285714,32.42035714285714,28.27892857142857,29.583571428571428,90.15767857142858,86.20553571428572,85.03785714285713,306.30499999999995,477.775,289.69624999999996,8661.977216071426,9.0,4.0,2.0
2022-09-05,division,Sylhet,Sylhet,2.0,2.0,1.0,1.0,0.0,0.0,0.0,1.0,0.5,2.0,2.0,0.816496580927726,1.5,1.3333333333333333,201.71428571428572,16.21657018255286,9,-0.9350162426854147,-0.3546048870425359,0.0,0.0,0.0,0.0,97.395,82.9075,61.345,70.4125,155.0275,145.0525,98.26499999999999,149.295,531.4275,28.064642857142857,30.819285714285716,28.213214285714287,28.50714285714286,32.129642857142855,27.743928571428572,29.504642857142855,87.61785714285715,86.54892857142858,84.96892857142858,508.23,883.4,446.27,14100.296817857145,1.0,4.0,6.0
2022-09-12,division,Barishal,Barishal,85.0,85.0,60.0,27.0,16.0,9.0,3.0,47.0,26.0,85.0,85.0,31.485446373417247,1.7916666666666667,1.7777777777777777,255.0,16.02379618021547,9,-0.970941817426052,-0.23931566428755774,0.0,0.0,0.0,0.0,211.65666666666667,43.751666666666665,74.83,72.12166666666666,160.54333333333332,79.89333333333333,82.465,47.74166666666667,130.34,27.85690476190476,29.81952380952381,28.84880952380952,28.526904761904763,30.80595238095238,29.01,28.700000000000003,90.40761904761905,88.02214285714285,86.9445238095238,382.2066666666667,317.51166666666666,462.9916666666667,11087.815400000001,95.0,134.0,292.0
2022-09-12,division,Chattogram,Chattogram,281.0,281.0,273.0,193.0,152.0,97.0,55.0,224.75,157.125,281.0,281.0,62.697022789496685,1.2491694352159468,1.4276679841897233,224.57142857142858,17.31813049167358,9,-0.970941817426052,-0.23931566428755774,0.0,0.0,0.0,0.0,139.5909090909091,86.84727272727272,69.35272727272728,70.47818181818182,77.78090909090909,107.16818181818181,108.32,51.49545454545455,131.34363636363636,27.365194805194804,29.943116883116886,28.31987012987013,28.300779220779223,31.67,28.671428571428574,28.02285714285714,89.37363636363636,86.53441558441558,88.10012987012988,351.42181818181814,282.4309090909091,433.51181818181817,10075.765558441559,321.0,336.0,572.0
2022-09-12,division,Dhaka,Dhaka,1824.0,1824.0,1416.0,1135.0,821.0,599.0,352.0,1299.0,888.75,1824.0,1824.0,426.10405614904283,1.4038461538461537,1.461084574318629,61.285714285714285,17.604592364757483,9,-0.970941817426052,-0.23931566428755774,0.0,0.0,0.0,0.0,153.66846153846154,63.99076923076923,55.10000000000001,72.78999999999999,63.22461538461538,90.08307692307692,46.13384615384616,37.668461538461536,69.7776923076923,27.67263736263736,30.275604395604397,28.527362637362636,28.827692307692306,32.157912087912095,28.985494505494504,28.53824175824176,90.90703296703296,85.98087912087911,88.04406593406594,250.94076923076923,185.29692307692306,365.93615384615384,7273.642287743026,1995.0,2521.0,3124.0
2022-09-12,division,Khulna,Khulna,132.0,132.0,68.0,43.0,15.0,6.0,4.0,64.5,35.0,132.0,132.0,49.93662650466756,2.030534351145038,1.8194444444444444,253.85714285714286,16.659378702207434,9,-0.970941817426052,-0.23931566428755774,0.0,0.0,0.0,0.0,178.702,32.603,57.44,59.864,87.25699999999999,57.601,38.751,28.302,46.632,27.514,29.897285714285715,28.643857142857144,28.77814285714286,32.261,29.037714285714287,29.053428571428572,92.12085714285715,85.61285714285714,83.72085714285714,226.50799999999992,145.55299999999997,358.2049999999999,6577.274587428569,146.0,233.0,290.0
2022-09-12,division,Mymensingh,Mymensingh,34.0,34.0,17.0,13.0,6.0,9.0,8.0,17.5,11.0,34.0,34.0,11.902380714238083,1.8918918918918919,1.5416666666666667,261.14285714285717,16.31903432869183,9,-0.970941817426052,-0.23931566428755774,0.0,0.0,0.0,0.0,173.425,141.42000000000002,39.575,54.995,34.9325,115.1075,67.2075,27.705,92.0825,27.290714285714284,29.91,27.93785714285714,28.984285714285715,32.379642857142855,28.955000000000002,28.40607142857143,91.29642857142856,85.16142857142857,89.1107142857143,302.28499999999997,219.8325,416.61,8752.662175,39.0,28.0,83.0
2022-09-12,division,Rajshahi,Rajshahi,60.0,60.0,8.0,0.0,0.0,1.0,1.0,17.0,8.75,60.0,60.0,28.91366458960192,3.388888888888889,1.8461538461538463,262.42857142857144,16.828744725921833,9,-0.970941817426052,-0.23931566428755774,0.0,0.0,0.0,0.0,141.89,93.3175,44.49875,57.23625,23.04,68.52625,40.51625,9.475,38.98625,27.425892857142856,29.56892857142857,28.5775,29.50625,32.96839285714286,29.14,29.498571428571427,91.61821428571429,81.80035714285714,82.34964285714285,207.9775,98.98749999999997,348.2612499999999,6060.46435,99.0,161.0,226.0
2022-09-12,division,Rangpur,Rangpur,9.0,9.0,1.0,1.0,1.0,0.0,0.0,3.0,1.5,9.0,9.0,4.0,2.5,1.6,263.42857142857144,16.68403182311846,9,-0.970941817426052,-0.23931566428755774,0.0,0.0,0.0,0.0,101.28999999999999,125.1375,86.83500000000001,35.695,27.57,85.2475,79.59,8.01375,65.64,27.225892857142856,29.838571428571427,28.295892857142857,29.258214285714285,32.698750000000004,28.827857142857145,28.806428571428572,90.46892857142856,84.20196428571428,87.45089285714286,324.27875,246.23749999999995,355.29125,9348.261479464287,4.0,1.0,16.0
2022-09-12,division,Sylhet,Sylhet,1.0,1.0,2.0,1.0,1.0,0.0,0.0,1.25,0.625,2.0,2.0,0.5,0.8888888888888888,1.3846153846153846,263.2857142857143,16.21657018255286,9,-0.970941817426052,-0.23931566428755774,0.0,0.0,0.0,0.0,170.505,204.6225,82.9075,61.345,70.4125,155.0275,109.88499999999999,73.7125,128.965,27.29285714285714,30.528214285714284,27.63392857142857,29.021785714285716,32.402142857142856,28.83214285714286,28.162857142857142,90.23107142857144,84.9042857142857,88.98535714285714,480.37750000000005,450.23749999999995,555.4300000000001,13850.312705357146,4.0,1.0,9.0
2022-09-19,division,Barishal,Barishal,95.0,95.0,85.0,60.0,27.0,16.0,3.0,66.75,37.5,95.0,95.0,30.313638294778585,1.4169741697416973,1.7597402597402598,334.42857142857144,16.02379618021547,9,-0.992708874098054,-0.12053668025532357,0.0,0.0,0.0,0.0,41.33833333333333,132.75333333333333,43.751666666666665,74.83,72.12166666666666,160.54333333333332,59.30500000000001,34.88833333333333,104.54166666666667,27.940952380952382,30.27261904761905,28.495,27.95809523809524,30.401666666666667,28.03857142857143,28.72642857142857,87.72666666666667,87.62452380952381,82.94333333333334,371.8633333333333,269.63666666666666,429.5,10426.516633333333,134.0,140.0,393.0
2022-09-19,division,Chattogram,Chattogram,321.0,321.0,281.0,273.0,193.0,152.0,92.0,267.0,185.75,321.0,321.0,53.615918034354934,1.2014925373134329,1.4350736278447123,306.42857142857144,17.31813049167358,9,-0.992708874098054,-0.12053668025532357,0.0,0.0,0.0,0.0,53.03818181818181,137.7209090909091,86.84727272727272,69.35272727272728,70.47818181818182,77.78090909090909,58.15272727272727,33.47090909090909,66.12090909090908,27.54194805194805,30.44116883116883,28.154805194805196,27.70337662337662,30.775974025974026,27.505584415584416,28.217142857142857,87.25,86.62571428571428,83.44727272727273,313.58,259.4072727272727,417.19727272727266,8625.20116103896,336.0,324.0,689.0
2022-09-19,division,Dhaka,Dhaka,1995.0,1995.0,1824.0,1416.0,1135.0,821.0,414.0,1592.5,1086.375,1995.0,1995.0,389.8961400167999,1.2525886413555067,1.465455799517186,86.0,17.604592364757483,9,-0.992708874098054,-0.12053668025532357,0.0,0.0,0.0,0.0,33.604615384615386,93.17692307692307,63.99076923076923,55.10000000000001,72.78999999999999,63.22461538461538,51.49923076923077,24.083076923076923,53.76769230769231,27.75175824175824,30.692417582417583,28.33175824175824,28.20065934065934,31.574175824175825,28.056703296703297,28.28934065934066,89.17461538461538,87.36538461538461,85.24835164835166,277.5969230769231,161.65307692307692,344.4407692307692,7788.454506847,2521.0,2428.0,4036.0
2022-09-19,division,Khulna,Khulna,146.0,146.0,132.0,68.0,43.0,15.0,3.0,97.25,52.875,146.0,146.0,49.607627101753884,1.4961832061068703,1.8236658932714618,327.7142857142857,16.659378702207434,9,-0.992708874098054,-0.12053668025532357,0.0,0.0,0.0,0.0,21.398,89.46000000000001,32.603,57.44,59.864,87.25699999999999,42.899,20.23,50.388999999999996,27.837428571428568,31.073,28.12371428571429,28.25671428571429,31.85257142857143,28.139285714285716,28.57785714285714,89.12414285714286,87.00342857142857,83.65514285714286,247.62099999999995,137.67199999999997,322.16299999999995,6967.878067857142,233.0,201.0,374.0
2022-09-19,division,Mymensingh,Mymensingh,39.0,39.0,34.0,17.0,13.0,6.0,1.0,25.75,15.75,39.0,39.0,12.685293322058685,1.4953271028037383,1.5970149253731343,341.7142857142857,16.31903432869183,9,-0.992708874098054,-0.12053668025532357,0.0,0.0,0.0,0.0,65.6275,62.19,141.42000000000002,39.575,54.995,34.9325,85.0375,33.6625,66.38250000000001,27.516785714285714,30.393571428571427,28.20285714285714,28.278214285714284,31.622142857142858,28.189642857142857,27.997142857142855,90.06214285714285,87.36,87.14928571428571,290.0725,194.95749999999998,442.6625,8177.040177678571,28.0,40.0,94.0
2022-09-19,division,Rajshahi,Rajshahi,99.0,99.0,60.0,8.0,0.0,0.0,1.0,41.75,21.0,99.0,99.0,46.521500405726385,2.3391812865497075,1.9431818181818181,338.0,16.828744725921833,9,-0.992708874098054,-0.12053668025532357,0.0,0.0,0.0,0.0,19.935,68.55499999999999,93.3175,44.49875,57.23625,23.04,75.895,9.9125,40.613749999999996,27.954642857142858,30.784642857142856,28.200178571428573,28.820714285714285,32.32017857142857,28.709107142857142,28.704285714285714,88.87035714285715,84.52767857142857,83.53839285714285,224.69749999999996,100.51749999999997,323.69749999999993,6450.864602232142,161.0,133.0,267.0
2022-09-19,division,Rangpur,Rangpur,4.0,4.0,9.0,1.0,1.0,1.0,0.0,3.75,2.0,9.0,9.0,3.774917217635375,1.0526315789473684,1.5833333333333333,345.2857142857143,16.68403182311846,9,-0.992708874098054,-0.12053668025532357,0.0,0.0,0.0,0.0,45.4125,42.02875,125.1375,86.83500000000001,35.695,27.57,131.87125,9.59625,162.9875,27.57625,30.084642857142857,27.655535714285715,28.80517857142857,32.2275,28.98410714285714,28.27892857142857,90.36375,85.70035714285714,87.5375,280.38374999999996,260.1875,313.86875,8126.67265111607,1.0,2.0,8.0
2022-09-19,division,Sylhet,Sylhet,4.0,4.0,1.0,2.0,1.0,1.0,0.0,2.0,1.125,4.0,4.0,1.4142135623730951,1.6666666666666667,1.411764705882353,346.42857142857144,16.21657018255286,9,-0.992708874098054,-0.12053668025532357,0.0,0.0,0.0,0.0,98.1225,97.395,204.6225,82.9075,61.345,70.4125,145.0525,98.26499999999999,149.295,27.615000000000002,30.869642857142857,28.064642857142857,28.213214285714287,31.607857142857142,28.50714285714286,27.743928571428572,88.30892857142857,87.30071428571429,86.85142857142857,431.83750000000003,431.1574999999999,570.645,12310.45330357143,1.0,6.0,21.0
2022-09-26,division,Barishal,Barishal,134.0,134.0,95.0,85.0,60.0,27.0,4.0,93.5,53.75,134.0,134.0,30.75169372029233,1.4285714285714286,1.726027397260274,372.57142857142856,16.02379618021547,9,-1.0,-1.8369701987210297e-16,0.0,0.0,0.0,0.0,66.005,211.65666666666667,132.75333333333333,43.751666666666665,74.83,72.12166666666666,79.89333333333333,82.465,47.74166666666667,28.157619047619047,30.34190476190476,27.85690476190476,28.84880952380952,31.417857142857144,28.526904761904763,29.01,85.50642857142857,86.00738095238096,86.2547619047619,387.3883333333333,224.39999999999998,451.75333333333333,11050.990090873016,140.0,292.0,349.0
2022-09-26,division,Chattogram,Chattogram,336.0,336.0,321.0,281.0,273.0,193.0,81.0,302.75,217.625,336.0,336.0,30.53276928154404,1.1094650205761316,1.3893653516295026,340.2857142857143,17.31813049167358,9,-1.0,-1.8369701987210297e-16,0.0,0.0,0.0,0.0,80.90454545454546,139.5909090909091,137.7209090909091,86.84727272727272,69.35272727272728,70.47818181818182,107.16818181818181,108.32,51.49545454545455,27.741038961038964,30.5374025974026,27.365194805194804,28.31987012987013,31.225454545454546,28.300779220779223,28.671428571428574,86.21194805194806,85.62896103896104,85.8625974025974,324.78,251.43909090909088,411.25454545454545,9191.527075324675,324.0,572.0,835.0
2022-09-26,division,Dhaka,Dhaka,2521.0,2521.0,1995.0,1824.0,1416.0,1135.0,435.0,1939.0,1347.125,2521.0,2521.0,457.7532086179189,1.3,1.4390356977283263,101.14285714285714,17.604592364757483,9,-1.0,-1.8369701987210297e-16,0.0,0.0,0.0,0.0,58.99538461538462,153.66846153846154,93.17692307692307,63.99076923076923,55.10000000000001,72.78999999999999,90.08307692307692,46.13384615384616,37.668461538461536,28.075494505494508,30.983296703296705,27.67263736263736,28.527362637362636,31.67032967032967,28.827692307692306,28.985494505494504,85.67725274725275,86.69021978021978,86.58868131868131,281.1976923076923,159.3846153846154,339.4453846153846,8106.28055147929,2428.0,3124.0,3869.0
2022-09-26,division,Khulna,Khulna,233.0,233.0,146.0,132.0,68.0,43.0,1.0,144.75,81.875,233.0,233.0,67.92827099227537,1.6054888507718696,1.7586726998491704,365.2857142857143,16.659378702207434,9,-1.0,-1.8369701987210297e-16,0.0,0.0,0.0,0.0,34.312,178.702,89.46000000000001,32.603,57.44,59.864,57.601,38.751,28.302,27.986857142857144,30.91771428571429,27.514,28.643857142857144,32.166,28.77814285714286,29.037714285714287,86.756,86.82114285714286,85.97200000000001,262.1619999999999,130.18199999999996,323.87199999999996,7544.5354877142845,201.0,290.0,318.0
2022-09-26,division,Mymensingh,Mymensingh,28.0,28.0,39.0,34.0,17.0,13.0,3.0,29.5,18.875,39.0,39.0,9.46924847422786,0.9508196721311475,1.5345911949685536,380.57142857142856,16.31903432869183,9,-1.0,-1.8369701987210297e-16,0.0,0.0,0.0,0.0,41.0475,173.425,62.19,141.42000000000002,39.575,54.995,115.1075,67.2075,27.705,28.21392857142857,31.662142857142857,27.290714285714284,27.93785714285714,30.77857142857143,28.984285714285715,28.955000000000002,83.72678571428571,88.58928571428571,86.04428571428572,244.60999999999999,213.6125,342.29,7089.846128571428,40.0,83.0,136.0
2022-09-26,division,Rajshahi,Rajshahi,161.0,161.0,99.0,60.0,8.0,0.0,0.0,82.0,41.125,161.0,161.0,64.52389738177115,1.9518072289156627,1.970326409495549,372.0,16.828744725921833,9,-1.0,-1.8369701987210297e-16,0.0,0.0,0.0,0.0,25.02875,141.89,68.55499999999999,93.3175,44.49875,57.23625,68.52625,40.51625,9.475,28.12982142857143,31.09285714285714,27.425892857142856,28.5775,31.834107142857142,29.50625,29.14,85.09589285714286,86.8267857142857,84.87,193.30124999999995,135.79874999999998,255.40874999999994,5703.595007812499,133.0,226.0,254.0
2022-09-26,division,Rangpur,Rangpur,1.0,1.0,4.0,9.0,1.0,1.0,0.0,3.75,2.125,9.0,9.0,3.774917217635375,0.42105263157894735,1.52,385.57142857142856,16.68403182311846,9,-1.0,-1.8369701987210297e-16,0.0,0.0,0.0,0.0,21.9925,101.28999999999999,42.02875,125.1375,86.83500000000001,35.695,85.2475,79.59,8.01375,27.946607142857143,31.354642857142856,27.225892857142856,28.295892857142857,31.401071428571427,29.258214285714285,28.827857142857145,85.16857142857143,89.07392857142857,85.81196428571428,235.34749999999997,229.07124999999996,210.72374999999997,6885.847586607142,2.0,16.0,22.0
2022-09-26,division,Sylhet,Sylhet,1.0,1.0,4.0,1.0,2.0,1.0,0.0,2.0,1.25,4.0,4.0,1.4142135623730951,0.6666666666666666,1.3333333333333333,385.57142857142856,16.21657018255286,9,-1.0,-1.8369701987210297e-16,0.0,0.0,0.0,0.0,60.4775,170.505,97.395,204.6225,82.9075,61.345,155.0275,109.88499999999999,73.7125,28.243928571428572,31.903214285714284,27.29285714285714,27.63392857142857,30.61714285714286,29.021785714285716,28.83214285714286,82.755,88.96142857142857,86.37357142857144,369.6925,426.91499999999996,426.50000000000006,10729.136515178572,6.0,9.0,21.0
2022-10-03,division,Barishal,Barishal,140.0,140.0,134.0,95.0,85.0,60.0,4.0,113.5,70.75,140.0,140.0,27.54995462791182,1.2314410480349345,1.5958188153310104,468.7142857142857,16.02379618021547,10,-0.992708874098054,0.1205366802553232,0.0,0.0,0.0,0.0,108.10666666666667,41.33833333333333,211.65666666666667,132.75333333333333,43.751666666666665,74.83,160.54333333333332,59.30500000000001,34.88833333333333,27.71738095238095,30.035238095238096,27.940952380952382,28.495,30.317857142857147,27.95809523809524,28.03857142857143,86.7297619047619,88.33642857142856,89.87261904761904,351.24666666666667,256.5516666666667,427.1066666666667,9820.187758730159,292.0,393.0,413.0
2022-10-03,division,Chattogram,Chattogram,324.0,324.0,336.0,321.0,281.0,273.0,88.0,315.5,247.125,336.0,336.0,23.895606290697025,1.0268562401263823,1.275566750629723,439.85714285714283,17.31813049167358,10,-0.992708874098054,0.1205366802553232,0.0,0.0,0.0,0.0,77.85545454545455,53.03818181818181,139.5909090909091,137.7209090909091,86.84727272727272,69.35272727272728,77.78090909090909,58.15272727272727,33.47090909090909,27.691038961038963,30.78012987012987,27.54194805194805,28.154805194805196,30.72779220779221,27.70337662337662,27.505584415584416,84.96064935064935,87.91168831168831,89.66428571428571,304.45909090909095,307.1118181818182,351.3890909090909,8434.544861865408,572.0,689.0,816.0
2022-10-03,division,Dhaka,Dhaka,2428.0,2428.0,2521.0,1995.0,1824.0,1416.0,466.0,2192.0,1592.375,2521.0,2521.0,335.74295723564074,1.1076151390788873,1.3763238409037422,127.71428571428571,17.604592364757483,10,-0.992708874098054,0.1205366802553232,0.0,0.0,0.0,0.0,65.85,33.604615384615386,153.66846153846154,93.17692307692307,63.99076923076923,55.10000000000001,63.22461538461538,51.49923076923077,24.083076923076923,27.45945054945055,30.46989010989011,27.75175824175824,28.33175824175824,30.888901098901098,28.20065934065934,28.056703296703297,88.14362637362638,88.00395604395604,89.16835164835165,255.10538461538462,211.79923076923077,312.1184615384616,7194.140047506339,3124.0,4036.0,3876.0
2022-10-03,division,Khulna,Khulna,201.0,201.0,233.0,146.0,132.0,68.0,12.0,178.0,105.5,233.0,233.0,47.236991154531985,1.1284916201117319,1.6807511737089202,454.57142857142856,16.659378702207434,10,-0.992708874098054,0.1205366802553232,0.0,0.0,0.0,0.0,52.80800000000001,21.398,178.702,89.46000000000001,32.603,57.44,87.25699999999999,42.899,20.23,27.222857142857144,30.39614285714286,27.837428571428568,28.12371428571429,30.68485714285714,28.25671428571429,28.139285714285716,89.17271428571429,89.16757142857143,88.15342857142858,237.16399999999993,159.48099999999997,287.21999999999997,6701.4753868571415,290.0,374.0,382.0
2022-10-03,division,Mymensingh,Mymensingh,40.0,40.0,28.0,39.0,34.0,17.0,5.0,35.25,23.25,40.0,40.0,5.500000000000001,1.1310344827586207,1.4948453608247423,483.85714285714283,16.31903432869183,10,-0.992708874098054,0.1205366802553232,0.0,0.0,0.0,0.0,46.955,65.6275,173.425,62.19,141.42000000000002,39.575,34.9325,85.0375,33.6625,27.18107142857143,29.98857142857143,27.516785714285714,28.20285714285714,30.910714285714285,28.278214285714284,28.189642857142857,89.62392857142856,87.83107142857143,88.84071428571428,270.9225,301.015,327.055,7661.2045098214285,83.0,94.0,117.0
2022-10-03,division,Rajshahi,Rajshahi,133.0,133.0,161.0,99.0,60.0,8.0,0.0,113.25,57.75,161.0,161.0,43.62243306679106,1.1728665207877462,1.9446808510638298,464.85714285714283,16.828744725921833,10,-0.992708874098054,0.1205366802553232,0.0,0.0,0.0,0.0,42.32875,19.935,141.89,68.55499999999999,93.3175,44.49875,23.04,75.895,9.9125,27.364107142857144,30.448035714285712,27.954642857142858,28.200178571428573,30.840892857142858,28.820714285714285,28.709107142857142,88.48160714285714,88.38392857142857,85.40125,218.09249999999997,194.84999999999997,229.18249999999992,6285.581630357142,226.0,267.0,307.0
2022-10-03,division,Rangpur,Rangpur,2.0,2.0,1.0,4.0,9.0,1.0,0.0,4.0,2.375,9.0,9.0,3.559026084010437,0.6,1.4814814814814814,487.7142857142857,16.68403182311846,10,-0.992708874098054,0.1205366802553232,0.0,0.0,0.0,0.0,68.83125,45.4125,101.28999999999999,42.02875,125.1375,86.83500000000001,27.57,131.87125,9.59625,27.09375,30.049821428571427,27.57625,27.655535714285715,30.365535714285716,28.80517857142857,28.98410714285714,89.68732142857142,90.15767857142858,86.20553571428572,275.23749999999995,306.30499999999995,237.52624999999995,7928.26533705357,16.0,8.0,32.0
2022-10-03,division,Sylhet,Sylhet,6.0,6.0,1.0,4.0,1.0,2.0,0.0,3.0,2.0,6.0,6.0,2.449489742783178,1.75,1.3333333333333333,487.7142857142857,16.21657018255286,10,-0.992708874098054,0.1205366802553232,0.0,0.0,0.0,0.0,66.5875,98.1225,170.505,97.395,204.6225,82.9075,70.4125,145.0525,98.26499999999999,26.970714285714287,30.033214285714287,27.615000000000002,28.064642857142857,30.819285714285716,28.213214285714287,28.50714285714286,88.51964285714286,87.61785714285715,86.54892857142858,419.2875,508.23,395.6925,11829.44808482143,9.0,21.0,13.0
2022-10-10,division,Barishal,Barishal,292.0,292.0,140.0,134.0,95.0,85.0,9.0,165.25,106.125,292.0,292.0,86.82309600561362,1.762406015037594,1.5519253208868145,447.7142857142857,16.02379618021547,10,-0.9709418174260521,0.23931566428755738,0.0,0.0,0.0,0.0,59.50666666666667,66.005,41.33833333333333,211.65666666666667,132.75333333333333,43.751666666666665,72.12166666666666,79.89333333333333,82.465,27.282857142857143,29.780238095238094,28.157619047619047,27.85690476190476,29.81952380952381,28.84880952380952,28.526904761904763,85.75857142857143,90.40761904761905,88.02214285714285,323.45666666666665,382.2066666666667,274.95666666666665,9331.339765873014,393.0,349.0,344.0
2022-10-10,division,Chattogram,Chattogram,572.0,572.0,324.0,336.0,321.0,281.0,97.0,388.25,306.5,572.0,572.0,122.67130878897477,1.4720616570327554,1.2658536585365854,421.42857142857144,17.31813049167358,10,-0.9709418174260521,0.23931566428755738,0.0,0.0,0.0,0.0,73.49727272727273,80.90454545454546,53.03818181818181,139.5909090909091,137.7209090909091,86.84727272727272,70.47818181818182,107.16818181818181,108.32,27.08233766233766,30.275194805194804,27.741038961038964,27.365194805194804,29.943116883116886,28.31987012987013,28.300779220779223,85.70571428571428,89.37363636363636,86.53441558441558,364.3990909090909,351.42181818181814,285.29545454545456,10319.734929988193,689.0,835.0,888.0
2022-10-10,division,Dhaka,Dhaka,3124.0,3124.0,2428.0,2521.0,1995.0,1824.0,599.0,2517.0,1908.0,3124.0,3124.0,465.0698872212648,1.2410643367752183,1.3190151911995809,120.85714285714286,17.604592364757483,10,-0.9709418174260521,0.23931566428755738,0.0,0.0,0.0,0.0,49.71230769230769,58.99538461538462,33.604615384615386,153.66846153846154,93.17692307692307,63.99076923076923,72.78999999999999,90.08307692307692,46.13384615384616,26.769560439560443,30.052307692307693,28.075494505494508,27.67263736263736,30.275604395604397,28.527362637362636,28.827692307692306,88.2978021978022,90.90703296703296,85.98087912087911,285.0576923076923,250.94076923076923,208.1623076923077,8131.944161031276,4036.0,3869.0,3429.0
2022-10-10,division,Khulna,Khulna,290.0,290.0,201.0,233.0,146.0,132.0,6.0,217.5,141.0,290.0,290.0,60.22457969965419,1.331807780320366,1.5387323943661972,439.0,16.659378702207434,10,-0.9709418174260521,0.23931566428755738,0.0,0.0,0.0,0.0,40.995999999999995,34.312,21.398,178.702,89.46000000000001,32.603,59.864,57.601,38.751,26.601857142857142,30.059857142857147,27.986857142857144,27.514,29.897285714285715,28.643857142857144,28.77814285714286,88.05071428571429,92.12085714285715,85.61285714285714,239.36699999999996,226.50799999999992,149.51399999999995,6856.394152714285,374.0,318.0,369.0
2022-10-10,division,Mymensingh,Mymensingh,83.0,83.0,40.0,28.0,39.0,34.0,9.0,47.5,32.5,83.0,83.0,24.283053075481813,1.731958762886598,1.4477611940298507,462.0,16.31903432869183,10,-0.9709418174260521,0.23931566428755738,0.0,0.0,0.0,0.0,79.63250000000001,41.0475,65.6275,173.425,62.19,141.42000000000002,54.995,115.1075,67.2075,26.379642857142855,29.727857142857143,28.21392857142857,27.290714285714284,29.91,27.93785714285714,28.984285714285715,89.01107142857143,91.29642857142856,85.16142857142857,298.18,302.28499999999997,233.2625,8330.510242857143,94.0,136.0,121.0
2022-10-10,division,Rajshahi,Rajshahi,226.0,226.0,133.0,161.0,99.0,60.0,1.0,154.75,85.875,226.0,226.0,53.84158863431378,1.4574638844301766,1.7928057553956835,448.7142857142857,16.828744725921833,10,-0.9709418174260521,0.23931566428755738,0.0,0.0,0.0,0.0,52.23875,25.02875,19.935,141.89,68.55499999999999,93.3175,57.23625,68.52625,40.51625,26.37,29.84892857142857,28.12982142857143,27.425892857142856,29.56892857142857,28.5775,29.50625,87.37357142857142,91.61821428571429,81.80035714285714,263.60749999999996,207.9775,139.53124999999994,7533.243331249999,267.0,254.0,218.0
2022-10-10,division,Rangpur,Rangpur,16.0,16.0,2.0,1.0,4.0,9.0,0.0,5.75,4.375,16.0,16.0,6.946221994724902,2.5185185185185186,1.255813953488372,467.42857142857144,16.68403182311846,10,-0.9709418174260521,0.23931566428755738,0.0,0.0,0.0,0.0,79.29125,21.9925,45.4125,101.28999999999999,42.02875,125.1375,35.695,85.2475,79.59,25.87607142857143,29.400178571428572,27.946607142857143,27.225892857142856,29.838571428571427,28.295892857142857,29.258214285714285,88.22446428571429,90.46892857142856,84.20196428571428,289.69624999999996,324.27875,215.52749999999997,8197.21405111607,8.0,22.0,27.0
2022-10-10,division,Sylhet,Sylhet,9.0,9.0,6.0,1.0,4.0,1.0,0.0,5.0,3.125,9.0,9.0,3.366501646120693,1.6666666666666667,1.4545454545454546,466.85714285714283,16.21657018255286,10,-0.9709418174260521,0.23931566428755738,0.0,0.0,0.0,0.0,130.6525,60.4775,98.1225,170.505,97.395,204.6225,61.345,155.0275,109.88499999999999,26.419285714285714,29.7925,28.243928571428572,27.29285714285714,30.528214285714284,27.63392857142857,29.021785714285716,88.68,90.23107142857144,84.9042857142857,446.27,480.37750000000005,355.84000000000003,12332.193303571426,21.0,21.0,26.0
2022-10-17,division,Barishal,Barishal,393.0,393.0,292.0,140.0,134.0,95.0,16.0,239.75,153.25,393.0,393.0,125.63007867014439,1.636552440290758,1.5607779578606158,617.1428571428571,16.02379618021547,10,-0.9350162426854148,0.35460488704253557,0.0,0.0,0.0,0.0,46.68333333333334,108.10666666666667,66.005,41.33833333333333,211.65666666666667,132.75333333333333,74.83,160.54333333333332,59.30500000000001,27.01095238095238,30.062142857142856,27.71738095238095,27.940952380952382,30.27261904761905,28.495,27.95809523809524,83.45714285714286,87.72666666666667,87.62452380952381,462.9916666666667,371.8633333333333,280.3016666666667,13192.947541666666,349.0,413.0,300.0
2022-10-17,division,Chattogram,Chattogram,689.0,689.0,572.0,324.0,336.0,321.0,152.0,480.25,373.625,689.0,689.0,180.01550859115815,1.4337662337662338,1.2846179512846179,577.1428571428571,17.31813049167358,10,-0.9350162426854148,0.35460488704253557,0.0,0.0,0.0,0.0,37.38181818181818,77.85545454545455,80.90454545454546,53.03818181818181,139.5909090909091,137.7209090909091,69.35272727272728,77.78090909090909,58.15272727272727,26.88181818181818,30.418701298701297,27.691038961038963,27.54194805194805,30.44116883116883,28.154805194805196,27.70337662337662,82.84831168831168,87.25,86.62571428571428,433.51181818181817,313.58,269.6390909090909,12205.4407905549,835.0,816.0,728.0
2022-10-17,division,Dhaka,Dhaka,4036.0,4036.0,3124.0,2428.0,2521.0,1995.0,821.0,3027.25,2309.875,4036.0,4036.0,739.8934044847271,1.3331131841822834,1.3104343592794936,212.57142857142858,17.604592364757483,10,-0.9350162426854148,0.35460488704253557,0.0,0.0,0.0,0.0,21.83230769230769,65.85,58.99538461538462,33.604615384615386,153.66846153846154,93.17692307692307,55.10000000000001,63.22461538461538,51.49923076923077,26.34824175824176,30.514175824175823,27.45945054945055,27.75175824175824,30.692417582417583,28.33175824175824,28.20065934065934,84.09274725274726,89.17461538461538,87.36538461538461,365.93615384615384,277.5969230769231,196.39000000000001,10367.61464268808,3869.0,3876.0,3042.0
2022-10-17,division,Khulna,Khulna,374.0,374.0,290.0,201.0,233.0,146.0,15.0,274.5,185.875,374.0,374.0,75.8617163001207,1.3611615245009074,1.474247491638796,617.4285714285714,16.659378702207434,10,-0.9350162426854148,0.35460488704253557,0.0,0.0,0.0,0.0,25.12,52.80800000000001,34.312,21.398,178.702,89.46000000000001,57.44,87.25699999999999,42.899,25.854285714285716,30.435142857142857,27.222857142857144,27.837428571428568,31.073,28.12371428571429,28.25671428571429,84.36971428571428,89.12414285714286,87.00342857142857,358.2049999999999,247.62099999999995,153.23599999999996,10074.055075714285,318.0,382.0,283.0
2022-10-17,division,Mymensingh,Mymensingh,94.0,94.0,83.0,40.0,28.0,39.0,6.0,61.25,43.5,94.0,94.0,32.159757461772,1.5261044176706828,1.398876404494382,647.0,16.31903432869183,10,-0.9350162426854148,0.35460488704253557,0.0,0.0,0.0,0.0,7.6625,46.955,41.0475,65.6275,173.425,62.19,39.575,34.9325,85.0375,26.194642857142856,30.888928571428572,27.18107142857143,27.516785714285714,30.393571428571427,28.20285714285714,28.278214285714284,82.18071428571429,90.06214285714285,87.36,416.61,290.0725,175.2975,11749.592314285714,136.0,117.0,86.9999
2022-10-17,division,Rajshahi,Rajshahi,267.0,267.0,226.0,133.0,161.0,99.0,0.0,196.75,119.25,267.0,267.0,60.917293658424015,1.3552465233881164,1.6444906444906444,626.5714285714286,16.828744725921833,10,-0.9350162426854148,0.35460488704253557,0.0,0.0,0.0,0.0,3.7687500000000003,42.32875,25.02875,19.935,141.89,68.55499999999999,44.49875,23.04,75.895,25.31392857142857,30.425,27.364107142857144,27.954642857142858,30.784642857142856,28.200178571428573,28.820714285714285,84.15392857142857,88.87035714285715,84.52767857142857,348.2612499999999,224.69749999999996,123.36499999999994,9821.029439508926,254.0,307.0,147.0
2022-10-17,division,Rangpur,Rangpur,8.0,8.0,16.0,2.0,1.0,4.0,1.0,6.75,5.25,16.0,16.0,6.898067362191626,1.1612903225806452,1.24,656.5714285714286,16.68403182311846,10,-0.9350162426854148,0.35460488704253557,0.0,0.0,0.0,0.0,0.4375,68.83125,21.9925,45.4125,101.28999999999999,42.02875,86.83500000000001,27.57,131.87125,24.792857142857144,29.791785714285712,27.09375,27.57625,30.084642857142857,27.655535714285715,28.80517857142857,82.22339285714285,90.36375,85.70035714285714,355.29125,280.38374999999996,170.55249999999998,9825.769853348214,22.0,32.0,17.0
2022-10-17,division,Sylhet,Sylhet,21.0,21.0,9.0,6.0,1.0,4.0,1.0,9.25,5.625,21.0,21.0,8.5,2.1463414634146343,1.5471698113207548,657.5714285714286,16.21657018255286,10,-0.9350162426854148,0.35460488704253557,0.0,0.0,0.0,0.0,6.5925,66.5875,60.4775,98.1225,170.505,97.395,82.9075,70.4125,145.0525,26.5275,30.90714285714286,26.970714285714287,27.615000000000002,30.869642857142857,28.064642857142857,28.213214285714287,79.80821428571429,88.30892857142857,87.30071428571429,555.4300000000001,431.83750000000003,264.31,15587.94458214286,21.0,13.0,8.0
2022-10-24,division,Barishal,Barishal,349.0,349.0,393.0,292.0,140.0,134.0,27.0,293.5,193.5,393.0,393.0,110.37058786953463,1.1884550084889642,1.5141388174807198,784.1428571428571,16.02379618021547,10,-0.8854560256532101,0.464723172043768,0.0,0.0,0.0,0.0,259.88,59.50666666666667,108.10666666666667,66.005,41.33833333333333,211.65666666666667,43.751666666666665,72.12166666666666,79.89333333333333,24.858809523809526,28.239523809523806,27.282857142857143,28.157619047619047,30.34190476190476,27.85690476190476,28.84880952380952,81.35452380952381,85.50642857142857,86.00738095238096,429.5,387.3883333333333,474.1766666666667,11964.540595238095,413.0,344.0,202.0
2022-10-24,division,Chattogram,Chattogram,835.0,835.0,689.0,572.0,324.0,336.0,193.0,605.0,453.875,835.0,835.0,216.0293189978311,1.3795379537953796,1.3322341302555647,741.8571428571429,17.31813049167358,10,-0.8854560256532101,0.464723172043768,0.0,0.0,0.0,0.0,112.48181818181818,73.49727272727273,77.85545454545455,80.90454545454546,53.03818181818181,139.5909090909091,86.84727272727272,70.47818181818182,107.16818181818181,24.523636363636363,28.31194805194805,27.08233766233766,27.741038961038964,30.5374025974026,27.365194805194804,28.31987012987013,83.57948051948051,86.21194805194806,85.62896103896104,417.19727272727266,324.78,301.21636363636367,11416.684640377802,816.0,888.0,707.0
2022-10-24,division,Dhaka,Dhaka,3869.0,3869.0,4036.0,3124.0,2428.0,2521.0,1135.0,3364.25,2651.625,4036.0,4036.0,739.4377931915571,1.149988856697125,1.268648979784176,263.7142857142857,17.604592364757483,10,-0.8854560256532101,0.464723172043768,0.0,0.0,0.0,0.0,186.1207692307692,49.71230769230769,65.85,58.99538461538462,33.604615384615386,153.66846153846154,63.99076923076923,72.78999999999999,90.08307692307692,24.06153846153846,28.026813186813186,26.769560439560443,28.075494505494508,30.983296703296705,27.67263736263736,28.527362637362636,81.51912087912089,85.67725274725275,86.69021978021978,344.4407692307692,281.1976923076923,323.5153846153846,9531.584499830937,3876.0,3429.0,2075.0
2022-10-24,division,Khulna,Khulna,318.0,318.0,374.0,290.0,201.0,233.0,43.0,295.75,220.25,374.0,374.0,72.17744338318816,1.0749789385004211,1.3412429378531074,786.8571428571429,16.659378702207434,10,-0.8854560256532101,0.464723172043768,0.0,0.0,0.0,0.0,143.909,40.995999999999995,52.80800000000001,34.312,21.398,178.702,32.603,59.864,57.601,24.25985714285714,28.542857142857144,26.601857142857142,27.986857142857144,30.91771428571429,27.514,28.643857142857144,80.95242857142857,86.756,86.82114285714286,322.16299999999995,262.1619999999999,262.83299999999997,8863.992782,382.0,369.0,158.0
2022-10-24,division,Mymensingh,Mymensingh,136.0,136.0,94.0,83.0,40.0,28.0,13.0,88.25,58.875,136.0,136.0,39.44933459514875,1.535014005602241,1.4906054279749479,826.8571428571429,16.31903432869183,10,-0.8854560256532101,0.464723172043768,0.0,0.0,0.0,0.0,130.3825,79.63250000000001,46.955,41.0475,65.6275,173.425,141.42000000000002,54.995,115.1075,23.7475,27.698571428571427,26.379642857142855,28.21392857142857,31.662142857142857,27.290714285714284,27.93785714285714,81.93285714285713,83.72678571428571,88.58928571428571,442.6625,244.60999999999999,264.6325,12080.5758125,117.0,121.0,58.0
2022-10-24,division,Rajshahi,Rajshahi,254.0,254.0,267.0,226.0,133.0,161.0,0.0,220.0,151.0,267.0,267.0,60.47037842337906,1.1538461538461537,1.4539473684210527,802.1428571428571,16.828744725921833,10,-0.8854560256532101,0.464723172043768,0.0,0.0,0.0,0.0,74.43,52.23875,42.32875,25.02875,19.935,141.89,93.3175,57.23625,68.52625,23.97267857142857,28.260714285714286,26.37,28.12982142857143,31.09285714285714,27.425892857142856,28.5775,80.79714285714286,85.09589285714286,86.8267857142857,323.69749999999993,193.30124999999995,172.76624999999996,8877.692953124997,307.0,218.0,103.0
2022-10-24,division,Rangpur,Rangpur,22.0,22.0,8.0,16.0,2.0,1.0,1.0,12.0,7.875,22.0,22.0,8.793937305515279,1.7692307692307692,1.4647887323943662,839.1428571428571,16.68403182311846,10,-0.8854560256532101,0.464723172043768,0.0,0.0,0.0,0.0,26.725,79.29125,68.83125,21.9925,45.4125,101.28999999999999,125.1375,35.695,85.2475,22.94892857142857,27.643571428571427,25.87607142857143,27.946607142857143,31.354642857142856,27.225892857142856,28.295892857142857,83.33535714285713,85.16857142857143,89.07392857142857,313.86875,235.34749999999997,175.28499999999997,8545.356958705357,32.0,27.0,16.0
2022-10-24,division,Sylhet,Sylhet,21.0,21.0,21.0,9.0,6.0,1.0,1.0,14.25,8.125,21.0,21.0,7.88986691902975,1.4426229508196722,1.6712328767123288,837.2857142857143,16.21657018255286,10,-0.8854560256532101,0.464723172043768,0.0,0.0,0.0,0.0,118.94749999999999,130.6525,66.5875,60.4775,98.1225,170.505,204.6225,61.345,155.0275,23.712857142857143,27.793214285714285,26.419285714285714,28.243928571428572,31.903214285714284,27.29285714285714,27.63392857142857,81.96357142857143,82.755,88.96142857142857,570.645,369.6925,322.78,15574.532464285712,13.0,26.0,4.0
2022-10-31,division,Barishal,Barishal,413.0,413.0,349.0,393.0,292.0,140.0,60.0,361.75,237.625,413.0,413.0,53.63689650480036,1.1412818745692626,1.5201676270298585,779.2857142857143,16.02379618021547,10,-0.822983865893657,0.5680647467311548,0.0,0.0,0.0,0.0,7.18,46.68333333333334,59.50666666666667,108.10666666666667,66.005,41.33833333333333,132.75333333333333,74.83,160.54333333333332,25.238809523809522,28.98595238095238,27.01095238095238,27.71738095238095,30.035238095238096,27.940952380952382,28.495,79.125,86.7297619047619,88.33642857142856,451.75333333333333,351.24666666666667,373.25,12622.418374603176,344.0,300.0,107.0
2022-10-31,division,Chattogram,Chattogram,816.0,816.0,835.0,689.0,572.0,324.0,273.0,728.0,521.75,835.0,835.0,122.54250963101201,1.120713305898491,1.39454806312769,709.8571428571429,17.31813049167358,10,-0.822983865893657,0.5680647467311548,0.0,0.0,0.0,0.0,5.828181818181818,37.38181818181818,73.49727272727273,77.85545454545455,80.90454545454546,53.03818181818181,137.7209090909091,69.35272727272728,77.78090909090909,25.57038961038961,29.597532467532464,26.88181818181818,27.691038961038963,30.78012987012987,27.54194805194805,28.154805194805196,81.01324675324676,84.96064935064935,87.91168831168831,411.25454545454545,304.45909090909095,229.1890909090909,11326.7513270366,888.0,728.0,520.0
2022-10-31,division,Dhaka,Dhaka,3876.0,3876.0,3869.0,4036.0,3124.0,2428.0,1416.0,3726.25,2959.125,4036.0,4036.0,408.84094299209636,1.0401770742504528,1.2591529073941135,276.42857142857144,17.604592364757483,10,-0.822983865893657,0.5680647467311548,0.0,0.0,0.0,0.0,4.020769230769231,21.83230769230769,49.71230769230769,65.85,58.99538461538462,33.604615384615386,93.17692307692307,55.10000000000001,63.22461538461538,24.96956043956044,29.375824175824178,26.34824175824176,27.45945054945055,30.46989010989011,27.75175824175824,28.33175824175824,79.33912087912087,88.14362637362638,88.00395604395604,339.4453846153846,255.10538461538462,261.68615384615384,9420.206250126796,3429.0,3042.0,1621.0
2022-10-31,division,Khulna,Khulna,382.0,382.0,318.0,374.0,290.0,201.0,68.0,341.0,259.5,382.0,382.0,44.347115652166906,1.1198830409356726,1.3128598848368522,783.7142857142857,16.659378702207434,10,-0.822983865893657,0.5680647467311548,0.0,0.0,0.0,0.0,1.739,25.12,40.995999999999995,52.80800000000001,34.312,21.398,89.46000000000001,57.44,87.25699999999999,24.40142857142857,29.15414285714286,25.854285714285716,27.222857142857144,30.39614285714286,27.837428571428568,28.12371428571429,78.22457142857142,89.17271428571429,89.16757142857143,323.87199999999996,237.16399999999993,211.76399999999998,9015.763666285711,369.0,283.0,121.0
2022-10-31,division,Mymensingh,Mymensingh,117.0,117.0,136.0,94.0,83.0,40.0,17.0,107.5,71.375,136.0,136.0,23.699507730471257,1.087557603686636,1.4991364421416236,809.7142857142857,16.31903432869183,10,-0.822983865893657,0.5680647467311548,0.0,0.0,0.0,0.0,0.1925,7.6625,79.63250000000001,46.955,41.0475,65.6275,62.19,39.575,34.9325,24.78142857142857,29.20392857142857,26.194642857142856,27.18107142857143,29.98857142857143,27.516785714285714,28.20285714285714,79.95535714285714,89.62392857142856,87.83107142857143,342.29,270.9225,217.87,9418.720582142858,121.0,86.9999,50.0
2022-10-31,division,Rajshahi,Rajshahi,307.0,307.0,254.0,267.0,226.0,133.0,8.0,263.5,188.375,307.0,307.0,33.66996683495051,1.164461247637051,1.3966996699669967,792.8571428571429,16.828744725921833,10,-0.822983865893657,0.5680647467311548,0.0,0.0,0.0,0.0,0.05875,3.7687500000000003,52.23875,42.32875,25.02875,19.935,68.55499999999999,44.49875,23.04,24.25107142857143,28.9075,25.31392857142857,27.364107142857144,30.448035714285712,27.954642857142858,28.200178571428573,79.67232142857142,88.48160714285714,88.38392857142857,255.40874999999994,218.09249999999997,130.49624999999995,7139.8603888392845,218.0,147.0,58.0
2022-10-31,division,Rangpur,Rangpur,32.0,32.0,22.0,8.0,16.0,2.0,1.0,19.5,11.75,32.0,32.0,10.115993936995679,1.6097560975609757,1.607843137254902,826.0,16.68403182311846,10,-0.822983865893657,0.5680647467311548,0.0,0.0,0.0,0.0,0.01625,0.4375,79.29125,68.83125,21.9925,45.4125,42.02875,86.83500000000001,27.57,23.390535714285715,28.245,24.792857142857144,27.09375,30.049821428571427,27.57625,27.655535714285715,81.82696428571428,89.68732142857142,90.15767857142858,210.72374999999997,275.23749999999995,106.46999999999998,5810.9708109375,27.0,17.0,4.0
2022-10-31,division,Sylhet,Sylhet,13.0,13.0,21.0,21.0,9.0,6.0,2.0,16.0,9.5,21.0,21.0,6.0,0.8235294117647058,1.619047619047619,826.1428571428571,16.21657018255286,10,-0.822983865893657,0.5680647467311548,0.0,0.0,0.0,0.0,0.15,6.5925,130.6525,66.5875,60.4775,98.1225,97.395,82.9075,70.4125,25.07392857142857,29.52357142857143,26.5275,26.970714285714287,30.033214285714287,27.615000000000002,28.064642857142857,79.30285714285715,88.51964285714286,87.61785714285715,426.50000000000006,419.2875,256.34250000000003,11777.797500000002,26.0,8.0,8.0
2022-11-07,division,Barishal,Barishal,344.0,344.0,413.0,349.0,393.0,292.0,85.0,374.75,270.0,413.0,413.0,33.68852425777457,0.9181636726546906,1.386531365313653,791.8571428571429,16.02379618021547,11,-0.7485107481711011,0.6631226582407952,0.0,0.0,0.0,0.0,2.638333333333333,259.88,46.68333333333334,59.50666666666667,108.10666666666667,66.005,211.65666666666667,43.751666666666665,72.12166666666666,23.847142857142856,27.81309523809524,24.858809523809526,27.282857142857143,29.780238095238094,28.157619047619047,27.85690476190476,74.18119047619048,85.75857142857143,90.40761904761905,427.1066666666667,323.45666666666665,316.38166666666666,12026.306812698413,300.0,202.0,79.0
2022-11-07,division,Chattogram,Chattogram,888.0,888.0,816.0,835.0,689.0,572.0,281.0,807.0,597.625,888.0,888.0,84.36033823229177,1.1002475247524752,1.3497598663604093,734.2857142857143,17.31813049167358,11,-0.7485107481711011,0.6631226582407952,0.0,0.0,0.0,0.0,0.6445454545454545,112.48181818181818,37.38181818181818,73.49727272727273,77.85545454545455,80.90454545454546,139.5909090909091,86.84727272727272,70.47818181818182,23.527662337662335,27.79077922077922,24.523636363636363,27.08233766233766,30.275194805194804,27.741038961038964,27.365194805194804,75.84987012987013,85.70571428571428,89.37363636363636,351.3890909090909,364.3990909090909,156.33636363636361,9747.898461393153,728.0,707.0,394.0
2022-11-07,division,Dhaka,Dhaka,3429.0,3429.0,3876.0,3869.0,4036.0,3124.0,1824.0,3802.5,3159.75,4036.0,4036.0,260.6715685813599,0.9018009727882214,1.20335363442221,297.14285714285717,17.604592364757483,11,-0.7485107481711011,0.6631226582407952,0.0,0.0,0.0,0.0,0.1992307692307692,186.1207692307692,21.83230769230769,49.71230769230769,65.85,58.99538461538462,153.66846153846154,63.99076923076923,72.78999999999999,23.257582417582416,27.973736263736264,24.06153846153846,26.769560439560443,30.052307692307693,28.075494505494508,27.67263736263736,75.1989010989011,88.2978021978022,90.90703296703296,312.1184615384616,285.0576923076923,212.17307692307693,8762.880151986477,3042.0,2075.0,1059.0
2022-11-07,division,Khulna,Khulna,369.0,369.0,382.0,318.0,374.0,290.0,132.0,360.75,289.125,382.0,382.0,28.998563182796946,1.022805805114029,1.2468763464024128,796.2857142857143,16.659378702207434,11,-0.7485107481711011,0.6631226582407952,0.0,0.0,0.0,0.0,0.701,143.909,25.12,40.995999999999995,52.80800000000001,34.312,178.702,32.603,59.864,22.937857142857144,28.168714285714287,24.25985714285714,26.601857142857142,30.059857142857147,27.986857142857144,27.514,75.94328571428571,88.05071428571429,92.12085714285715,287.21999999999997,239.36699999999996,171.46899999999997,8038.385108571428,283.0,158.0,71.0
2022-11-07,division,Mymensingh,Mymensingh,121.0,121.0,117.0,136.0,94.0,83.0,34.0,117.0,82.25,136.0,136.0,17.37814719698277,1.0338983050847457,1.4174174174174174,834.1428571428571,16.31903432869183,11,-0.7485107481711011,0.6631226582407952,0.0,0.0,0.0,0.0,0.035,130.3825,7.6625,79.63250000000001,46.955,41.0475,173.425,141.42000000000002,54.995,22.990357142857142,27.5625,23.7475,26.379642857142855,29.727857142857143,28.21392857142857,27.290714285714284,76.08571428571429,89.01107142857143,91.29642857142856,327.055,298.18,138.2725,9227.506408928572,86.9999,58.0,27.0
2022-11-07,division,Rajshahi,Rajshahi,218.0,218.0,307.0,254.0,267.0,226.0,60.0,261.5,208.125,307.0,307.0,36.73780976959115,0.8342857142857143,1.2552301255230125,807.0,16.828744725921833,11,-0.7485107481711011,0.6631226582407952,0.0,0.0,0.0,0.0,0.0175,74.43,3.7687500000000003,52.23875,42.32875,25.02875,141.89,93.3175,57.23625,23.066964285714285,27.746964285714284,23.97267857142857,26.37,29.84892857142857,28.12982142857143,27.425892857142856,75.33696428571429,87.37357142857142,91.61821428571429,229.18249999999992,263.60749999999996,78.27499999999995,6446.862799553569,147.0,103.0,40.0
2022-11-07,division,Rangpur,Rangpur,27.0,27.0,32.0,22.0,8.0,16.0,9.0,22.25,14.0,32.0,32.0,10.3400515794974,1.2043010752688172,1.55,846.2857142857143,16.68403182311846,11,-0.7485107481711011,0.6631226582407952,0.0,0.0,0.0,0.0,0.20875,26.725,0.4375,79.29125,68.83125,21.9925,101.28999999999999,125.1375,35.695,22.35857142857143,27.101785714285715,22.94892857142857,25.87607142857143,29.400178571428572,27.946607142857143,27.225892857142856,80.03035714285714,88.22446428571429,90.46892857142856,237.52624999999995,289.69624999999996,27.387499999999974,6638.05279486607,17.0,16.0,9.0
2022-11-07,division,Sylhet,Sylhet,26.0,26.0,13.0,21.0,21.0,9.0,1.0,20.25,12.625,26.0,26.0,5.377421934967226,1.2705882352941176,1.5596330275229358,849.0,16.21657018255286,11,-0.7485107481711011,0.6631226582407952,0.0,0.0,0.0,0.0,0.0,118.94749999999999,6.5925,130.6525,66.5875,60.4775,170.505,204.6225,61.345,22.76857142857143,27.59392857142857,23.712857142857143,26.419285714285714,29.7925,28.243928571428572,27.29285714285714,75.6867857142857,88.68,90.23107142857144,395.6925,446.27,125.69,11175.91070625,8.0,4.0,0.0
2022-11-14,division,Barishal,Barishal,300.0,300.0,344.0,413.0,349.0,393.0,95.0,351.5,295.625,413.0,413.0,46.536723849736845,0.8539007092198582,1.1883691529709228,725.4285714285714,16.02379618021547,11,-0.6631226582407955,0.7485107481711007,0.0,0.0,0.0,0.0,2.856666666666667,7.18,259.88,46.68333333333334,59.50666666666667,108.10666666666667,41.33833333333333,132.75333333333333,74.83,22.123095238095235,26.82547619047619,25.238809523809522,27.01095238095238,30.062142857142856,27.71738095238095,27.940952380952382,79.98238095238095,83.45714285714286,87.72666666666667,274.95666666666665,462.9916666666667,272.555,7621.078675396824,202.0,107.0,62.0
2022-11-14,division,Chattogram,Chattogram,728.0,728.0,888.0,816.0,835.0,689.0,321.0,816.75,648.5,888.0,888.0,66.55010643617837,0.8914704983185571,1.2590454195535028,647.7142857142857,17.31813049167358,11,-0.6631226582407955,0.7485107481711007,0.0,0.0,0.0,0.0,1.7254545454545456,5.828181818181818,112.48181818181818,37.38181818181818,73.49727272727273,77.85545454545455,53.03818181818181,137.7209090909091,69.35272727272728,22.00246753246753,27.150779220779217,25.57038961038961,26.88181818181818,30.418701298701297,27.691038961038963,27.54194805194805,78.27428571428571,82.84831168831168,87.25,285.29545454545456,433.51181818181817,120.67999999999999,7900.127547225503,707.0,520.0,279.0
2022-11-14,division,Dhaka,Dhaka,3042.0,3042.0,3429.0,3876.0,3869.0,4036.0,1995.0,3554.0,3290.625,3876.0,4036.0,400.2824003125792,0.8559774964838256,1.0800136710591273,284.7142857142857,17.604592364757483,11,-0.6631226582407955,0.7485107481711007,0.0,0.0,0.0,0.0,0.7876923076923077,4.020769230769231,186.1207692307692,21.83230769230769,49.71230769230769,65.85,33.604615384615386,93.17692307692307,55.10000000000001,21.647472527472527,27.056153846153848,24.96956043956044,26.34824175824176,30.514175824175823,27.45945054945055,27.75175824175824,78.20758241758242,84.09274725274726,89.17461538461538,208.1623076923077,365.93615384615384,191.12846153846155,5716.022594336434,2075.0,1621.0,677.0
2022-11-14,division,Khulna,Khulna,283.0,283.0,369.0,382.0,318.0,374.0,146.0,338.0,306.25,382.0,382.0,45.90570044486123,0.8377581120943953,1.1033360455655004,721.8571428571429,16.659378702207434,11,-0.6631226582407955,0.7485107481711007,0.0,0.0,0.0,0.0,0.6639999999999999,1.739,143.909,25.12,40.995999999999995,52.80800000000001,21.398,89.46000000000001,57.44,20.807285714285715,27.172571428571427,24.40142857142857,25.854285714285716,30.435142857142857,27.222857142857144,27.837428571428568,77.64228571428572,84.36971428571428,89.12414285714286,149.51399999999995,358.2049999999999,147.01299999999998,4070.198262857142,158.0,121.0,57.0
2022-11-14,division,Mymensingh,Mymensingh,86.9999,86.9999,121.0,117.0,136.0,94.0,39.0,115.249975,88.2499875,136.0,136.0,20.532540433886084,0.7569885498900106,1.3025209107172144,757.2857142857143,16.31903432869183,11,-0.6631226582407955,0.7485107481711007,0.0,0.0,0.0,0.0,0.085,0.1925,130.3825,7.6625,79.63250000000001,46.955,65.6275,62.19,39.575,21.747142857142858,26.91464285714286,24.78142857142857,26.194642857142856,30.888928571428572,27.18107142857143,27.516785714285714,75.74392857142857,82.18071428571429,90.06214285714285,233.2625,416.61,130.695,6340.3246741071425,58.0,50.0,12.0
2022-11-14,division,Rajshahi,Rajshahi,147.0,147.0,218.0,307.0,254.0,267.0,99.0,231.5,214.125,307.0,307.0,67.15405175167518,0.6365591397849463,1.0807669959325974,743.4285714285714,16.828744725921833,11,-0.6631226582407955,0.7485107481711007,0.0,0.0,0.0,0.0,0.01,0.05875,74.43,3.7687500000000003,52.23875,42.32875,19.935,68.55499999999999,44.49875,20.731607142857143,26.78214285714286,24.25107142857143,25.31392857142857,30.425,27.364107142857144,27.954642857142858,77.16142857142857,84.15392857142857,88.87035714285715,139.53124999999994,348.2612499999999,74.51624999999996,3818.148074776784,103.0,58.0,22.0
2022-11-14,division,Rangpur,Rangpur,17.0,17.0,27.0,32.0,22.0,8.0,4.0,24.5,15.625,32.0,32.0,6.454972243679028,0.7058823529411765,1.5338345864661653,770.7142857142857,16.68403182311846,11,-0.6631226582407955,0.7485107481711007,0.0,0.0,0.0,0.0,0.20750000000000002,0.01625,26.725,0.4375,79.29125,68.83125,45.4125,42.02875,86.83500000000001,20.520535714285714,26.2175,23.390535714285715,24.792857142857144,29.791785714285712,27.09375,27.57625,78.88267857142857,82.22339285714285,90.36375,215.52749999999997,355.29125,27.157499999999974,5839.448203124999,16.0,4.0,0.0
2022-11-14,division,Sylhet,Sylhet,8.0,8.0,26.0,13.0,21.0,21.0,4.0,17.0,13.125,26.0,26.0,8.04155872120988,0.5,1.2743362831858407,770.8571428571429,16.21657018255286,11,-0.6631226582407955,0.7485107481711007,0.0,0.0,0.0,0.0,0.017499999999999998,0.15,118.94749999999999,6.5925,130.6525,66.5875,98.1225,97.395,82.9075,21.46392857142857,26.88607142857143,25.07392857142857,26.5275,30.90714285714286,26.970714285714287,27.615000000000002,73.72392857142857,79.80821428571429,88.30892857142857,355.84000000000003,555.4300000000001,119.115,9597.258971428573,4.0,8.0,1.0
2022-11-21,division,Barishal,Barishal,202.0,202.0,300.0,344.0,413.0,349.0,134.0,314.75,304.125,413.0,413.0,88.39070463949626,0.6429136975455265,1.0348217943465792,615.9999857142857,16.02379618021547,11,-0.5680647467311559,0.8229838658936564,0.0,0.0,0.0,0.0,99.90666666666668,2.638333333333333,7.18,259.88,46.68333333333334,59.50666666666667,66.005,211.65666666666667,43.751666666666665,21.261190476190478,26.27595238095238,23.847142857142856,24.858809523809526,28.239523809523806,27.282857142857143,28.157619047619047,81.45952380952382,81.35452380952381,85.50642857142857,280.3016666666667,429.5,112.58166666666668,7647.430328571429,107.0,79.0,24.0
2022-11-21,division,Chattogram,Chattogram,707.0,707.0,728.0,888.0,816.0,835.0,336.0,784.75,694.875,888.0,888.0,83.47205121076954,0.9010499522748966,1.129153942877672,554.8571285714286,17.31813049167358,11,-0.5680647467311559,0.8229838658936564,0.0,0.0,0.0,0.0,4.757272727272727,0.6445454545454545,5.828181818181818,112.48181818181818,37.38181818181818,73.49727272727273,80.90454545454546,139.5909090909091,86.84727272727272,21.906623376623376,27.01116883116883,23.527662337662335,24.523636363636363,28.31194805194805,27.08233766233766,27.741038961038964,82.0164935064935,83.57948051948051,86.21194805194806,269.6390909090909,417.19727272727266,12.955454545454545,7302.456906965761,520.0,394.0,115.0
2022-11-21,division,Dhaka,Dhaka,2075.0,2075.0,3042.0,3429.0,3876.0,3869.0,2521.0,3105.5,3234.875,3876.0,4036.0,766.8735228184631,0.668276195074843,0.9600185421253912,224.28569999999996,17.604592364757483,11,-0.5680647467311559,0.8229838658936564,0.0,0.0,0.0,0.0,10.557692307692305,0.1992307692307692,4.020769230769231,186.1207692307692,21.83230769230769,49.71230769230769,58.99538461538462,153.66846153846154,63.99076923076923,20.75098901098901,26.618461538461535,23.257582417582416,24.06153846153846,28.026813186813186,26.769560439560443,28.075494505494508,80.15835164835165,81.51912087912089,85.67725274725275,196.39000000000001,344.4407692307692,15.565384615384641,5257.273974725276,1621.0,1059.0,418.0
2022-11-21,division,Khulna,Khulna,158.0,158.0,283.0,369.0,382.0,318.0,233.0,298.0,296.875,382.0,382.0,103.15360714326313,0.5317725752508361,1.0037767519932859,618.4285571428571,16.659378702207434,11,-0.5680647467311559,0.8229838658936564,0.0,0.0,0.0,0.0,25.631999999999998,0.701,1.739,143.909,25.12,40.995999999999995,34.312,178.702,32.603,19.971714285714285,26.633,22.937857142857144,24.25985714285714,28.542857142857144,26.601857142857142,27.986857142857144,77.17114285714287,80.95242857142857,86.756,153.23599999999996,322.16299999999995,28.73599999999997,4076.362181142856,121.0,71.0,30.0
2022-11-21,division,Mymensingh,Mymensingh,58.0,58.0,86.9999,121.0,117.0,136.0,28.0,95.749975,91.9999875,121.0,136.0,29.386798339886692,0.6098192790230694,1.0403224516562435,646.4285714285714,16.31903432869183,11,-0.5680647467311559,0.8229838658936564,0.0,0.0,0.0,0.0,2.245,0.035,0.1925,130.3825,7.6625,79.63250000000001,41.0475,173.425,141.42000000000002,20.729642857142856,26.370357142857145,22.990357142857142,23.7475,27.698571428571427,26.379642857142855,28.21392857142857,78.42357142857144,81.93285714285713,83.72678571428571,175.2975,442.6625,2.5575,4624.28544375,50.0,27.0,14.0
2022-11-21,division,Rajshahi,Rajshahi,103.0,103.0,147.0,218.0,307.0,254.0,161.0,193.75,206.875,307.0,307.0,89.13426202458103,0.5340179717586649,0.9368610944076969,637.8571285714286,16.828744725921833,11,-0.5680647467311559,0.8229838658936564,0.0,0.0,0.0,0.0,0.365,0.0175,0.05875,74.43,3.7687500000000003,52.23875,25.02875,141.89,93.3175,19.83142857142857,26.09732142857143,23.066964285714285,23.97267857142857,28.260714285714286,26.37,28.12982142857143,77.67803571428571,80.79714285714286,85.09589285714286,123.36499999999994,323.69749999999993,0.45124999999994314,3253.1350499999985,58.0,40.0,11.0
2022-11-21,division,Rangpur,Rangpur,16.0,16.0,17.0,27.0,32.0,22.0,1.0,23.0,17.5,32.0,32.0,7.788880963698615,0.7083333333333334,1.2972972972972974,656.4285571428571,16.68403182311846,11,-0.5680647467311559,0.8229838658936564,0.0,0.0,0.0,0.0,0.12875,0.20875,0.01625,26.725,0.4375,79.29125,21.9925,101.28999999999999,125.1375,20.018392857142857,25.86,22.35857142857143,22.94892857142857,27.643571428571427,25.87607142857143,27.946607142857143,78.81178571428572,83.33535714285713,85.16857142857143,170.55249999999998,313.86875,0.5612499999999716,4413.228672321428,4.0,9.0,1.0
2022-11-21,division,Sylhet,Sylhet,4.0,4.0,8.0,26.0,13.0,21.0,1.0,12.75,13.5,26.0,26.0,9.569918146637061,0.36363636363636365,0.9482758620689655,657.7142714285714,16.21657018255286,11,-0.5680647467311559,0.8229838658936564,0.0,0.0,0.0,0.0,0.7775000000000001,0.0,0.15,118.94749999999999,6.5925,130.6525,60.4775,170.505,204.6225,21.289285714285715,26.824285714285715,22.76857142857143,23.712857142857143,27.793214285714285,26.419285714285714,28.243928571428572,75.78821428571429,81.96357142857143,82.755,264.31,570.645,0.9450000000000001,6982.881407142857,8.0,0.0,0.0
2022-11-28,division,Barishal,Barishal,107.0,107.0,202.0,300.0,344.0,413.0,140.0,238.25,300.0,344.0,413.0,105.7303961340667,0.45141065830721006,0.7948504983388704,445.85714285714283,16.02379618021547,11,-0.4647231720437684,0.88545602565321,0.0,0.0,0.0,0.0,0.8150000000000001,2.856666666666667,2.638333333333333,7.18,259.88,46.68333333333334,108.10666666666667,41.33833333333333,132.75333333333333,21.67357142857143,26.415476190476188,22.123095238095235,25.238809523809522,28.98595238095238,27.01095238095238,27.71738095238095,80.43595238095237,79.125,86.7297619047619,474.1766666666667,451.75333333333333,106.21666666666667,12807.963363492063,79.0,62.0,32.0
2022-11-28,division,Chattogram,Chattogram,520.0,520.0,707.0,728.0,888.0,816.0,324.0,710.75,719.375,888.0,888.0,150.68150738118686,0.7319985950122937,0.9880270692347736,373.7142857142857,17.31813049167358,11,-0.4647231720437684,0.88545602565321,0.0,0.0,0.0,0.0,1.2063636363636363,1.7254545454545456,0.6445454545454545,5.828181818181818,112.48181818181818,37.38181818181818,77.85545454545455,53.03818181818181,137.7209090909091,22.51,27.25025974025974,22.00246753246753,25.57038961038961,29.597532467532464,26.88181818181818,27.691038961038963,82.96220779220779,81.01324675324676,84.96064935064935,301.21636363636367,411.25454545454545,8.333636363636364,8097.243520661157,394.0,279.0,111.0
2022-11-28,division,Dhaka,Dhaka,1621.0,1621.0,2075.0,3042.0,3429.0,3876.0,2428.0,2541.75,3134.0,3429.0,4036.0,837.2770847614704,0.6378920460131747,0.8110845295055822,178.28571428571428,17.604592364757483,11,-0.4647231720437684,0.88545602565321,0.0,0.0,0.0,0.0,0.01846153846153846,0.7876923076923077,0.1992307692307692,4.020769230769231,186.1207692307692,21.83230769230769,65.85,33.604615384615386,93.17692307692307,20.77351648351648,26.803516483516486,21.647472527472527,24.96956043956044,29.375824175824178,26.34824175824176,27.45945054945055,79.83648351648351,79.33912087912087,88.14362637362638,323.5153846153846,339.4453846153846,11.563076923076949,8524.06156635672,1059.0,677.0,219.0
2022-11-28,division,Khulna,Khulna,121.0,121.0,158.0,283.0,369.0,382.0,201.0,232.75,286.875,369.0,382.0,114.25811422680958,0.5219251336898396,0.8119843682153712,452.14285714285717,16.659378702207434,11,-0.4647231720437684,0.88545602565321,0.0,0.0,0.0,0.0,0.022,0.6639999999999999,0.701,1.739,143.909,25.12,52.80800000000001,21.398,89.46000000000001,20.141285714285715,26.706,20.807285714285715,24.40142857142857,29.15414285714286,25.854285714285716,27.222857142857144,74.94942857142857,78.22457142857142,89.17271428571429,262.83299999999997,323.87199999999996,27.018999999999966,6795.359477142857,71.0,57.0,25.0
2022-11-28,division,Mymensingh,Mymensingh,50.0,50.0,58.0,86.9999,121.0,117.0,40.0,78.999975,93.2499875,121.0,136.0,32.197300093887286,0.6375001992188122,0.8488062133695243,466.42857142857144,16.31903432869183,11,-0.4647231720437684,0.88545602565321,0.0,0.0,0.0,0.0,0.0,0.085,0.035,0.1925,130.3825,7.6625,46.955,65.6275,62.19,20.854642857142856,26.72714285714286,21.747142857142858,24.78142857142857,29.20392857142857,26.194642857142856,27.18107142857143,77.49000000000001,79.95535714285714,89.62392857142856,264.6325,342.29,2.365,6931.953825892857,27.0,12.0,6.0
2022-11-28,division,Rajshahi,Rajshahi,58.0,58.0,103.0,147.0,218.0,307.0,133.0,131.5,197.5,218.0,307.0,68.15912753745215,0.44528301886792454,0.6675062972292192,460.0,16.828744725921833,11,-0.4647231720437684,0.88545602565321,0.0,0.0,0.0,0.0,0.0,0.01,0.0175,0.05875,74.43,3.7687500000000003,42.32875,19.935,68.55499999999999,19.74875,26.233392857142857,20.731607142857143,24.25107142857143,28.9075,25.31392857142857,27.364107142857144,75.74053571428571,79.67232142857142,88.48160714285714,172.76624999999996,255.40874999999994,0.3924999999999431,4373.39251205357,40.0,22.0,7.0
2022-11-28,division,Rangpur,Rangpur,4.0,4.0,16.0,17.0,27.0,32.0,2.0,16.0,17.75,27.0,32.0,9.41629792788369,0.29411764705882354,0.9066666666666666,472.42857142857144,16.68403182311846,11,-0.4647231720437684,0.88545602565321,0.0,0.0,0.0,0.0,0.0,0.20750000000000002,0.20875,0.01625,26.725,0.4375,68.83125,45.4125,42.02875,19.95375,26.198571428571427,20.520535714285714,23.390535714285715,28.245,24.792857142857144,27.09375,77.10482142857143,81.82696428571428,89.68732142857142,175.28499999999997,210.72374999999997,0.5449999999999716,4345.815964285714,9.0,0.0,2.0
2022-11-28,division,Sylhet,Sylhet,8.0,8.0,4.0,8.0,26.0,13.0,6.0,11.5,13.75,26.0,26.0,9.848857801796104,0.72,0.847457627118644,474.14285714285717,16.21657018255286,11,-0.4647231720437684,0.88545602565321,0.0,0.0,0.0,0.0,0.0,0.017499999999999998,0.0,0.15,118.94749999999999,6.5925,66.5875,98.1225,97.395,21.601785714285715,26.843214285714286,21.46392857142857,25.07392857142857,29.52357142857143,26.5275,26.970714285714287,78.34892857142857,79.30285714285715,88.51964285714286,322.78,426.50000000000006,0.795,8562.54645,0.0,1.0,0.0
2022-12-05,division,Barishal,Barishal,79.0,79.0,107.0,202.0,300.0,344.0,292.0,172.0,273.375,300.0,413.0,100.26298752115193,0.4624277456647399,0.6305239179954442,340.2857142857143,16.02379618021547,12,-0.35460488704253595,0.9350162426854147,0.0,0.0,0.0,0.0,0.0,99.90666666666668,2.856666666666667,2.638333333333333,7.18,259.88,59.50666666666667,66.005,211.65666666666667,20.185238095238095,25.203571428571433,21.261190476190478,23.847142857142856,27.81309523809524,24.858809523809526,27.282857142857143,82.1697619047619,74.18119047619048,85.75857142857143,373.25,427.1066666666667,103.57833333333335,9278.550654761906,62.0,24.0,25.0
2022-12-05,division,Chattogram,Chattogram,394.0,394.0,520.0,707.0,728.0,888.0,572.0,587.25,697.125,728.0,888.0,159.18411771697996,0.671483212919677,0.8426141450313339,281.2857142857143,17.31813049167358,12,-0.35460488704253595,0.9350162426854147,0.0,0.0,0.0,0.0,0.0,4.757272727272727,1.7254545454545456,0.6445454545454545,5.828181818181818,112.48181818181818,73.49727272727273,80.90454545454546,139.5909090909091,20.48805194805195,25.8212987012987,21.906623376623376,23.527662337662335,27.79077922077922,24.523636363636363,27.08233766233766,76.7738961038961,75.84987012987013,85.70571428571428,229.1890909090909,351.3890909090909,7.6890909090909085,5620.5499239669425,279.0,115.0,65.0
2022-12-05,division,Dhaka,Dhaka,1059.0,1059.0,1621.0,2075.0,3042.0,3429.0,3124.0,1949.25,2875.875,3042.0,4036.0,838.6911926726467,0.543520061530573,0.6779057136650011,124.0,17.604592364757483,12,-0.35460488704253595,0.9350162426854147,0.0,0.0,0.0,0.0,0.0,10.557692307692305,0.7876923076923077,0.1992307692307692,4.020769230769231,186.1207692307692,49.71230769230769,58.99538461538462,153.66846153846154,19.835714285714285,25.756593406593407,20.75098901098901,23.257582417582416,27.973736263736264,24.06153846153846,26.769560439560443,80.1387912087912,75.1989010989011,88.2978021978022,261.68615384615384,312.1184615384616,11.363846153846179,6296.5714556213015,677.0,418.0,126.0
2022-12-05,division,Khulna,Khulna,71.0,71.0,121.0,158.0,283.0,369.0,290.0,158.25,259.5,283.0,382.0,90.48526583556757,0.4521193092621664,0.6113243761996161,338.2857142857143,16.659378702207434,12,-0.35460488704253595,0.9350162426854147,0.0,0.0,0.0,0.0,0.0,25.631999999999998,0.6639999999999999,0.701,1.739,143.909,40.995999999999995,34.312,178.702,18.98914285714286,25.83485714285714,19.971714285714285,22.937857142857144,28.168714285714287,24.25985714285714,26.601857142857142,76.52814285714285,75.94328571428571,88.05071428571429,211.76399999999998,287.21999999999997,26.317999999999966,5137.364387999999,57.0,30.0,7.0
2022-12-05,division,Mymensingh,Mymensingh,27.0,27.0,50.0,58.0,86.9999,121.0,83.0,55.499975,86.2499875,86.9999,136.0,24.772253968284115,0.49557544052010644,0.6475642761553404,348.42857142857144,16.31903432869183,12,-0.35460488704253595,0.9350162426854147,0.0,0.0,0.0,0.0,0.0,2.245,0.085,0.035,0.1925,130.3825,79.63250000000001,41.0475,173.425,19.826785714285716,25.81285714285714,20.729642857142856,22.990357142857142,27.5625,23.7475,26.379642857142855,79.80535714285713,76.08571428571429,89.01107142857143,217.87,327.055,2.33,5173.867825,12.0,14.0,1.0
2022-12-05,division,Rajshahi,Rajshahi,40.0,40.0,58.0,103.0,147.0,218.0,226.0,87.0,174.25,147.0,307.0,47.979162143580645,0.4659090909090909,0.5021398002853067,347.2857142857143,16.828744725921833,12,-0.35460488704253595,0.9350162426854147,0.0,0.0,0.0,0.0,0.0,0.365,0.01,0.0175,0.05875,74.43,52.23875,25.02875,141.89,18.821964285714287,25.315357142857142,19.83142857142857,23.066964285714285,27.746964285714284,23.97267857142857,26.37,78.15464285714286,75.33696428571429,87.37357142857142,130.49624999999995,229.18249999999992,0.37499999999994316,3128.3446560267844,22.0,11.0,1.0
2022-12-05,division,Rangpur,Rangpur,9.0,9.0,4.0,16.0,17.0,27.0,16.0,11.5,16.875,17.0,32.0,6.137317546507324,0.8,0.6993006993006993,355.0,16.68403182311846,12,-0.35460488704253595,0.9350162426854147,0.0,0.0,0.0,0.0,0.0,0.12875,0.20750000000000002,0.20875,0.01625,26.725,79.29125,21.9925,101.28999999999999,19.027142857142856,25.427142857142858,20.018392857142857,22.35857142857143,27.101785714285715,22.94892857142857,25.87607142857143,79.80946428571428,80.03035714285714,88.22446428571429,106.46999999999998,237.52624999999995,0.3362499999999716,2443.3724249999996,0.0,1.0,2.0
2022-12-05,division,Sylhet,Sylhet,0.0,0.0,8.0,4.0,8.0,26.0,9.0,5.0,12.625,8.0,26.0,3.8297084310253533,0.16666666666666666,0.44036697247706424,354.42857142857144,16.21657018255286,12,-0.35460488704253595,0.9350162426854147,0.0,0.0,0.0,0.0,0.0,0.7775000000000001,0.017499999999999998,0.0,0.15,118.94749999999999,130.6525,60.4775,170.505,19.43035714285714,25.100714285714286,21.289285714285715,22.76857142857143,27.59392857142857,23.712857142857143,26.419285714285714,74.965,75.6867857142857,88.68,256.34250000000003,395.6925,0.795,6078.613082142858,1.0,0.0,1.0
2022-12-12,division,Barishal,Barishal,62.0,62.0,79.0,107.0,202.0,300.0,393.0,112.5,232.0,202.0,413.0,62.4846647853162,0.5550660792951542,0.4871244635193133,228.57142857142858,16.02379618021547,12,-0.2393156642875578,0.970941817426052,0.0,0.0,1.0,4.0,0.0,0.8150000000000001,99.90666666666668,2.856666666666667,2.638333333333333,7.18,46.68333333333334,108.10666666666667,41.33833333333333,19.716666666666665,24.707619047619048,21.67357142857143,22.123095238095235,26.82547619047619,25.238809523809522,27.01095238095238,75.84095238095239,79.98238095238095,83.45714285714286,316.38166666666666,274.95666666666665,100.72166666666668,7985.096621825396,24.0,32.0,5.0
2022-12-12,division,Chattogram,Chattogram,279.0,279.0,394.0,520.0,707.0,728.0,689.0,475.0,645.875,707.0,888.0,183.32666654545014,0.5882352941176471,0.7358454106280193,183.57142857142858,17.31813049167358,12,-0.2393156642875578,0.970941817426052,0.0,0.0,1.0,4.0,0.0,1.2063636363636363,4.757272727272727,1.7254545454545456,0.6445454545454545,5.828181818181818,37.38181818181818,77.85545454545455,53.03818181818181,19.198831168831166,24.64727272727273,22.51,22.00246753246753,27.150779220779217,25.57038961038961,26.88181818181818,77.99805194805195,78.27428571428571,82.84831168831168,156.33636363636361,285.29545454545456,5.963636363636363,3997.5817284533646,115.0,111.0,32.0
2022-12-12,division,Dhaka,Dhaka,677.0,677.0,1059.0,1621.0,2075.0,3042.0,4036.0,1358.0,2456.0,2075.0,3876.0,615.4727180522842,0.4988962472406181,0.5531135531135531,88.57142857142857,17.604592364757483,12,-0.2393156642875578,0.970941817426052,0.0,0.0,1.0,4.0,0.0,0.01846153846153846,10.557692307692305,0.7876923076923077,0.1992307692307692,4.020769230769231,21.83230769230769,65.85,33.604615384615386,18.933736263736265,24.770439560439563,20.77351648351648,21.647472527472527,27.056153846153848,24.96956043956044,26.34824175824176,75.56428571428572,78.20758241758242,84.09274725274726,212.17307692307693,208.1623076923077,10.576153846153872,5297.868467878276,418.0,219.0,64.0
2022-12-12,division,Khulna,Khulna,57.0,57.0,71.0,121.0,158.0,283.0,374.0,101.75,219.875,158.0,382.0,46.48566087157055,0.5644768856447688,0.46519524617996605,229.71428571428572,16.659378702207434,12,-0.2393156642875578,0.970941817426052,0.0,0.0,1.0,4.0,0.0,0.022,25.631999999999998,0.6639999999999999,0.701,1.739,25.12,52.80800000000001,21.398,18.97785714285714,25.82257142857143,20.141285714285715,20.807285714285715,27.172571428571427,24.40142857142857,25.854285714285716,66.95828571428572,77.64228571428572,84.36971428571428,171.46899999999997,149.51399999999995,25.653999999999968,4184.088555714285,30.0,25.0,4.0
2022-12-12,division,Mymensingh,Mymensingh,12.0,12.0,27.0,50.0,58.0,86.9999,94.0,36.75,75.9999875,58.0,136.0,21.093047827819202,0.3443708609271523,0.4902598198473733,236.0,16.31903432869183,12,-0.2393156642875578,0.970941817426052,0.0,0.0,1.0,4.0,0.0,0.0,2.245,0.085,0.035,0.1925,7.6625,46.955,65.6275,18.708214285714284,24.289285714285715,20.854642857142856,21.747142857142858,26.91464285714286,24.78142857142857,26.194642857142856,78.46821428571428,75.74392857142857,82.18071428571429,138.2725,233.2625,2.245,3426.590082142857,14.0,6.0,0.0
2022-12-12,division,Rajshahi,Rajshahi,22.0,22.0,40.0,58.0,103.0,147.0,267.0,55.75,143.625,103.0,307.0,34.75989067876943,0.4052863436123348,0.3923941227312014,234.14285714285714,16.828744725921833,12,-0.2393156642875578,0.970941817426052,0.0,0.0,1.0,4.0,0.0,0.0,0.365,0.01,0.0175,0.05875,3.7687500000000003,42.32875,19.935,18.378035714285716,24.498214285714287,19.74875,20.731607142857143,26.78214285714286,24.25107142857143,25.31392857142857,71.64607142857143,77.16142857142857,84.15392857142857,78.27499999999995,139.53124999999994,0.36499999999994315,1898.2526160714274,11.0,7.0,2.0
2022-12-12,division,Rangpur,Rangpur,0.0,0.0,9.0,4.0,16.0,17.0,8.0,7.25,15.875,16.0,32.0,6.898067362191626,0.12121212121212122,0.4888888888888889,238.57142857142858,16.68403182311846,12,-0.2393156642875578,0.970941817426052,0.0,0.0,1.0,4.0,0.0,0.0,0.12875,0.20750000000000002,0.20875,0.01625,0.4375,68.83125,45.4125,17.978928571428572,24.11357142857143,19.95375,20.520535714285714,26.2175,23.390535714285715,24.792857142857144,77.47696428571429,78.88267857142857,82.22339285714285,27.387499999999974,215.52749999999997,0.12874999999997158,640.6082968749994,1.0,2.0,0.0
2022-12-12,division,Sylhet,Sylhet,1.0,1.0,0.0,8.0,4.0,8.0,21.0,3.25,10.125,8.0,26.0,3.593976442141305,0.47058823529411764,0.38202247191011235,239.85714285714286,16.21657018255286,12,-0.2393156642875578,0.970941817426052,0.0,0.0,1.0,4.0,0.0,0.0,0.7775000000000001,0.017499999999999998,0.0,0.15,6.5925,66.5875,98.1225,18.765,24.231428571428573,21.601785714285715,21.46392857142857,26.88607142857143,25.07392857142857,26.5275,80.66357142857143,73.72392857142857,79.80821428571429,125.69,355.84000000000003,0.7775000000000001,3151.542082142857,0.0,0.0,2.0
2022-12-19,division,Barishal,Barishal,24.0,24.0,62.0,79.0,107.0,202.0,349.0,68.0,191.375,107.0,413.0,34.70830832332034,0.36231884057971014,0.3586744639376218,149.71428571428572,16.02379618021547,12,-0.12053668025532363,0.992708874098054,0.0,0.0,1.0,7.0,0.0,0.0,0.8150000000000001,99.90666666666668,2.856666666666667,2.638333333333333,259.88,59.50666666666667,66.005,19.829761904761906,24.841190476190476,20.185238095238095,21.261190476190478,26.27595238095238,23.847142857142856,24.858809523809526,73.52619047619048,81.45952380952382,81.35452380952381,272.555,280.3016666666667,0.8150000000000001,6499.658021428571,32.0,25.0,3.0
2022-12-19,division,Chattogram,Chattogram,115.0,115.0,279.0,394.0,520.0,707.0,835.0,327.0,555.875,520.0,888.0,172.22659492656763,0.35365853658536583,0.5890011223344557,118.71428571428571,17.31813049167358,12,-0.12053668025532363,0.992708874098054,0.0,0.0,1.0,7.0,0.012727272727272728,0.0,1.2063636363636363,4.757272727272727,1.7254545454545456,0.6445454545454545,112.48181818181818,73.49727272727273,80.90454545454546,19.389480519480518,24.584805194805195,20.48805194805195,21.906623376623376,27.01116883116883,23.527662337662335,24.523636363636363,74.37714285714286,82.0164935064935,83.57948051948051,120.67999999999999,269.6390909090909,1.219090909090909,2839.3182909090906,111.0,65.0,16.0
2022-12-19,division,Dhaka,Dhaka,418.0,418.0,677.0,1059.0,1621.0,2075.0,3869.0,943.75,2024.625,1621.0,3876.0,522.6594652990286,0.4435035723736438,0.4663992594878124,61.857142857142854,17.604592364757483,12,-0.12053668025532363,0.992708874098054,0.0,0.0,1.0,7.0,0.08076923076923077,0.0,0.01846153846153846,10.557692307692305,0.7876923076923077,0.1992307692307692,186.1207692307692,49.71230769230769,58.99538461538462,19.133296703296704,25.13769230769231,19.835714285714285,20.75098901098901,26.618461538461535,23.257582417582416,24.06153846153846,72.48043956043956,80.15835164835165,81.51912087912089,191.12846153846155,196.39000000000001,0.09923076923079766,4445.1859465765,219.0,126.0,52.0
2022-12-19,division,Khulna,Khulna,30.0,30.0,57.0,71.0,121.0,158.0,318.0,69.75,183.875,121.0,382.0,38.169577763798564,0.4381625441696113,0.38269100743745776,150.42857142857142,16.659378702207434,12,-0.12053668025532363,0.992708874098054,0.0,0.0,1.0,7.0,0.0,0.0,0.022,25.631999999999998,0.6639999999999999,0.701,143.909,40.995999999999995,34.312,19.187285714285714,26.30385714285714,18.98914285714286,19.971714285714285,26.633,22.937857142857144,24.25985714285714,68.5022857142857,77.17114285714287,80.95242857142857,147.01299999999998,153.23599999999996,0.021999999999971577,3372.1631921428566,25.0,7.0,2.0
2022-12-19,division,Mymensingh,Mymensingh,14.0,14.0,12.0,27.0,50.0,58.0,136.0,25.75,60.7499875,50.0,121.0,17.480942003603104,0.5607476635514018,0.4331984682587992,156.85714285714286,16.31903432869183,12,-0.12053668025532363,0.992708874098054,0.0,0.0,1.0,7.0,0.1475,0.0,0.0,2.245,0.085,0.035,130.3825,79.63250000000001,41.0475,18.69607142857143,24.419642857142858,19.826785714285716,20.729642857142856,26.370357142857145,22.990357142857142,23.7475,73.36892857142857,78.42357142857144,81.93285714285713,130.695,175.2975,0.1475,3004.724726785714,6.0,1.0,1.0
2022-12-19,division,Rajshahi,Rajshahi,11.0,11.0,22.0,40.0,58.0,103.0,254.0,32.75,113.25,58.0,307.0,20.645822822062623,0.35555555555555557,0.29540481400437635,155.42857142857142,16.828744725921833,12,-0.12053668025532363,0.992708874098054,0.0,0.0,1.0,7.0,0.0,0.0,0.0,0.365,0.01,0.0175,74.43,52.23875,25.02875,18.524107142857144,24.83642857142857,18.821964285714287,19.83142857142857,26.09732142857143,23.066964285714285,23.97267857142857,69.60607142857143,77.67803571428571,80.79714285714286,74.51624999999996,123.36499999999994,0.0,1718.863677455356,7.0,1.0,1.0
2022-12-19,division,Rangpur,Rangpur,1.0,1.0,0.0,9.0,4.0,16.0,22.0,3.5,13.25,9.0,32.0,4.041451884327381,0.4444444444444444,0.3157894736842105,158.57142857142858,16.68403182311846,12,-0.12053668025532363,0.992708874098054,0.0,0.0,1.0,7.0,0.005,0.0,0.0,0.12875,0.20750000000000002,0.20875,26.725,79.29125,21.9925,17.962857142857143,24.386785714285715,19.027142857142856,20.018392857142857,25.86,22.35857142857143,22.94892857142857,73.77357142857143,78.81178571428572,83.33535714285713,27.157499999999974,170.55249999999998,0.004999999999971578,607.202903571428,2.0,2.0,0.0
2022-12-19,division,Sylhet,Sylhet,0.0,0.0,1.0,0.0,8.0,4.0,21.0,2.25,7.5,8.0,26.0,3.8622100754188233,0.3076923076923077,0.38235294117647056,158.42857142857142,16.21657018255286,12,-0.12053668025532363,0.992708874098054,0.0,0.0,1.0,7.0,1.005,0.0,0.0,0.7775000000000001,0.017499999999999998,0.0,118.94749999999999,130.6525,60.4775,18.55392857142857,23.965,19.43035714285714,21.289285714285715,26.824285714285715,22.76857142857143,23.712857142857143,76.17428571428572,75.78821428571429,81.96357142857143,119.115,264.31,1.005,2712.078385714286,0.0,1.0,0.0
2022-12-26,division,Barishal,Barishal,32.0,32.0,24.0,62.0,79.0,107.0,413.0,49.25,143.75,79.0,344.0,25.708299567779036,0.6567164179104478,0.3471502590673575,84.14285714285714,16.02379618021547,12,6.432490598706546e-16,1.0,0.0,0.0,0.0,7.0,8.6,0.0,0.0,0.8150000000000001,99.90666666666668,2.856666666666667,7.18,46.68333333333334,108.10666666666667,19.47952380952381,24.52857142857143,19.716666666666665,21.67357142857143,26.415476190476188,22.123095238095235,25.238809523809522,75.76214285714286,80.43595238095237,79.125,112.58166666666668,474.1766666666667,8.6,2490.6549337301585,25.0,5.0,8.0
2022-12-26,division,Chattogram,Chattogram,111.0,111.0,115.0,279.0,394.0,520.0,816.0,224.75,467.75,394.0,888.0,137.3229162715872,0.49612403100775193,0.4816,71.14285714285714,17.31813049167358,12,6.432490598706546e-16,1.0,0.0,0.0,0.0,7.0,19.997272727272726,0.0,0.0,1.2063636363636363,4.757272727272727,1.7254545454545456,5.828181818181818,37.38181818181818,77.85545454545455,18.576363636363638,23.601688311688314,19.198831168831166,22.51,27.25025974025974,22.00246753246753,25.57038961038961,76.61948051948052,82.96220779220779,81.01324675324676,12.955454545454545,301.21636363636367,20.009999999999998,285.05196800472254,65.0,32.0,13.0
2022-12-26,division,Dhaka,Dhaka,219.0,219.0,418.0,677.0,1059.0,1621.0,3876.0,593.25,1567.5,1059.0,3429.0,362.72705532764786,0.37021455616323096,0.37886515779407076,27.857142857142858,17.604592364757483,12,6.432490598706546e-16,1.0,0.0,0.0,0.0,7.0,6.616153846153846,0.0,0.0,0.01846153846153846,10.557692307692305,0.7876923076923077,4.020769230769231,21.83230769230769,65.85,17.97142857142857,23.93912087912088,18.933736263736265,20.77351648351648,26.803516483516486,21.647472527472527,24.96956043956044,75.64285714285714,79.83648351648351,79.33912087912087,15.565384615384641,323.5153846153846,6.696923076923105,336.9512358410825,126.0,64.0,38.0
2022-12-26,division,Khulna,Khulna,25.0,25.0,30.0,57.0,71.0,121.0,382.0,45.75,139.25,71.0,369.0,21.929812280698297,0.5561497326203209,0.3333333333333333,83.28571428571429,16.659378702207434,12,6.432490598706546e-16,1.0,0.0,0.0,0.0,7.0,2.103,0.0,0.0,0.022,25.631999999999998,0.6639999999999999,1.739,25.12,52.80800000000001,18.678857142857144,25.75857142857143,18.97785714285714,20.141285714285715,26.706,20.807285714285715,24.40142857142857,71.01,74.94942857142857,78.22457142857142,28.73599999999997,262.83299999999997,2.102999999999972,597.9181622857136,7.0,4.0,2.0
2022-12-26,division,Mymensingh,Mymensingh,6.0,6.0,14.0,12.0,27.0,50.0,117.0,14.75,46.8749875,27.0,121.0,8.845903006477192,0.4444444444444444,0.3289818091336316,85.57142857142857,16.31903432869183,12,6.432490598706546e-16,1.0,0.0,0.0,0.0,7.0,5.51,0.0,0.0,0.0,2.245,0.085,0.1925,7.6625,46.955,17.138571428571428,22.705357142857146,18.708214285714284,20.854642857142856,26.72714285714286,21.747142857142858,24.78142857142857,75.31928571428571,77.49000000000001,79.95535714285714,2.5575,264.6325,5.6575,55.61831785714286,1.0,0.0,1.0
2022-12-26,division,Rajshahi,Rajshahi,7.0,7.0,11.0,22.0,40.0,58.0,307.0,20.0,75.75,40.0,218.0,14.764823060233462,0.38095238095238093,0.2736156351791531,86.0,16.828744725921833,12,6.432490598706546e-16,1.0,0.0,0.0,0.0,7.0,4.145,0.0,0.0,0.0,0.365,0.01,0.05875,3.7687500000000003,42.32875,17.325357142857143,23.325178571428573,18.378035714285716,19.74875,26.233392857142857,20.731607142857143,24.25107142857143,73.37410714285714,75.74053571428571,79.67232142857142,0.45124999999994314,172.76624999999996,4.144999999999943,9.355137723213106,1.0,2.0,1.0
2022-12-26,division,Rangpur,Rangpur,2.0,2.0,1.0,0.0,9.0,4.0,32.0,3.0,9.5,9.0,27.0,4.08248290463863,0.75,0.38095238095238093,87.42857142857143,16.68403182311846,12,6.432490598706546e-16,1.0,0.0,0.0,0.0,7.0,0.8425,0.0,0.0,0.0,0.12875,0.20750000000000002,0.01625,0.4375,68.83125,16.28892857142857,22.111071428571428,17.978928571428572,19.95375,26.198571428571427,20.520535714285714,23.390535714285715,75.345,77.10482142857143,81.82696428571428,0.5612499999999716,175.28499999999997,0.8474999999999716,11.517150669642275,2.0,0.0,0.0
2022-12-26,division,Sylhet,Sylhet,0.0,0.0,0.0,1.0,0.0,8.0,13.0,0.25,5.875,1.0,26.0,0.5000000000000062,0.8,0.18181818181818182,87.57142857142857,16.21657018255286,12,6.432490598706546e-16,1.0,0.0,0.0,0.0,7.0,6.2625,0.0,0.0,0.0,0.7775000000000001,0.017499999999999998,0.15,6.5925,66.5875,17.157857142857143,22.519285714285715,18.765,21.601785714285715,26.843214285714286,21.46392857142857,25.07392857142857,78.425,78.34892857142857,79.30285714285715,0.9450000000000001,322.78,7.2675,20.2834125,1.0,2.0,0.0
2023-01-02,division,Barishal,Barishal,25.0,25.0,32.0,24.0,62.0,79.0,344.0,35.75,103.875,62.0,300.0,17.858238061652884,0.7074829931972789,0.3504171632896305,52.857142857142854,16.02379618021547,1,0.12053668025532305,0.992708874098054,0.0,0.0,0.0,7.0,0.04666666666666667,0.0,0.0,0.0,0.8150000000000001,99.90666666666668,2.638333333333333,259.88,59.50666666666667,16.997857142857143,22.945952380952377,19.829761904761906,20.185238095238095,25.203571428571433,21.261190476190478,23.847142857142856,79.66714285714285,82.1697619047619,74.18119047619048,106.21666666666667,373.25,8.646666666666667,2258.292781746032,5.0,3.0,6.0
2023-01-02,division,Chattogram,Chattogram,65.0,65.0,111.0,115.0,279.0,394.0,888.0,142.5,364.875,279.0,728.0,93.78521560814733,0.45993031358885017,0.39221045439016056,41.57142857142857,17.31813049167358,1,0.12053668025532305,0.992708874098054,0.0,0.0,0.0,7.0,0.021818181818181816,0.012727272727272728,0.0,0.0,1.2063636363636363,4.757272727272727,0.6445454545454545,112.48181818181818,73.49727272727273,17.19025974025974,23.50857142857143,19.389480519480518,20.48805194805195,25.8212987012987,21.906623376623376,23.527662337662335,78.4148051948052,76.7738961038961,75.84987012987013,8.333636363636364,229.1890909090909,20.03181818181818,182.56183317591498,32.0,16.0,9.0
2023-01-02,division,Dhaka,Dhaka,126.0,126.0,219.0,418.0,677.0,1059.0,3429.0,360.0,1154.625,677.0,3042.0,243.91938559013,0.3518005540166205,0.3123850730124392,26.142857142857142,17.604592364757483,1,0.12053668025532305,0.992708874098054,0.0,0.0,0.0,7.0,0.04692307692307692,0.08076923076923077,0.0,0.0,0.01846153846153846,10.557692307692305,0.1992307692307692,186.1207692307692,49.71230769230769,16.33945054945055,23.532417582417583,19.133296703296704,19.835714285714285,25.756593406593407,20.75098901098901,23.257582417582416,79.19648351648351,80.1387912087912,75.1989010989011,11.563076923076949,261.68615384615384,6.7438461538461825,239.94528216399038,64.0,52.0,29.0
2023-01-02,division,Khulna,Khulna,7.0,7.0,25.0,30.0,57.0,71.0,369.0,29.75,94.0,57.0,283.0,20.67808824174354,0.2601626016260163,0.3236842105263158,53.857142857142854,16.659378702207434,1,0.12053668025532305,0.992708874098054,0.0,0.0,0.0,7.0,0.036,0.0,0.0,0.0,0.022,25.631999999999998,0.701,143.909,40.995999999999995,15.962142857142856,24.08957142857143,19.187285714285714,18.98914285714286,25.83485714285714,19.971714285714285,22.937857142857144,72.39942857142857,76.52814285714285,75.94328571428571,27.018999999999966,211.76399999999998,2.138999999999972,539.6157482857136,4.0,2.0,2.0
2023-01-02,division,Mymensingh,Mymensingh,1.0,1.0,6.0,14.0,12.0,27.0,121.0,8.25,31.8749875,14.0,86.9999,5.909032633745479,0.21621621621621623,0.28136892827715904,56.57142857142857,16.31903432869183,1,0.12053668025532305,0.992708874098054,0.0,0.0,0.0,7.0,0.0025,0.1475,0.0,0.0,0.0,2.245,0.035,130.3825,79.63250000000001,16.775357142857143,24.126785714285713,18.69607142857143,19.826785714285716,25.81285714285714,20.729642857142856,22.990357142857142,76.83428571428573,79.80535714285713,76.08571428571429,2.365,217.87,5.66,49.02560535714286,0.0,1.0,1.0
2023-01-02,division,Rajshahi,Rajshahi,1.0,1.0,7.0,11.0,22.0,40.0,218.0,10.25,48.625,22.0,147.0,8.84590300647717,0.17777777777777778,0.22670025188916876,56.42857142857143,16.828744725921833,1,0.12053668025532305,0.992708874098054,0.0,0.0,0.0,7.0,0.0175,0.0,0.0,0.0,0.0,0.365,0.0175,74.43,52.23875,15.41392857142857,23.12625,18.524107142857144,18.821964285714287,25.315357142857142,19.83142857142857,23.066964285714285,73.60392857142857,78.15464285714286,75.33696428571429,0.3924999999999431,130.49624999999995,4.162499999999943,7.783835714284586,2.0,1.0,1.0
2023-01-02,division,Rangpur,Rangpur,2.0,2.0,2.0,1.0,0.0,9.0,27.0,1.25,6.375,2.0,17.0,0.9574271077563392,1.3333333333333333,0.3050847457627119,57.142857142857146,16.68403182311846,1,0.12053668025532305,0.992708874098054,0.0,0.0,0.0,7.0,0.0,0.005,0.0,0.0,0.0,0.12875,0.20875,26.725,79.29125,15.858749999999999,23.455892857142857,17.962857142857143,19.027142857142856,25.427142857142858,20.018392857142857,22.35857142857143,71.60660714285714,79.80946428571428,80.03035714285714,0.5449999999999716,106.46999999999998,0.8474999999999716,10.910024107142288,0.0,0.0,0.0
2023-01-02,division,Sylhet,Sylhet,1.0,1.0,0.0,0.0,1.0,0.0,26.0,0.5,2.75,1.0,8.0,0.5773502691896313,1.3333333333333333,0.4,57.42857142857143,16.21657018255286,1,0.12053668025532305,0.992708874098054,0.0,0.0,0.0,7.0,0.0,1.005,0.0,0.0,0.0,0.7775000000000001,0.0,118.94749999999999,130.6525,17.271785714285713,23.89107142857143,18.55392857142857,19.43035714285714,25.100714285714286,21.289285714285715,22.76857142857143,71.58642857142857,74.965,75.6867857142857,0.795,256.34250000000003,7.2675,16.924982142857143,2.0,0.0,0.0
2023-01-09,division,Barishal,Barishal,5.0,5.0,25.0,32.0,24.0,62.0,300.0,21.5,67.0,32.0,202.0,11.561430130683132,0.26666666666666666,0.33088235294117646,29.0,16.02379618021547,1,0.23931566428755774,0.970941817426052,0.0,0.0,0.0,7.0,0.006666666666666667,8.6,0.0,0.0,0.0,0.8150000000000001,2.856666666666667,7.18,46.68333333333334,18.859761904761907,24.843333333333334,19.47952380952381,19.716666666666665,24.707619047619048,21.67357142857143,22.123095238095235,73.59690476190475,75.84095238095239,79.98238095238095,103.57833333333335,316.38166666666666,8.653333333333332,2244.9124059523815,3.0,8.0,20.0
2023-01-09,division,Chattogram,Chattogram,32.0,32.0,65.0,111.0,115.0,279.0,728.0,80.75,277.875,115.0,707.0,39.63479111420522,0.4036697247706422,0.2931420887494397,23.285714285714285,17.31813049167358,1,0.23931566428755774,0.970941817426052,0.0,0.0,0.0,7.0,0.01,19.997272727272726,0.012727272727272728,0.0,0.0,1.2063636363636363,1.7254545454545456,5.828181818181818,37.38181818181818,18.313116883116884,24.342597402597402,18.576363636363638,19.198831168831166,24.64727272727273,22.51,22.00246753246753,72.62155844155843,77.99805194805195,78.27428571428571,7.6890909090909085,156.33636363636361,20.04181818181818,173.08143636363636,16.0,13.0,11.0
2023-01-09,division,Dhaka,Dhaka,64.0,64.0,126.0,219.0,418.0,677.0,3042.0,206.75,782.375,418.0,2075.0,154.56902449499114,0.3128760529482551,0.2651986596457635,14.571428571428571,17.604592364757483,1,0.23931566428755774,0.970941817426052,0.0,0.0,0.0,7.0,0.0,6.616153846153846,0.08076923076923077,0.0,0.0,0.01846153846153846,0.7876923076923077,4.020769230769231,21.83230769230769,17.744945054945056,24.896703296703297,17.97142857142857,18.933736263736265,24.770439560439563,20.77351648351648,21.647472527472527,70.3412087912088,75.56428571428572,78.20758241758242,11.363846153846179,212.17307692307693,6.7438461538461825,236.06704539306895,52.0,38.0,32.0
2023-01-09,division,Khulna,Khulna,4.0,4.0,7.0,25.0,30.0,57.0,283.0,16.5,59.125,30.0,158.0,12.922847983320056,0.2857142857142857,0.2910602910602911,31.571428571428573,16.659378702207434,1,0.23931566428755774,0.970941817426052,0.0,0.0,0.0,7.0,0.0,2.103,0.0,0.0,0.0,0.022,0.6639999999999999,1.739,25.12,18.087142857142858,26.351714285714287,18.678857142857144,18.97785714285714,25.82257142857143,20.141285714285715,20.807285714285715,62.77657142857142,66.95828571428572,77.64228571428572,26.317999999999966,171.46899999999997,2.138999999999972,530.0783574285707,2.0,2.0,2.0
2023-01-09,division,Mymensingh,Mymensingh,0.0,0.0,1.0,6.0,14.0,12.0,86.9999,5.25,21.0,14.0,58.0,6.396613687465353,0.16,0.2840909090909091,32.42857142857143,16.31903432869183,1,0.23931566428755774,0.970941817426052,0.0,0.0,0.0,7.0,0.0,5.51,0.1475,0.0,0.0,0.0,0.085,0.1925,7.6625,17.35964285714286,24.36642857142857,17.138571428571428,18.708214285714284,24.289285714285715,20.854642857142856,21.747142857142858,70.23714285714286,78.46821428571428,75.74392857142857,2.33,138.2725,5.66,48.591317857142855,1.0,1.0,0.0
2023-01-09,division,Rajshahi,Rajshahi,2.0,2.0,1.0,7.0,11.0,22.0,147.0,5.25,30.5,11.0,103.0,4.645786621588983,0.48,0.1984126984126984,32.42857142857143,16.828744725921833,1,0.23931566428755774,0.970941817426052,0.0,0.0,0.0,7.0,0.0,4.145,0.0,0.0,0.0,0.0,0.01,0.05875,3.7687500000000003,16.74142857142857,24.40732142857143,17.325357142857143,18.378035714285716,24.498214285714287,19.74875,20.731607142857143,63.74928571428571,71.64607142857143,77.16142857142857,0.37499999999994316,78.27499999999995,4.162499999999943,7.405781249998878,1.0,1.0,0.0
2023-01-09,division,Rangpur,Rangpur,0.0,0.0,2.0,2.0,1.0,0.0,17.0,1.25,4.25,2.0,16.0,0.9574271077563392,0.4444444444444444,0.42857142857142855,32.285714285714285,16.68403182311846,1,0.23931566428755774,0.970941817426052,0.0,0.0,0.0,7.0,0.007500000000000001,0.8425,0.005,0.0,0.0,0.0,0.20750000000000002,0.01625,0.4375,16.3375,23.936071428571427,16.28892857142857,17.978928571428572,24.11357142857143,19.95375,20.520535714285714,65.08196428571428,77.47696428571429,78.88267857142857,0.3362499999999716,27.387499999999974,0.8549999999999716,6.709448437499434,0.0,0.0,0.0
2023-01-09,division,Sylhet,Sylhet,2.0,2.0,1.0,0.0,0.0,1.0,8.0,0.75,2.0,2.0,8.0,0.9574271077563414,1.7142857142857142,0.5833333333333334,32.42857142857143,16.21657018255286,1,0.23931566428755774,0.970941817426052,0.0,0.0,0.0,7.0,0.0,6.2625,1.005,0.0,0.0,0.0,0.017499999999999998,0.15,6.5925,17.6575,23.935357142857143,17.157857142857143,18.765,24.231428571428573,21.601785714285715,21.46392857142857,71.89821428571429,80.66357142857143,73.72392857142857,0.795,125.69,7.2675,17.173419642857144,0.0,0.0,0.0
2023-01-16,division,Barishal,Barishal,3.0,3.0,5.0,25.0,32.0,24.0,202.0,16.25,42.125,32.0,107.0,14.45394986384925,0.2318840579710145,0.4,14.857142857142858,16.02379618021547,1,0.3546048870425356,0.9350162426854148,0.0,0.0,0.0,7.0,0.36166666666666664,0.04666666666666667,8.6,0.0,0.0,0.0,99.90666666666668,2.638333333333333,259.88,17.867142857142856,23.586190476190477,16.997857142857143,19.829761904761906,24.841190476190476,20.185238095238095,21.261190476190478,70.93357142857143,73.52619047619048,81.45952380952382,100.72166666666668,272.555,9.014999999999999,2033.0908230158732,8.0,6.0,1.0
2023-01-16,division,Chattogram,Chattogram,16.0,16.0,32.0,65.0,111.0,115.0,707.0,56.0,191.5,111.0,520.0,41.960298696108936,0.2982456140350877,0.2961038961038961,11.0,17.31813049167358,1,0.3546048870425356,0.9350162426854148,0.0,0.0,0.0,7.0,1.0254545454545454,0.021818181818181816,19.997272727272726,0.012727272727272728,0.0,0.0,4.757272727272727,0.6445454545454545,112.48181818181818,16.79831168831169,23.27883116883117,17.19025974025974,19.389480519480518,24.584805194805195,20.48805194805195,21.906623376623376,68.72974025974025,74.37714285714286,82.0164935064935,5.963636363636363,120.67999999999999,21.054545454545455,122.18329161747343,13.0,9.0,10.0
2023-01-16,division,Dhaka,Dhaka,52.0,52.0,64.0,126.0,219.0,418.0,2075.0,115.25,529.5,219.0,1621.0,76.3909898700964,0.4559139784946237,0.21913289349670123,6.428571428571429,17.604592364757483,1,0.3546048870425356,0.9350162426854148,0.0,0.0,0.0,7.0,5.318461538461539,0.04692307692307692,6.616153846153846,0.08076923076923077,0.0,0.0,10.557692307692305,0.1992307692307692,186.1207692307692,16.594065934065934,23.424835164835166,16.33945054945055,19.133296703296704,25.13769230769231,19.835714285714285,20.75098901098901,66.61824175824175,72.48043956043956,80.15835164835165,10.576153846153872,191.12846153846155,11.981538461538491,209.78556593406645,38.0,29.0,21.0
2023-01-16,division,Khulna,Khulna,2.0,2.0,4.0,7.0,25.0,30.0,158.0,9.5,39.625,25.0,121.0,10.535653752852701,0.2857142857142857,0.25846153846153846,15.0,16.659378702207434,1,0.3546048870425356,0.9350162426854148,0.0,0.0,0.0,7.0,0.716,0.036,2.103,0.0,0.0,0.0,25.631999999999998,0.701,143.909,17.622,25.23985714285714,15.962142857142856,19.187285714285714,26.30385714285714,18.98914285714286,19.971714285714285,61.73485714285714,68.5022857142857,77.17114285714287,25.653999999999968,147.01299999999998,2.854999999999972,487.1474708571423,2.0,2.0,0.0
2023-01-16,division,Mymensingh,Mymensingh,1.0,1.0,0.0,1.0,6.0,14.0,58.0,2.0,13.875,6.0,50.0,2.7080128015457854,0.6666666666666666,0.20168067226890757,15.571428571428571,16.31903432869183,1,0.3546048870425356,0.9350162426854148,0.0,0.0,0.0,7.0,2.0549999999999997,0.0025,5.51,0.1475,0.0,0.0,2.245,0.035,130.3825,15.979285714285714,22.4125,16.775357142857143,18.69607142857143,24.419642857142858,19.826785714285716,20.729642857142856,61.455714285714286,73.36892857142857,78.42357142857144,2.245,130.695,7.567499999999999,44.51113392857143,1.0,1.0,1.0
2023-01-16,division,Rajshahi,Rajshahi,1.0,1.0,2.0,1.0,7.0,11.0,103.0,2.75,17.75,7.0,58.0,2.872281323269336,0.5333333333333333,0.2,15.285714285714286,16.828744725921833,1,0.3546048870425356,0.9350162426854148,0.0,0.0,0.0,7.0,0.7787499999999999,0.0175,4.145,0.0,0.0,0.0,0.365,0.0175,74.43,16.382321428571426,23.044999999999998,15.41392857142857,18.524107142857144,24.83642857142857,18.821964285714287,19.83142857142857,57.23517857142857,69.60607142857143,77.67803571428571,0.36499999999994315,74.51624999999996,4.941249999999942,6.870016964284645,1.0,1.0,0.0
2023-01-16,division,Rangpur,Rangpur,0.0,0.0,0.0,2.0,2.0,1.0,16.0,1.0,2.25,2.0,9.0,1.1547005383792526,0.5,0.6153846153846154,15.571428571428571,16.68403182311846,1,0.3546048870425356,0.9350162426854148,0.0,0.0,0.0,7.0,0.015,0.0,0.8425,0.005,0.0,0.0,0.12875,0.20875,26.725,15.432857142857143,22.045178571428572,15.858749999999999,17.962857142857143,24.386785714285715,19.027142857142856,20.018392857142857,58.645714285714284,73.77357142857143,78.81178571428572,0.12874999999997158,27.157499999999974,0.8649999999999716,2.449744642856602,0.0,0.0,0.0
2023-01-16,division,Sylhet,Sylhet,0.0,0.0,2.0,1.0,0.0,0.0,4.0,0.75,1.5,2.0,8.0,0.9574271077563414,0.5714285714285714,0.7,15.285714285714286,16.21657018255286,1,0.3546048870425356,0.9350162426854148,0.0,0.0,0.0,7.0,0.3175,0.0,6.2625,1.005,0.0,0.0,0.7775000000000001,0.0,118.94749999999999,15.453214285714285,22.034285714285716,17.271785714285713,18.55392857142857,23.965,19.43035714285714,21.289285714285715,67.01964285714286,76.17428571428572,75.78821428571429,0.7775000000000001,119.115,6.58,15.107102678571428,0.0,0.0,0.0
2023-01-23,division,Barishal,Barishal,8.0,8.0,3.0,5.0,25.0,32.0,107.0,10.25,29.75,25.0,79.0,10.045728777279813,0.8,0.36585365853658536,10.285714285714286,16.02379618021547,1,0.4647231720437685,0.8854560256532099,0.0,0.0,0.0,7.0,0.0,0.006666666666666667,0.04666666666666667,8.6,0.0,0.0,0.8150000000000001,2.856666666666667,7.18,21.205238095238098,26.78190476190476,18.859761904761907,19.47952380952381,24.52857142857143,19.716666666666665,21.67357142857143,71.46976190476191,75.76214285714286,80.43595238095237,0.8150000000000001,112.58166666666668,0.415,16.06908333333333,6.0,20.0,2.0
2023-01-23,division,Chattogram,Chattogram,13.0,13.0,16.0,32.0,65.0,111.0,520.0,31.5,128.125,65.0,394.0,23.839742727918605,0.4307692307692308,0.25169409486931266,8.428571428571429,17.31813049167358,1,0.4647231720437685,0.8854560256532099,0.0,0.0,0.0,7.0,0.0,0.01,0.021818181818181816,19.997272727272726,0.012727272727272728,0.0,1.2063636363636363,1.7254545454545456,5.828181818181818,19.99298701298701,26.49298701298701,18.313116883116884,18.576363636363638,23.601688311688314,19.198831168831166,22.51,71.1125974025974,76.61948051948052,82.96220779220779,1.219090909090909,12.955454545454545,1.0572727272727271,23.405120543093265,9.0,11.0,9.0
2023-01-23,division,Dhaka,Dhaka,38.0,38.0,52.0,64.0,126.0,219.0,1621.0,70.0,331.625,126.0,1059.0,38.815804341356944,0.5492957746478874,0.21345358887636226,3.2857142857142856,17.604592364757483,1,0.4647231720437685,0.8854560256532099,0.0,0.0,0.0,7.0,0.0,0.0,0.04692307692307692,6.616153846153846,0.08076923076923077,0.0,0.01846153846153846,0.7876923076923077,4.020769230769231,20.404725274725273,27.175604395604395,17.744945054945056,17.97142857142857,23.93912087912088,18.933736263736265,20.77351648351648,68.8321978021978,75.64285714285714,79.83648351648351,0.09923076923079766,15.565384615384641,5.365384615384644,1.8788092138635983,29.0,32.0,17.0
2023-01-23,division,Khulna,Khulna,2.0,2.0,2.0,4.0,7.0,25.0,121.0,3.75,24.75,7.0,71.0,2.362907813126137,0.631578947368421,0.18446601941747573,10.428571428571429,16.659378702207434,1,0.4647231720437685,0.8854560256532099,0.0,0.0,0.0,7.0,0.0,0.0,0.036,2.103,0.0,0.0,0.022,0.6639999999999999,1.739,21.556857142857144,29.211714285714287,18.087142857142858,18.678857142857144,25.75857142857143,18.97785714285714,20.141285714285715,63.51085714285714,71.01,74.94942857142857,0.021999999999971577,28.73599999999997,0.7519999999999716,0.4175128571423177,2.0,2.0,4.0
2023-01-23,division,Mymensingh,Mymensingh,1.0,1.0,1.0,0.0,1.0,6.0,50.0,0.75,7.75,1.0,27.0,0.5000000000025492,1.1428571428571428,0.2,10.571428571428571,16.31903432869183,1,0.4647231720437685,0.8854560256532099,0.0,0.0,0.0,7.0,0.0,0.0,0.0025,5.51,0.1475,0.0,0.0,0.085,0.1925,19.889285714285712,26.344285714285718,17.35964285714286,17.138571428571428,22.705357142857146,18.708214285714284,20.854642857142856,68.79714285714286,75.31928571428571,77.49000000000001,0.1475,2.5575,2.0574999999999997,2.759461607142857,1.0,0.0,0.0
2023-01-23,division,Rajshahi,Rajshahi,1.0,1.0,1.0,2.0,1.0,7.0,58.0,1.25,10.625,2.0,40.0,0.5000000000018454,0.8888888888888888,0.1935483870967742,10.571428571428571,16.828744725921833,1,0.4647231720437685,0.8854560256532099,0.0,0.0,0.0,7.0,0.0,0.0,0.0175,4.145,0.0,0.0,0.0,0.01,0.05875,20.416428571428572,27.274642857142858,16.74142857142857,17.325357142857143,23.325178571428573,18.378035714285716,19.74875,64.98964285714285,73.37410714285714,75.74053571428571,0.0,0.45124999999994314,0.7962499999999431,0.0,1.0,0.0,0.0
2023-01-23,division,Rangpur,Rangpur,0.0,0.0,0.0,0.0,2.0,2.0,4.0,0.5,1.75,2.0,9.0,1.0000000000000013,0.6666666666666666,0.5454545454545454,10.714285714285714,16.68403182311846,1,0.4647231720437685,0.8854560256532099,0.0,0.0,0.0,7.0,0.0,0.007500000000000001,0.0,0.8425,0.005,0.0,0.0,0.20750000000000002,0.01625,19.54,26.395357142857144,16.3375,16.28892857142857,22.111071428571428,17.978928571428572,19.95375,67.96196428571429,75.345,77.10482142857143,0.004999999999971578,0.5612499999999716,0.022499999999971577,0.08989464285663187,0.0,0.0,0.0
2023-01-23,division,Sylhet,Sylhet,0.0,0.0,0.0,2.0,1.0,0.0,8.0,0.75,0.5,2.0,2.0,0.9574271077563414,0.5714285714285714,1.1666666666666667,10.714285714285714,16.21657018255286,1,0.4647231720437685,0.8854560256532099,0.0,0.0,0.0,7.0,0.0,0.0,0.0,6.2625,1.005,0.0,0.0,0.017499999999999998,0.15,19.036428571428573,25.50357142857143,17.6575,17.157857142857143,22.519285714285715,18.765,21.601785714285715,73.1707142857143,78.425,78.34892857142857,1.005,0.9450000000000001,0.3175,18.858825,0.0,0.0,0.0
2023-01-30,division,Barishal,Barishal,6.0,6.0,8.0,3.0,5.0,25.0,79.0,5.5,20.625,8.0,62.0,2.0816659994663937,1.0769230769230769,0.30057803468208094,7.857142857142857,16.02379618021547,1,0.5680647467311558,0.8229838658936564,0.0,0.0,0.0,7.0,0.09666666666666668,0.36166666666666664,0.006666666666666667,0.04666666666666667,8.6,0.0,0.0,99.90666666666668,2.638333333333333,20.679761904761904,26.792857142857144,17.867142857142856,16.997857142857143,22.945952380952377,19.829761904761906,20.185238095238095,61.879285714285714,79.66714285714285,82.1697619047619,8.6,106.21666666666667,0.46499999999999997,170.53595238095238,20.0,1.0,7.0
2023-01-30,division,Chattogram,Chattogram,9.0,9.0,13.0,16.0,32.0,65.0,394.0,17.5,80.0,32.0,279.0,10.082988974836846,0.5405405405405406,0.22839506172839505,7.142857142857143,17.31813049167358,1,0.5680647467311558,0.8229838658936564,0.0,0.0,0.0,7.0,1.2309090909090907,1.0254545454545454,0.01,0.021818181818181816,19.997272727272726,0.012727272727272728,0.0,4.757272727272727,0.6445454545454545,19.967532467532468,26.64974025974026,16.79831168831169,17.19025974025974,23.50857142857143,19.389480519480518,20.48805194805195,65.22428571428571,78.4148051948052,76.7738961038961,20.009999999999998,8.333636363636364,2.266363636363636,387.9835051948051,11.0,10.0,7.0
2023-01-30,division,Dhaka,Dhaka,29.0,29.0,38.0,52.0,64.0,126.0,1059.0,45.75,202.875,64.0,677.0,15.41373846064513,0.6417112299465241,0.22930717351318208,3.5714285714285716,17.604592364757483,1,0.5680647467311558,0.8229838658936564,0.0,0.0,0.0,7.0,0.005384615384615385,5.318461538461539,0.0,0.04692307692307692,6.616153846153846,0.08076923076923077,0.0,10.557692307692305,0.1992307692307692,19.964945054945055,27.18835164835165,16.594065934065934,16.33945054945055,23.532417582417583,19.133296703296704,19.835714285714285,60.58912087912087,79.19648351648351,80.1387912087912,6.696923076923105,11.563076923076949,5.3238461538461825,128.13421622992448,32.0,21.0,14.0
2023-01-30,division,Khulna,Khulna,2.0,2.0,2.0,2.0,4.0,7.0,71.0,2.5,16.125,4.0,57.0,0.9999999999996052,0.8571428571428571,0.20437956204379562,8.714285714285714,16.659378702207434,1,0.5680647467311558,0.8229838658936564,0.0,0.0,0.0,7.0,0.0,0.716,0.0,0.036,2.103,0.0,0.0,25.631999999999998,0.701,20.532,28.863,17.622,15.962142857142856,24.08957142857143,19.187285714285714,18.98914285714286,50.774142857142856,72.39942857142857,76.52814285714285,2.102999999999972,27.018999999999966,0.7159999999999715,40.35086185714231,2.0,0.0,1.0
2023-01-30,division,Mymensingh,Mymensingh,1.0,1.0,1.0,1.0,0.0,1.0,27.0,0.75,4.5,1.0,14.0,0.5000000000025492,1.1428571428571428,0.3181818181818182,8.857142857142858,16.31903432869183,1,0.5680647467311558,0.8229838658936564,0.0,0.0,0.0,7.0,0.0,2.0549999999999997,0.0,0.0025,5.51,0.1475,0.0,2.245,0.035,19.75785714285714,27.160357142857144,15.979285714285714,16.775357142857143,24.126785714285713,18.69607142857143,19.826785714285716,61.5725,76.83428571428573,79.80535714285713,5.6575,2.365,2.0549999999999997,105.77302410714286,0.0,1.0,2.0
2023-01-30,division,Rajshahi,Rajshahi,1.0,1.0,1.0,1.0,2.0,1.0,40.0,1.25,5.75,2.0,22.0,0.5000000000018454,0.8888888888888888,0.3333333333333333,8.857142857142858,16.828744725921833,1,0.5680647467311558,0.8229838658936564,0.0,0.0,0.0,7.0,0.0,0.7787499999999999,0.0,0.0175,4.145,0.0,0.0,0.365,0.0175,19.446428571428573,27.23375,16.382321428571426,15.41392857142857,23.12625,18.524107142857144,18.821964285714287,57.32910714285714,73.60392857142857,78.15464285714286,4.144999999999943,0.3924999999999431,0.7787499999999431,76.7824241071418,0.0,0.0,0.0
2023-01-30,division,Rangpur,Rangpur,0.0,0.0,0.0,0.0,0.0,2.0,9.0,0.0,0.625,0.0,2.0,0.0,1.0,0.6153846153846154,9.0,16.68403182311846,1,0.5680647467311558,0.8229838658936564,0.0,0.0,0.0,7.0,0.0,0.015,0.007500000000000001,0.0,0.8425,0.005,0.0,0.12875,0.20875,19.271428571428572,26.96375,15.432857142857143,15.858749999999999,23.455892857142857,17.962857142857143,19.027142857142856,59.90696428571429,71.60660714285714,79.80946428571428,0.8474999999999716,0.5449999999999716,0.022499999999971577,15.223521428570919,0.0,0.0,0.0
2023-01-30,division,Sylhet,Sylhet,0.0,0.0,0.0,0.0,2.0,1.0,0.0,0.5,0.5,2.0,2.0,1.000000000000003,0.6666666666666666,1.0,9.0,16.21657018255286,1,0.5680647467311558,0.8229838658936564,0.0,0.0,0.0,7.0,0.0,0.3175,0.0,0.0,6.2625,1.005,0.0,0.7775000000000001,0.0,19.708571428571428,26.380357142857143,15.453214285714285,17.271785714285713,23.89107142857143,18.55392857142857,19.43035714285714,63.41821428571429,71.58642857142857,74.965,7.2675,0.795,0.3175,134.84067589285715,0.0,0.0,0.0
2023-02-06,division,Barishal,Barishal,20.0,20.0,6.0,8.0,3.0,5.0,62.0,9.25,15.375,20.0,32.0,7.455423082115087,2.048780487804878,0.6259541984732825,6.0,16.02379618021547,2,0.6631226582407952,0.7485107481711011,0.0,0.0,0.0,7.0,0.0,0.0,0.36166666666666664,0.006666666666666667,0.04666666666666667,8.6,0.0,0.8150000000000001,2.856666666666667,22.494761904761905,28.48261904761905,21.205238095238098,18.859761904761907,24.843333333333334,19.47952380952381,19.716666666666665,67.70857142857143,73.59690476190475,75.84095238095239,8.646666666666667,103.57833333333335,0.4583333333333333,168.4329492063492,1.0,2.0,2.0
2023-02-06,division,Chattogram,Chattogram,11.0,11.0,9.0,13.0,16.0,32.0,279.0,12.25,46.5,16.0,115.0,2.986078811197289,0.9056603773584906,0.2789473684210526,5.571428571428571,17.31813049167358,2,0.6631226582407952,0.7485107481711011,0.0,0.0,0.0,7.0,0.0,0.0,1.0254545454545454,0.01,0.021818181818181816,19.997272727272726,0.0,1.2063636363636363,1.7254545454545456,21.023506493506492,27.309610389610388,19.99298701298701,18.313116883116884,24.342597402597402,18.576363636363638,19.198831168831166,64.8461038961039,72.62155844155843,77.99805194805195,20.03181818181818,7.6890909090909085,2.256363636363636,372.1183388429752,10.0,9.0,3.0
2023-02-06,division,Dhaka,Dhaka,32.0,32.0,29.0,38.0,52.0,64.0,677.0,37.75,122.25,52.0,418.0,10.210288928323113,0.8516129032258064,0.3144016227180527,2.7142857142857144,17.604592364757483,2,0.6631226582407952,0.7485107481711011,0.0,0.0,0.0,7.0,0.0,0.0,5.318461538461539,0.0,0.04692307692307692,6.616153846153846,0.0,0.01846153846153846,0.7876923076923077,21.555054945054945,29.026263736263736,20.404725274725273,17.744945054945056,24.896703296703297,17.97142857142857,18.933736263736265,58.76692307692308,70.3412087912088,75.56428571428572,6.7438461538461825,11.363846153846179,5.3238461538461825,121.19654945054997,21.0,17.0,19.0
2023-02-06,division,Khulna,Khulna,2.0,2.0,2.0,2.0,2.0,4.0,57.0,2.0,9.25,2.0,30.0,0.0,1.0,0.2926829268292683,6.571428571428571,16.659378702207434,2,0.6631226582407952,0.7485107481711011,0.0,0.0,0.0,7.0,0.0,0.0,0.716,0.0,0.036,2.103,0.0,0.022,0.6639999999999999,22.491,31.22471428571429,21.556857142857144,18.087142857142858,26.351714285714287,18.678857142857144,18.97785714285714,50.669000000000004,62.77657142857142,66.95828571428572,2.138999999999972,26.317999999999966,0.7159999999999715,39.9540754285709,0.0,4.0,0.0
2023-02-06,division,Mymensingh,Mymensingh,0.0,0.0,1.0,1.0,1.0,0.0,12.0,0.75,3.0,1.0,14.0,0.5000000000025492,0.5714285714285714,0.4375,6.714285714285714,16.31903432869183,2,0.6631226582407952,0.7485107481711011,0.0,0.0,0.0,7.0,0.0,0.0,2.0549999999999997,0.0,0.0025,5.51,0.0,0.0,0.085,20.636071428571427,27.67892857142857,19.889285714285712,17.35964285714286,24.36642857142857,17.138571428571428,18.708214285714284,56.46142857142857,70.23714285714286,78.46821428571428,5.66,2.33,2.0549999999999997,97.00431428571429,1.0,0.0,0.0
2023-02-06,division,Rajshahi,Rajshahi,0.0,0.0,1.0,1.0,1.0,2.0,22.0,0.75,3.0,1.0,11.0,0.5000000000018454,0.5714285714285714,0.4375,6.714285714285714,16.828744725921833,2,0.6631226582407952,0.7485107481711011,0.0,0.0,0.0,7.0,0.0,0.0,0.7787499999999999,0.0,0.0175,4.145,0.0,0.0,0.01,21.151071428571427,29.10142857142857,20.416428571428572,16.74142857142857,24.40732142857143,17.325357142857143,18.378035714285716,49.12571428571428,63.74928571428571,71.64607142857143,4.162499999999943,0.37499999999994316,0.7787499999999431,72.11679910714187,0.0,0.0,0.0
2023-02-06,division,Rangpur,Rangpur,0.0,0.0,0.0,0.0,0.0,0.0,0.0,0.0,0.625,0.0,2.0,0.0,1.0,0.6153846153846154,6.857142857142857,16.68403182311846,2,0.6631226582407952,0.7485107481711011,0.0,0.0,0.0,7.0,0.4075,0.0,0.015,0.007500000000000001,0.0,0.8425,0.0,0.0,0.20750000000000002,19.946964285714284,27.363928571428573,19.54,16.3375,23.936071428571427,16.28892857142857,17.978928571428572,52.72875,65.08196428571428,77.47696428571429,0.8474999999999716,0.3362499999999716,0.42249999999997156,13.804866964285251,0.0,0.0,0.0
2023-02-06,division,Sylhet,Sylhet,0.0,0.0,0.0,0.0,0.0,2.0,1.0,0.0,0.375,0.0,2.0,0.0,1.0,0.7272727272727273,6.857142857142857,16.21657018255286,2,0.6631226582407952,0.7485107481711011,0.0,0.0,0.0,7.0,0.0,0.0,0.3175,0.0,0.0,6.2625,0.0,0.0,0.017499999999999998,19.689999999999998,26.308571428571426,19.036428571428573,17.6575,23.935357142857143,17.157857142857143,18.765,64.25964285714286,71.89821428571429,80.66357142857143,7.2675,0.795,0.3175,124.69472678571428,0.0,0.0,0.0
2023-02-13,division,Barishal,Barishal,1.0,1.0,20.0,6.0,8.0,3.0,24.0,8.75,12.5,20.0,32.0,8.057087976847948,0.20512820512820512,0.7222222222222222,6.428571428571429,16.02379618021547,2,0.7485107481711011,0.6631226582407953,0.0,0.0,0.0,3.0,0.085,0.09666666666666668,0.0,0.36166666666666664,0.006666666666666667,0.04666666666666667,0.0,0.0,99.90666666666668,22.135,28.062380952380952,20.679761904761904,17.867142857142856,23.586190476190477,16.997857142857143,19.829761904761906,57.469523809523814,70.93357142857143,73.52619047619048,8.653333333333332,100.72166666666668,0.1816666666666667,147.0881238095238,2.0,7.0,2.0
2023-02-13,division,Chattogram,Chattogram,10.0,10.0,11.0,9.0,13.0,16.0,115.0,10.75,33.375,13.0,111.0,1.7078251276642509,0.9361702127659575,0.3418181818181818,7.714285714285714,17.31813049167358,2,0.7485107481711011,0.6631226582407953,0.0,0.0,0.0,3.0,0.0,1.2309090909090907,0.0,1.0254545454545454,0.01,0.021818181818181816,0.012727272727272728,0.0,4.757272727272727,21.01,27.644935064935066,19.967532467532468,16.79831168831169,23.27883116883117,17.19025974025974,19.389480519480518,54.96623376623376,68.72974025974025,74.37714285714286,20.04181818181818,5.963636363636363,1.2309090909090907,344.5240602125147,9.0,7.0,2.0
2023-02-13,division,Dhaka,Dhaka,21.0,21.0,32.0,29.0,38.0,52.0,418.0,30.0,72.625,38.0,219.0,7.07106781185399,0.7096774193548387,0.42105263157894735,4.714285714285714,17.604592364757483,2,0.7485107481711011,0.6631226582407953,0.0,0.0,0.0,3.0,0.030000000000000002,0.005384615384615385,0.0,5.318461538461539,0.0,0.04692307692307692,0.08076923076923077,0.0,10.557692307692305,21.43263736263736,28.5789010989011,19.964945054945055,16.594065934065934,23.424835164835166,16.33945054945055,19.133296703296704,48.2954945054945,66.61824175824175,72.48043956043956,6.7438461538461825,10.576153846153872,0.03538461538464381,110.19074074387198,17.0,14.0,18.0
2023-02-13,division,Khulna,Khulna,0.0,0.0,2.0,2.0,2.0,2.0,30.0,1.5,5.5,2.0,25.0,0.9999999999996052,0.4,0.38461538461538464,9.0,16.659378702207434,2,0.7485107481711011,0.6631226582407953,0.0,0.0,0.0,3.0,0.266,0.0,0.0,0.716,0.0,0.036,0.0,0.0,25.631999999999998,22.214428571428574,29.999000000000002,20.532,17.622,25.23985714285714,15.962142857142856,19.187285714285714,43.22342857142858,61.73485714285714,68.5022857142857,2.138999999999972,25.653999999999968,0.2659999999999716,34.14302357142812,4.0,1.0,3.0
2023-02-13,division,Mymensingh,Mymensingh,1.0,1.0,0.0,1.0,1.0,1.0,14.0,0.75,1.375,1.0,6.0,0.5000000000025492,1.1428571428571428,0.7368421052631579,9.285714285714286,16.31903432869183,2,0.7485107481711011,0.6631226582407953,0.0,0.0,0.0,3.0,0.0,0.0,0.0,2.0549999999999997,0.0,0.0025,0.1475,0.0,2.245,21.107142857142858,28.396428571428572,19.75785714285714,15.979285714285714,22.4125,16.775357142857143,18.69607142857143,46.30285714285714,61.455714285714286,73.36892857142857,5.66,2.245,0.0,94.94852142857142,0.0,2.0,0.0
2023-02-13,division,Rajshahi,Rajshahi,0.0,0.0,0.0,1.0,1.0,1.0,11.0,0.5,1.625,1.0,7.0,0.5773502691912239,0.6666666666666666,0.5714285714285714,9.285714285714286,16.828744725921833,2,0.7485107481711011,0.6631226582407953,0.0,0.0,0.0,3.0,0.0025,0.0,0.0,0.7787499999999999,0.0,0.0175,0.0,0.0,0.365,21.56732142857143,28.533214285714287,19.446428571428573,16.382321428571426,23.044999999999998,15.41392857142857,18.524107142857144,42.18928571428572,57.23517857142857,69.60607142857143,4.162499999999943,0.36499999999994315,0.0024999999999431566,64.16047767857054,0.0,0.0,0.0
2023-02-13,division,Rangpur,Rangpur,0.0,0.0,0.0,0.0,0.0,0.0,1.0,0.0,0.5,0.0,2.0,0.0,1.0,0.6666666666666666,9.285714285714286,16.68403182311846,2,0.7485107481711011,0.6631226582407953,0.0,0.0,0.0,3.0,0.025,0.0,0.0,0.015,0.007500000000000001,0.0,0.005,0.0,0.12875,21.23107142857143,28.504285714285714,19.271428571428572,15.432857142857143,22.045178571428572,15.858749999999999,17.962857142857143,47.269999999999996,58.645714285714284,73.77357142857143,0.8549999999999716,0.12874999999997158,0.4324999999999716,13.559231249999549,0.0,0.0,0.0
2023-02-13,division,Sylhet,Sylhet,0.0,0.0,0.0,0.0,0.0,0.0,0.0,0.0,0.375,0.0,2.0,0.0,1.0,0.7272727272727273,9.285714285714286,16.21657018255286,2,0.7485107481711011,0.6631226582407953,0.0,0.0,0.0,3.0,0.0,0.0,0.0,0.3175,0.0,0.0,1.005,0.0,0.7775000000000001,20.23,27.353928571428572,19.708571428571428,15.453214285714285,22.034285714285716,17.271785714285713,18.55392857142857,54.64071428571428,67.01964285714286,76.17428571428572,7.2675,0.7775000000000001,0.0,125.52270267857142,0.0,0.0,0.0
2023-02-20,division,Barishal,Barishal,2.0,2.0,1.0,20.0,6.0,8.0,32.0,7.25,8.75,20.0,25.0,8.770214744615307,0.36363636363636365,0.8461538461538461,4.571428571428571,16.02379618021547,2,0.8229838658936564,0.5680647467311559,0.0,0.0,1.0,0.0,2.441666666666667,0.0,0.09666666666666668,0.0,0.36166666666666664,0.006666666666666667,8.6,0.0,0.8150000000000001,25.486428571428572,31.305714285714288,22.494761904761905,21.205238095238098,26.78190476190476,18.859761904761907,19.47952380952381,68.66595238095239,71.46976190476191,75.76214285714286,9.014999999999999,0.8150000000000001,2.6233333333333335,170.02075357142857,7.0,2.0,3.0
2023-02-20,division,Chattogram,Chattogram,9.0,9.0,10.0,11.0,9.0,13.0,111.0,9.75,20.625,11.0,65.0,0.9574271077640403,0.9302325581395349,0.49710982658959535,3.2857142857142856,17.31813049167358,2,0.8229838658936564,0.5680647467311559,0.0,0.0,1.0,0.0,0.8672727272727272,0.0,1.2309090909090907,0.0,1.0254545454545454,0.01,19.997272727272726,0.0,1.2063636363636363,23.948311688311687,30.182727272727274,21.023506493506492,19.99298701298701,26.49298701298701,18.313116883116884,18.576363636363638,67.81233766233767,71.1125974025974,76.61948051948052,21.054545454545455,1.219090909090909,2.0981818181818177,385.5743518299882,7.0,3.0,3.0
2023-02-20,division,Dhaka,Dhaka,17.0,17.0,21.0,32.0,29.0,38.0,219.0,24.75,47.375,32.0,126.0,6.94622199471321,0.6990291262135923,0.5322997416020672,1.7142857142857142,17.604592364757483,2,0.8229838658936564,0.5680647467311559,0.0,0.0,1.0,0.0,2.7207692307692306,0.0,0.005384615384615385,0.0,5.318461538461539,0.0,6.616153846153846,0.0,0.01846153846153846,24.936483516483516,32.24846153846154,21.555054945054945,20.404725274725273,27.175604395604395,17.744945054945056,17.97142857142857,60.7767032967033,68.8321978021978,75.64285714285714,11.981538461538491,0.09923076923079766,2.7561538461538744,212.61174167371144,14.0,19.0,12.0
2023-02-20,division,Khulna,Khulna,4.0,4.0,0.0,2.0,2.0,2.0,25.0,2.0,2.875,4.0,7.0,1.6329931618552105,1.6666666666666667,0.7741935483870968,4.714285714285714,16.659378702207434,2,0.8229838658936564,0.5680647467311559,0.0,0.0,1.0,0.0,0.182,0.0,0.0,0.0,0.716,0.0,2.103,0.0,0.022,26.011285714285712,34.19728571428571,22.491,21.556857142857144,29.211714285714287,18.087142857142858,18.678857142857144,54.35442857142857,63.51085714285714,71.01,2.854999999999972,0.021999999999971577,0.4479999999999716,51.638792857142356,1.0,0.0,0.0
2023-02-20,division,Mymensingh,Mymensingh,0.0,0.0,1.0,0.0,1.0,1.0,6.0,0.5,0.625,1.0,1.0,0.5773502691918386,0.6666666666666666,0.9230769230769231,4.571428571428571,16.31903432869183,2,0.8229838658936564,0.5680647467311559,0.0,0.0,1.0,0.0,8.5625,0.0,0.0,0.0,2.0549999999999997,0.0,5.51,0.0,0.0,23.736428571428572,31.292142857142856,20.636071428571427,19.889285714285712,26.344285714285718,17.35964285714286,17.138571428571428,57.11785714285714,68.79714285714286,75.31928571428571,7.567499999999999,0.1475,8.5625,131.36909732142857,2.0,0.0,0.0
2023-02-20,division,Rajshahi,Rajshahi,0.0,0.0,0.0,0.0,1.0,1.0,7.0,0.25,0.75,1.0,2.0,0.5000000000018454,0.8,0.7142857142857143,4.714285714285714,16.828744725921833,2,0.8229838658936564,0.5680647467311559,0.0,0.0,1.0,0.0,1.165,0.0,0.0,0.0,0.7787499999999999,0.0,4.145,0.0,0.0,24.347857142857144,32.46107142857143,21.151071428571427,20.416428571428572,27.274642857142858,16.74142857142857,17.325357142857143,49.29410714285714,64.98964285714285,73.37410714285714,4.941249999999942,0.0,1.1674999999999431,82.72358392857046,0.0,0.0,0.0
2023-02-20,division,Rangpur,Rangpur,0.0,0.0,0.0,0.0,0.0,0.0,2.0,0.0,0.25,0.0,2.0,0.0,1.0,0.8,4.714285714285714,16.68403182311846,2,0.8229838658936564,0.5680647467311559,0.0,0.0,1.0,0.0,1.6975,0.4075,0.0,0.0,0.015,0.007500000000000001,0.8425,0.0,0.0,23.404821428571427,31.150892857142857,19.946964285714284,19.54,26.395357142857144,16.3375,16.28892857142857,49.39767857142857,67.96196428571429,75.345,0.8649999999999716,0.004999999999971578,2.1299999999999715,14.131937499999534,0.0,0.0,0.0
2023-02-20,division,Sylhet,Sylhet,0.0,0.0,0.0,0.0,0.0,0.0,0.0,0.0,0.375,0.0,2.0,0.0,1.0,0.7272727272727273,4.714285714285714,16.21657018255286,2,0.8229838658936564,0.5680647467311559,0.0,0.0,1.0,0.0,9.98,0.0,0.0,0.0,0.3175,0.0,6.2625,0.0,0.0,22.96607142857143,29.745357142857145,19.689999999999998,19.036428571428573,25.50357142857143,17.6575,17.157857142857143,65.10035714285715,73.1707142857143,78.425,6.58,1.005,9.98,116.18634999999999,0.0,0.0,0.0
2023-02-27,division,Barishal,Barishal,7.0,7.0,2.0,1.0,20.0,6.0,25.0,7.5,6.5,20.0,20.0,8.736894948054166,0.9411764705882353,1.1333333333333333,4.285714285714286,16.02379618021547,2,0.8854560256532099,0.4647231720437686,0.0,0.0,0.0,0.0,0.68,0.085,0.0,0.09666666666666668,0.0,0.36166666666666664,0.04666666666666667,0.0,0.0,26.709999999999997,33.48690476190476,22.135,20.679761904761904,26.792857142857144,17.867142857142856,16.997857142857143,51.66547619047619,61.879285714285714,79.66714285714285,0.415,8.6,3.206666666666667,7.414864285714285,2.0,2.0,1.0
2023-02-27,division,Chattogram,Chattogram,7.0,7.0,9.0,10.0,11.0,9.0,65.0,9.25,13.375,11.0,32.0,1.7078251276642509,0.7804878048780488,0.7130434782608696,3.2857142857142856,17.31813049167358,2,0.8854560256532099,0.4647231720437686,0.0,0.0,0.0,0.0,0.9409090909090907,0.0,0.0,1.2309090909090907,0.0,1.0254545454545454,0.021818181818181816,0.012727272727272728,0.0,25.011558441558442,32.2464935064935,21.01,19.967532467532468,26.64974025974026,16.79831168831169,17.19025974025974,49.56558441558441,65.22428571428571,78.4148051948052,1.0572727272727271,20.009999999999998,1.808181818181818,17.76039681227863,3.0,2.0,5.0
2023-02-27,division,Dhaka,Dhaka,14.0,14.0,17.0,21.0,32.0,29.0,126.0,21.0,33.375,32.0,64.0,7.874007874001496,0.6818181818181818,0.64,2.142857142857143,17.604592364757483,2,0.8854560256532099,0.4647231720437686,0.0,0.0,0.0,0.0,0.11461538461538462,0.030000000000000002,0.0,0.005384615384615385,0.0,5.318461538461539,0.04692307692307692,0.08076923076923077,0.0,25.781758241758244,33.706923076923076,21.43263736263736,19.964945054945055,27.18835164835165,16.594065934065934,16.33945054945055,42.829450549450556,60.58912087912087,79.19648351648351,5.365384615384644,6.696923076923105,2.8653846153846434,89.03354606931578,19.0,18.0,19.0
2023-02-27,division,Khulna,Khulna,1.0,1.0,4.0,0.0,2.0,2.0,7.0,1.75,2.125,4.0,4.0,1.707825127659702,0.7272727272727273,0.88,4.0,16.659378702207434,2,0.8854560256532099,0.4647231720437686,0.0,0.0,0.0,0.0,0.36900000000000005,0.266,0.0,0.0,0.0,0.716,0.036,0.0,0.0,27.136000000000003,35.76314285714285,22.214428571428574,20.532,28.863,17.622,15.962142857142856,34.832428571428565,50.774142857142856,72.39942857142857,0.7519999999999716,2.102999999999972,0.8169999999999716,13.2517439999995,0.0,3.0,0.0
2023-02-27,division,Mymensingh,Mymensingh,2.0,2.0,0.0,1.0,0.0,1.0,1.0,0.75,0.75,2.0,2.0,0.9574271077576695,1.7142857142857142,1.0,4.571428571428571,16.31903432869183,2,0.8854560256532099,0.4647231720437686,0.0,0.0,0.0,0.0,0.0,0.0,0.0,0.0,0.0,2.0549999999999997,0.0025,0.1475,0.0,24.829642857142858,32.43928571428572,21.107142857142858,19.75785714285714,27.160357142857144,15.979285714285714,16.775357142857143,45.5525,61.5725,76.83428571428573,2.0574999999999997,5.6575,8.5625,32.877380357142854,0.0,0.0,0.0
2023-02-27,division,Rajshahi,Rajshahi,0.0,0.0,0.0,0.0,0.0,1.0,1.0,0.0,0.625,0.0,2.0,0.0,1.0,0.6153846153846154,4.571428571428571,16.828744725921833,2,0.8854560256532099,0.4647231720437686,0.0,0.0,0.0,0.0,0.043750000000000004,0.0025,0.0,0.0,0.0,0.7787499999999999,0.0175,0.0,0.0,25.470535714285717,33.473035714285714,21.56732142857143,19.446428571428573,27.23375,16.382321428571426,15.41392857142857,41.20482142857143,57.32910714285714,73.60392857142857,0.7962499999999431,4.144999999999943,1.211249999999943,13.044423437499065,0.0,0.0,0.0
2023-02-27,division,Rangpur,Rangpur,0.0,0.0,0.0,0.0,0.0,0.0,2.0,0.0,0.0,0.0,0.0,0.0,1.0,1.0,4.571428571428571,16.68403182311846,2,0.8854560256532099,0.4647231720437686,0.0,0.0,0.0,0.0,0.21,0.025,0.4075,0.0,0.0,0.015,0.0,0.005,0.0,23.99375,31.480892857142855,21.23107142857143,19.271428571428572,26.96375,15.432857142857143,15.858749999999999,50.20607142857143,59.90696428571429,71.60660714285714,0.022499999999971577,0.8474999999999716,2.339999999999972,0.3472392857138471,0.0,0.0,0.0
2023-02-27,division,Sylhet,Sylhet,0.0,0.0,0.0,0.0,0.0,0.0,1.0,0.0,0.25,0.0,2.0,0.0,1.0,0.8,4.571428571428571,16.21657018255286,2,0.8854560256532099,0.4647231720437686,0.0,0.0,0.0,0.0,0.0,0.0,0.0,0.0,0.0,0.3175,0.0,1.005,0.0,23.95357142857143,31.166785714285712,20.23,19.708571428571428,26.380357142857143,15.453214285714285,17.271785714285713,51.0925,63.41821428571429,71.58642857142857,0.3175,7.2675,9.98,4.906395535714285,0.0,0.0,0.0
2023-03-06,division,Barishal,Barishal,2.0,2.0,7.0,2.0,1.0,20.0,5.0,3.0,6.125,7.0,20.0,2.708012801545519,0.75,0.5614035087719298,3.4285714285714284,16.02379618021547,3,0.9350162426854148,0.35460488704253557,0.0,0.0,0.0,0.0,0.0,2.441666666666667,0.085,0.0,0.09666666666666668,0.0,0.006666666666666667,8.6,0.0,27.33404761904762,33.4097619047619,25.486428571428572,22.494761904761905,28.48261904761905,21.205238095238098,18.859761904761907,48.39547619047619,67.70857142857143,73.59690476190475,0.46499999999999997,8.646666666666667,3.206666666666667,9.860435714285714,2.0,3.0,3.0
2023-03-06,division,Chattogram,Chattogram,3.0,3.0,7.0,9.0,10.0,11.0,32.0,7.25,9.75,10.0,16.0,3.0956959368368335,0.48484848484848486,0.7674418604651163,3.4285714285714284,17.31813049167358,3,0.9350162426854148,0.35460488704253557,0.0,0.0,0.0,0.0,0.002727272727272727,0.8672727272727272,0.0,0.0,1.2309090909090907,0.0,0.01,19.997272727272726,0.0,26.14818181818182,32.80896103896104,23.948311688311687,21.023506493506492,27.309610389610388,19.99298701298701,18.313116883116884,48.41779220779221,64.8461038961039,72.62155844155843,2.266363636363636,20.03181818181818,1.8109090909090906,45.3113787485242,2.0,3.0,1.0
2023-03-06,division,Dhaka,Dhaka,19.0,19.0,14.0,17.0,21.0,32.0,64.0,17.75,27.75,21.0,52.0,2.9860788111676198,1.0666666666666667,0.6521739130434783,2.4285714285714284,17.604592364757483,3,0.9350162426854148,0.35460488704253557,0.0,0.0,0.0,0.0,0.09461538461538462,2.7207692307692306,0.030000000000000002,0.0,0.005384615384615385,0.0,0.0,6.616153846153846,0.0,26.99142857142857,34.39901098901099,24.936483516483516,21.555054945054945,29.026263736263736,20.404725274725273,17.744945054945056,40.34637362637363,58.76692307692308,70.3412087912088,5.3238461538461825,6.7438461538461825,2.960000000000028,108.63161817413413,18.0,12.0,23.0
2023-03-06,division,Khulna,Khulna,0.0,0.0,1.0,4.0,0.0,2.0,4.0,1.25,1.625,4.0,4.0,1.8929694485998827,0.4444444444444444,0.8571428571428571,4.285714285714286,16.659378702207434,3,0.9350162426854148,0.35460488704253557,0.0,0.0,0.0,0.0,0.394,0.182,0.266,0.0,0.0,0.0,0.0,2.103,0.0,28.083,36.031285714285715,26.011285714285712,22.491,31.22471428571429,21.556857142857144,18.087142857142858,33.46228571428571,50.669000000000004,62.77657142857142,0.7159999999999715,2.138999999999972,1.2109999999999717,15.434709714285102,3.0,0.0,2.0
2023-03-06,division,Mymensingh,Mymensingh,0.0,0.0,2.0,0.0,1.0,0.0,0.0,0.75,0.75,2.0,2.0,0.9574271077576695,0.5714285714285714,1.0,4.142857142857143,16.31903432869183,3,0.9350162426854148,0.35460488704253557,0.0,0.0,0.0,0.0,0.0675,8.5625,0.0,0.0,0.0,0.0,0.0,5.51,0.0,26.103928571428572,33.96678571428571,23.736428571428572,20.636071428571427,27.67892857142857,19.889285714285712,17.35964285714286,40.379999999999995,56.46142857142857,70.23714285714286,2.0549999999999997,5.66,8.63,40.87248214285713,0.0,0.0,0.0
2023-03-06,division,Rajshahi,Rajshahi,0.0,0.0,0.0,0.0,0.0,0.0,2.0,0.0,0.375,0.0,1.0,0.0,1.0,0.7272727272727273,4.428571428571429,16.828744725921833,3,0.9350162426854148,0.35460488704253557,0.0,0.0,0.0,0.0,0.655,1.165,0.0025,0.0,0.0,0.0,0.0,4.145,0.0,26.76107142857143,34.89482142857143,24.347857142857144,21.151071428571427,29.10142857142857,20.416428571428572,16.74142857142857,36.43071428571429,49.12571428571428,63.74928571428571,0.7787499999999431,4.162499999999943,1.8662499999999431,15.899293749998838,0.0,0.0,0.0
2023-03-06,division,Rangpur,Rangpur,0.0,0.0,0.0,0.0,0.0,0.0,0.0,0.0,0.0,0.0,0.0,0.0,1.0,1.0,4.428571428571429,16.68403182311846,3,0.9350162426854148,0.35460488704253557,0.0,0.0,0.0,0.0,0.17,1.6975,0.025,0.4075,0.0,0.0,0.007500000000000001,0.8425,0.0,25.46125,33.841071428571425,23.404821428571427,19.946964285714284,27.363928571428573,19.54,16.3375,38.2025,52.72875,65.08196428571428,0.022499999999971577,0.8474999999999716,2.1024999999999716,0.4396499999994446,0.0,0.0,0.0
2023-03-06,division,Sylhet,Sylhet,0.0,0.0,0.0,0.0,0.0,0.0,2.0,0.0,0.0,0.0,0.0,0.0,1.0,1.0,4.428571428571429,16.21657018255286,3,0.9350162426854148,0.35460488704253557,0.0,0.0,0.0,0.0,0.0025,9.98,0.0,0.0,0.0,0.0,0.0,6.2625,0.0,25.384285714285713,32.74714285714286,22.96607142857143,19.689999999999998,26.308571428571426,19.036428571428573,17.6575,46.98,64.25964285714286,71.89821428571429,0.3175,7.2675,9.9825,6.044066071428572,0.0,0.0,0.0
2023-03-13,division,Barishal,Barishal,2.0,2.0,2.0,7.0,2.0,1.0,3.0,3.25,6.0,7.0,20.0,2.5000000000002154,0.7058823529411765,0.6071428571428571,3.142857142857143,16.02379618021547,3,0.970941817426052,0.23931566428755804,0.0,0.0,0.0,0.0,24.95,0.68,2.441666666666667,0.085,0.0,0.09666666666666668,0.36166666666666664,0.04666666666666667,0.0,26.318571428571428,31.663809523809523,26.709999999999997,22.135,28.062380952380952,20.679761904761904,17.867142857142856,65.83214285714286,57.469523809523814,70.93357142857143,0.4583333333333333,8.653333333333332,28.071666666666665,9.478224206349205,3.0,1.0,2.0
2023-03-13,division,Chattogram,Chattogram,2.0,2.0,3.0,7.0,9.0,10.0,16.0,5.25,8.0,9.0,13.0,3.3040379336020664,0.48,0.6944444444444444,3.0,17.31813049167358,3,0.970941817426052,0.23931566428755804,0.0,0.0,0.0,0.0,15.20090909090909,0.9409090909090907,0.8672727272727272,0.0,0.0,1.2309090909090907,1.0254545454545454,0.021818181818181816,0.012727272727272728,25.574415584415586,31.42662337662338,25.011558441558442,21.01,27.644935064935066,19.967532467532468,16.79831168831169,62.46545454545455,54.96623376623376,68.72974025974025,2.256363636363636,20.04181818181818,17.011818181818178,45.05401416765052,3.0,5.0,5.0
2023-03-13,division,Dhaka,Dhaka,18.0,18.0,19.0,14.0,17.0,21.0,52.0,17.0,23.5,19.0,38.0,2.160246899431689,1.0555555555555556,0.7346938775510204,0.7142857142857143,17.604592364757483,3,0.970941817426052,0.23931566428755804,0.0,0.0,0.0,0.0,23.76230769230769,0.11461538461538462,2.7207692307692306,0.030000000000000002,0.0,0.005384615384615385,5.318461538461539,0.04692307692307692,0.08076923076923077,26.393626373626375,32.78813186813187,25.781758241758244,21.43263736263736,28.5789010989011,19.964945054945055,16.594065934065934,58.81923076923077,48.2954945054945,66.61824175824175,5.3238461538461825,6.7438461538461825,26.69230769230772,106.29029594251959,12.0,19.0,21.0
2023-03-13,division,Khulna,Khulna,3.0,3.0,0.0,1.0,4.0,0.0,2.0,2.0,1.75,4.0,4.0,1.8257418583503375,1.3333333333333333,1.0909090909090908,3.4285714285714284,16.659378702207434,3,0.970941817426052,0.23931566428755804,0.0,0.0,0.0,0.0,21.677,0.36900000000000005,0.182,0.266,0.0,0.0,0.716,0.036,0.0,27.17885714285714,33.87442857142857,27.136000000000003,22.214428571428574,29.999000000000002,20.532,17.622,54.75114285714286,43.22342857142858,61.73485714285714,0.7159999999999715,2.138999999999972,22.62199999999997,14.700911999999416,0.0,0.0,1.0
2023-03-13,division,Mymensingh,Mymensingh,0.0,0.0,0.0,2.0,0.0,1.0,1.0,0.5,0.625,2.0,2.0,1.0000000000012776,0.6666666666666666,0.9230769230769231,3.4285714285714284,16.31903432869183,3,0.970941817426052,0.23931566428755804,0.0,0.0,0.0,0.0,52.335,0.0,8.5625,0.0,0.0,0.0,2.0549999999999997,0.0025,0.1475,25.693214285714287,31.670714285714286,24.829642857142858,21.107142857142858,28.396428571428572,19.75785714285714,15.979285714285714,59.150357142857146,46.30285714285714,61.455714285714286,2.0549999999999997,5.66,60.965,40.60239642857142,0.0,0.0,0.0
2023-03-13,division,Rajshahi,Rajshahi,0.0,0.0,0.0,0.0,0.0,0.0,1.0,0.0,0.25,0.0,1.0,0.0,1.0,0.8,3.4285714285714284,16.828744725921833,3,0.970941817426052,0.23931566428755804,0.0,0.0,0.0,0.0,26.470000000000002,0.043750000000000004,1.165,0.0025,0.0,0.0,0.7787499999999999,0.0175,0.0,26.637500000000003,32.82,25.470535714285717,21.56732142857143,28.533214285714287,19.446428571428573,16.382321428571426,51.36892857142857,42.18928571428572,57.23517857142857,0.7787499999999431,4.162499999999943,28.333749999999945,15.143906249998894,0.0,0.0,0.0
2023-03-13,division,Rangpur,Rangpur,0.0,0.0,0.0,0.0,0.0,0.0,0.0,0.0,0.0,0.0,0.0,0.0,1.0,1.0,3.4285714285714284,16.68403182311846,3,0.970941817426052,0.23931566428755804,0.0,0.0,0.0,0.0,37.20375,0.21,1.6975,0.025,0.4075,0.0,0.015,0.0,0.005,25.710714285714285,31.999107142857145,23.99375,21.23107142857143,28.504285714285714,19.271428571428572,15.432857142857143,51.65767857142857,47.269999999999996,58.645714285714284,0.42249999999997156,0.8549999999999716,39.28124999999997,8.142178571428024,0.0,0.0,0.0
2023-03-13,division,Sylhet,Sylhet,0.0,0.0,0.0,0.0,0.0,0.0,0.0,0.0,0.0,0.0,0.0,0.0,1.0,1.0,3.4285714285714284,16.21657018255286,3,0.970941817426052,0.23931566428755804,0.0,0.0,0.0,0.0,68.4825,0.0,9.98,0.0,0.0,0.0,0.3175,0.0,1.005,24.795357142857142,30.603571428571428,23.95357142857143,20.23,27.353928571428572,19.708571428571428,15.453214285714285,64.485,54.64071428571428,67.01964285714286,0.3175,7.2675,78.465,6.257471428571429,0.0,0.0,0.0
2023-03-20,division,Barishal,Barishal,3.0,3.0,2.0,2.0,7.0,2.0,8.0,3.5,5.375,7.0,20.0,2.3804761428478427,0.8888888888888888,0.7058823529411765,3.2857142857142856,16.02379618021547,3,0.992708874098054,0.120536680255323,0.0,4.0,1.0,0.0,53.788333333333334,0.0,0.68,2.441666666666667,0.085,0.0,0.0,0.006666666666666667,8.6,25.72404761904762,30.37595238095238,27.33404761904762,25.486428571428572,31.305714285714288,22.494761904761905,21.205238095238098,75.39404761904761,68.66595238095239,71.46976190476191,0.1816666666666667,9.014999999999999,79.41833333333334,4.086548412698414,1.0,3.0,0.0
2023-03-20,division,Chattogram,Chattogram,3.0,3.0,2.0,3.0,7.0,9.0,13.0,3.75,6.75,7.0,11.0,2.21735578261167,0.8421052631578947,0.6129032258064516,3.2857142857142856,17.31813049167358,3,0.992708874098054,0.120536680255323,0.0,4.0,1.0,0.0,72.05090909090909,0.002727272727272727,0.9409090909090907,0.8672727272727272,0.0,0.0,0.0,0.01,19.997272727272726,24.396493506493506,29.14792207792208,26.14818181818182,23.948311688311687,30.182727272727274,21.023506493506492,19.99298701298701,75.54636363636364,67.81233766233767,71.1125974025974,1.2309090909090907,21.054545454545455,88.19545454545454,25.87802526564344,5.0,1.0,8.0
2023-03-20,division,Dhaka,Dhaka,12.0,12.0,18.0,19.0,14.0,17.0,38.0,15.75,20.25,19.0,32.0,3.3040379335752528,0.7761194029850746,0.788235294117647,1.0,17.604592364757483,3,0.992708874098054,0.120536680255323,0.0,4.0,1.0,0.0,46.480000000000004,0.09461538461538462,0.11461538461538462,2.7207692307692306,0.030000000000000002,0.0,0.0,0.0,6.616153846153846,25.565604395604396,31.392417582417583,26.99142857142857,24.936483516483516,32.24846153846154,21.555054945054945,20.404725274725273,68.6834065934066,60.7767032967033,68.8321978021978,0.03538461538464381,11.981538461538491,70.45153846153849,0.7627173288256338,19.0,23.0,4.0
2023-03-20,division,Khulna,Khulna,0.0,0.0,3.0,0.0,1.0,4.0,2.0,1.0,1.5,3.0,4.0,1.414213562372816,0.5,0.8,3.142857142857143,16.659378702207434,3,0.992708874098054,0.120536680255323,0.0,4.0,1.0,0.0,24.699,0.394,0.36900000000000005,0.182,0.266,0.0,0.0,0.0,2.103,26.59085714285714,33.161142857142856,28.083,26.011285714285712,34.19728571428571,22.491,21.556857142857144,63.08014285714286,54.35442857142857,63.51085714285714,0.2659999999999716,2.854999999999972,47.138999999999974,5.982605999999361,0.0,2.0,0.0
2023-03-20,division,Mymensingh,Mymensingh,0.0,0.0,0.0,0.0,2.0,0.0,1.0,0.5,0.5,2.0,2.0,1.0000000000012776,0.6666666666666666,1.0,3.5714285714285716,16.31903432869183,3,0.992708874098054,0.120536680255323,0.0,4.0,1.0,0.0,53.7725,0.0675,0.0,8.5625,0.0,0.0,0.0,0.0,5.51,24.298928571428572,29.92107142857143,26.103928571428572,23.736428571428572,31.292142857142856,20.636071428571427,19.889285714285712,68.8132142857143,57.11785714285714,68.79714285714286,0.0,7.567499999999999,106.17500000000001,0.0,0.0,0.0,1.0
2023-03-20,division,Rajshahi,Rajshahi,0.0,0.0,0.0,0.0,0.0,0.0,1.0,0.0,0.125,0.0,1.0,0.0,1.0,0.8888888888888888,3.5714285714285716,16.828744725921833,3,0.992708874098054,0.120536680255323,0.0,4.0,1.0,0.0,35.55,0.655,0.043750000000000004,1.165,0.0025,0.0,0.0,0.0,4.145,25.661607142857143,31.86267857142857,26.76107142857143,24.347857142857144,32.46107142857143,21.151071428571427,20.416428571428572,59.81428571428572,49.29410714285714,64.98964285714285,0.0024999999999431566,4.941249999999942,62.71874999999994,0.05287767857022627,0.0,0.0,0.0
2023-03-20,division,Rangpur,Rangpur,0.0,0.0,0.0,0.0,0.0,0.0,0.0,0.0,0.0,0.0,0.0,0.0,1.0,1.0,3.5714285714285716,16.68403182311846,3,0.992708874098054,0.120536680255323,0.0,4.0,1.0,0.0,45.73,0.17,0.21,1.6975,0.025,0.4075,0.0,0.007500000000000001,0.8425,24.123392857142857,30.19910714285714,25.46125,23.404821428571427,31.150892857142857,19.946964285714284,19.54,63.00357142857143,49.39767857142857,67.96196428571429,0.4324999999999716,0.8649999999999716,83.31374999999997,8.62706205357086,0.0,0.0,0.0
2023-03-20,division,Sylhet,Sylhet,0.0,0.0,0.0,0.0,0.0,0.0,0.0,0.0,0.0,0.0,0.0,0.0,1.0,1.0,3.5714285714285716,16.21657018255286,3,0.992708874098054,0.120536680255323,0.0,4.0,1.0,0.0,69.3175,0.0025,0.0,9.98,0.0,0.0,0.0,0.0,6.2625,23.33642857142857,28.399642857142858,25.384285714285713,22.96607142857143,29.745357142857145,19.689999999999998,19.036428571428573,74.94928571428571,65.10035714285715,73.1707142857143,0.0,6.58,137.8025,0.0,0.0,0.0,0.0
2023-03-27,division,Barishal,Barishal,1.0,1.0,3.0,2.0,2.0,7.0,6.0,2.0,4.75,3.0,20.0,0.8164965809283846,0.6666666666666666,0.5217391304347826,2.142857142857143,16.02379618021547,3,1.0,-1.6081226496766366e-16,0.0,7.0,0.0,0.0,96.495,24.95,0.0,0.68,2.441666666666667,0.085,0.09666666666666668,0.36166666666666664,0.04666666666666667,26.66595238095238,30.858095238095235,26.318571428571428,26.709999999999997,33.48690476190476,22.135,20.679761904761904,78.65523809523809,51.66547619047619,61.879285714285714,2.6233333333333335,0.415,175.23333333333335,58.06748333333334,3.0,2.0,5.0
2023-03-27,division,Chattogram,Chattogram,5.0,5.0,3.0,2.0,3.0,7.0,9.0,3.25,6.25,5.0,11.0,1.2583057392176513,1.411764705882353,0.5862068965517241,2.142857142857143,17.31813049167358,3,1.0,-1.6081226496766366e-16,0.0,7.0,0.0,0.0,96.81545454545454,15.20090909090909,0.002727272727272727,0.9409090909090907,0.8672727272727272,0.0,1.2309090909090907,1.0254545454545454,0.021818181818181816,25.718181818181815,30.362727272727273,25.574415584415586,25.011558441558442,32.2464935064935,21.01,19.967532467532468,77.50116883116884,49.56558441558441,65.22428571428571,2.0981818181818177,1.0572727272727271,184.07,44.08279999999999,1.0,5.0,18.0
2023-03-27,division,Dhaka,Dhaka,19.0,19.0,12.0,18.0,19.0,14.0,29.0,17.0,19.0,19.0,32.0,3.366501646096567,1.1111111111111112,0.9,0.8571428571428571,17.604592364757483,3,1.0,-1.6081226496766366e-16,0.0,7.0,0.0,0.0,111.47,23.76230769230769,0.09461538461538462,0.11461538461538462,2.7207692307692306,0.030000000000000002,0.005384615384615385,5.318461538461539,0.04692307692307692,26.2032967032967,31.419450549450552,26.393626373626375,25.781758241758244,33.706923076923076,21.43263736263736,19.964945054945055,74.55373626373627,42.829450549450556,60.58912087912087,2.7561538461538744,5.365384615384644,181.8069230769231,59.0716459002542,23.0,21.0,41.0
2023-03-27,division,Khulna,Khulna,0.0,0.0,0.0,3.0,0.0,1.0,2.0,0.75,1.25,3.0,4.0,1.4999999999997369,0.5714285714285714,0.7777777777777778,2.5714285714285716,16.659378702207434,3,1.0,-1.6081226496766366e-16,0.0,7.0,0.0,0.0,85.914,21.677,0.394,0.36900000000000005,0.182,0.266,0.0,0.716,0.036,26.964714285714287,32.955,27.17885714285714,27.136000000000003,35.76314285714285,22.214428571428574,20.532,71.467,34.832428571428565,50.774142857142856,0.4479999999999716,0.7519999999999716,132.68399999999997,9.95206399999937,2.0,1.0,1.0
2023-03-27,division,Mymensingh,Mymensingh,0.0,0.0,0.0,0.0,0.0,2.0,1.0,0.0,0.375,0.0,2.0,0.0,1.0,0.7272727272727273,2.5714285714285716,16.31903432869183,3,1.0,-1.6081226496766366e-16,0.0,7.0,0.0,0.0,82.1125,52.335,0.0675,0.0,8.5625,0.0,0.0,2.0549999999999997,0.0025,25.40785714285714,30.601071428571426,25.693214285714287,24.829642857142858,32.43928571428572,21.107142857142858,19.75785714285714,72.40678571428572,45.5525,61.5725,8.5625,2.0574999999999997,188.2875,180.72991071428572,0.0,0.0,0.0
2023-03-27,division,Rajshahi,Rajshahi,0.0,0.0,0.0,0.0,0.0,0.0,1.0,0.0,0.0,0.0,0.0,0.0,1.0,1.0,2.5714285714285716,16.828744725921833,3,1.0,-1.6081226496766366e-16,0.0,7.0,0.0,0.0,56.8525,26.470000000000002,0.655,0.043750000000000004,1.165,0.0025,0.0,0.7787499999999999,0.0175,26.808392857142856,32.68535714285714,26.637500000000003,25.470535714285717,33.473035714285714,21.56732142857143,19.446428571428573,62.75946428571429,41.20482142857143,57.32910714285714,1.1674999999999431,0.7962499999999431,119.52749999999995,25.179847767855918,0.0,0.0,0.0
2023-03-27,division,Rangpur,Rangpur,0.0,0.0,0.0,0.0,0.0,0.0,0.0,0.0,0.0,0.0,0.0,0.0,1.0,1.0,2.5714285714285716,16.68403182311846,3,1.0,-1.6081226496766366e-16,0.0,7.0,0.0,0.0,52.54,37.20375,0.17,0.21,1.6975,0.025,0.0,0.015,0.0,25.540357142857143,31.933035714285715,25.710714285714285,23.99375,31.480892857142855,21.23107142857143,19.271428571428572,57.809464285714284,50.20607142857143,59.90696428571429,2.1299999999999715,0.022499999999971577,135.64374999999995,45.22218214285654,0.0,0.0,0.0
2023-03-27,division,Sylhet,Sylhet,0.0,0.0,0.0,0.0,0.0,0.0,0.0,0.0,0.0,0.0,0.0,0.0,1.0,1.0,2.5714285714285716,16.21657018255286,3,1.0,-1.6081226496766366e-16,0.0,7.0,0.0,0.0,105.86,68.4825,0.0025,0.0,9.98,0.0,0.0,0.3175,0.0,24.483214285714286,29.219285714285714,24.795357142857142,23.95357142857143,31.166785714285712,20.23,19.708571428571428,76.25785714285715,51.0925,63.41821428571429,9.98,0.3175,243.6625,201.89540000000002,0.0,0.0,0.0
2023-04-03,division,Barishal,Barishal,3.0,3.0,1.0,3.0,2.0,2.0,20.0,2.25,2.625,3.0,7.0,0.9574271077568998,1.2307692307692308,0.896551724137931,3.4285714285714284,16.02379618021547,4,0.992708874098054,-0.12053668025532288,0.0,7.0,0.0,0.0,20.708333333333332,53.788333333333334,24.95,0.0,0.68,2.441666666666667,0.0,0.0,0.006666666666666667,27.988095238095237,32.862857142857145,25.72404761904762,27.33404761904762,33.4097619047619,25.486428571428572,22.494761904761905,73.34476190476191,48.39547619047619,67.70857142857143,3.206666666666667,0.46499999999999997,195.94166666666666,81.72648095238097,2.0,0.0,7.0
2023-04-03,division,Chattogram,Chattogram,1.0,1.0,5.0,3.0,2.0,3.0,11.0,2.75,5.0,5.0,10.0,1.7078251276642504,0.5333333333333333,0.625,2.857142857142857,17.31813049167358,4,0.992708874098054,-0.12053668025532288,0.0,7.0,0.0,0.0,28.920909090909092,72.05090909090909,15.20090909090909,0.002727272727272727,0.9409090909090907,0.8672727272727272,0.0,0.0,0.01,26.88285714285714,32.02727272727273,24.396493506493506,26.14818181818182,32.80896103896104,23.948311688311687,21.023506493506492,71.83571428571427,48.41779220779221,64.8461038961039,1.808181818181818,2.266363636363636,212.98818181818183,43.30290177095631,5.0,8.0,8.0
2023-04-03,division,Dhaka,Dhaka,23.0,23.0,19.0,12.0,18.0,19.0,32.0,18.0,17.875,23.0,23.0,4.546060565644086,1.263157894736842,1.0066225165562914,0.8571428571428571,17.604592364757483,4,0.992708874098054,-0.12053668025532288,0.0,7.0,0.0,0.0,11.262307692307692,46.480000000000004,23.76230769230769,0.09461538461538462,0.11461538461538462,2.7207692307692306,0.0,0.0,0.0,27.998021978021978,34.32,25.565604395604396,26.99142857142857,34.39901098901099,24.936483516483516,21.555054945054945,64.00142857142856,40.34637362637363,58.76692307692308,2.8653846153846434,5.3238461538461825,192.97461538461542,71.45261622992462,21.0,4.0,84.0
2023-04-03,division,Khulna,Khulna,2.0,2.0,0.0,0.0,3.0,0.0,2.0,1.25,1.25,3.0,4.0,1.4999999999997369,1.3333333333333333,1.0,3.5714285714285716,16.659378702207434,4,0.992708874098054,-0.12053668025532288,0.0,7.0,0.0,0.0,1.466,24.699,21.677,0.394,0.36900000000000005,0.182,0.0,0.0,0.0,29.17442857142857,36.450714285714284,26.59085714285714,28.083,36.031285714285715,26.011285714285712,22.491,54.778999999999996,33.46228571428571,50.669000000000004,0.8169999999999716,0.7159999999999715,133.75599999999997,21.25122042857069,1.0,0.0,0.0
2023-04-03,division,Mymensingh,Mymensingh,0.0,0.0,0.0,0.0,0.0,0.0,0.0,0.0,0.375,0.0,2.0,0.0,1.0,0.7272727272727273,3.5714285714285716,16.31903432869183,4,0.992708874098054,-0.12053668025532288,0.0,7.0,0.0,0.0,10.6275,53.7725,52.335,0.0675,0.0,8.5625,0.0,0.0,0.0,27.06964285714286,33.837857142857146,24.298928571428572,26.103928571428572,33.96678571428571,23.736428571428572,20.636071428571427,62.38357142857143,40.379999999999995,56.46142857142857,8.5625,2.0549999999999997,198.8475,203.24316964285714,0.0,1.0,3.0
2023-04-03,division,Rajshahi,Rajshahi,0.0,0.0,0.0,0.0,0.0,0.0,0.0,0.0,0.0,0.0,0.0,0.0,1.0,1.0,3.5714285714285716,16.828744725921833,4,0.992708874098054,-0.12053668025532288,0.0,7.0,0.0,0.0,0.165,35.55,26.470000000000002,0.655,0.043750000000000004,1.165,0.0,0.0,0.0,28.672857142857143,36.18125,25.661607142857143,26.76107142857143,34.89482142857143,24.347857142857144,21.151071428571427,46.003214285714286,36.43071428571429,49.12571428571428,1.211249999999943,0.7787499999999431,119.03749999999994,29.49134196428433,0.0,0.0,0.0
2023-04-03,division,Rangpur,Rangpur,0.0,0.0,0.0,0.0,0.0,0.0,0.0,0.0,0.0,0.0,0.0,0.0,1.0,1.0,3.5714285714285716,16.68403182311846,4,0.992708874098054,-0.12053668025532288,0.0,7.0,0.0,0.0,1.9275000000000002,45.73,37.20375,0.17,0.21,1.6975,0.4075,0.0,0.007500000000000001,27.150714285714287,34.85946428571428,24.123392857142857,25.46125,33.841071428571425,23.404821428571427,19.946964285714284,47.150178571428576,38.2025,52.72875,2.339999999999972,0.022499999999971577,137.40124999999998,54.76728214285648,0.0,0.0,0.0
2023-04-03,division,Sylhet,Sylhet,0.0,0.0,0.0,0.0,0.0,0.0,0.0,0.0,0.0,0.0,0.0,0.0,1.0,1.0,3.5714285714285716,16.21657018255286,4,0.992708874098054,-0.12053668025532288,0.0,7.0,0.0,0.0,60.0,69.3175,68.4825,0.0025,0.0,9.98,0.0,0.0,0.0,25.78392857142857,31.26571428571429,23.33642857142857,25.384285714285713,32.74714285714286,22.96607142857143,19.689999999999998,72.29035714285715,46.98,64.25964285714286,9.98,0.3175,303.65999999999997,229.20139285714288,0.0,0.0,1.0
2023-04-10,division,Barishal,Barishal,2.0,2.0,3.0,1.0,3.0,2.0,1.0,2.25,2.75,3.0,7.0,0.9574271077568998,0.9230769230769231,0.8666666666666667,3.7142857142857144,16.02379618021547,4,0.9709418174260521,-0.2393156642875575,0.0,7.0,1.0,0.0,2.0100000000000002,96.495,53.788333333333334,24.95,0.0,0.68,0.085,0.09666666666666668,0.36166666666666664,30.015238095238093,36.145,26.66595238095238,26.318571428571428,31.663809523809523,26.709999999999997,22.135,67.52761904761904,65.83214285714286,57.469523809523814,3.206666666666667,0.4583333333333333,173.00166666666667,85.65006666666666,0.0,5.0,10.0
2023-04-10,division,Chattogram,Chattogram,5.0,5.0,1.0,5.0,3.0,2.0,10.0,3.5,4.375,5.0,9.0,1.914854215516527,1.3333333333333333,0.8372093023255814,4.0,17.31813049167358,4,0.9709418174260521,-0.2393156642875575,0.0,7.0,1.0,0.0,2.3063636363636366,96.81545454545454,72.05090909090909,15.20090909090909,0.002727272727272727,0.9409090909090907,0.0,1.2309090909090907,1.0254545454545454,29.032597402597403,35.382987012987016,25.718181818181815,25.574415584415586,31.42662337662338,25.011558441558442,21.01,65.15961038961039,62.46545454545455,54.96623376623376,1.8109090909090906,2.256363636363636,200.09363636363634,45.29365855962219,8.0,18.0,15.0
2023-04-10,division,Dhaka,Dhaka,21.0,21.0,23.0,19.0,12.0,18.0,21.0,18.75,17.875,23.0,23.0,4.7871355387647245,1.1139240506329113,1.0463576158940397,0.8571428571428571,17.604592364757483,4,0.9709418174260521,-0.2393156642875575,0.0,7.0,1.0,0.0,3.506153846153846,111.47,46.480000000000004,23.76230769230769,0.09461538461538462,0.11461538461538462,0.030000000000000002,0.005384615384615385,5.318461538461539,30.324395604395605,37.92340659340659,26.2032967032967,26.393626373626375,32.78813186813187,25.781758241758244,21.43263736263736,53.965934065934064,58.81923076923077,48.2954945054945,2.960000000000028,5.3238461538461825,172.71846153846155,76.31400439560512,4.0,41.0,125.0
2023-04-10,division,Khulna,Khulna,1.0,1.0,2.0,0.0,0.0,3.0,0.0,0.75,1.375,2.0,4.0,0.9574271077559259,1.1428571428571428,0.7368421052631579,3.857142857142857,16.659378702207434,4,0.9709418174260521,-0.2393156642875575,0.0,7.0,1.0,0.0,0.358,85.914,24.699,21.677,0.394,0.36900000000000005,0.266,0.0,0.716,31.687285714285714,40.022285714285715,26.964714285714287,27.17885714285714,33.87442857142857,27.136000000000003,22.214428571428574,45.19171428571428,54.75114285714286,43.22342857142858,1.2109999999999717,0.7159999999999715,112.43699999999998,32.861695999999235,0.0,1.0,2.0
2023-04-10,division,Mymensingh,Mymensingh,0.0,0.0,0.0,0.0,0.0,0.0,1.0,0.0,0.25,0.0,2.0,0.0,1.0,0.8,4.142857142857143,16.31903432869183,4,0.9709418174260521,-0.2393156642875575,0.0,7.0,1.0,0.0,0.115,82.1125,53.7725,52.335,0.0675,0.0,0.0,0.0,2.0549999999999997,29.762857142857143,37.48571428571429,25.40785714285714,25.693214285714287,31.670714285714286,24.829642857142858,21.107142857142858,47.90464285714286,59.150357142857146,46.30285714285714,8.63,2.0549999999999997,146.6275,214.2798178571429,1.0,0.0,2.0
2023-04-10,division,Rajshahi,Rajshahi,0.0,0.0,0.0,0.0,0.0,0.0,0.0,0.0,0.0,0.0,0.0,0.0,1.0,1.0,4.142857142857143,16.828744725921833,4,0.9709418174260521,-0.2393156642875575,0.0,7.0,1.0,0.0,0.036250000000000004,56.8525,35.55,26.470000000000002,0.655,0.043750000000000004,0.0025,0.0,0.7787499999999999,31.463392857142857,39.595,26.808392857142856,26.637500000000003,32.82,25.470535714285717,21.56732142857143,36.402321428571426,51.36892857142857,42.18928571428572,1.8662499999999431,0.7787499999999431,92.60374999999993,47.53438727678427,0.0,0.0,0.0
2023-04-10,division,Rangpur,Rangpur,0.0,0.0,0.0,0.0,0.0,0.0,0.0,0.0,0.0,0.0,0.0,0.0,1.0,1.0,4.142857142857143,16.68403182311846,4,0.9709418174260521,-0.2393156642875575,0.0,7.0,1.0,0.0,0.37625,52.54,45.73,37.20375,0.17,0.21,0.025,0.0,0.015,29.766607142857143,38.10803571428571,25.540357142857143,25.710714285714285,31.999107142857145,23.99375,21.23107142857143,37.982142857142854,51.65767857142857,47.269999999999996,2.1024999999999716,0.42249999999997156,100.57374999999996,50.44685937499931,0.0,0.0,0.0
2023-04-10,division,Sylhet,Sylhet,0.0,0.0,0.0,0.0,0.0,0.0,0.0,0.0,0.0,0.0,0.0,0.0,1.0,1.0,4.142857142857143,16.21657018255286,4,0.9709418174260521,-0.2393156642875575,0.0,7.0,1.0,0.0,0.0175,105.86,69.3175,68.4825,0.0025,0.0,0.0,0.0,0.3175,28.616785714285715,34.91535714285715,24.483214285714286,24.795357142857142,30.603571428571428,23.95357142857143,20.23,57.19714285714286,64.485,54.64071428571428,9.9825,0.3175,235.195,239.11652678571429,0.0,0.0,0.0
2023-04-17,division,Barishal,Barishal,0.0,0.0,2.0,3.0,1.0,3.0,2.0,1.5,2.5,3.0,7.0,1.2909944487362222,0.4,0.7142857142857143,3.857142857142857,16.02379618021547,4,0.9350162426854148,-0.35460488704253545,3.0,5.0,3.0,0.0,4.988333333333333,20.708333333333332,96.495,53.788333333333334,24.95,0.0,2.441666666666667,0.0,0.0,30.44309523809524,35.87261904761905,27.988095238095237,25.72404761904762,30.37595238095238,27.33404761904762,25.486428571428572,71.02285714285715,75.39404761904761,68.66595238095239,28.071666666666665,0.1816666666666667,124.20166666666667,767.3122734126985,5.0,7.0,7.0
2023-04-17,division,Chattogram,Chattogram,8.0,8.0,5.0,1.0,5.0,3.0,9.0,4.75,4.25,8.0,8.0,2.8722813232715816,1.565217391304348,1.0952380952380953,3.4285714285714284,17.31813049167358,4,0.9350162426854148,-0.35460488704253545,3.0,5.0,3.0,0.0,12.127272727272727,28.920909090909092,96.81545454545454,72.05090909090909,15.20090909090909,0.002727272727272727,0.8672727272727272,0.0,0.0,28.914155844155847,34.29480519480519,26.88285714285714,24.396493506493506,29.14792207792208,26.14818181818182,23.948311688311687,74.15766233766234,75.54636363636364,67.81233766233767,17.011818181818178,1.2309090909090907,140.17,444.82811487603294,18.0,8.0,7.0
2023-04-17,division,Dhaka,Dhaka,4.0,4.0,21.0,23.0,19.0,12.0,17.0,16.75,16.25,23.0,23.0,8.655441448389807,0.28169014084507044,1.0289855072463767,1.1428571428571428,17.604592364757483,4,0.9350162426854148,-0.35460488704253545,3.0,5.0,3.0,0.0,9.121538461538462,11.262307692307692,111.47,46.480000000000004,23.76230769230769,0.09461538461538462,2.7207692307692306,0.0,0.0,30.917142857142856,38.05615384615384,27.998021978021978,25.565604395604396,31.392417582417583,26.99142857142857,24.936483516483516,63.71230769230769,68.6834065934066,60.7767032967033,26.69230769230772,0.03538461538464381,135.36,720.4635164835172,41.0,84.0,185.0
2023-04-17,division,Khulna,Khulna,0.0,0.0,1.0,2.0,0.0,0.0,4.0,0.75,0.875,2.0,3.0,0.9574271077559259,0.5714285714285714,0.9333333333333333,4.0,16.659378702207434,4,0.9350162426854148,-0.35460488704253545,3.0,5.0,3.0,0.0,0.333,1.466,85.914,24.699,21.677,0.394,0.182,0.0,0.0,32.539142857142856,40.45042857142857,29.17442857142857,26.59085714285714,33.161142857142856,28.083,26.011285714285712,51.44828571428572,63.08014285714286,54.35442857142857,22.62199999999997,0.2659999999999716,88.07099999999997,635.2936259999991,1.0,0.0,3.0
2023-04-17,division,Mymensingh,Mymensingh,1.0,1.0,0.0,0.0,0.0,0.0,0.0,0.25,0.375,1.0,2.0,0.5000000000025612,1.6,0.9090909090909091,4.142857142857143,16.31903432869183,4,0.9350162426854148,-0.35460488704253545,3.0,5.0,3.0,0.0,21.837500000000002,10.6275,82.1125,53.7725,52.335,0.0675,8.5625,0.0,0.0,30.21107142857143,37.403571428571425,27.06964285714286,24.298928571428572,29.92107142857143,26.103928571428572,23.736428571428572,62.456428571428575,68.8132142857143,57.11785714285714,60.965,0.0,114.69249999999998,1591.426005357143,0.0,3.0,2.0
2023-04-17,division,Rajshahi,Rajshahi,0.0,0.0,0.0,0.0,0.0,0.0,0.0,0.0,0.0,0.0,0.0,0.0,1.0,1.0,4.142857142857143,16.828744725921833,4,0.9350162426854148,-0.35460488704253545,3.0,5.0,3.0,0.0,1.2737500000000002,0.165,56.8525,35.55,26.470000000000002,0.655,1.165,0.0,0.0,32.432857142857145,40.294464285714284,28.672857142857143,25.661607142857143,31.86267857142857,26.76107142857143,24.347857142857144,43.90071428571429,59.81428571428572,49.29410714285714,28.333749999999945,0.0024999999999431566,58.327499999999944,758.2415075892843,0.0,0.0,0.0
2023-04-17,division,Rangpur,Rangpur,0.0,0.0,0.0,0.0,0.0,0.0,0.0,0.0,0.0,0.0,0.0,0.0,1.0,1.0,4.142857142857143,16.68403182311846,4,0.9350162426854148,-0.35460488704253545,3.0,5.0,3.0,0.0,12.81625,1.9275000000000002,52.54,45.73,37.20375,0.17,1.6975,0.4075,0.0,30.850892857142856,38.89035714285714,27.150714285714287,24.123392857142857,30.19910714285714,25.46125,23.404821428571427,45.4425,63.00357142857143,49.39767857142857,39.28124999999997,0.4324999999999716,67.65999999999997,1000.1497265624993,0.0,0.0,0.0
2023-04-17,division,Sylhet,Sylhet,0.0,0.0,0.0,0.0,0.0,0.0,0.0,0.0,0.0,0.0,0.0,0.0,1.0,1.0,4.142857142857143,16.21657018255286,4,0.9350162426854148,-0.35460488704253545,3.0,5.0,3.0,0.0,71.165,60.0,105.86,69.3175,68.4825,0.0025,9.98,0.0,0.0,28.682142857142857,34.52392857142857,25.78392857142857,23.33642857142857,28.399642857142858,25.384285714285713,22.96607142857143,72.21678571428572,74.94928571428571,65.10035714285715,78.465,0.0,237.0425,1991.7779785714285,0.0,1.0,0.0
2023-04-24,division,Barishal,Barishal,5.0,5.0,0.0,2.0,3.0,1.0,7.0,2.5,2.25,5.0,5.0,2.081665999466391,1.7142857142857142,1.0769230769230769,1.8571428571428572,16.02379618021547,4,0.8854560256532099,-0.4647231720437685,0.0,0.0,0.0,0.0,29.36833333333333,2.0100000000000002,20.708333333333332,96.495,53.788333333333334,24.95,0.68,0.085,0.09666666666666668,29.87142857142857,35.160000000000004,30.015238095238093,26.66595238095238,30.858095238095235,26.318571428571428,26.709999999999997,63.796190476190475,78.65523809523809,51.66547619047619,79.41833333333334,2.6233333333333335,57.074999999999996,2090.1770785714284,7.0,10.0,6.0
2023-04-24,division,Chattogram,Chattogram,18.0,18.0,8.0,5.0,1.0,5.0,7.0,8.0,5.625,18.0,18.0,7.257180352360096,2.111111111111111,1.3584905660377358,0.7142857142857143,17.31813049167358,4,0.8854560256532099,-0.4647231720437685,0.0,0.0,0.0,0.0,12.237272727272726,2.3063636363636366,28.920909090909092,96.81545454545454,72.05090909090909,15.20090909090909,0.9409090909090907,0.0,1.2309090909090907,29.088961038961042,34.39909090909091,29.032597402597403,25.718181818181815,30.362727272727273,25.574415584415586,25.011558441558442,62.29402597402598,77.50116883116884,49.56558441558441,88.19545454545454,2.0981818181818177,55.591818181818184,2255.547207201889,8.0,15.0,25.0
2023-04-24,division,Dhaka,Dhaka,41.0,41.0,4.0,21.0,23.0,19.0,14.0,22.25,19.625,41.0,41.0,15.12999228904312,1.8064516129032258,1.1272727272727272,1.2857142857142858,17.604592364757483,4,0.8854560256532099,-0.4647231720437685,0.0,0.0,0.0,0.0,39.76230769230769,3.506153846153846,11.262307692307692,111.47,46.480000000000004,23.76230769230769,0.11461538461538462,0.030000000000000002,0.005384615384615385,29.72945054945055,35.473186813186814,30.324395604395605,26.2032967032967,31.419450549450552,26.393626373626375,25.781758241758244,57.88065934065934,74.55373626373627,42.829450549450556,70.45153846153849,2.7561538461538744,63.652307692307716,1859.4715836010153,84.0,125.0,287.0
2023-04-24,division,Khulna,Khulna,1.0,1.0,0.0,1.0,2.0,0.0,1.0,1.0,0.875,2.0,3.0,0.8164965809272426,1.0,1.0666666666666667,1.8571428571428572,16.659378702207434,4,0.8854560256532099,-0.4647231720437685,0.0,0.0,0.0,0.0,57.49300000000001,0.358,1.466,85.914,24.699,21.677,0.36900000000000005,0.266,0.0,30.12085714285714,36.56628571428571,31.687285714285714,26.964714285714287,32.955,27.17885714285714,27.136000000000003,59.51042857142856,71.467,34.832428571428565,47.138999999999974,0.4479999999999716,59.64999999999999,1281.184146857142,0.0,2.0,2.0
2023-04-24,division,Mymensingh,Mymensingh,0.0,0.0,1.0,0.0,0.0,0.0,2.0,0.25,0.125,1.0,1.0,0.5000000000025612,0.8,1.1111111111111112,1.7142857142857142,16.31903432869183,4,0.8854560256532099,-0.4647231720437685,0.0,0.0,0.0,0.0,15.4825,0.115,10.6275,82.1125,53.7725,52.335,0.0,0.0,0.0,29.060000000000002,35.00642857142857,29.762857142857143,25.40785714285714,30.601071428571426,25.693214285714287,24.829642857142858,55.62357142857143,72.40678571428572,45.5525,106.17500000000001,8.5625,48.0625,2727.9770267857148,3.0,2.0,4.0
2023-04-24,division,Rajshahi,Rajshahi,0.0,0.0,0.0,0.0,0.0,0.0,0.0,0.0,0.0,0.0,0.0,0.0,1.0,1.0,1.8571428571428572,16.828744725921833,4,0.8854560256532099,-0.4647231720437685,0.0,0.0,0.0,0.0,38.57625,0.036250000000000004,0.165,56.8525,35.55,26.470000000000002,0.043750000000000004,0.0025,0.0,29.822499999999998,35.7225,31.463392857142857,26.808392857142856,32.68535714285714,26.637500000000003,25.470535714285717,53.22696428571429,62.75946428571429,41.20482142857143,62.71874999999994,1.1674999999999431,40.051249999999946,1670.6707031249987,0.0,0.0,0.0
2023-04-24,division,Rangpur,Rangpur,0.0,0.0,0.0,0.0,0.0,0.0,0.0,0.0,0.0,0.0,0.0,0.0,1.0,1.0,1.8571428571428572,16.68403182311846,4,0.8854560256532099,-0.4647231720437685,0.0,0.0,0.0,0.0,15.405,0.37625,1.9275000000000002,52.54,45.73,37.20375,0.21,0.025,0.0,29.29875,35.71928571428571,29.766607142857143,25.540357142857143,31.933035714285715,25.710714285714285,23.99375,50.11625,57.809464285714284,50.20607142857143,83.31374999999997,2.1299999999999715,30.52499999999997,2142.056022321428,0.0,0.0,0.0
2023-04-24,division,Sylhet,Sylhet,0.0,0.0,0.0,0.0,0.0,0.0,0.0,0.0,0.0,0.0,0.0,0.0,1.0,1.0,1.8571428571428572,16.21657018255286,4,0.8854560256532099,-0.4647231720437685,0.0,0.0,0.0,0.0,21.5475,0.0175,60.0,105.86,69.3175,68.4825,0.0,0.0,0.0,27.4025,32.700714285714284,28.616785714285715,24.483214285714286,29.219285714285714,24.795357142857142,23.95357142857143,66.17678571428571,76.25785714285715,51.0925,137.8025,9.98,152.73000000000002,3416.8622026785715,1.0,0.0,0.0
2023-05-01,division,Barishal,Barishal,7.0,7.0,5.0,0.0,2.0,3.0,2.0,3.5,2.875,7.0,7.0,3.109126351029778,1.7777777777777777,1.1612903225806452,8.571428571428571,16.02379618021547,5,0.8229838658936565,-0.5680647467311557,0.0,0.0,1.0,0.0,26.956666666666667,4.988333333333333,2.0100000000000002,20.708333333333332,96.495,53.788333333333334,0.0,2.441666666666667,0.0,29.77333333333333,34.43119047619047,30.44309523809524,27.988095238095237,32.862857142857145,25.72404761904762,27.33404761904762,68.49190476190476,73.34476190476191,48.39547619047619,175.23333333333335,3.206666666666667,63.32333333333332,4507.710611111112,10.0,7.0,21.0
2023-05-01,division,Chattogram,Chattogram,8.0,8.0,18.0,8.0,5.0,1.0,3.0,9.75,6.25,18.0,18.0,5.678908345801571,0.8372093023255814,1.4827586206896552,6.714285714285714,17.31813049167358,5,0.8229838658936565,-0.5680647467311557,0.0,0.0,1.0,0.0,20.401818181818182,12.127272727272727,2.3063636363636366,28.920909090909092,96.81545454545454,72.05090909090909,0.002727272727272727,0.8672727272727272,0.0,29.233246753246757,34.04116883116883,28.914155844155847,26.88285714285714,32.02727272727273,24.396493506493506,26.14818181818182,65.72103896103896,71.83571428571427,48.41779220779221,184.07,1.808181818181818,47.07272727272727,4490.66255974026,15.0,7.0,45.0
2023-05-01,division,Dhaka,Dhaka,84.0,84.0,41.0,4.0,21.0,23.0,19.0,37.5,27.75,84.0,84.0,34.49154485763872,2.207792207792208,1.3391304347826087,3.4285714285714284,17.604592364757483,5,0.8229838658936565,-0.5680647467311557,0.0,0.0,1.0,0.0,48.38076923076923,9.121538461538462,3.506153846153846,11.262307692307692,111.47,46.480000000000004,0.09461538461538462,2.7207692307692306,0.0,29.21098901098901,34.33967032967033,30.917142857142856,27.998021978021978,34.32,25.565604395604396,26.99142857142857,66.9921978021978,64.00142857142856,40.34637362637363,181.8069230769231,2.8653846153846434,100.77076923076925,4648.003871766696,125.0,185.0,532.0
2023-05-01,division,Khulna,Khulna,0.0,0.0,1.0,0.0,1.0,2.0,0.0,0.5,0.875,1.0,3.0,0.5773502691889422,0.6666666666666666,0.8,9.142857142857142,16.659378702207434,5,0.8229838658936565,-0.5680647467311557,0.0,0.0,1.0,0.0,31.893,0.333,0.358,1.466,85.914,24.699,0.394,0.182,0.0,29.68157142857143,35.44057142857143,32.539142857142856,29.17442857142857,36.450714285714284,26.59085714285714,28.083,64.93757142857143,54.778999999999996,33.46228571428571,132.68399999999997,0.8169999999999716,90.077,3528.181289142856,2.0,3.0,4.0
2023-05-01,division,Mymensingh,Mymensingh,3.0,3.0,0.0,1.0,0.0,0.0,0.0,1.0,0.5,3.0,3.0,1.4142135623739942,2.0,1.3333333333333333,9.285714285714286,16.31903432869183,5,0.8229838658936565,-0.5680647467311557,0.0,0.0,1.0,0.0,61.4725,21.837500000000002,0.115,10.6275,82.1125,53.7725,0.0675,8.5625,0.0,28.561071428571427,33.88642857142857,30.21107142857143,27.06964285714286,33.837857142857146,24.298928571428572,26.103928571428572,66.00071428571428,62.38357142857143,40.379999999999995,188.2875,8.5625,98.9075,4575.184513392857,2.0,2.0,3.0
2023-05-01,division,Rajshahi,Rajshahi,0.0,0.0,0.0,0.0,0.0,0.0,0.0,0.0,0.0,0.0,0.0,0.0,1.0,1.0,9.285714285714286,16.828744725921833,5,0.8229838658936565,-0.5680647467311557,0.0,0.0,1.0,0.0,31.7975,1.2737500000000002,0.036250000000000004,0.165,56.8525,35.55,0.655,1.165,0.0,29.521071428571428,35.206785714285715,32.432857142857145,28.672857142857143,36.18125,25.661607142857143,26.76107142857143,59.254107142857144,46.003214285714286,36.43071428571429,119.52749999999995,1.211249999999943,71.68374999999995,3067.267747767856,0.0,0.0,0.0
2023-05-01,division,Rangpur,Rangpur,0.0,0.0,0.0,0.0,0.0,0.0,0.0,0.0,0.0,0.0,0.0,0.0,1.0,1.0,9.285714285714286,16.68403182311846,5,0.8229838658936565,-0.5680647467311557,0.0,0.0,1.0,0.0,18.9775,12.81625,0.37625,1.9275000000000002,52.54,45.73,0.17,1.6975,0.4075,29.230714285714285,35.43053571428572,30.850892857142856,27.150714285714287,34.85946428571428,24.123392857142857,25.46125,54.59428571428571,47.150178571428576,38.2025,135.64374999999995,2.339999999999972,47.57499999999997,3272.1874698660704,0.0,0.0,0.0
2023-05-01,division,Sylhet,Sylhet,1.0,1.0,0.0,0.0,0.0,0.0,0.0,0.25,0.125,1.0,1.0,0.5000000000000063,1.6,1.1111111111111112,9.285714285714286,16.21657018255286,5,0.8229838658936565,-0.5680647467311557,0.0,0.0,1.0,0.0,50.585,71.165,0.0175,60.0,105.86,69.3175,0.0025,9.98,0.0,27.680714285714288,32.47928571428571,28.682142857142857,25.78392857142857,31.26571428571429,23.33642857142857,25.384285714285713,71.76928571428572,72.29035714285715,46.98,243.6625,9.98,143.315,5686.212526785714,0.0,0.0,0.0
2023-05-08,division,Barishal,Barishal,10.0,10.0,7.0,5.0,0.0,2.0,2.0,5.5,3.875,10.0,10.0,4.203173404306292,1.6923076923076923,1.3333333333333333,13.714285714285714,16.02379618021547,5,0.7485107481711013,-0.663122658240795,0.0,0.0,0.0,0.0,5.79,29.36833333333333,4.988333333333333,2.0100000000000002,20.708333333333332,96.495,24.95,0.68,0.085,31.05642857142857,36.18785714285714,29.87142857142857,30.015238095238093,36.145,26.66595238095238,26.318571428571428,67.32142857142857,67.52761904761904,65.83214285714286,195.94166666666666,3.206666666666667,67.10333333333332,5224.971152777777,7.0,6.0,28.0
2023-05-08,division,Chattogram,Chattogram,15.0,15.0,8.0,18.0,8.0,5.0,2.0,12.25,7.875,18.0,18.0,5.057996968499296,1.2075471698113207,1.4929577464788732,13.571428571428571,17.31813049167358,5,0.7485107481711013,-0.663122658240795,0.0,0.0,0.0,0.0,12.215454545454547,12.237272727272726,12.127272727272727,2.3063636363636366,28.920909090909092,96.81545454545454,15.20090909090909,0.9409090909090907,0.0,30.355584415584417,35.857532467532465,29.088961038961042,29.032597402597403,35.382987012987016,25.718181818181815,25.574415584415586,64.70896103896104,65.15961038961039,62.46545454545455,212.98818181818183,1.8109090909090906,56.981818181818184,5477.668785123967,7.0,25.0,49.0
2023-05-08,division,Dhaka,Dhaka,125.0,125.0,84.0,41.0,4.0,21.0,18.0,63.5,41.125,125.0,125.0,52.43726410356002,1.9534883720930232,1.5311572700296736,2.7142857142857144,17.604592364757483,5,0.7485107481711013,-0.663122658240795,0.0,0.0,0.0,0.0,10.663846153846153,39.76230769230769,9.121538461538462,3.506153846153846,11.262307692307692,111.47,23.76230769230769,0.11461538461538462,0.030000000000000002,31.04340659340659,37.4910989010989,29.72945054945055,30.324395604395605,37.92340659340659,26.2032967032967,26.393626373626375,60.355604395604395,53.965934065934064,58.81923076923077,192.97461538461542,2.960000000000028,107.92846153846156,5056.571103127642,185.0,287.0,736.0
2023-05-08,division,Khulna,Khulna,2.0,2.0,0.0,1.0,0.0,1.0,3.0,0.75,0.75,2.0,2.0,0.9574271077559258,1.7142857142857142,1.0,14.714285714285714,16.659378702207434,5,0.7485107481711013,-0.663122658240795,0.0,0.0,0.0,0.0,4.2,57.49300000000001,0.333,0.358,1.466,85.914,21.677,0.36900000000000005,0.266,32.05171428571428,39.20028571428571,30.12085714285714,31.687285714285714,40.022285714285715,26.964714285714287,27.17885714285714,57.05685714285714,45.19171428571428,54.75114285714286,133.75599999999997,1.2109999999999717,93.91899999999998,3606.692323999999,3.0,2.0,8.0
2023-05-08,division,Mymensingh,Mymensingh,2.0,2.0,3.0,0.0,1.0,0.0,0.0,1.5,0.75,3.0,3.0,1.2909944487367861,1.2,1.4285714285714286,14.285714285714286,16.31903432869183,5,0.7485107481711013,-0.663122658240795,0.0,0.0,0.0,0.0,31.86,15.4825,21.837500000000002,0.115,10.6275,82.1125,52.335,0.0,0.0,30.222857142857144,37.087857142857146,29.060000000000002,29.762857142857143,37.48571428571429,25.40785714285714,25.693214285714287,57.59357142857143,47.90464285714286,59.150357142857146,198.8475,8.63,130.6525,5052.288873214285,2.0,4.0,7.0
2023-05-08,division,Rajshahi,Rajshahi,0.0,0.0,0.0,0.0,0.0,0.0,0.0,0.0,0.0,0.0,0.0,0.0,1.0,1.0,14.714285714285714,16.828744725921833,5,0.7485107481711013,-0.663122658240795,0.0,0.0,0.0,0.0,22.756249999999998,38.57625,1.2737500000000002,0.036250000000000004,0.165,56.8525,26.470000000000002,0.043750000000000004,0.0025,31.839464285714286,39.23553571428572,29.822499999999998,31.463392857142857,39.595,26.808392857142856,26.637500000000003,49.14375,36.402321428571426,51.36892857142857,119.03749999999994,1.8662499999999431,94.40374999999995,3191.204064732141,0.0,0.0,3.0
2023-05-08,division,Rangpur,Rangpur,0.0,0.0,0.0,0.0,0.0,0.0,0.0,0.0,0.0,0.0,0.0,0.0,1.0,1.0,14.714285714285714,16.68403182311846,5,0.7485107481711013,-0.663122658240795,0.0,0.0,0.0,0.0,10.5725,15.405,12.81625,0.37625,1.9275000000000002,52.54,37.20375,0.21,0.025,31.752142857142857,39.85178571428572,29.29875,29.766607142857143,38.10803571428571,25.540357142857143,25.710714285714285,40.24142857142857,37.982142857142854,51.65767857142857,137.40124999999998,2.1024999999999716,57.77124999999997,3509.2769968749994,0.0,0.0,3.0
2023-05-08,division,Sylhet,Sylhet,0.0,0.0,1.0,0.0,0.0,0.0,0.0,0.25,0.125,1.0,1.0,0.5000000000000063,0.8,1.1111111111111112,14.571428571428571,16.21657018255286,5,0.7485107481711013,-0.663122658240795,0.0,0.0,0.0,0.0,11.17,21.5475,71.165,0.0175,60.0,105.86,68.4825,0.0,0.0,29.281785714285714,35.4675,27.4025,28.616785714285715,34.91535714285715,24.483214285714286,24.795357142857142,63.7,57.19714285714286,64.485,303.65999999999997,9.9825,154.4675,7434.57285,0.0,0.0,0.0
2023-05-15,division,Barishal,Barishal,7.0,7.0,10.0,7.0,5.0,0.0,3.0,7.25,4.375,10.0,10.0,2.0615528128090914,0.9696969696969697,1.5348837209302326,20.571428571428573,16.02379618021547,5,0.6631226582407952,-0.7485107481711012,0.0,0.0,0.0,0.0,92.925,26.956666666666667,29.36833333333333,4.988333333333333,2.0100000000000002,20.708333333333332,53.788333333333334,0.0,2.441666666666667,29.01761904761905,32.52738095238095,29.77333333333333,30.44309523809524,35.87261904761905,27.988095238095237,25.72404761904762,80.36119047619047,71.02285714285715,75.39404761904761,173.00166666666667,28.071666666666665,155.04,4841.987123015872,6.0,21.0,77.0
2023-05-15,division,Chattogram,Chattogram,7.0,7.0,15.0,8.0,18.0,8.0,3.0,12.0,8.375,18.0,18.0,5.354126134737713,0.6153846153846154,1.3866666666666667,19.857142857142858,17.31813049167358,5,0.6631226582407952,-0.7485107481711012,0.0,0.0,0.0,0.0,84.71454545454546,20.401818181818182,12.237272727272726,12.127272727272727,2.3063636363636366,28.920909090909092,72.05090909090909,0.002727272727272727,0.8672727272727272,27.81012987012987,31.766103896103893,29.233246753246757,28.914155844155847,34.29480519480519,26.88285714285714,24.396493506493506,80.77168831168832,74.15766233766234,75.54636363636364,200.09363636363634,17.011818181818178,129.5690909090909,5379.08864155844,25.0,45.0,119.0
2023-05-15,division,Dhaka,Dhaka,185.0,185.0,125.0,84.0,41.0,4.0,12.0,108.75,62.75,185.0,185.0,61.3208773583666,1.6947608200455582,1.7215686274509805,4.142857142857143,17.604592364757483,5,0.6631226582407952,-0.7485107481711012,0.0,0.0,0.0,0.0,106.78538461538461,48.38076923076923,39.76230769230769,9.121538461538462,3.506153846153846,11.262307692307692,46.480000000000004,0.09461538461538462,2.7207692307692306,29.177252747252744,34.07747252747253,29.21098901098901,30.917142857142856,38.05615384615384,27.998021978021978,25.565604395604396,77.03120879120878,63.71230769230769,68.6834065934066,172.71846153846155,26.69230769230772,205.5923076923077,4835.775282163991,287.0,532.0,1454.0
2023-05-15,division,Khulna,Khulna,3.0,3.0,2.0,0.0,1.0,0.0,0.0,1.5,1.125,3.0,3.0,1.2909944487354998,1.6,1.1764705882352942,21.714285714285715,16.659378702207434,5,0.6631226582407952,-0.7485107481711012,0.0,0.0,0.0,0.0,85.29100000000001,31.893,57.49300000000001,0.333,0.358,1.466,24.699,0.394,0.182,30.440714285714286,36.452714285714286,29.68157142857143,32.539142857142856,40.45042857142857,29.17442857142857,26.59085714285714,71.52042857142857,51.44828571428572,63.08014285714286,112.43699999999998,22.62199999999997,178.877,3280.2852252857138,2.0,4.0,15.0
2023-05-15,division,Mymensingh,Mymensingh,2.0,2.0,2.0,3.0,0.0,1.0,0.0,1.75,1.0,3.0,3.0,1.2583057392127952,1.0909090909090908,1.375,21.714285714285715,16.31903432869183,5,0.6631226582407952,-0.7485107481711012,0.0,0.0,0.0,0.0,131.6175,61.4725,15.4825,21.837500000000002,0.115,10.6275,53.7725,0.0675,8.5625,28.5625,33.357142857142854,28.561071428571427,30.21107142857143,37.403571428571425,27.06964285714286,24.298928571428572,77.14785714285715,62.456428571428575,68.8132142857143,146.6275,60.965,240.4325,3969.1540580357146,4.0,3.0,24.0
2023-05-15,division,Rajshahi,Rajshahi,0.0,0.0,0.0,0.0,0.0,0.0,0.0,0.0,0.0,0.0,0.0,0.0,1.0,1.0,22.0,16.828744725921833,5,0.6631226582407952,-0.7485107481711012,0.0,0.0,0.0,0.0,98.08624999999999,31.7975,38.57625,1.2737500000000002,0.036250000000000004,0.165,35.55,0.655,1.165,30.539464285714285,36.361964285714286,29.521071428571428,32.432857142857145,40.294464285714284,28.672857142857143,25.661607142857143,68.44482142857143,43.90071428571429,59.81428571428572,92.60374999999993,28.333749999999945,191.21624999999995,2655.2140946428553,0.0,0.0,5.0
2023-05-15,division,Rangpur,Rangpur,0.0,0.0,0.0,0.0,0.0,0.0,0.0,0.0,0.0,0.0,0.0,0.0,1.0,1.0,22.0,16.68403182311846,5,0.6631226582407952,-0.7485107481711012,0.0,0.0,0.0,0.0,89.83875,18.9775,15.405,12.81625,0.37625,1.9275000000000002,45.73,0.17,1.6975,29.716607142857143,35.17392857142857,29.230714285714285,30.850892857142856,38.89035714285714,27.150714285714287,24.123392857142857,66.48589285714286,45.4425,63.00357142857143,100.57374999999996,39.28124999999997,134.79375,2730.649150892856,0.0,0.0,2.0
2023-05-15,division,Sylhet,Sylhet,0.0,0.0,0.0,1.0,0.0,0.0,0.0,0.25,0.125,1.0,1.0,0.5000000000000063,0.8,1.1111111111111112,22.0,16.21657018255286,5,0.6631226582407952,-0.7485107481711012,0.0,0.0,0.0,0.0,136.335,50.585,21.5475,71.165,0.0175,60.0,69.3175,0.0025,9.98,27.825000000000003,32.41285714285714,27.680714285714288,28.682142857142857,34.52392857142857,25.78392857142857,23.33642857142857,78.03285714285714,72.21678571428572,74.94928571428571,235.195,78.465,219.63750000000002,6064.251080357143,0.0,0.0,2.0
2023-05-22,division,Barishal,Barishal,6.0,6.0,7.0,10.0,7.0,5.0,1.0,7.5,5.0,10.0,10.0,1.7320508075691883,0.8235294117647058,1.4166666666666667,28.142857142857142,16.02379618021547,5,0.5680647467311558,-0.8229838658936564,0.0,0.0,0.0,0.0,127.33666666666666,5.79,26.956666666666667,29.36833333333333,4.988333333333333,2.0100000000000002,96.495,24.95,0.68,28.469285714285714,31.227380952380955,31.05642857142857,29.87142857142857,35.160000000000004,30.015238095238093,26.66595238095238,84.0607142857143,63.796190476190475,78.65523809523809,124.20166666666667,79.41833333333334,253.00833333333333,3727.942596825397,21.0,28.0,109.0
2023-05-22,division,Chattogram,Chattogram,25.0,25.0,7.0,15.0,8.0,18.0,5.0,13.75,10.875,25.0,25.0,8.301606270275736,1.7627118644067796,1.2421052631578948,28.142857142857142,17.31813049167358,5,0.5680647467311558,-0.8229838658936564,0.0,0.0,0.0,0.0,108.72272727272728,12.215454545454547,20.401818181818182,12.237272727272726,12.127272727272727,2.3063636363636366,96.81545454545454,15.20090909090909,0.9409090909090907,27.572857142857142,30.841688311688312,30.355584415584417,29.088961038961042,34.39909090909091,29.032597402597403,25.718181818181815,83.69974025974025,62.29402597402598,77.50116883116884,140.17,88.19545454545454,226.05454545454546,4069.4991779220777,45.0,49.0,189.0
2023-05-22,division,Dhaka,Dhaka,287.0,287.0,185.0,125.0,84.0,41.0,19.0,170.25,96.25,287.0,287.0,88.19438757653367,1.6817518248175183,1.7609254498714653,2.7142857142857144,17.604592364757483,5,0.5680647467311558,-0.8229838658936564,0.0,0.0,0.0,0.0,131.66923076923075,10.663846153846153,48.38076923076923,39.76230769230769,9.121538461538462,3.506153846153846,111.47,23.76230769230769,0.11461538461538462,28.206263736263736,31.72384615384615,31.04340659340659,29.72945054945055,35.473186813186814,30.324395604395605,26.2032967032967,83.12208791208792,57.88065934065934,74.55373626373627,135.36,70.45153846153849,297.49923076923073,4104.71018901099,532.0,736.0,1902.0
2023-05-22,division,Khulna,Khulna,2.0,2.0,3.0,2.0,0.0,1.0,0.0,1.75,1.375,3.0,3.0,1.2583057392114778,1.0909090909090908,1.1578947368421053,28.714285714285715,16.659378702207434,5,0.5680647467311558,-0.8229838658936564,0.0,0.0,0.0,0.0,93.623,4.2,31.893,57.49300000000001,0.333,0.358,85.914,21.677,0.36900000000000005,29.084285714285716,33.43714285714286,32.05171428571428,30.12085714285714,36.56628571428571,31.687285714285714,26.964714285714287,79.26771428571429,59.51042857142856,71.467,88.07099999999997,47.138999999999974,215.007,2790.730940142856,4.0,8.0,47.0
2023-05-22,division,Mymensingh,Mymensingh,4.0,4.0,2.0,2.0,3.0,0.0,0.0,2.75,1.5,4.0,4.0,0.9574271077576447,1.3333333333333333,1.5,28.857142857142858,16.31903432869183,5,0.5680647467311558,-0.8229838658936564,0.0,0.0,0.0,0.0,105.4525,31.86,61.4725,15.4825,21.837500000000002,0.115,82.1125,52.335,0.0,27.78928571428571,31.3075,30.222857142857144,29.060000000000002,35.00642857142857,29.762857142857143,25.40785714285714,82.86999999999999,55.62357142857143,72.40678571428572,114.69249999999998,106.17500000000001,330.4025,3413.5764928571425,3.0,7.0,38.0
2023-05-22,division,Rajshahi,Rajshahi,0.0,0.0,0.0,0.0,0.0,0.0,0.0,0.0,0.0,0.0,0.0,0.0,1.0,1.0,29.142857142857142,16.828744725921833,5,0.5680647467311558,-0.8229838658936564,0.0,0.0,0.0,0.0,79.06375,22.756249999999998,31.7975,38.57625,1.2737500000000002,0.036250000000000004,56.8525,26.470000000000002,0.043750000000000004,29.138035714285714,33.47678571428572,31.839464285714286,29.822499999999998,35.7225,31.463392857142857,26.808392857142856,76.34482142857142,53.22696428571429,62.75946428571429,58.327499999999944,62.71874999999994,231.7037499999999,1835.1810468749982,0.0,3.0,8.0
2023-05-22,division,Rangpur,Rangpur,0.0,0.0,0.0,0.0,0.0,0.0,0.0,0.0,0.0,0.0,0.0,0.0,1.0,1.0,29.142857142857142,16.68403182311846,5,0.5680647467311558,-0.8229838658936564,0.0,0.0,0.0,0.0,71.06875000000001,10.5725,18.9775,15.405,12.81625,0.37625,52.54,37.20375,0.21,29.075178571428573,33.65732142857143,31.752142857142857,29.29875,35.71928571428571,29.766607142857143,25.540357142857143,72.4075,50.11625,57.809464285714284,67.65999999999997,83.31374999999997,190.45749999999998,2014.0086392857133,0.0,3.0,12.0
2023-05-22,division,Sylhet,Sylhet,0.0,0.0,0.0,0.0,1.0,0.0,0.0,0.25,0.125,1.0,1.0,0.5000000000000063,0.8,1.1111111111111112,29.142857142857142,16.21657018255286,5,0.5680647467311558,-0.8229838658936564,0.0,0.0,0.0,0.0,119.9375,11.17,50.585,21.5475,71.165,0.0175,105.86,68.4825,0.0,27.55464285714286,31.005357142857143,29.281785714285714,27.4025,32.700714285714284,28.616785714285715,24.483214285714286,82.34571428571428,66.17678571428571,76.25785714285715,237.0425,137.8025,318.02750000000003,6783.394427678571,0.0,0.0,25.0
2023-05-29,division,Barishal,Barishal,21.0,21.0,6.0,7.0,10.0,7.0,3.0,11.0,7.25,21.0,21.0,6.879922480183509,1.8333333333333333,1.4545454545454546,45.42857142857143,16.02379618021547,5,0.46472317204376906,-0.8854560256532096,0.0,0.0,0.0,0.0,7.538333333333333,92.925,5.79,26.956666666666667,29.36833333333333,4.988333333333333,20.708333333333332,53.788333333333334,0.0,30.05047619047619,33.065,29.01761904761905,29.77333333333333,34.43119047619047,30.44309523809524,27.988095238095237,79.8195238095238,68.49190476190476,73.34476190476191,57.074999999999996,175.23333333333335,233.59,1737.5396607142857,28.0,77.0,178.0
2023-05-29,division,Chattogram,Chattogram,45.0,45.0,25.0,7.0,15.0,8.0,1.0,23.0,16.375,45.0,45.0,16.411378166788676,1.9166666666666667,1.381294964028777,42.714285714285715,17.31813049167358,5,0.46472317204376906,-0.8854560256532096,0.0,0.0,0.0,0.0,10.457272727272727,84.71454545454546,12.215454545454547,20.401818181818182,12.237272727272726,12.127272727272727,28.920909090909092,72.05090909090909,0.002727272727272727,29.55363636363636,33.19610389610389,27.81012987012987,29.233246753246757,34.04116883116883,28.914155844155847,26.88285714285714,78.69662337662338,65.72103896103896,71.83571428571427,55.591818181818184,184.07,216.11,1607.3904945690674,49.0,119.0,253.0
2023-05-29,division,Dhaka,Dhaka,532.0,532.0,287.0,185.0,125.0,84.0,23.0,282.25,159.875,532.0,532.0,179.4275619853311,1.881729920564872,1.7606837606837606,5.285714285714286,17.604592364757483,5,0.46472317204376906,-0.8854560256532096,0.0,0.0,0.0,0.0,2.2053846153846157,106.78538461538461,10.663846153846153,48.38076923076923,39.76230769230769,9.121538461538462,11.262307692307692,46.480000000000004,0.09461538461538462,30.421538461538464,34.40516483516483,29.177252747252744,29.21098901098901,34.33967032967033,30.917142857142856,27.998021978021978,75.67736263736263,66.9921978021978,64.00142857142856,63.652307692307716,181.8069230769231,251.32384615384615,1967.9474901098909,736.0,1454.0,933.0
2023-05-29,division,Khulna,Khulna,4.0,4.0,2.0,3.0,2.0,0.0,2.0,2.75,1.625,4.0,4.0,0.9574271077559257,1.3333333333333333,1.4285714285714286,46.0,16.659378702207434,5,0.46472317204376906,-0.8854560256532096,0.0,0.0,0.0,0.0,0.35,85.29100000000001,4.2,31.893,57.49300000000001,0.333,1.466,24.699,0.394,31.244999999999997,36.50214285714286,30.440714285714286,29.68157142857143,35.44057142857143,32.539142857142856,29.17442857142857,70.0912857142857,64.93757142857143,54.778999999999996,59.64999999999999,132.68399999999997,183.464,1940.9598714285712,8.0,15.0,69.0
2023-05-29,division,Mymensingh,Mymensingh,3.0,3.0,4.0,2.0,2.0,3.0,0.0,2.75,1.875,4.0,4.0,0.9574271077576447,1.0666666666666667,1.3043478260869565,45.714285714285715,16.31903432869183,5,0.46472317204376906,-0.8854560256532096,0.0,0.0,0.0,0.0,4.125,131.6175,31.86,61.4725,15.4825,21.837500000000002,10.6275,53.7725,0.0675,30.519285714285715,34.78321428571428,28.5625,28.561071428571427,33.88642857142857,30.21107142857143,27.06964285714286,72.7032142857143,66.00071428571428,62.38357142857143,48.0625,188.2875,273.055,1452.0196205357142,7.0,24.0,47.0
2023-05-29,division,Rajshahi,Rajshahi,0.0,0.0,0.0,0.0,0.0,0.0,0.0,0.0,0.0,0.0,0.0,0.0,1.0,1.0,46.285714285714285,16.828744725921833,5,0.46472317204376906,-0.8854560256532096,0.0,0.0,0.0,0.0,0.1625,98.08624999999999,22.756249999999998,31.7975,38.57625,1.2737500000000002,0.165,35.55,0.655,32.01785714285714,37.658928571428575,30.539464285714285,29.521071428571428,35.206785714285715,32.432857142857145,28.672857142857143,61.330178571428576,59.254107142857144,46.003214285714286,40.051249999999946,119.52749999999995,200.06874999999994,1298.9764696428556,3.0,5.0,14.0
2023-05-29,division,Rangpur,Rangpur,0.0,0.0,0.0,0.0,0.0,0.0,0.0,0.0,0.0,0.0,0.0,0.0,1.0,1.0,46.285714285714285,16.68403182311846,5,0.46472317204376906,-0.8854560256532096,0.0,0.0,0.0,0.0,1.7462499999999999,89.83875,10.5725,18.9775,15.405,12.81625,1.9275000000000002,45.73,0.17,32.276250000000005,38.441785714285714,29.716607142857143,29.230714285714285,35.43053571428572,30.850892857142856,27.150714285714287,55.41732142857143,54.59428571428571,47.150178571428576,30.52499999999997,135.64374999999995,173.22625,941.7235044642848,3.0,2.0,12.0
2023-05-29,division,Sylhet,Sylhet,0.0,0.0,0.0,0.0,0.0,1.0,0.0,0.0,0.125,0.0,1.0,0.0,1.0,0.8888888888888888,46.285714285714285,16.21657018255286,5,0.46472317204376906,-0.8854560256532096,0.0,0.0,0.0,0.0,18.7275,136.335,11.17,50.585,21.5475,71.165,60.0,69.3175,0.0025,29.863214285714285,33.668214285714285,27.825000000000003,27.680714285714288,32.47928571428571,28.682142857142857,25.78392857142857,75.7575,71.76928571428572,72.29035714285715,152.73000000000002,243.6625,286.17,4380.623678571429,0.0,2.0,13.0
2023-06-05,division,Barishal,Barishal,28.0,28.0,21.0,6.0,7.0,10.0,2.0,15.5,10.5,28.0,28.0,10.785793124909006,1.7575757575757576,1.434782608695652,83.42857142857143,16.02379618021547,6,0.35460488704253584,-0.9350162426854147,0.0,0.0,0.0,0.0,64.44666666666667,127.33666666666666,92.925,5.79,26.956666666666667,29.36833333333333,2.0100000000000002,96.495,24.95,30.020238095238096,33.17880952380953,28.469285714285714,31.05642857142857,36.18785714285714,29.87142857142857,30.015238095238093,79.10238095238095,67.32142857142857,67.52761904761904,63.32333333333332,195.94166666666666,292.24666666666667,1891.5584285714283,77.0,109.0,442.0
2023-06-05,division,Chattogram,Chattogram,49.0,49.0,45.0,25.0,7.0,15.0,5.0,31.5,21.875,49.0,49.0,19.41648783894798,1.5384615384615385,1.4207650273224044,80.0,17.31813049167358,6,0.35460488704253584,-0.9350162426854147,0.0,0.0,0.0,0.0,136.95363636363638,108.72272727272728,84.71454545454546,12.215454545454547,20.401818181818182,12.237272727272726,2.3063636363636366,96.81545454545454,15.20090909090909,29.171168831168828,32.62987012987013,27.572857142857142,30.355584415584417,35.857532467532465,29.088961038961042,29.032597402597403,80.28116883116883,64.70896103896104,65.15961038961039,47.07272727272727,212.98818181818183,340.84818181818184,1369.2967296340025,119.0,189.0,561.0
2023-06-05,division,Dhaka,Dhaka,736.0,736.0,532.0,287.0,185.0,125.0,21.0,435.0,249.25,736.0,736.0,247.9341310375261,1.6903669724770642,1.7422577422577423,10.428571428571429,17.604592364757483,6,0.35460488704253584,-0.9350162426854147,0.0,0.0,0.0,0.0,61.67,131.66923076923075,106.78538461538461,10.663846153846153,48.38076923076923,39.76230769230769,3.506153846153846,111.47,23.76230769230769,29.98087912087912,33.79010989010989,28.206263736263736,31.04340659340659,37.4910989010989,29.72945054945055,30.324395604395605,78.99483516483517,60.355604395604395,53.965934065934064,100.77076923076925,192.97461538461542,302.33,2995.8596006762473,1454.0,1902.0,2890.0
2023-06-05,division,Khulna,Khulna,8.0,8.0,4.0,2.0,3.0,2.0,1.0,4.25,2.5,8.0,8.0,2.629955639676433,1.7142857142857142,1.5,85.85714285714286,16.659378702207434,6,0.35460488704253584,-0.9350162426854147,0.0,0.0,0.0,0.0,24.383,93.623,85.29100000000001,4.2,31.893,57.49300000000001,0.358,85.914,21.677,31.246714285714283,36.16385714285714,29.084285714285716,32.05171428571428,39.20028571428571,30.12085714285714,31.687285714285714,71.63614285714286,57.05685714285714,45.19171428571428,90.077,133.75599999999997,203.647,2713.1964488571425,15.0,47.0,139.0
2023-06-05,division,Mymensingh,Mymensingh,7.0,7.0,3.0,4.0,2.0,2.0,0.0,4.0,2.75,7.0,7.0,2.160246899469859,1.6,1.3333333333333333,86.0,16.31903432869183,6,0.35460488704253584,-0.9350162426854147,0.0,0.0,0.0,0.0,57.51,105.4525,131.6175,31.86,61.4725,15.4825,0.115,82.1125,52.335,30.162142857142857,33.86964285714286,27.78928571428571,30.222857142857144,37.087857142857146,29.060000000000002,29.762857142857143,76.12,57.59357142857143,47.90464285714286,98.9075,198.8475,298.705,2874.2519500000003,24.0,38.0,63.0
2023-06-05,division,Rajshahi,Rajshahi,3.0,3.0,0.0,0.0,0.0,0.0,0.0,0.75,0.375,3.0,3.0,1.500000000000615,2.2857142857142856,1.2727272727272727,86.42857142857143,16.828744725921833,6,0.35460488704253584,-0.9350162426854147,0.0,0.0,0.0,0.0,20.24875,79.06375,98.08624999999999,22.756249999999998,31.7975,38.57625,0.036250000000000004,56.8525,26.470000000000002,31.939821428571427,37.02482142857143,29.138035714285714,31.839464285714286,39.23553571428572,29.822499999999998,31.463392857142857,66.82071428571429,49.14375,36.402321428571426,71.68374999999995,119.03749999999994,197.56124999999994,2137.7886343749983,5.0,8.0,35.0
2023-06-05,division,Rangpur,Rangpur,3.0,3.0,0.0,0.0,0.0,0.0,0.0,0.75,0.375,3.0,3.0,1.5000000000000009,2.2857142857142856,1.2727272727272727,86.42857142857143,16.68403182311846,6,0.35460488704253584,-0.9350162426854147,0.0,0.0,0.0,0.0,44.2875,71.06875000000001,89.83875,10.5725,18.9775,15.405,0.37625,52.54,37.20375,32.25714285714286,37.32839285714286,29.075178571428573,31.752142857142857,39.85178571428572,29.29875,29.766607142857143,63.63410714285714,40.24142857142857,37.982142857142854,47.57499999999997,137.40124999999998,206.94124999999997,1393.888031249999,2.0,12.0,40.0
2023-06-05,division,Sylhet,Sylhet,0.0,0.0,0.0,0.0,0.0,0.0,0.0,0.0,0.125,0.0,1.0,0.0,1.0,0.8888888888888888,86.42857142857143,16.21657018255286,6,0.35460488704253584,-0.9350162426854147,0.0,0.0,0.0,0.0,114.7875,119.9375,136.335,11.17,50.585,21.5475,0.0175,105.86,68.4825,29.792857142857144,33.4075,27.55464285714286,29.281785714285714,35.4675,27.4025,28.616785714285715,78.27535714285715,63.7,57.19714285714286,143.315,303.65999999999997,389.7875,3927.1892875,2.0,25.0,27.0
2023-06-12,division,Barishal,Barishal,77.0,77.0,28.0,21.0,6.0,7.0,0.0,33.0,20.125,77.0,77.0,30.735430152621383,2.2941176470588234,1.6094674556213018,115.14285714285714,16.02379618021547,6,0.23931566428755768,-0.970941817426052,0.0,0.0,0.0,0.0,108.89166666666667,7.538333333333333,127.33666666666666,92.925,5.79,26.956666666666667,4.988333333333333,20.708333333333332,53.788333333333334,29.13738095238095,31.040238095238095,30.05047619047619,29.01761904761905,32.52738095238095,29.77333333333333,30.44309523809524,89.45928571428571,80.36119047619047,71.02285714285715,67.10333333333332,173.00166666666667,308.2133333333333,1997.8899111111107,109.0,178.0,751.0
2023-06-12,division,Chattogram,Chattogram,119.0,119.0,49.0,45.0,25.0,7.0,8.0,59.5,35.75,119.0,119.0,41.03250743820906,1.9834710743801653,1.6462585034013606,112.14285714285714,17.31813049167358,6,0.23931566428755768,-0.970941817426052,0.0,0.0,0.0,0.0,151.15272727272728,10.457272727272727,108.72272727272728,84.71454545454546,12.215454545454547,20.401818181818182,12.127272727272727,28.920909090909092,72.05090909090909,28.273636363636363,30.803246753246754,29.55363636363636,27.81012987012987,31.766103896103893,29.233246753246757,28.914155844155847,89.85948051948051,80.77168831168832,74.15766233766234,56.981818181818184,200.09363636363634,407.2863636363636,1665.7635513577334,189.0,253.0,999.0
2023-06-12,division,Dhaka,Dhaka,1454.0,1454.0,736.0,532.0,287.0,185.0,4.0,752.25,430.5,1454.0,1454.0,502.5550550271414,1.9316296050448059,1.7456546929316339,14.0,17.604592364757483,6,0.23931566428755768,-0.970941817426052,0.0,0.0,0.0,0.0,131.12538461538463,2.2053846153846157,131.66923076923075,106.78538461538461,10.663846153846153,48.38076923076923,9.121538461538462,11.262307692307692,46.480000000000004,29.263626373626373,32.42208791208792,30.421538461538464,29.177252747252744,34.07747252747253,29.21098901098901,30.917142857142856,88.64285714285714,77.03120879120878,63.71230769230769,107.92846153846156,172.71846153846155,326.67,3152.6971039729506,1902.0,933.0,5502.0
2023-06-12,division,Khulna,Khulna,15.0,15.0,8.0,4.0,2.0,3.0,0.0,7.25,4.375,15.0,15.0,5.737304826019433,1.9393939393939394,1.5348837209302326,118.0,16.659378702207434,6,0.23931566428755768,-0.970941817426052,0.0,0.0,0.0,0.0,46.275999999999996,0.35,93.623,85.29100000000001,4.2,31.893,0.333,1.466,24.699,30.944142857142857,35.69257142857143,31.244999999999997,30.440714285714286,36.452714285714286,29.68157142857143,32.539142857142856,78.864,71.52042857142857,51.44828571428572,93.91899999999998,112.43699999999998,164.632,2787.6635069999998,47.0,69.0,223.0
2023-06-12,division,Mymensingh,Mymensingh,24.0,24.0,7.0,3.0,4.0,2.0,1.0,9.5,5.625,24.0,24.0,9.814954576223757,2.380952380952381,1.5849056603773586,118.14285714285714,16.31903432869183,6,0.23931566428755768,-0.970941817426052,0.0,0.0,0.0,0.0,283.4325,4.125,105.4525,131.6175,31.86,61.4725,21.837500000000002,10.6275,53.7725,29.185714285714287,32.715357142857144,30.519285714285715,28.5625,33.357142857142854,28.561071428571427,30.21107142857143,88.93607142857144,77.14785714285715,62.456428571428575,130.6525,146.6275,450.52,3731.5753848214285,38.0,47.0,156.0
2023-06-12,division,Rajshahi,Rajshahi,5.0,5.0,3.0,0.0,0.0,0.0,0.0,2.0,1.0,5.0,5.0,2.4494897427835545,2.0,1.5,118.71428571428571,16.828744725921833,6,0.23931566428755768,-0.970941817426052,0.0,0.0,0.0,0.0,130.5025,0.1625,79.06375,98.08624999999999,22.756249999999998,31.7975,1.2737500000000002,0.165,35.55,31.78625,37.28017857142857,32.01785714285714,30.539464285714285,36.361964285714286,29.521071428571428,32.432857142857145,75.0632142857143,68.44482142857143,43.90071428571429,94.40374999999995,92.60374999999993,229.97749999999996,2786.8998468749983,8.0,14.0,113.0
2023-06-12,division,Rangpur,Rangpur,2.0,2.0,3.0,0.0,0.0,0.0,0.0,1.25,0.625,3.0,3.0,1.5000000000000007,1.3333333333333333,1.3846153846153846,118.71428571428571,16.68403182311846,6,0.23931566428755768,-0.970941817426052,0.0,0.0,0.0,0.0,243.91875,1.7462499999999999,71.06875000000001,89.83875,10.5725,18.9775,12.81625,1.9275000000000002,45.73,30.93107142857143,35.864642857142854,32.276250000000005,29.716607142857143,35.17392857142857,29.230714285714285,30.850892857142856,78.55035714285714,66.48589285714286,45.4425,57.77124999999997,100.57374999999996,361.02124999999995,1688.6949026785703,12.0,12.0,125.0
2023-06-12,division,Sylhet,Sylhet,2.0,2.0,0.0,0.0,0.0,0.0,0.0,0.5,0.375,2.0,2.0,1.000000000000003,2.0,1.0909090909090908,119.14285714285714,16.21657018255286,6,0.23931566428755768,-0.970941817426052,0.0,0.0,0.0,0.0,528.2125,18.7275,119.9375,136.335,11.17,50.585,71.165,60.0,69.3175,28.406785714285714,31.61857142857143,29.863214285714285,27.825000000000003,32.41285714285714,27.680714285714288,28.682142857142857,90.2775,78.03285714285714,72.21678571428572,154.4675,235.195,781.665,4275.770733928572,25.0,13.0,55.0
2023-06-19,division,Barishal,Barishal,109.0,109.0,77.0,28.0,21.0,6.0,5.0,58.75,33.125,109.0,109.0,41.74825345648208,1.8410041841004183,1.750915750915751,231.57142857142858,16.02379618021547,6,0.12053668025532308,-0.992708874098054,0.0,0.0,0.0,0.0,113.52833333333332,64.44666666666667,7.538333333333333,127.33666666666666,92.925,5.79,29.36833333333333,2.0100000000000002,96.495,28.726666666666663,31.013809523809524,30.020238095238096,28.469285714285714,31.227380952380955,31.05642857142857,29.87142857142857,88.25238095238096,84.0607142857143,63.796190476190475,155.04,124.20166666666667,294.405,4814.988685714285,178.0,442.0,1410.0
2023-06-19,division,Chattogram,Chattogram,189.0,189.0,119.0,49.0,45.0,25.0,18.0,100.5,57.125,189.0,189.0,68.08573027196434,1.8719211822660098,1.746236559139785,225.57142857142858,17.31813049167358,6,0.12053668025532308,-0.992708874098054,0.0,0.0,0.0,0.0,108.16545454545454,136.95363636363638,10.457272727272727,108.72272727272728,84.71454545454546,12.215454545454547,12.237272727272726,2.3063636363636366,96.81545454545454,27.85181818181818,30.89792207792208,29.171168831168828,27.572857142857142,30.841688311688312,30.355584415584417,29.088961038961042,88.85779220779222,83.69974025974025,62.29402597402598,129.5690909090909,140.17,406.7290909090909,3933.1454767414402,253.0,561.0,1673.0
2023-06-19,division,Dhaka,Dhaka,1902.0,1902.0,1454.0,736.0,532.0,287.0,41.0,1156.0,663.125,1902.0,1902.0,635.3728564131981,1.644770959377701,1.7421419160549596,34.857142857142854,17.604592364757483,6,0.12053668025532308,-0.992708874098054,0.0,0.0,0.0,0.0,74.5,61.67,2.2053846153846157,131.66923076923075,106.78538461538461,10.663846153846153,39.76230769230769,3.506153846153846,111.47,28.62835164835165,31.61736263736264,29.98087912087912,28.206263736263736,31.72384615384615,31.04340659340659,29.72945054945055,88.67967032967034,83.12208791208792,57.88065934065934,205.5923076923077,135.36,269.50076923076927,6382.285600169062,933.0,2890.0,7616.0
2023-06-19,division,Khulna,Khulna,47.0,47.0,15.0,8.0,4.0,2.0,1.0,18.5,10.125,47.0,47.0,19.536291016123453,2.4615384615384617,1.752808988764045,240.42857142857142,16.659378702207434,6,0.12053668025532308,-0.992708874098054,0.0,0.0,0.0,0.0,66.444,24.383,0.35,93.623,85.29100000000001,4.2,57.49300000000001,0.358,85.914,29.261000000000003,32.68442857142857,31.246714285714283,29.084285714285716,33.43714285714286,32.05171428571428,30.12085714285714,85.00685714285714,79.26771428571429,59.51042857142856,178.877,88.07099999999997,137.45299999999997,5733.314496285714,69.0,139.0,521.0
2023-06-19,division,Mymensingh,Mymensingh,38.0,38.0,24.0,7.0,3.0,4.0,0.0,18.0,10.375,38.0,38.0,16.145174717749846,2.0526315789473686,1.6703296703296704,239.14285714285714,16.31903432869183,6,0.12053668025532308,-0.992708874098054,0.0,0.0,0.0,0.0,109.16999999999999,57.51,4.125,105.4525,131.6175,31.86,15.4825,0.115,82.1125,28.2775,30.990357142857142,30.162142857142857,27.78928571428571,31.3075,30.222857142857144,29.060000000000002,90.0782142857143,82.86999999999999,55.62357142857143,240.4325,114.69249999999998,454.23749999999995,7266.557100000001,47.0,63.0,312.0
2023-06-19,division,Rajshahi,Rajshahi,8.0,8.0,5.0,3.0,0.0,0.0,0.0,4.0,2.0,8.0,8.0,3.366501646120967,1.8,1.6666666666666667,241.85714285714286,16.828744725921833,6,0.12053668025532308,-0.992708874098054,0.0,0.0,0.0,0.0,50.9375,20.24875,0.1625,79.06375,98.08624999999999,22.756249999999998,38.57625,0.036250000000000004,56.8525,29.704107142857143,33.23464285714286,31.939821428571427,29.138035714285714,33.47678571428572,31.839464285714286,29.822499999999998,82.67017857142856,76.34482142857142,53.22696428571429,191.21624999999995,58.327499999999944,201.85124999999996,6088.222962723213,14.0,35.0,262.0
2023-06-19,division,Rangpur,Rangpur,12.0,12.0,2.0,3.0,0.0,0.0,0.0,4.25,2.125,12.0,12.0,5.315072906367325,2.4761904761904763,1.68,242.28571428571428,16.68403182311846,6,0.12053668025532308,-0.992708874098054,0.0,0.0,0.0,0.0,132.51999999999998,44.2875,1.7462499999999999,71.06875000000001,89.83875,10.5725,15.405,0.37625,52.54,29.13714285714286,32.456607142857145,32.25714285714286,29.075178571428573,33.65732142857143,31.752142857142857,29.29875,85.62107142857143,72.4075,50.11625,134.79375,67.65999999999997,422.4724999999999,4279.99040625,12.0,40.0,186.0
2023-06-19,division,Sylhet,Sylhet,25.0,25.0,2.0,0.0,0.0,0.0,0.0,6.75,3.5,25.0,25.0,12.203141671990318,3.3548387096774195,1.7222222222222223,242.28571428571428,16.21657018255286,6,0.12053668025532308,-0.992708874098054,0.0,0.0,0.0,0.0,188.72500000000002,114.7875,18.7275,119.9375,136.335,11.17,21.5475,0.0175,105.86,27.907142857142855,30.87892857142857,29.792857142857144,27.55464285714286,31.005357142857143,29.281785714285714,27.4025,89.3375,82.34571428571428,66.17678571428571,219.63750000000002,237.0425,850.4525,6431.378209821429,13.0,27.0,119.0
2023-06-26,division,Barishal,Barishal,178.0,178.0,109.0,77.0,28.0,21.0,7.0,98.0,54.5,178.0,178.0,62.880839689049964,1.8080808080808082,1.7837837837837838,317.2857142857143,16.02379618021547,6,-3.216245299353273e-16,-1.0,3.0,0.0,3.0,0.0,220.30666666666664,108.89166666666667,64.44666666666667,7.538333333333333,127.33666666666666,92.925,26.956666666666667,4.988333333333333,20.708333333333332,28.482142857142858,30.229285714285712,29.13738095238095,30.05047619047619,33.065,29.01761904761905,29.77333333333333,90.31714285714285,79.8195238095238,68.49190476190476,253.00833333333333,57.074999999999996,507.1733333333333,7341.699432539683,442.0,751.0,1849.0
2023-06-26,division,Chattogram,Chattogram,253.0,253.0,189.0,119.0,49.0,45.0,8.0,152.5,87.75,253.0,253.0,88.06626293119676,1.6547231270358307,1.7295774647887323,305.85714285714283,17.31813049167358,6,-3.216245299353273e-16,-1.0,3.0,0.0,3.0,0.0,170.84,151.15272727272728,136.95363636363638,10.457272727272727,108.72272727272728,84.71454545454546,20.401818181818182,12.127272727272727,28.920909090909092,28.045194805194807,30.82038961038961,28.273636363636363,29.55363636363636,33.19610389610389,27.81012987012987,29.233246753246757,88.9125974025974,78.69662337662338,65.72103896103896,226.05454545454546,55.591818181818184,567.1118181818182,6286.606266824086,561.0,999.0,2115.0
2023-06-26,division,Dhaka,Dhaka,933.0,933.0,1902.0,1454.0,736.0,532.0,84.0,1256.25,769.25,1902.0,1902.0,526.3866607985677,0.7428912308610062,1.6322622525154171,61.142857142857146,17.604592364757483,6,-3.216245299353273e-16,-1.0,3.0,0.0,3.0,0.0,217.41538461538462,131.12538461538463,61.67,2.2053846153846157,131.66923076923075,106.78538461538461,48.38076923076923,9.121538461538462,11.262307692307692,28.415494505494507,31.058571428571426,29.263626373626373,30.421538461538464,34.40516483516483,29.177252747252744,29.21098901098901,90.16054945054945,75.67736263736263,66.9921978021978,297.49923076923073,63.652307692307716,484.7107692307693,8680.210248267116,2890.0,5502.0,9921.0
2023-06-26,division,Khulna,Khulna,69.0,69.0,47.0,15.0,8.0,4.0,0.0,34.75,18.75,69.0,69.0,28.45317791272765,1.9580419580419581,1.8101265822784811,326.14285714285717,16.659378702207434,6,-3.216245299353273e-16,-1.0,3.0,0.0,3.0,0.0,167.262,46.275999999999996,24.383,0.35,93.623,85.29100000000001,31.893,0.333,1.466,28.43485714285714,30.943,30.944142857142857,31.244999999999997,36.50214285714286,30.440714285714286,29.68157142857143,90.01271428571428,70.0912857142857,64.93757142857143,215.007,59.64999999999999,304.365,6544.966656428572,139.0,223.0,690.0
2023-06-26,division,Mymensingh,Mymensingh,47.0,47.0,38.0,24.0,7.0,3.0,3.0,29.0,15.875,47.0,47.0,17.454703282114785,1.6,1.7777777777777777,327.42857142857144,16.31903432869183,6,-3.216245299353273e-16,-1.0,3.0,0.0,3.0,0.0,247.5975,283.4325,57.51,4.125,105.4525,131.6175,61.4725,21.837500000000002,10.6275,28.224285714285713,31.09321428571429,29.185714285714287,30.519285714285715,34.78321428571428,28.5625,28.561071428571427,90.71214285714285,72.7032142857143,66.00071428571428,330.4025,48.0625,697.71,9437.121406249998,63.0,156.0,534.0
2023-06-26,division,Rajshahi,Rajshahi,14.0,14.0,8.0,5.0,3.0,0.0,0.0,7.5,3.75,14.0,14.0,4.795831523312913,1.7647058823529411,1.7894736842105263,331.7142857142857,16.828744725921833,6,-3.216245299353273e-16,-1.0,3.0,0.0,3.0,0.0,166.1125,130.5025,20.24875,0.1625,79.06375,98.08624999999999,31.7975,1.2737500000000002,0.165,28.777857142857144,31.753571428571426,31.78625,32.01785714285714,37.658928571428575,30.539464285714285,29.521071428571428,87.25232142857143,61.330178571428576,59.254107142857144,231.7037499999999,40.051249999999946,367.80125,7076.108397991068,35.0,113.0,509.0
2023-06-26,division,Rangpur,Rangpur,12.0,12.0,12.0,2.0,3.0,0.0,0.0,7.25,3.625,12.0,12.0,5.5,1.5757575757575757,1.7837837837837838,331.14285714285717,16.68403182311846,6,-3.216245299353273e-16,-1.0,3.0,0.0,3.0,0.0,157.37875,243.91875,44.2875,1.7462499999999999,71.06875000000001,89.83875,18.9775,12.81625,1.9275000000000002,28.545714285714286,31.623214285714283,30.93107142857143,32.276250000000005,38.441785714285714,29.716607142857143,29.230714285714285,88.29803571428572,55.41732142857143,54.59428571428571,190.45749999999998,30.52499999999997,578.1049999999999,5659.7507049107135,40.0,125.0,389.0
2023-06-26,division,Sylhet,Sylhet,13.0,13.0,25.0,2.0,0.0,0.0,1.0,10.0,5.0,25.0,25.0,11.51810169544733,1.2727272727272727,1.8333333333333333,329.2857142857143,16.21657018255286,6,-3.216245299353273e-16,-1.0,3.0,0.0,3.0,0.0,357.8775,528.2125,114.7875,18.7275,119.9375,136.335,50.585,71.165,60.0,28.043928571428573,31.167142857142856,28.406785714285714,29.863214285714285,33.668214285714285,27.825000000000003,27.680714285714288,90.77178571428571,75.7575,71.76928571428572,318.02750000000003,152.73000000000002,1189.6025,8849.115187500001,27.0,55.0,154.0
2023-07-03,division,Barishal,Barishal,442.0,442.0,178.0,109.0,77.0,28.0,10.0,201.5,108.5,442.0,442.0,165.77997466521705,2.1876543209876544,1.8493150684931507,191.57142857142858,16.02379618021547,7,-0.12053668025532283,-0.992708874098054,0.0,0.0,0.0,0.0,93.37333333333333,113.52833333333332,108.89166666666667,64.44666666666667,7.538333333333333,127.33666666666666,5.79,29.36833333333333,2.0100000000000002,29.09857142857143,31.31642857142857,28.726666666666663,30.020238095238096,33.17880952380953,28.469285714285714,31.05642857142857,88.49380952380953,79.10238095238095,67.32142857142857,233.59,63.32333333333332,536.0999999999999,6650.14045,751.0,1410.0,2002.0
2023-07-03,division,Chattogram,Chattogram,561.0,561.0,253.0,189.0,119.0,49.0,15.0,280.5,156.0,561.0,561.0,194.84267157547055,1.9964476021314388,1.7929936305732483,180.85714285714286,17.31813049167358,7,-0.12053668025532283,-0.992708874098054,0.0,0.0,0.0,0.0,68.76727272727273,108.16545454545454,151.15272727272728,136.95363636363638,10.457272727272727,108.72272727272728,12.215454545454547,12.237272727272726,2.3063636363636366,28.517142857142858,31.355194805194802,27.85181818181818,29.171168831168828,32.62987012987013,27.572857142857142,30.355584415584417,88.07272727272726,80.28116883116883,64.70896103896104,216.11,47.07272727272727,498.92545454545456,5958.770157142857,999.0,1673.0,2572.0
2023-07-03,division,Dhaka,Dhaka,2890.0,2890.0,933.0,1902.0,1454.0,736.0,125.0,1794.75,1114.875,2890.0,2890.0,830.6220058887595,1.6099122929138243,1.6092752324409096,83.71428571428571,17.604592364757483,7,-0.12053668025532283,-0.992708874098054,0.0,0.0,0.0,0.0,85.07923076923076,74.5,131.12538461538463,61.67,2.2053846153846157,131.66923076923075,10.663846153846153,39.76230769230769,3.506153846153846,29.026593406593406,31.907472527472525,28.62835164835165,29.98087912087912,33.79010989010989,28.206263736263736,31.04340659340659,89.00010989010988,78.99483516483517,60.355604395604395,251.32384615384615,100.77076923076925,508.12,7088.906687827557,5502.0,7616.0,10367.0
2023-07-03,division,Khulna,Khulna,139.0,139.0,69.0,47.0,15.0,8.0,2.0,67.5,35.875,139.0,139.0,52.570587467391555,2.0437956204379564,1.8576271186440678,207.14285714285714,16.659378702207434,7,-0.12053668025532283,-0.992708874098054,0.0,0.0,0.0,0.0,74.162,66.444,46.275999999999996,24.383,0.35,93.623,4.2,57.49300000000001,0.358,29.29657142857143,32.42771428571429,29.261000000000003,31.246714285714283,36.16385714285714,29.084285714285716,32.05171428571428,87.853,71.63614285714286,57.05685714285714,183.464,90.077,354.144,5335.919394285715,223.0,521.0,820.0
2023-07-03,division,Mymensingh,Mymensingh,63.0,63.0,47.0,38.0,24.0,7.0,2.0,43.0,23.5,63.0,63.0,16.350331291241012,1.4545454545454546,1.7959183673469388,210.28571428571428,16.31903432869183,7,-0.12053668025532283,-0.992708874098054,0.0,0.0,0.0,0.0,119.945,109.16999999999999,283.4325,57.51,4.125,105.4525,31.86,15.4825,0.115,28.71785714285714,31.342499999999998,28.2775,30.162142857142857,33.86964285714286,27.78928571428571,30.222857142857144,90.14821428571429,76.12,57.59357142857143,273.055,98.9075,760.145,7588.003410714285,156.0,312.0,562.0
2023-07-03,division,Rajshahi,Rajshahi,35.0,35.0,14.0,8.0,5.0,3.0,0.0,15.5,8.125,35.0,35.0,13.52774925846875,2.1818181818181817,1.8082191780821917,215.0,16.828744725921833,7,-0.12053668025532283,-0.992708874098054,0.0,0.0,0.0,0.0,81.875,50.9375,130.5025,20.24875,0.1625,79.06375,22.756249999999998,38.57625,0.036250000000000004,29.43107142857143,32.21839285714286,29.704107142857143,31.939821428571427,37.02482142857143,29.138035714285714,31.839464285714286,86.88482142857143,66.82071428571429,49.14375,200.06874999999994,71.68374999999995,429.42749999999995,5829.610382812498,113.0,262.0,653.0
2023-07-03,division,Rangpur,Rangpur,40.0,40.0,12.0,12.0,2.0,3.0,0.0,16.5,8.625,40.0,40.0,16.36052158907737,2.342857142857143,1.8181818181818181,215.28571428571428,16.68403182311846,7,-0.12053668025532283,-0.992708874098054,0.0,0.0,0.0,0.0,117.955,132.51999999999998,243.91875,44.2875,1.7462499999999999,71.06875000000001,10.5725,15.405,0.37625,29.115892857142857,31.87589285714286,29.13714285714286,32.25714285714286,37.32839285714286,29.075178571428573,31.752142857142857,87.76642857142858,63.63410714285714,40.24142857142857,173.22625,47.57499999999997,651.7724999999999,5036.584152008929,125.0,186.0,475.0
2023-07-03,division,Sylhet,Sylhet,27.0,27.0,13.0,25.0,2.0,0.0,0.0,16.75,8.375,27.0,27.0,11.615363389350618,1.5774647887323943,1.8933333333333333,215.14285714285714,16.21657018255286,7,-0.12053668025532283,-0.992708874098054,0.0,0.0,0.0,0.0,224.8275,188.72500000000002,528.2125,114.7875,18.7275,119.9375,11.17,21.5475,0.0175,28.56642857142857,31.410357142857144,27.907142857142855,29.792857142857144,33.4075,27.55464285714286,29.281785714285714,89.26214285714286,78.27535714285715,63.7,286.17,143.315,1299.6425000000002,7885.312146428572,55.0,119.0,143.0
2023-07-10,division,Barishal,Barishal,751.0,751.0,442.0,178.0,109.0,77.0,7.0,370.0,201.5,751.0,751.0,291.736182192062,2.026954177897574,1.8320987654320988,536.4285714285714,16.02379618021547,7,-0.23931566428755743,-0.9709418174260521,0.0,0.0,0.0,0.0,81.60666666666667,220.30666666666664,113.52833333333332,108.89166666666667,64.44666666666667,7.538333333333333,92.925,26.956666666666667,4.988333333333333,28.679761904761904,30.913809523809523,28.482142857142858,29.13738095238095,31.040238095238095,30.05047619047619,29.01761904761905,89.04023809523808,89.45928571428571,80.36119047619047,292.24666666666667,67.10333333333332,508.815,8782.151498412699,1410.0,1849.0,2357.0
2023-07-10,division,Chattogram,Chattogram,999.0,999.0,561.0,253.0,189.0,119.0,7.0,500.5,280.0,999.0,999.0,369.88782083220855,1.9940179461615155,1.7846975088967971,519.4285714285714,17.31813049167358,7,-0.23931566428755743,-0.9709418174260521,0.0,0.0,0.0,0.0,89.2990909090909,170.84,108.16545454545454,151.15272727272728,136.95363636363638,10.457272727272727,84.71454545454546,20.401818181818182,12.127272727272727,28.006103896103898,30.782207792207792,28.045194805194807,28.273636363636363,30.803246753246754,29.55363636363636,27.81012987012987,89.2087012987013,89.85948051948051,80.77168831168832,340.84818181818184,56.981818181818184,437.0718181818181,10073.303220661157,1673.0,2115.0,2661.0
2023-07-10,division,Dhaka,Dhaka,5502.0,5502.0,2890.0,933.0,1902.0,1454.0,185.0,2806.75,1779.5,5502.0,5502.0,1966.4532158177576,1.9599323301575995,1.5769446784611065,186.71428571428572,17.604592364757483,7,-0.23931566428755743,-0.9709418174260521,0.0,0.0,0.0,0.0,62.22769230769231,217.41538461538462,74.5,131.12538461538463,61.67,2.2053846153846157,106.78538461538461,48.38076923076923,9.121538461538462,28.679340659340657,31.642527472527473,28.415494505494507,29.263626373626373,32.42208791208792,30.421538461538464,29.177252747252744,89.1745054945055,88.64285714285714,77.03120879120878,302.33,107.92846153846156,439.2223076923077,9197.343723076923,7616.0,9921.0,10571.0
2023-07-10,division,Khulna,Khulna,223.0,223.0,139.0,69.0,47.0,15.0,3.0,119.5,63.375,223.0,223.0,79.370439501534,1.8589211618257262,1.8718446601941747,579.7142857142857,16.659378702207434,7,-0.23931566428755743,-0.9709418174260521,0.0,0.0,0.0,0.0,40.751999999999995,167.262,66.444,46.275999999999996,24.383,0.35,85.29100000000001,31.893,0.333,29.012857142857143,32.41028571428571,28.43485714285714,30.944142857142857,35.69257142857143,31.244999999999997,30.440714285714286,86.95257142857142,78.864,71.52042857142857,203.647,93.91899999999998,348.62,6362.9505149999995,521.0,690.0,1081.0
2023-07-10,division,Mymensingh,Mymensingh,156.0,156.0,63.0,47.0,38.0,24.0,2.0,76.0,42.75,156.0,156.0,54.32617539762333,2.038961038961039,1.76,590.5714285714286,16.31903432869183,7,-0.23931566428755743,-0.9709418174260521,0.0,0.0,0.0,0.0,98.19999999999999,247.5975,109.16999999999999,283.4325,57.51,4.125,131.6175,61.4725,21.837500000000002,28.61642857142857,31.59857142857143,28.224285714285713,29.185714285714287,32.715357142857144,30.519285714285715,28.5625,89.44214285714284,88.93607142857144,77.14785714285715,298.705,130.6525,574.9124999999999,9116.263239285714,312.0,534.0,634.0
2023-07-10,division,Rajshahi,Rajshahi,113.0,113.0,35.0,14.0,8.0,5.0,0.0,42.5,22.25,113.0,113.0,48.40454524112381,2.6206896551724137,1.8709677419354838,594.5714285714286,16.828744725921833,7,-0.23931566428755743,-0.9709418174260521,0.0,0.0,0.0,0.0,48.536249999999995,166.1125,50.9375,130.5025,20.24875,0.1625,98.08624999999999,31.7975,1.2737500000000002,29.403035714285714,32.778571428571425,28.777857142857144,31.78625,37.28017857142857,32.01785714285714,30.539464285714285,85.57732142857144,75.0632142857143,68.44482142857143,197.56124999999994,94.40374999999995,347.46124999999995,6325.487879464283,262.0,509.0,804.0
2023-07-10,division,Rangpur,Rangpur,125.0,125.0,40.0,12.0,12.0,2.0,0.0,47.25,24.25,125.0,125.0,53.48753748927564,2.61139896373057,1.9108910891089108,593.8571428571429,16.68403182311846,7,-0.23931566428755743,-0.9709418174260521,0.0,0.0,0.0,0.0,137.35875,157.37875,132.51999999999998,243.91875,44.2875,1.7462499999999999,89.83875,18.9775,12.81625,29.09875,32.11839285714286,28.545714285714286,30.93107142857143,35.864642857142854,32.276250000000005,29.716607142857143,87.81142857142856,78.55035714285714,66.48589285714286,206.94124999999997,57.77124999999997,545.2124999999999,6679.2875203124995,186.0,389.0,428.0
2023-07-10,division,Sylhet,Sylhet,55.0,55.0,27.0,13.0,25.0,2.0,0.0,30.0,15.25,55.0,55.0,17.776388834631177,1.8064516129032258,1.9076923076923078,595.7142857142857,16.21657018255286,7,-0.23931566428755743,-0.9709418174260521,0.0,0.0,0.0,0.0,194.04,357.8775,188.72500000000002,528.2125,114.7875,18.7275,136.335,50.585,71.165,28.305357142857144,31.461785714285714,28.043928571428573,28.406785714285714,31.61857142857143,29.863214285714285,27.825000000000003,89.51928571428572,90.2775,78.03285714285714,389.7875,154.4675,965.47,11640.307638392858,119.0,154.0,143.0
2023-07-17,division,Barishal,Barishal,1410.0,1410.0,751.0,442.0,178.0,109.0,6.0,695.25,377.0,1410.0,1410.0,530.9296092703815,2.0265709156193896,1.841931216931217,1024.7142857142858,16.02379618021547,7,-0.3546048870425356,-0.9350162426854148,0.0,0.0,0.0,0.0,27.103333333333335,93.37333333333333,220.30666666666664,113.52833333333332,108.89166666666667,64.44666666666667,127.33666666666666,5.79,29.36833333333333,28.85642857142857,31.135714285714286,29.09857142857143,28.726666666666663,31.013809523809524,30.020238095238096,28.469285714285714,88.82452380952382,88.25238095238096,84.0607142857143,308.2133333333333,155.04,422.38999999999993,9252.63765079365,1849.0,2002.0,1785.0
2023-07-17,division,Chattogram,Chattogram,1673.0,1673.0,999.0,561.0,253.0,189.0,25.0,871.5,486.0,1673.0,1673.0,615.7951499213572,1.9186246418338109,1.7915811088295688,989.2857142857143,17.31813049167358,7,-0.3546048870425356,-0.9350162426854148,0.0,0.0,0.0,0.0,28.05818181818182,68.76727272727273,170.84,108.16545454545454,151.15272727272728,136.95363636363638,108.72272727272728,12.215454545454547,12.237272727272726,28.670259740259738,31.90220779220779,28.517142857142858,27.85181818181818,30.89792207792208,29.171168831168828,27.572857142857142,87.31545454545454,88.85779220779222,83.69974025974025,407.2863636363636,129.5690909090909,356.96454545454543,11881.019276269182,2115.0,2572.0,2231.0
2023-07-17,division,Dhaka,Dhaka,7616.0,7616.0,5502.0,2890.0,933.0,1902.0,287.0,4235.25,2695.625,7616.0,7616.0,2929.657474290581,1.7980525228681026,1.5709451629351505,346.0,17.604592364757483,7,-0.3546048870425356,-0.9350162426854148,0.0,0.0,0.0,0.0,20.665384615384614,85.07923076923076,217.41538461538462,74.5,131.12538461538463,61.67,131.66923076923075,10.663846153846153,39.76230769230769,28.930109890109893,31.90901098901099,29.026593406593406,28.62835164835165,31.61736263736264,29.98087912087912,28.206263736263736,88.2243956043956,88.67967032967034,83.12208791208792,326.67,205.5923076923077,385.3876923076923,9793.853782417582,9921.0,10367.0,7991.0
2023-07-17,division,Khulna,Khulna,521.0,521.0,223.0,139.0,69.0,47.0,2.0,238.0,128.25,521.0,521.0,198.89360639966955,2.1841004184100417,1.8491295938104448,1100.142857142857,16.659378702207434,7,-0.3546048870425356,-0.9350162426854148,0.0,0.0,0.0,0.0,18.838,74.162,167.262,66.444,46.275999999999996,24.383,93.623,4.2,57.49300000000001,29.153857142857145,32.504000000000005,29.29657142857143,29.261000000000003,32.68442857142857,31.246714285714283,29.084285714285716,87.21057142857143,85.00685714285714,79.26771428571429,164.632,178.877,301.01399999999995,5144.2090662857145,690.0,820.0,980.0
2023-07-17,division,Mymensingh,Mymensingh,312.0,312.0,156.0,63.0,47.0,38.0,4.0,144.5,81.25,312.0,312.0,121.56891049935423,2.1512027491408934,1.7689969604863223,1109.7142857142858,16.31903432869183,7,-0.3546048870425356,-0.9350162426854148,0.0,0.0,0.0,0.0,21.6325,119.945,247.5975,109.16999999999999,283.4325,57.51,105.4525,31.86,15.4825,28.895357142857144,31.759285714285713,28.71785714285714,28.2775,30.990357142857142,30.162142857142857,27.78928571428571,87.43571428571428,90.0782142857143,82.86999999999999,450.52,240.4325,487.375,13588.6486,534.0,562.0,477.0
2023-07-17,division,Rajshahi,Rajshahi,262.0,262.0,113.0,35.0,14.0,8.0,0.0,106.0,55.0,262.0,262.0,112.3832727766904,2.457943925233645,1.9107142857142858,1115.857142857143,16.828744725921833,7,-0.3546048870425356,-0.9350162426854148,0.0,0.0,0.0,0.0,9.21875,81.875,166.1125,50.9375,130.5025,20.24875,79.06375,22.756249999999998,38.57625,29.529642857142857,32.910000000000004,29.43107142857143,29.704107142857143,33.23464285714286,31.939821428571427,29.138035714285714,85.09678571428572,82.67017857142856,76.34482142857142,229.97749999999996,191.21624999999995,305.74249999999995,7345.440282589284,509.0,653.0,674.0
2023-07-17,division,Rangpur,Rangpur,186.0,186.0,125.0,40.0,12.0,12.0,0.0,90.75,47.5,186.0,186.0,79.62987295397794,2.0381471389645776,1.8917525773195876,1114.142857142857,16.68403182311846,7,-0.3546048870425356,-0.9350162426854148,0.0,0.0,0.0,0.0,16.73,117.955,157.37875,132.51999999999998,243.91875,44.2875,71.06875000000001,10.5725,15.405,29.534107142857145,32.473392857142855,29.115892857142857,29.13714285714286,32.456607142857145,32.25714285714286,29.075178571428573,85.46535714285714,85.62107142857143,72.4075,361.02124999999995,134.79375,429.42249999999996,11645.514035714285,389.0,475.0,346.0
2023-07-17,division,Sylhet,Sylhet,119.0,119.0,55.0,27.0,13.0,25.0,0.0,53.5,30.125,119.0,119.0,47.02836023791034,2.2018348623853212,1.751004016064257,1124.142857142857,16.21657018255286,7,-0.3546048870425356,-0.9350162426854148,0.0,0.0,0.0,0.0,79.8275,224.8275,357.8775,188.72500000000002,528.2125,114.7875,119.9375,11.17,21.5475,29.25107142857143,32.24392857142857,28.56642857142857,27.907142857142855,30.87892857142857,29.792857142857144,27.55464285714286,84.77071428571429,89.3375,82.34571428571428,781.665,219.63750000000002,856.5725,23288.033678571428,154.0,143.0,99.0
2023-07-24,division,Barishal,Barishal,1849.0,1849.0,1410.0,751.0,442.0,178.0,21.0,1113.0,605.5,1849.0,1849.0,635.3975133725344,1.6606822262118492,1.8367683429513602,1527.0,16.02379618021547,7,-0.46472317204376806,-0.8854560256532101,0.0,0.0,0.0,0.0,58.26166666666666,81.60666666666667,93.37333333333333,220.30666666666664,113.52833333333332,108.89166666666667,7.538333333333333,92.925,26.956666666666667,29.311666666666667,31.88380952380952,28.679761904761904,28.482142857142858,30.229285714285712,29.13738095238095,30.05047619047619,86.45309523809523,90.31714285714285,79.8195238095238,294.405,253.00833333333333,260.345,8578.190639285713,2002.0,2357.0,1579.0
2023-07-24,division,Chattogram,Chattogram,2115.0,2115.0,1673.0,999.0,561.0,253.0,45.0,1337.0,744.75,2115.0,2115.0,691.5200647848188,1.5814648729446936,1.7941669460274892,1489.4285714285713,17.31813049167358,7,-0.46472317204376806,-0.8854560256532101,0.0,0.0,0.0,0.0,47.51454545454545,89.2990909090909,68.76727272727273,170.84,108.16545454545454,151.15272727272728,10.457272727272727,84.71454545454546,20.401818181818182,28.96103896103896,32.38051948051948,28.006103896103898,28.045194805194807,30.82038961038961,28.273636363636363,29.55363636363636,86.10727272727273,88.9125974025974,78.69662337662338,406.7290909090909,226.05454545454546,233.6390909090909,11499.710414876034,2572.0,2661.0,2281.0
2023-07-24,division,Dhaka,Dhaka,9921.0,9921.0,7616.0,5502.0,2890.0,933.0,532.0,6482.25,3869.25,9921.0,9921.0,2998.6408448940106,1.5304052751320711,1.6751501840966345,640.4285714285714,17.604592364757483,7,-0.46472317204376806,-0.8854560256532101,0.0,0.0,0.0,0.0,37.253076923076925,62.22769230769231,85.07923076923076,217.41538461538462,74.5,131.12538461538463,2.2053846153846157,106.78538461538461,48.38076923076923,29.401648351648355,32.79186813186813,28.679340659340657,28.415494505494507,31.058571428571426,29.263626373626373,30.421538461538464,86.49494505494506,90.16054945054945,75.67736263736263,269.50076923076927,297.49923076923073,205.2253846153846,7886.5698181741345,10367.0,10571.0,8133.0
2023-07-24,division,Khulna,Khulna,690.0,690.0,521.0,223.0,139.0,69.0,4.0,393.25,214.0,690.0,690.0,256.9103280653907,1.752694990488269,1.833720930232558,1654.0,16.659378702207434,7,-0.46472317204376806,-0.8854560256532101,0.0,0.0,0.0,0.0,39.247,40.751999999999995,74.162,167.262,66.444,46.275999999999996,0.35,85.29100000000001,31.893,29.668285714285712,33.547285714285714,29.012857142857143,28.43485714285714,30.943,30.944142857142857,31.244999999999997,84.98871428571428,90.01271428571428,70.0912857142857,137.45299999999997,215.007,172.99899999999997,4253.365268142857,820.0,1081.0,995.0
2023-07-24,division,Mymensingh,Mymensingh,534.0,534.0,312.0,156.0,63.0,47.0,3.0,266.25,147.625,534.0,534.0,205.95205752795965,2.001870907390084,1.7981497056349873,1683.857142857143,16.31903432869183,7,-0.46472317204376806,-0.8854560256532101,0.0,0.0,0.0,0.0,42.785,98.19999999999999,119.945,247.5975,109.16999999999999,283.4325,4.125,131.6175,61.4725,29.3675,32.445,28.61642857142857,28.224285714285713,31.09321428571429,29.185714285714287,30.519285714285715,86.14178571428572,90.71214285714285,72.7032142857143,454.23749999999995,330.4025,282.5625,13257.245892857141,562.0,634.0,414.0
2023-07-24,division,Rajshahi,Rajshahi,509.0,509.0,262.0,113.0,35.0,14.0,0.0,229.75,118.625,509.0,509.0,208.6294562136421,2.2101841820151678,1.928944618599791,1691.0,16.828744725921833,7,-0.46472317204376806,-0.8854560256532101,0.0,0.0,0.0,0.0,22.70125,48.536249999999995,81.875,166.1125,50.9375,130.5025,0.1625,98.08624999999999,31.7975,30.1125,33.62857142857143,29.403035714285714,28.777857142857144,31.753571428571426,31.78625,32.01785714285714,82.69660714285715,87.25232142857143,61.330178571428576,201.85124999999996,231.7037499999999,162.33124999999995,6416.094295312499,653.0,804.0,657.0
2023-07-24,division,Rangpur,Rangpur,389.0,389.0,186.0,125.0,40.0,12.0,0.0,185.0,96.125,389.0,389.0,148.59564820904637,2.096774193548387,1.915057915057915,1701.857142857143,16.68403182311846,7,-0.46472317204376806,-0.8854560256532101,0.0,0.0,0.0,0.0,60.832499999999996,137.35875,117.955,157.37875,132.51999999999998,243.91875,1.7462499999999999,89.83875,18.9775,29.799107142857142,32.85910714285714,29.09875,28.545714285714286,31.623214285714283,30.93107142857143,32.276250000000005,83.82892857142858,88.29803571428572,55.41732142857143,422.4724999999999,190.45749999999998,332.8762499999999,13067.52707410714,475.0,428.0,354.0
2023-07-24,division,Sylhet,Sylhet,154.0,154.0,119.0,55.0,27.0,13.0,0.0,88.75,49.375,154.0,154.0,58.09403296954573,1.7270194986072422,1.781637717121588,1711.4285714285713,16.21657018255286,7,-0.46472317204376806,-0.8854560256532101,0.0,0.0,0.0,0.0,108.1675,194.04,224.8275,357.8775,188.72500000000002,528.2125,18.7275,136.335,50.585,29.324285714285715,32.49714285714286,28.305357142857144,28.043928571428573,31.167142857142856,28.406785714285714,29.863214285714285,85.42571428571429,90.77178571428571,75.7575,850.4525,318.02750000000003,606.8625,24158.62192767857,143.0,143.0,104.0
2023-07-31,division,Barishal,Barishal,2002.0,2002.0,1849.0,1410.0,751.0,442.0,28.0,1503.0,852.25,2002.0,2002.0,560.6157329222932,1.331781914893617,1.7626721359507764,2044.5714285714287,16.02379618021547,7,-0.5680647467311556,-0.8229838658936566,0.0,0.0,0.0,0.0,231.21833333333333,27.103333333333335,81.60666666666667,93.37333333333333,220.30666666666664,113.52833333333332,64.44666666666667,127.33666666666666,5.79,28.93452380952381,30.986428571428572,28.85642857142857,29.09857142857143,31.31642857142857,28.726666666666663,30.020238095238096,88.74404761904763,88.49380952380953,79.10238095238095,507.1733333333333,233.59,398.19,14569.399288888886,2357.0,1785.0,1864.0
2023-07-31,division,Chattogram,Chattogram,2572.0,2572.0,2115.0,1673.0,999.0,561.0,49.0,1839.75,1060.125,2572.0,2572.0,669.9797882523523,1.3977998098601114,1.7347155141948405,2006.5714285714287,17.31813049167358,7,-0.5680647467311556,-0.8229838658936566,0.0,0.0,0.0,0.0,253.5309090909091,28.05818181818182,89.2990909090909,68.76727272727273,170.84,108.16545454545454,136.95363636363638,108.72272727272728,12.215454545454547,28.42350649350649,31.29246753246753,28.670259740259738,28.517142857142858,31.355194805194802,27.85181818181818,29.171168831168828,88.67168831168831,88.07272727272726,80.28116883116883,567.1118181818182,216.11,418.40272727272725,15795.09524876033,2661.0,2231.0,2421.0
2023-07-31,division,Dhaka,Dhaka,10367.0,10367.0,9921.0,7616.0,5502.0,2890.0,736.0,8351.5,5073.125,10367.0,10367.0,2249.9022941748676,1.2413049985034421,1.646096617643436,891.4285714285714,17.604592364757483,7,-0.5680647467311556,-0.8229838658936566,0.0,0.0,0.0,0.0,129.16923076923078,20.665384615384614,62.22769230769231,85.07923076923076,217.41538461538462,74.5,61.67,131.66923076923075,10.663846153846153,29.23032967032967,32.29043956043956,28.930109890109893,29.026593406593406,31.907472527472525,28.62835164835165,29.98087912087912,87.07065934065933,89.00010989010988,78.99483516483517,484.7107692307693,251.32384615384615,249.31538461538463,13876.47034928149,10571.0,7991.0,8601.0
2023-07-31,division,Khulna,Khulna,820.0,820.0,690.0,521.0,223.0,139.0,8.0,563.5,315.5,820.0,820.0,257.9024363333287,1.454384410983171,1.783570300157978,2210.1428571428573,16.659378702207434,7,-0.5680647467311556,-0.8229838658936566,0.0,0.0,0.0,0.0,97.09,18.838,40.751999999999995,74.162,167.262,66.444,24.383,93.623,4.2,29.380857142857145,32.60528571428571,29.153857142857145,29.29657142857143,32.42771428571429,29.261000000000003,31.246714285714283,85.63128571428572,87.853,71.63614285714286,304.365,183.464,195.92699999999996,8906.024265000002,1081.0,980.0,1351.0
2023-07-31,division,Mymensingh,Mymensingh,562.0,562.0,534.0,312.0,156.0,63.0,7.0,391.0,217.0,562.0,562.0,192.4889607224269,1.4362244897959184,1.798165137614679,2232.4285714285716,16.31903432869183,7,-0.5680647467311556,-0.8229838658936566,0.0,0.0,0.0,0.0,97.00750000000001,21.6325,98.19999999999999,119.945,247.5975,109.16999999999999,57.51,105.4525,31.86,29.427142857142854,32.60857142857143,28.895357142857144,28.71785714285714,31.342499999999998,28.2775,30.162142857142857,86.53071428571428,90.14821428571429,76.12,697.71,273.055,259.625,19729.494525000002,634.0,477.0,455.0
2023-07-31,division,Rajshahi,Rajshahi,653.0,653.0,509.0,262.0,113.0,35.0,3.0,384.25,199.875,653.0,653.0,242.4257618323597,1.6975989617131733,1.9178593652769136,2236.0,16.828744725921833,7,-0.5680647467311556,-0.8229838658936566,0.0,0.0,0.0,0.0,47.6525,9.21875,48.536249999999995,81.875,166.1125,50.9375,20.24875,79.06375,22.756249999999998,30.051964285714284,33.52875,29.529642857142857,29.43107142857143,32.21839285714286,29.704107142857143,31.939821428571427,82.50803571428571,86.88482142857143,66.82071428571429,367.80125,200.06874999999994,128.10875,10925.207737276785,804.0,674.0,701.0
2023-07-31,division,Rangpur,Rangpur,475.0,475.0,389.0,186.0,125.0,40.0,3.0,293.75,155.125,475.0,475.0,165.33879359263108,1.6149279050042409,1.8879103282626102,2253.1428571428573,16.68403182311846,7,-0.5680647467311556,-0.8229838658936566,0.0,0.0,0.0,0.0,64.28,16.73,137.35875,117.955,157.37875,132.51999999999998,44.2875,71.06875000000001,10.5725,29.76875,32.95607142857143,29.534107142857145,29.115892857142857,31.87589285714286,29.13714285714286,32.25714285714286,85.69910714285714,87.76642857142858,63.63410714285714,578.1049999999999,173.22625,279.20124999999996,16844.32797142857,428.0,346.0,331.0
2023-07-31,division,Sylhet,Sylhet,143.0,143.0,154.0,119.0,55.0,27.0,0.0,117.75,67.25,154.0,154.0,44.312338387105385,1.2126315789473685,1.73992673992674,2286.714285714286,16.21657018255286,7,-0.5680647467311556,-0.8229838658936566,0.0,0.0,0.0,0.0,171.3975,79.8275,194.04,224.8275,357.8775,188.72500000000002,114.7875,119.9375,11.17,29.377857142857142,32.785357142857144,29.25107142857143,28.56642857142857,31.410357142857144,27.907142857142855,29.792857142857144,87.01928571428572,89.26214285714286,78.27535714285715,1189.6025,286.17,553.4325,33198.40691071428,143.0,99.0,67.0
2023-08-07,division,Barishal,Barishal,2357.0,2357.0,2002.0,1849.0,1410.0,751.0,77.0,1904.5,1137.25,2357.0,2357.0,392.37439603861344,1.2374704801889267,1.6740610586426532,2227.4285714285716,16.02379618021547,8,-0.663122658240795,-0.7485107481711013,0.0,0.0,0.0,0.0,376.935,58.26166666666666,27.103333333333335,81.60666666666667,93.37333333333333,220.30666666666664,108.89166666666667,7.538333333333333,92.925,28.170952380952382,30.136904761904763,29.311666666666667,28.679761904761904,30.913809523809523,28.482142857142858,29.13738095238095,90.24309523809524,89.04023809523808,89.45928571428571,536.0999999999999,292.24666666666667,693.5183333333333,15269.276785714283,1785.0,1579.0,2370.0
2023-08-07,division,Chattogram,Chattogram,2661.0,2661.0,2572.0,2115.0,1673.0,999.0,119.0,2255.25,1377.875,2661.0,2661.0,455.94179087539965,1.1798337950138504,1.6362977064636026,2146.0,17.31813049167358,8,-0.663122658240795,-0.7485107481711013,0.0,0.0,0.0,0.0,282.7390909090909,47.51454545454545,28.05818181818182,89.2990909090909,68.76727272727273,170.84,151.15272727272728,10.457272727272727,84.71454545454546,27.44142857142857,29.644285714285715,28.96103896103896,28.006103896103898,30.782207792207792,28.045194805194807,28.273636363636363,90.7974025974026,89.2087012987013,89.85948051948051,498.92545454545456,340.84818181818184,611.8427272727272,13992.46156599764,2231.0,2281.0,2597.0
2023-08-07,division,Dhaka,Dhaka,10571.0,10571.0,10367.0,9921.0,7616.0,5502.0,1454.0,9618.75,6212.75,10571.0,10571.0,1362.4757796012368,1.0989890589672289,1.548139207402937,1032.4285714285713,17.604592364757483,8,-0.663122658240795,-0.7485107481711013,0.0,0.0,0.0,0.0,208.42615384615385,37.253076923076925,20.665384615384614,62.22769230769231,85.07923076923076,217.41538461538462,131.12538461538463,2.2053846153846157,106.78538461538461,28.256373626373627,30.976263736263736,29.401648351648355,28.679340659340657,31.642527472527473,28.415494505494507,29.263626373626373,89.93923076923078,89.1745054945055,88.64285714285714,508.12,302.33,395.5138461538462,14438.481068131869,7991.0,8133.0,9537.0
2023-08-07,division,Khulna,Khulna,1081.0,1081.0,820.0,690.0,521.0,223.0,15.0,778.0,448.75,1081.0,1081.0,236.1962460892778,1.3889602053915275,1.7320733740967205,2396.285714285714,16.659378702207434,8,-0.663122658240795,-0.7485107481711013,0.0,0.0,0.0,0.0,146.753,39.247,18.838,40.751999999999995,74.162,167.262,46.275999999999996,0.35,85.29100000000001,28.293285714285712,31.192571428571426,29.668285714285712,29.012857142857143,32.41028571428571,28.43485714285714,30.944142857142857,88.79271428571428,86.95257142857142,78.864,354.144,203.647,301.92799999999994,10070.034048,980.0,995.0,1688.0
2023-08-07,division,Mymensingh,Mymensingh,634.0,634.0,562.0,534.0,312.0,156.0,24.0,510.5,293.25,634.0,634.0,138.8752437741635,1.241446725317693,1.7383177570093458,2433.1428571428573,16.31903432869183,8,-0.663122658240795,-0.7485107481711013,0.0,0.0,0.0,0.0,232.45749999999998,42.785,21.6325,98.19999999999999,119.945,247.5975,283.4325,4.125,131.6175,28.33214285714286,30.957857142857144,29.3675,28.61642857142857,31.59857142857143,28.224285714285713,29.185714285714287,90.7032142857143,89.44214285714284,88.93607142857144,760.145,298.705,393.8825,21454.549664285714,477.0,414.0,557.0
2023-08-07,division,Rajshahi,Rajshahi,804.0,804.0,653.0,509.0,262.0,113.0,5.0,557.0,299.75,804.0,804.0,230.61801028251602,1.4426523297491038,1.855361596009975,2420.1428571428573,16.828744725921833,8,-0.663122658240795,-0.7485107481711013,0.0,0.0,0.0,0.0,165.75,22.70125,9.21875,48.536249999999995,81.875,166.1125,130.5025,0.1625,98.08624999999999,28.653214285714284,31.459464285714287,30.1125,29.403035714285714,32.778571428571425,28.777857142857144,31.78625,88.30107142857143,85.57732142857144,75.0632142857143,429.42749999999995,197.56124999999994,245.3225,12358.003248214285,674.0,657.0,899.0
2023-08-07,division,Rangpur,Rangpur,428.0,428.0,475.0,389.0,186.0,125.0,2.0,369.5,208.375,475.0,475.0,127.28576773020096,1.1578947368421053,1.7695522388059701,2445.5714285714284,16.68403182311846,8,-0.663122658240795,-0.7485107481711013,0.0,0.0,0.0,0.0,201.1875,60.832499999999996,16.73,137.35875,117.955,157.37875,243.91875,1.7462499999999999,89.83875,28.790892857142858,31.603571428571428,29.799107142857142,29.09875,32.11839285714286,28.545714285714286,30.93107142857143,89.43,87.81142857142856,78.55035714285714,651.7724999999999,206.94124999999997,343.03,18605.311564285712,346.0,354.0,306.0
2023-08-07,division,Sylhet,Sylhet,143.0,143.0,143.0,154.0,119.0,55.0,2.0,139.75,84.875,154.0,154.0,14.773286702694161,1.0230905861456483,1.6390101892285298,2493.0,16.21657018255286,8,-0.663122658240795,-0.7485107481711013,0.0,0.0,0.0,0.0,267.9175,108.1675,79.8275,194.04,224.8275,357.8775,528.2125,18.7275,136.335,27.926785714285714,30.964642857142856,29.324285714285715,28.305357142857144,31.461785714285714,28.043928571428573,28.406785714285714,91.61285714285714,89.51928571428572,90.2775,1299.6425000000002,389.7875,627.3100000000001,36447.08143839287,99.0,104.0,72.0
2023-08-14,division,Barishal,Barishal,1785.0,1785.0,2357.0,2002.0,1849.0,1410.0,109.0,1998.25,1346.75,2357.0,2357.0,255.90802384190033,0.8933350006252344,1.4833982563531811,2331.714285714286,16.02379618021547,8,-0.7485107481711011,-0.6631226582407952,0.0,0.0,0.0,0.0,74.51833333333333,231.21833333333333,58.26166666666666,27.103333333333335,81.60666666666667,93.37333333333333,113.52833333333332,64.44666666666667,127.33666666666666,28.611190476190476,31.002142857142857,28.93452380952381,28.85642857142857,31.135714285714286,29.09857142857143,28.726666666666663,87.8759523809524,88.82452380952382,88.25238095238096,508.815,308.2133333333333,740.9333333333333,14805.789621428572,1579.0,1864.0,2663.0
2023-08-14,division,Chattogram,Chattogram,2231.0,2231.0,2661.0,2572.0,2115.0,1673.0,189.0,2394.75,1633.125,2661.0,2661.0,262.91998148993287,0.9316497965146614,1.466075116652643,2288.285714285714,17.31813049167358,8,-0.7485107481711011,-0.6631226582407952,0.0,0.0,0.0,0.0,77.58272727272727,253.5309090909091,47.51454545454545,28.05818181818182,89.2990909090909,68.76727272727273,108.16545454545454,136.95363636363638,108.72272727272728,28.244675324675324,31.504675324675325,28.42350649350649,28.670259740259738,31.90220779220779,28.517142857142858,27.85181818181818,87.38493506493506,87.31545454545454,88.85779220779222,437.0718181818181,407.2863636363636,661.3672727272727,12464.039477922077,2281.0,2421.0,2853.0
2023-08-14,division,Dhaka,Dhaka,7991.0,7991.0,10571.0,10367.0,9921.0,7616.0,1902.0,9712.5,6973.875,10571.0,10571.0,1179.3256547705548,0.8227724301230247,1.3926414451871898,1158.2857142857142,17.604592364757483,8,-0.7485107481711011,-0.6631226582407952,0.0,0.0,0.0,0.0,70.81615384615385,129.16923076923078,37.253076923076925,20.665384615384614,62.22769230769231,85.07923076923076,74.5,61.67,131.66923076923075,28.752527472527472,31.874835164835165,29.23032967032967,28.930109890109893,31.90901098901099,29.026593406593406,28.62835164835165,87.85076923076923,88.2243956043956,88.67967032967034,439.2223076923077,326.67,445.66461538461544,12749.127340490279,8133.0,8601.0,10037.0
2023-08-14,division,Khulna,Khulna,980.0,980.0,1081.0,820.0,690.0,521.0,47.0,892.75,565.375,1081.0,1081.0,172.67575587402732,1.0976223776223777,1.5780180975502096,2514.0,16.659378702207434,8,-0.7485107481711011,-0.6631226582407952,0.0,0.0,0.0,0.0,52.696000000000005,97.09,39.247,18.838,40.751999999999995,74.162,66.444,24.383,93.623,28.85314285714286,32.15185714285714,29.380857142857145,29.153857142857145,32.504000000000005,29.29657142857143,29.261000000000003,86.98657142857142,87.21057142857143,85.00685714285714,348.62,164.632,335.786,10213.370731428571,995.0,1351.0,1833.0
2023-08-14,division,Mymensingh,Mymensingh,477.0,477.0,634.0,562.0,534.0,312.0,38.0,551.75,348.125,634.0,634.0,65.25015964220576,0.8647670737222976,1.5832438238453277,2577.8571428571427,16.31903432869183,8,-0.7485107481711011,-0.6631226582407952,0.0,0.0,0.0,0.0,61.06,97.00750000000001,42.785,21.6325,98.19999999999999,119.945,109.16999999999999,57.51,105.4525,28.881785714285712,32.099999999999994,29.427142857142854,28.895357142857144,31.759285714285713,28.71785714285714,28.2775,87.49821428571428,87.43571428571428,90.0782142857143,574.9124999999999,450.52,433.31,16510.255044642854,414.0,455.0,554.0
2023-08-14,division,Rajshahi,Rajshahi,674.0,674.0,804.0,653.0,509.0,262.0,8.0,660.0,383.0,804.0,804.0,120.8056290079233,1.021180030257186,1.7213541666666667,2553.5714285714284,16.828744725921833,8,-0.7485107481711011,-0.6631226582407952,0.0,0.0,0.0,0.0,60.67375,47.6525,22.70125,9.21875,48.536249999999995,81.875,50.9375,20.24875,79.06375,29.37607142857143,32.684285714285714,30.051964285714284,29.529642857142857,32.910000000000004,29.43107142857143,29.704107142857143,85.13142857142857,85.09678571428572,82.67017857142856,347.46124999999995,229.97749999999996,296.7775,10226.156867410713,657.0,701.0,1017.0
2023-08-14,division,Rangpur,Rangpur,346.0,346.0,428.0,475.0,389.0,186.0,12.0,409.5,250.125,475.0,475.0,55.03029468695705,0.8453105968331304,1.6346441015430562,2607.285714285714,16.68403182311846,8,-0.7485107481711011,-0.6631226582407952,0.0,0.0,0.0,0.0,38.6,64.28,60.832499999999996,16.73,137.35875,117.955,132.51999999999998,44.2875,71.06875000000001,29.355714285714285,32.66589285714286,29.76875,29.534107142857145,32.473392857142855,29.115892857142857,29.13714285714286,85.91553571428571,85.46535714285714,85.62107142857143,545.2124999999999,361.02124999999995,364.8999999999999,15874.348734374997,354.0,331.0,338.0
2023-08-14,division,Sylhet,Sylhet,99.0,99.0,143.0,143.0,154.0,119.0,25.0,134.75,94.125,154.0,154.0,24.390913608691797,0.7366482504604052,1.4270696452036793,2648.0,16.21657018255286,8,-0.7485107481711011,-0.6631226582407952,0.0,0.0,0.0,0.0,76.595,171.3975,108.1675,79.8275,194.04,224.8275,188.72500000000002,114.7875,119.9375,28.623571428571427,31.85357142857143,29.377857142857142,29.25107142857143,32.24392857142857,28.56642857142857,27.907142857142855,87.8475,84.77071428571429,89.3375,965.47,781.665,624.0775000000001,27580.02979285714,104.0,67.0,61.0
2023-08-21,division,Barishal,Barishal,1579.0,1579.0,1785.0,2357.0,2002.0,1849.0,178.0,1930.75,1521.875,2357.0,2357.0,332.5340834661413,0.8179112203960139,1.268488877944677,1828.2857142857142,16.02379618021547,8,-0.8229838658936564,-0.5680647467311559,0.0,0.0,0.0,0.0,180.71166666666667,376.935,231.21833333333333,58.26166666666666,27.103333333333335,81.60666666666667,220.30666666666664,108.89166666666667,7.538333333333333,28.354285714285712,30.426428571428573,28.170952380952382,29.311666666666667,31.88380952380952,28.679761904761904,28.482142857142858,90.79619047619047,86.45309523809523,90.31714285714285,422.38999999999993,294.405,863.3833333333333,12114.044630952378,1864.0,2370.0,2709.0
2023-08-21,division,Chattogram,Chattogram,2281.0,2281.0,2231.0,2661.0,2572.0,2115.0,253.0,2436.25,1886.625,2661.0,2661.0,212.26614583269432,0.9363011590932403,1.2911727700152307,1764.5714285714287,17.31813049167358,8,-0.8229838658936564,-0.5680647467311559,0.0,0.0,0.0,0.0,179.40545454545455,282.7390909090909,253.5309090909091,47.51454545454545,28.05818181818182,89.2990909090909,170.84,151.15272727272728,10.457272727272727,27.634545454545457,29.975584415584418,27.44142857142857,28.96103896103896,32.38051948051948,28.006103896103898,28.045194805194807,90.87064935064936,86.10727272727273,88.9125974025974,356.96454545454543,406.7290909090909,793.2581818181818,9997.186147225502,2421.0,2597.0,3140.0
2023-08-21,division,Dhaka,Dhaka,8133.0,8133.0,7991.0,10571.0,10367.0,9921.0,933.0,9265.5,7873.875,10571.0,10571.0,1393.3818572092855,0.8777855716829439,1.1767170907474722,941.7142857142857,17.604592364757483,8,-0.8229838658936564,-0.5680647467311559,0.0,0.0,0.0,0.0,107.10769230769232,208.42615384615385,129.16923076923078,37.253076923076925,20.665384615384614,62.22769230769231,217.41538461538462,131.12538461538463,2.2053846153846157,28.274835164835167,30.88758241758242,28.256373626373627,29.401648351648355,32.79186813186813,28.679340659340657,28.415494505494507,90.6943956043956,86.49494505494506,90.16054945054945,385.3876923076923,269.50076923076927,515.5192307692308,11052.664913609466,8601.0,9537.0,9840.0
2023-08-21,division,Khulna,Khulna,995.0,995.0,980.0,1081.0,820.0,690.0,69.0,969.0,681.125,1081.0,1081.0,108.84545619057022,1.02680412371134,1.4220267546270844,1943.2857142857142,16.659378702207434,8,-0.8229838658936564,-0.5680647467311559,0.0,0.0,0.0,0.0,110.946,146.753,97.09,39.247,18.838,40.751999999999995,167.262,46.275999999999996,0.35,28.327714285714286,31.151857142857143,28.293285714285712,29.668285714285712,33.547285714285714,29.012857142857143,28.43485714285714,90.57114285714286,84.98871428571428,90.01271428571428,301.01399999999995,137.45299999999997,407.48499999999996,8733.276179999999,1351.0,1688.0,2232.0
2023-08-21,division,Mymensingh,Mymensingh,414.0,414.0,477.0,634.0,562.0,534.0,47.0,521.75,394.0,634.0,634.0,96.3202124859229,0.7938785270205643,1.3234177215189873,2015.142857142857,16.31903432869183,8,-0.8229838658936564,-0.5680647467311559,0.0,0.0,0.0,0.0,168.9075,232.45749999999998,97.00750000000001,42.785,21.6325,98.19999999999999,247.5975,283.4325,4.125,28.13285714285714,30.81714285714286,28.33214285714286,29.3675,32.445,28.61642857142857,28.224285714285713,90.79785714285714,86.14178571428572,90.71214285714285,487.375,454.23749999999995,559.4325,13946.931875,455.0,557.0,463.0
2023-08-21,division,Rajshahi,Rajshahi,657.0,657.0,674.0,804.0,653.0,509.0,14.0,697.0,463.375,804.0,804.0,71.91198323877134,0.9426934097421203,1.5030955585464334,1987.0,16.828744725921833,8,-0.8229838658936564,-0.5680647467311559,0.0,0.0,0.0,0.0,119.7725,165.75,47.6525,22.70125,9.21875,48.536249999999995,166.1125,130.5025,0.1625,28.426250000000003,30.99482142857143,28.653214285714284,30.1125,33.62857142857143,29.403035714285714,28.777857142857144,89.58446428571429,82.69660714285715,87.25232142857143,305.74249999999995,201.85124999999996,393.84875,8989.757646874998,701.0,899.0,1273.0
2023-08-21,division,Rangpur,Rangpur,354.0,354.0,346.0,428.0,475.0,389.0,12.0,400.75,292.875,475.0,475.0,61.74881915200214,0.8836341008089608,1.3670778392173544,2033.857142857143,16.68403182311846,8,-0.8229838658936564,-0.5680647467311559,0.0,0.0,0.0,0.0,199.19125,201.1875,64.28,60.832499999999996,16.73,137.35875,157.37875,243.91875,1.7462499999999999,28.191785714285714,30.725357142857142,28.790892857142858,29.799107142857142,32.85910714285714,29.09875,28.545714285714286,90.45714285714286,83.82892857142858,88.29803571428572,429.42249999999996,422.4724999999999,503.25874999999996,12495.657971874998,331.0,306.0,326.0
2023-08-21,division,Sylhet,Sylhet,104.0,104.0,99.0,143.0,143.0,154.0,13.0,122.25,105.5,143.0,154.0,24.046829312822098,0.8519269776876268,1.1572769953051643,2069.1428571428573,16.21657018255286,8,-0.8229838658936564,-0.5680647467311559,0.0,0.0,0.0,0.0,248.72750000000002,267.9175,171.3975,108.1675,79.8275,194.04,357.8775,528.2125,18.7275,27.768571428571427,30.392142857142858,27.926785714285714,29.324285714285715,32.49714285714286,28.305357142857144,28.043928571428573,91.73678571428572,85.42571428571429,90.77178571428571,856.5725,850.4525,764.6375,24245.59053125,67.0,72.0,58.0
2023-08-28,division,Barishal,Barishal,1864.0,1864.0,1579.0,1785.0,2357.0,2002.0,442.0,1896.25,1699.625,2357.0,2357.0,329.8255852214419,0.9830017130056661,1.1156192576258728,1848.2857142857142,16.02379618021547,8,-0.8854560256532096,-0.4647231720437691,0.0,0.0,0.0,0.0,100.23333333333333,74.51833333333333,376.935,231.21833333333333,58.26166666666666,27.103333333333335,93.37333333333333,113.52833333333332,64.44666666666667,29.319523809523805,31.67952380952381,28.611190476190476,28.93452380952381,30.986428571428572,28.85642857142857,29.09857142857143,86.0652380952381,88.74404761904763,88.49380952380953,260.345,507.1733333333333,732.3983333333333,7512.626896428572,2370.0,2663.0,2477.0
2023-08-28,division,Chattogram,Chattogram,2421.0,2421.0,2281.0,2231.0,2661.0,2572.0,561.0,2398.5,2119.125,2661.0,2661.0,192.59196937221097,1.0093769535319859,1.1317728907493663,1748.0,17.31813049167358,8,-0.8854560256532096,-0.4647231720437691,0.0,0.0,0.0,0.0,104.54363636363637,77.58272727272727,282.7390909090909,253.5309090909091,47.51454545454545,28.05818181818182,68.76727272727273,108.16545454545454,136.95363636363638,28.594155844155843,31.331298701298703,28.244675324675324,28.42350649350649,31.29246753246753,28.670259740259738,28.517142857142858,86.88454545454546,88.67168831168831,88.07272727272726,233.6390909090909,567.1118181818182,644.2709090909091,6698.493421841794,2597.0,2853.0,2805.0
2023-08-28,division,Dhaka,Dhaka,8601.0,8601.0,8133.0,7991.0,10571.0,10367.0,2890.0,8824.0,8587.75,10571.0,10571.0,1193.4694521994818,0.9747308781869688,1.027506913113084,912.0,17.604592364757483,8,-0.8854560256532096,-0.4647231720437691,0.0,0.0,0.0,0.0,53.72692307692308,70.81615384615385,208.42615384615385,129.16923076923078,37.253076923076925,20.665384615384614,85.07923076923076,74.5,61.67,29.544725274725273,32.4856043956044,28.752527472527472,29.23032967032967,32.29043956043956,28.930109890109893,29.026593406593406,83.73923076923076,87.07065934065933,89.00010989010988,205.2253846153846,484.7107692307693,440.0769230769231,5937.192929163145,9537.0,10037.0,9086.0
2023-08-28,division,Khulna,Khulna,1351.0,1351.0,995.0,980.0,1081.0,820.0,139.0,1101.75,832.625,1351.0,1351.0,172.02204316114066,1.2260258444797099,1.3228370070475333,1931.7142857142858,16.659378702207434,8,-0.8854560256532096,-0.4647231720437691,0.0,0.0,0.0,0.0,37.025999999999996,52.696000000000005,146.753,97.09,39.247,18.838,74.162,66.444,24.383,29.699714285714286,32.78285714285714,28.85314285714286,29.380857142857145,32.60528571428571,29.153857142857145,29.29657142857143,82.52414285714286,85.63128571428572,87.853,172.99899999999997,304.365,347.421,5043.588131857142,1688.0,1833.0,2299.0
2023-08-28,division,Mymensingh,Mymensingh,455.0,455.0,414.0,477.0,634.0,562.0,63.0,495.0,443.0,634.0,634.0,96.27391477792241,0.9193548387096774,1.117117117117117,2014.7142857142858,16.31903432869183,8,-0.8854560256532096,-0.4647231720437691,0.0,0.0,0.0,0.0,29.4525,61.06,232.45749999999998,97.00750000000001,42.785,21.6325,119.945,109.16999999999999,57.51,29.779285714285717,33.20214285714285,28.881785714285712,29.427142857142854,32.60857142857143,28.895357142857144,28.71785714285714,81.3567857142857,86.53071428571428,90.14821428571429,282.5625,697.71,491.8775,8164.744352678572,557.0,554.0,422.0
2023-08-28,division,Rajshahi,Rajshahi,701.0,701.0,657.0,674.0,804.0,653.0,35.0,709.0,546.625,804.0,804.0,65.8736163675058,0.9887323943661972,1.2965076466560146,1980.0,16.828744725921833,8,-0.8854560256532096,-0.4647231720437691,0.0,0.0,0.0,0.0,20.744999999999997,60.67375,165.75,47.6525,22.70125,9.21875,81.875,50.9375,20.24875,30.244464285714287,33.370357142857145,29.37607142857143,30.051964285714284,33.52875,29.529642857142857,29.43107142857143,78.91964285714286,82.50803571428571,86.88482142857143,162.33124999999995,367.80125,366.94124999999997,4793.58383705357,899.0,1017.0,1128.0
2023-08-28,division,Rangpur,Rangpur,331.0,331.0,354.0,346.0,428.0,475.0,40.0,364.75,329.25,428.0,475.0,43.23096883793685,0.9077238550922762,1.1074943224829674,2023.2857142857142,16.68403182311846,8,-0.8854560256532096,-0.4647231720437691,0.0,0.0,0.0,0.0,16.985,38.6,201.1875,64.28,60.832499999999996,16.73,117.955,132.51999999999998,44.2875,29.569285714285716,32.775,29.355714285714285,29.76875,32.95607142857143,29.534107142857145,29.115892857142857,82.07125,85.69910714285714,87.76642857142858,332.8762499999999,578.1049999999999,455.96374999999995,9831.202832812498,306.0,338.0,293.0
2023-08-28,division,Sylhet,Sylhet,67.0,67.0,104.0,99.0,143.0,143.0,27.0,103.25,110.5,143.0,154.0,31.159535726109056,0.6522781774580336,0.9349775784753364,2059.0,16.21657018255286,8,-0.8854560256532096,-0.4647231720437691,0.0,0.0,0.0,0.0,43.895,76.595,267.9175,171.3975,108.1675,79.8275,224.8275,188.72500000000002,114.7875,29.12357142857143,32.75035714285714,28.623571428571427,29.377857142857142,32.785357142857144,29.25107142857143,28.56642857142857,84.91714285714286,87.01928571428572,89.26214285714286,606.8625,1189.6025,637.135,17751.378334821427,72.0,61.0,53.0
2023-09-04,division,Barishal,Barishal,2370.0,2370.0,1864.0,1579.0,1785.0,2357.0,751.0,1899.5,1902.0,2370.0,2370.0,335.88738192038903,1.2475664298868718,0.9986862848134525,1989.5714285714287,16.02379618021547,9,-0.9350162426854147,-0.3546048870425359,0.0,0.0,0.0,0.0,98.96833333333332,180.71166666666667,74.51833333333333,376.935,231.21833333333333,58.26166666666666,81.60666666666667,220.30666666666664,108.89166666666667,28.38095238095238,30.27952380952381,28.354285714285712,28.170952380952382,30.136904761904763,29.311666666666667,28.679761904761904,89.74666666666667,90.24309523809524,89.04023809523808,398.19,536.0999999999999,454.4316666666667,11671.61255,2663.0,2709.0,2196.0
2023-09-04,division,Chattogram,Chattogram,2597.0,2597.0,2421.0,2281.0,2231.0,2661.0,999.0,2382.5,2318.875,2597.0,2661.0,164.05994839285623,1.0899937067337948,1.0274260466619969,1910.0,17.31813049167358,9,-0.9350162426854147,-0.3546048870425359,0.0,0.0,0.0,0.0,100.38545454545455,179.40545454545455,77.58272727272727,282.7390909090909,253.5309090909091,47.51454545454545,89.2990909090909,170.84,151.15272727272728,28.214805194805194,31.11467532467532,27.634545454545457,27.44142857142857,29.644285714285715,28.96103896103896,28.006103896103898,87.77467532467533,90.7974025974026,89.2087012987013,418.40272727272725,498.92545454545456,461.9172727272727,12117.377685950412,2853.0,3140.0,2645.0
2023-09-04,division,Dhaka,Dhaka,9537.0,9537.0,8601.0,8133.0,7991.0,10571.0,5502.0,8565.5,9092.125,9537.0,10571.0,698.1353736919493,1.1134068756201483,0.9420853666918688,1027.142857142857,17.604592364757483,9,-0.9350162426854147,-0.3546048870425359,0.0,0.0,0.0,0.0,79.35692307692307,107.10769230769232,70.81615384615385,208.42615384615385,129.16923076923078,37.253076923076925,62.22769230769231,217.41538461538462,131.12538461538463,28.581208791208795,31.27021978021978,28.274835164835167,28.256373626373627,30.976263736263736,29.401648351648355,28.679340659340657,88.78538461538461,89.93923076923078,89.1745054945055,249.31538461538463,508.12,311.0076923076923,7330.283267117499,10037.0,9840.0,7998.0
2023-09-04,division,Khulna,Khulna,1688.0,1688.0,1351.0,995.0,980.0,1081.0,223.0,1253.5,1015.75,1688.0,1688.0,336.61105151197876,1.3463531287365484,1.233833292353086,2062.8571428571427,16.659378702207434,9,-0.9350162426854147,-0.3546048870425359,0.0,0.0,0.0,0.0,72.38199999999999,110.946,52.696000000000005,146.753,97.09,39.247,40.751999999999995,167.262,46.275999999999996,28.375999999999998,31.150142857142857,28.327714285714286,28.293285714285712,31.192571428571426,29.668285714285712,29.012857142857143,90.013,88.79271428571428,86.95257142857142,195.92699999999996,354.144,273.04999999999995,5812.8182151428555,1833.0,2232.0,2459.0
2023-09-04,division,Mymensingh,Mymensingh,557.0,557.0,455.0,414.0,477.0,634.0,156.0,475.75,493.125,557.0,634.0,60.12972088188448,1.1704247509176717,0.9648368327852264,2190.8571428571427,16.31903432869183,9,-0.9350162426854147,-0.3546048870425359,0.0,0.0,0.0,0.0,66.3925,168.9075,61.06,232.45749999999998,97.00750000000001,42.785,98.19999999999999,247.5975,283.4325,28.902500000000003,31.67214285714286,28.13285714285714,28.33214285714286,30.957857142857144,29.3675,28.61642857142857,86.42071428571428,90.7032142857143,89.44214285714284,259.625,760.145,325.8125,7624.5371875,554.0,463.0,336.0
2023-09-04,division,Rajshahi,Rajshahi,899.0,899.0,701.0,657.0,674.0,804.0,113.0,732.75,644.875,899.0,899.0,112.30427418402202,1.2265758091993186,1.136055738339462,2155.714285714286,16.828744725921833,9,-0.9350162426854147,-0.3546048870425359,0.0,0.0,0.0,0.0,72.395,119.7725,60.67375,165.75,47.6525,22.70125,48.536249999999995,166.1125,130.5025,28.96910714285714,31.552857142857142,28.426250000000003,28.653214285714284,31.459464285714287,30.1125,29.403035714285714,86.27589285714286,88.30107142857143,85.57732142857144,128.10875,429.42749999999995,273.58624999999995,3857.674734375,1017.0,1273.0,1340.0
2023-09-04,division,Rangpur,Rangpur,306.0,306.0,331.0,354.0,346.0,428.0,125.0,334.25,351.875,354.0,475.0,21.108844907605295,0.9157345264727815,0.9500531349628055,2208.5714285714284,16.68403182311846,9,-0.9350162426854147,-0.3546048870425359,0.0,0.0,0.0,0.0,36.526250000000005,199.19125,38.6,201.1875,64.28,60.832499999999996,137.35875,157.37875,243.91875,28.95642857142857,31.680357142857144,28.191785714285714,28.790892857142858,31.603571428571428,29.799107142857142,29.09875,86.16428571428571,89.43,87.81142857142856,279.20124999999996,651.7724999999999,291.30249999999995,8319.947963169641,338.0,326.0,258.0
2023-09-04,division,Sylhet,Sylhet,72.0,72.0,67.0,104.0,99.0,143.0,55.0,85.5,112.625,104.0,154.0,18.699376103674332,0.8439306358381503,0.7612761276127613,2246.285714285714,16.21657018255286,9,-0.9350162426854147,-0.3546048870425359,0.0,0.0,0.0,0.0,66.8025,248.72750000000002,76.595,267.9175,171.3975,108.1675,194.04,357.8775,528.2125,29.30392857142857,32.84357142857143,27.768571428571427,27.926785714285714,30.964642857142856,29.324285714285715,28.305357142857144,84.35142857142858,91.61285714285714,89.51928571428572,553.4325,1299.6425000000002,436.02,16229.01275357143,61.0,58.0,44.0
2023-09-11,division,Barishal,Barishal,2663.0,2663.0,2370.0,1864.0,1579.0,1785.0,1410.0,2119.0,2058.625,2663.0,2663.0,488.38577647866305,1.2566037735849056,1.0293135886387086,2236.5714285714284,16.02379618021547,9,-0.970941817426052,-0.23931566428755774,0.0,0.0,0.0,0.0,89.88833333333334,100.23333333333333,180.71166666666667,74.51833333333333,376.935,231.21833333333333,27.103333333333335,93.37333333333333,113.52833333333332,28.596904761904764,30.75047619047619,29.319523809523805,28.611190476190476,31.002142857142857,28.93452380952381,28.85642857142857,88.13,87.8759523809524,88.82452380952382,693.5183333333333,508.815,469.8016666666667,20066.622728174603,2709.0,2477.0,2144.0
2023-09-11,division,Chattogram,Chattogram,2853.0,2853.0,2597.0,2421.0,2281.0,2231.0,1673.0,2538.0,2466.375,2853.0,2853.0,246.60629891928278,1.1240645923591965,1.029028826181671,2204.1428571428573,17.31813049167358,9,-0.970941817426052,-0.23931566428755774,0.0,0.0,0.0,0.0,80.58545454545455,104.54363636363637,179.40545454545455,77.58272727272727,282.7390909090909,253.5309090909091,28.05818181818182,68.76727272727273,108.16545454545454,28.22623376623377,31.35181818181818,28.594155844155843,28.244675324675324,31.504675324675325,28.42350649350649,28.670259740259738,87.33025974025973,87.38493506493506,87.31545454545454,611.8427272727272,437.0718181818181,464.91999999999996,17390.71573164108,3140.0,2805.0,2140.0
2023-09-11,division,Dhaka,Dhaka,10037.0,10037.0,9537.0,8601.0,8133.0,7991.0,7616.0,9077.0,9394.75,10037.0,10571.0,866.200900484407,1.105750165234633,0.9661815182396296,1212.7142857142858,17.604592364757483,9,-0.970941817426052,-0.23931566428755774,0.0,0.0,0.0,0.0,37.95076923076923,53.72692307692308,107.10769230769232,70.81615384615385,208.42615384615385,129.16923076923078,20.665384615384614,85.07923076923076,74.5,28.665384615384614,31.65703296703297,29.544725274725273,28.752527472527472,31.874835164835165,29.23032967032967,28.930109890109893,87.46208791208791,87.85076923076923,88.2243956043956,395.5138461538462,439.2223076923077,278.1423076923077,11561.000112256976,9840.0,9086.0,7416.0
2023-09-11,division,Khulna,Khulna,1833.0,1833.0,1688.0,1351.0,995.0,980.0,521.0,1466.75,1179.75,1833.0,1833.0,373.7364267323519,1.2495315959802418,1.2430658479779801,2334.0,16.659378702207434,9,-0.970941817426052,-0.23931566428755774,0.0,0.0,0.0,0.0,36.862,37.025999999999996,110.946,52.696000000000005,146.753,97.09,18.838,74.162,66.444,28.655,31.669,29.699714285714286,28.85314285714286,32.15185714285714,29.380857142857145,29.153857142857145,88.12057142857142,86.98657142857142,87.21057142857143,301.92799999999994,348.62,257.21599999999995,8870.90343542857,2232.0,2299.0,2414.0
2023-09-11,division,Mymensingh,Mymensingh,554.0,554.0,557.0,455.0,414.0,477.0,312.0,495.0,523.375,557.0,634.0,71.84705978674424,1.1189516129032258,0.9458879618593564,2495.5714285714284,16.31903432869183,9,-0.970941817426052,-0.23931566428755774,0.0,0.0,0.0,0.0,36.805,29.4525,168.9075,61.06,232.45749999999998,97.00750000000001,21.6325,119.945,109.16999999999999,28.714285714285715,31.72,29.779285714285717,28.881785714285712,32.099999999999994,29.427142857142854,28.895357142857144,86.96357142857143,87.49821428571428,87.43571428571428,393.8825,574.9124999999999,301.5575,11590.83659642857,463.0,422.0,319.0
2023-09-11,division,Rajshahi,Rajshahi,1017.0,1017.0,899.0,701.0,657.0,674.0,262.0,818.5,739.25,1017.0,1017.0,169.08676273834485,1.2422208663819403,1.1070584262073624,2446.714285714286,16.828744725921833,9,-0.970941817426052,-0.23931566428755774,0.0,0.0,0.0,0.0,32.04375,20.744999999999997,119.7725,60.67375,165.75,47.6525,9.21875,81.875,50.9375,28.990357142857142,31.853928571428572,30.244464285714287,29.37607142857143,32.684285714285714,30.051964285714284,29.529642857142857,85.54321428571428,85.13142857142857,85.09678571428572,245.3225,347.46124999999995,244.95625,7372.423008482142,1273.0,1128.0,1345.0
2023-09-11,division,Rangpur,Rangpur,338.0,338.0,306.0,331.0,354.0,346.0,186.0,332.25,370.875,354.0,475.0,19.97289830411869,1.0172543135783947,0.8961344537815126,2531.4285714285716,16.68403182311846,9,-0.970941817426052,-0.23931566428755774,0.0,0.0,0.0,0.0,38.67875,16.985,199.19125,38.6,201.1875,64.28,16.73,117.955,132.51999999999998,29.13660714285714,32.47857142857143,29.569285714285716,29.355714285714285,32.66589285714286,29.76875,29.534107142857145,83.94839285714286,85.91553571428571,85.46535714285714,343.03,545.2124999999999,291.38124999999997,10211.574312499999,326.0,293.0,228.0
2023-09-11,division,Sylhet,Sylhet,61.0,61.0,72.0,67.0,104.0,99.0,119.0,76.0,105.375,104.0,154.0,19.200694431886227,0.8051948051948052,0.7238542890716804,2564.8571428571427,16.21657018255286,9,-0.970941817426052,-0.23931566428755774,0.0,0.0,0.0,0.0,56.6425,43.895,248.72750000000002,76.595,267.9175,171.3975,79.8275,224.8275,188.72500000000002,28.928214285714287,32.30678571428571,29.12357142857143,28.623571428571427,31.85357142857143,29.377857142857142,29.25107142857143,85.38035714285715,87.8475,84.77071428571429,627.3100000000001,965.47,416.0675,18429.023564285715,58.0,53.0,44.0
2023-09-18,division,Barishal,Barishal,2709.0,2709.0,2663.0,2370.0,1864.0,1579.0,1849.0,2401.5,2166.125,2709.0,2709.0,388.5172668835538,1.1279916753381893,1.1086116398454173,2384.714285714286,16.02379618021547,9,-0.992708874098054,-0.12053668025532357,0.0,0.0,0.0,0.0,196.17499999999998,98.96833333333332,100.23333333333333,180.71166666666667,74.51833333333333,376.935,58.26166666666666,81.60666666666667,220.30666666666664,28.074761904761903,29.76404761904762,28.38095238095238,28.354285714285712,30.426428571428573,28.170952380952382,29.311666666666667,91.07166666666666,90.79619047619047,86.45309523809523,740.9333333333333,422.38999999999993,485.265,20872.79765079365,2477.0,2196.0,1767.0
2023-09-18,division,Chattogram,Chattogram,3140.0,3140.0,2853.0,2597.0,2421.0,2281.0,2115.0,2752.75,2594.5,3140.0,3140.0,313.2244935079844,1.1406264185201997,1.0609709111924486,2357.5714285714284,17.31813049167358,9,-0.992708874098054,-0.12053668025532357,0.0,0.0,0.0,0.0,141.39,100.38545454545455,104.54363636363637,179.40545454545455,77.58272727272727,282.7390909090909,47.51454545454545,89.2990909090909,170.84,27.737012987012985,30.338961038961035,28.214805194805194,27.634545454545457,29.975584415584418,27.44142857142857,28.96103896103896,89.55597402597402,90.87064935064936,86.10727272727273,661.3672727272727,356.96454545454543,426.9045454545454,18148.862774025973,2805.0,2645.0,1978.0
2023-09-18,division,Dhaka,Dhaka,9840.0,9840.0,10037.0,9537.0,8601.0,8133.0,9921.0,9503.75,9384.625,10037.0,10571.0,635.9986242123468,1.0353770483179463,1.012692282080309,1331.2857142857142,17.604592364757483,9,-0.992708874098054,-0.12053668025532357,0.0,0.0,0.0,0.0,140.1169230769231,79.35692307692307,53.72692307692308,107.10769230769232,70.81615384615385,208.42615384615385,37.253076923076925,62.22769230769231,217.41538461538462,27.793076923076924,30.14010989010989,28.581208791208795,28.274835164835167,30.88758241758242,28.256373626373627,29.401648351648355,92.01703296703296,90.6943956043956,86.49494505494506,445.66461538461544,385.3876923076923,311.15153846153845,12592.865884361794,9086.0,7998.0,7335.0
2023-09-18,division,Khulna,Khulna,2232.0,2232.0,1833.0,1688.0,1351.0,995.0,690.0,1776.0,1372.5,2232.0,2232.0,364.9447446760491,1.2566122678671918,1.293775027302512,2503.285714285714,16.659378702207434,9,-0.992708874098054,-0.12053668025532357,0.0,0.0,0.0,0.0,133.728,72.38199999999999,37.025999999999996,110.946,52.696000000000005,146.753,39.247,40.751999999999995,167.262,27.764285714285712,30.138428571428573,28.375999999999998,28.327714285714286,31.151857142857143,28.293285714285712,29.668285714285712,92.26871428571428,90.57114285714286,84.98871428571428,335.786,301.01399999999995,279.99799999999993,9500.489236857142,2299.0,2459.0,2441.0
2023-09-18,division,Mymensingh,Mymensingh,463.0,463.0,554.0,557.0,455.0,414.0,534.0,507.25,514.5,557.0,634.0,55.8233821977852,0.9129365469749139,0.9859359844810863,2686.0,16.31903432869183,9,-0.992708874098054,-0.12053668025532357,0.0,0.0,0.0,0.0,143.305,66.3925,29.4525,168.9075,61.06,232.45749999999998,42.785,98.19999999999999,247.5975,27.338214285714287,29.657857142857143,28.902500000000003,28.13285714285714,30.81714285714286,28.33214285714286,29.3675,92.52785714285714,90.79785714285714,86.14178571428572,433.31,487.375,275.95500000000004,12276.600821428572,422.0,336.0,323.0
2023-09-18,division,Rajshahi,Rajshahi,1273.0,1273.0,1017.0,899.0,701.0,657.0,509.0,972.5,834.75,1273.0,1273.0,239.02231416055417,1.3086800205444273,1.164822016153156,2619.8571428571427,16.828744725921833,9,-0.992708874098054,-0.12053668025532357,0.0,0.0,0.0,0.0,150.9925,72.395,20.744999999999997,119.7725,60.67375,165.75,22.70125,48.536249999999995,166.1125,27.754464285714285,29.847857142857144,28.96910714285714,28.426250000000003,30.99482142857143,28.653214285714284,30.1125,91.82589285714286,89.58446428571429,82.69660714285715,296.7775,305.74249999999995,276.17625,8503.62930267857,1128.0,1340.0,1325.0
2023-09-18,division,Rangpur,Rangpur,326.0,326.0,338.0,306.0,331.0,354.0,389.0,325.25,363.0,338.0,475.0,13.744695946679478,1.0022988505747126,0.8962912087912088,2716.8571428571427,16.68403182311846,9,-0.992708874098054,-0.12053668025532357,0.0,0.0,0.0,0.0,282.5025,36.526250000000005,16.985,199.19125,38.6,201.1875,60.832499999999996,137.35875,157.37875,27.24375,29.23357142857143,28.95642857142857,28.191785714285714,30.725357142857142,28.790892857142858,29.799107142857142,91.28214285714286,90.45714285714286,83.82892857142858,364.8999999999999,429.42249999999996,374.6925,10505.796803571426,293.0,258.0,241.0
2023-09-18,division,Sylhet,Sylhet,58.0,58.0,61.0,72.0,67.0,104.0,154.0,64.5,93.375,72.0,143.0,6.244997998398401,0.9007633587786259,0.6940397350993377,2756.4285714285716,16.21657018255286,9,-0.992708874098054,-0.12053668025532357,0.0,0.0,0.0,0.0,156.975,66.8025,43.895,248.72750000000002,76.595,267.9175,108.1675,194.04,357.8775,27.36,30.033214285714287,29.30392857142857,27.768571428571427,30.392142857142858,27.926785714285714,29.324285714285715,90.23642857142858,91.73678571428572,85.42571428571429,624.0775000000001,856.5725,324.31499999999994,17428.478611607145,53.0,44.0,22.0
2023-09-25,division,Barishal,Barishal,2477.0,2477.0,2709.0,2663.0,2370.0,1864.0,2002.0,2554.75,2225.5,2709.0,2709.0,158.83823007492018,0.9695784016433532,1.147877835167303,2476.0,16.02379618021547,9,-1.0,-1.8369701987210297e-16,0.0,0.0,0.0,0.0,75.65833333333335,89.88833333333334,98.96833333333332,100.23333333333333,180.71166666666667,74.51833333333333,231.21833333333333,27.103333333333335,93.37333333333333,28.338333333333335,30.61238095238095,28.596904761904764,29.319523809523805,31.67952380952381,28.611190476190476,28.93452380952381,88.13261904761903,86.0652380952381,88.74404761904763,863.3833333333333,260.345,460.69,24702.425003968252,2196.0,2144.0,1417.0
2023-09-25,division,Chattogram,Chattogram,2805.0,2805.0,3140.0,2853.0,2597.0,2421.0,2572.0,2848.75,2623.625,3140.0,3140.0,223.70870196157622,0.9846477761207123,1.085774158213078,2414.4285714285716,17.31813049167358,9,-1.0,-1.8369701987210297e-16,0.0,0.0,0.0,0.0,78.4590909090909,80.58545454545455,100.38545454545455,104.54363636363637,179.40545454545455,77.58272727272727,253.5309090909091,28.05818181818182,68.76727272727273,28.360909090909093,31.329740259740262,28.22623376623377,28.594155844155843,31.331298701298703,28.244675324675324,28.42350649350649,86.8877922077922,86.88454545454546,88.67168831168831,793.2581818181818,233.6390909090909,400.81999999999994,22405.319794096813,2645.0,2140.0,1424.0
2023-09-25,division,Dhaka,Dhaka,9086.0,9086.0,9840.0,10037.0,9537.0,8601.0,10367.0,9625.0,9224.5,10037.0,10571.0,414.01851810436125,0.9440058175773945,1.043412281177172,1457.2857142857142,17.604592364757483,9,-1.0,-1.8369701987210297e-16,0.0,0.0,0.0,0.0,51.879230769230766,37.95076923076923,79.35692307692307,53.72692307692308,107.10769230769232,70.81615384615385,129.16923076923078,20.665384615384614,85.07923076923076,28.408791208791207,31.207912087912085,28.665384615384614,29.544725274725273,32.4856043956044,28.752527472527472,29.23032967032967,88.1121978021978,83.73923076923076,87.07065934065933,515.5192307692308,205.2253846153846,309.30384615384617,14822.480845308539,7998.0,7416.0,5794.0
2023-09-25,division,Khulna,Khulna,2299.0,2299.0,2232.0,1833.0,1688.0,1351.0,820.0,2013.0,1557.375,2299.0,2299.0,298.7652367104758,1.1420059582919564,1.2923718617149274,2544.1428571428573,16.659378702207434,9,-1.0,-1.8369701987210297e-16,0.0,0.0,0.0,0.0,59.18299999999999,36.862,72.38199999999999,37.025999999999996,110.946,52.696000000000005,97.09,18.838,74.162,28.17685714285714,31.116571428571426,28.655,29.699714285714286,32.78285714285714,28.85314285714286,29.380857142857145,89.45128571428572,82.52414285714286,85.63128571428572,407.48499999999996,172.99899999999997,302.155,11757.222917142857,2459.0,2414.0,2210.0
2023-09-25,division,Mymensingh,Mymensingh,422.0,422.0,463.0,554.0,557.0,455.0,562.0,499.0,497.0,557.0,634.0,67.36467917239717,0.846,1.0040160642570282,2796.8571428571427,16.31903432869183,9,-1.0,-1.8369701987210297e-16,0.0,0.0,0.0,0.0,49.305,36.805,66.3925,29.4525,168.9075,61.06,97.00750000000001,21.6325,119.945,28.240000000000002,30.827142857142857,28.714285714285715,29.779285714285717,33.20214285714285,28.881785714285712,29.427142857142854,87.89392857142857,81.3567857142857,86.53071428571428,559.4325,282.5625,295.8075,16157.409586607142,336.0,319.0,275.0
2023-09-25,division,Rajshahi,Rajshahi,1128.0,1128.0,1273.0,1017.0,899.0,701.0,653.0,1079.25,894.125,1273.0,1273.0,159.45819723885833,1.0451284424901643,1.2068146906856585,2681.1428571428573,16.828744725921833,9,-1.0,-1.8369701987210297e-16,0.0,0.0,0.0,0.0,56.885,32.04375,72.395,20.744999999999997,119.7725,60.67375,47.6525,9.21875,81.875,28.288035714285716,30.794464285714287,28.990357142857142,30.244464285714287,33.370357142857145,29.37607142857143,30.051964285714284,88.71535714285714,78.91964285714286,82.50803571428571,393.84875,162.33124999999995,312.31625,11569.72901205357,1340.0,1345.0,1278.0
2023-09-25,division,Rangpur,Rangpur,293.0,293.0,326.0,338.0,306.0,331.0,475.0,315.75,340.25,338.0,428.0,20.10596926288311,0.9281767955801105,0.9282051282051282,2816.4285714285716,16.68403182311846,9,-1.0,-1.8369701987210297e-16,0.0,0.0,0.0,0.0,42.0725,38.67875,36.526250000000005,16.985,199.19125,38.6,64.28,16.73,117.955,27.776785714285715,30.269464285714285,29.13660714285714,29.569285714285716,32.775,29.355714285714285,29.76875,89.55803571428571,82.07125,85.69910714285714,503.25874999999996,332.8762499999999,399.7799999999999,14773.520076785713,258.0,228.0,202.0
2023-09-25,division,Sylhet,Sylhet,53.0,53.0,58.0,61.0,72.0,67.0,143.0,61.0,82.125,72.0,143.0,8.041558721209881,0.8709677419354839,0.7458646616541353,2854.714285714286,16.21657018255286,9,-1.0,-1.8369701987210297e-16,0.0,0.0,0.0,0.0,70.9225,56.6425,66.8025,43.895,248.72750000000002,76.595,171.3975,79.8275,224.8275,28.53892857142857,31.802857142857142,28.928214285714287,29.12357142857143,32.75035714285714,28.623571428571427,29.377857142857142,85.26857142857142,84.91714285714286,87.01928571428572,764.6375,606.8625,351.3425,21886.656098214287,44.0,44.0,34.0
2023-10-02,division,Barishal,Barishal,2196.0,2196.0,2477.0,2709.0,2663.0,2370.0,2357.0,2511.25,2205.375,2709.0,2709.0,232.87246151774426,0.8745148771021992,1.1386323721035636,2298.0,16.02379618021547,10,-0.992708874098054,0.1205366802553232,0.0,0.0,0.0,0.0,265.8616666666667,196.17499999999998,89.88833333333334,98.96833333333332,100.23333333333333,180.71166666666667,376.935,58.26166666666666,81.60666666666667,27.92571428571429,29.936666666666667,28.074761904761903,28.38095238095238,30.27952380952381,28.354285714285712,28.170952380952382,90.61428571428571,89.74666666666667,90.24309523809524,732.3983333333333,398.19,627.5833333333334,20766.631599999997,2144.0,1767.0,1424.0
2023-10-02,division,Chattogram,Chattogram,2645.0,2645.0,2805.0,3140.0,2853.0,2597.0,2661.0,2860.75,2621.625,3140.0,3140.0,206.31428291161362,0.9246090678780466,1.091177732233926,2251.1428571428573,17.31813049167358,10,-0.992708874098054,0.1205366802553232,0.0,0.0,0.0,0.0,165.94181818181818,141.39,80.58545454545455,100.38545454545455,104.54363636363637,179.40545454545455,282.7390909090909,47.51454545454545,89.2990909090909,27.361818181818183,30.058051948051947,27.737012987012985,28.214805194805194,31.11467532467532,27.634545454545457,27.44142857142857,90.31779220779221,87.77467532467533,90.7974025974026,644.2709090909091,418.40272727272725,466.3763636363636,17804.13372231405,2140.0,1978.0,1323.0
2023-10-02,division,Dhaka,Dhaka,7998.0,7998.0,9086.0,9840.0,10037.0,9537.0,10571.0,9240.25,8902.875,10037.0,10037.0,924.0289948553193,0.8655755444339239,1.037890805969311,1353.857142857143,17.604592364757483,10,-0.992708874098054,0.1205366802553232,0.0,0.0,0.0,0.0,225.54153846153847,140.1169230769231,37.95076923076923,79.35692307692307,53.72692307692308,107.10769230769232,208.42615384615385,37.253076923076925,62.22769230769231,27.576923076923077,30.091428571428573,27.793076923076924,28.581208791208795,31.27021978021978,28.274835164835167,28.256373626373627,92.02571428571429,88.78538461538461,89.93923076923078,440.0769230769231,249.31538461538463,455.48846153846154,12443.102459847845,7416.0,7335.0,5637.0
2023-10-02,division,Khulna,Khulna,2459.0,2459.0,2299.0,2232.0,1833.0,1688.0,1081.0,2205.75,1729.625,2459.0,2459.0,266.1219958339908,1.1147615271326612,1.2751173708920187,2323.4285714285716,16.659378702207434,10,-0.992708874098054,0.1205366802553232,0.0,0.0,0.0,0.0,188.05599999999998,133.728,36.862,72.38199999999999,37.025999999999996,110.946,146.753,39.247,40.751999999999995,27.646571428571427,30.45342857142857,27.764285714285712,28.375999999999998,31.150142857142857,28.327714285714286,28.293285714285712,91.70828571428572,90.013,88.79271428571428,347.421,195.92699999999996,417.82899999999995,9841.642824857143,2414.0,2441.0,2236.0
2023-10-02,division,Mymensingh,Mymensingh,336.0,336.0,422.0,463.0,554.0,557.0,634.0,443.75,459.75,554.0,557.0,90.56995454711607,0.7577290612703766,0.9652740097666848,2591.5714285714284,16.31903432869183,10,-0.992708874098054,0.1205366802553232,0.0,0.0,0.0,0.0,304.955,143.305,36.805,66.3925,29.4525,168.9075,232.45749999999998,42.785,98.19999999999999,26.915,29.364285714285714,27.338214285714287,28.902500000000003,31.67214285714286,28.13285714285714,28.33214285714286,92.18214285714285,86.42071428571428,90.7032142857143,491.8775,259.625,534.37,13837.919439285713,319.0,323.0,218.0
2023-10-02,division,Rajshahi,Rajshahi,1340.0,1340.0,1128.0,1273.0,1017.0,899.0,804.0,1189.5,961.125,1340.0,1340.0,145.09881690305627,1.126417471650567,1.2373652072235937,2490.714285714286,16.828744725921833,10,-0.992708874098054,0.1205366802553232,0.0,0.0,0.0,0.0,210.93125,150.9925,32.04375,72.395,20.744999999999997,119.7725,165.75,22.70125,48.536249999999995,27.44982142857143,30.115357142857142,27.754464285714285,28.96910714285714,31.552857142857142,28.426250000000003,28.653214285714284,91.52625,86.27589285714286,88.30107142857143,366.94124999999997,128.10875,450.8525,10430.7637078125,1345.0,1325.0,1183.0
2023-10-02,division,Rangpur,Rangpur,258.0,258.0,293.0,326.0,338.0,306.0,428.0,303.75,319.0,338.0,354.0,35.947878936037384,0.8498769483182936,0.95234375,2610.0,16.68403182311846,10,-0.992708874098054,0.1205366802553232,0.0,0.0,0.0,0.0,140.16375,282.5025,38.67875,36.526250000000005,16.985,199.19125,201.1875,60.832499999999996,137.35875,26.64767857142857,29.455178571428572,27.24375,28.95642857142857,31.680357142857144,28.191785714285714,28.790892857142858,91.29982142857143,86.16428571428571,89.43,455.96374999999995,279.20124999999996,503.4174999999999,12854.432333482142,228.0,241.0,173.0
2023-10-02,division,Sylhet,Sylhet,44.0,44.0,53.0,58.0,61.0,72.0,143.0,54.0,69.75,61.0,104.0,7.438637868140469,0.8181818181818182,0.7773851590106007,2644.285714285714,16.21657018255286,10,-0.992708874098054,0.1205366802553232,0.0,0.0,0.0,0.0,363.09,156.975,56.6425,66.8025,43.895,248.72750000000002,267.9175,108.1675,194.04,26.94214285714286,29.80428571428571,27.36,29.30392857142857,32.84357142857143,27.768571428571427,27.926785714285714,90.46321428571429,84.35142857142858,91.61285714285714,637.135,553.4325,647.6299999999999,17692.328757142855,44.0,22.0,30.0
2023-10-09,division,Barishal,Barishal,2144.0,2144.0,2196.0,2477.0,2709.0,2663.0,1785.0,2381.5,2250.25,2709.0,2709.0,262.8009386081664,0.9003147953830011,1.0583009439200444,2154.285714285714,16.02379618021547,10,-0.9709418174260521,0.23931566428755738,0.0,0.0,0.0,0.0,19.271666666666665,75.65833333333335,196.17499999999998,89.88833333333334,98.96833333333332,100.23333333333333,74.51833333333333,231.21833333333333,27.103333333333335,28.53357142857143,31.31714285714286,28.338333333333335,28.596904761904764,30.75047619047619,29.319523809523805,28.611190476190476,77.0052380952381,88.13,87.8759523809524,454.4316666666667,693.5183333333333,556.9666666666667,13323.72007063492,1767.0,1417.0,1331.0
2023-10-09,division,Chattogram,Chattogram,2140.0,2140.0,2645.0,2805.0,3140.0,2853.0,2231.0,2682.5,2610.25,3140.0,3140.0,416.34320778255375,0.7978386435625117,1.0276687410244136,2090.1428571428573,17.31813049167358,10,-0.9709418174260521,0.23931566428755738,0.0,0.0,0.0,0.0,21.28272727272727,78.4590909090909,141.39,80.58545454545455,100.38545454545455,104.54363636363637,77.58272727272727,253.5309090909091,28.05818181818182,27.601558441558442,30.735064935064937,28.360909090909093,28.22623376623377,31.35181818181818,28.594155844155843,28.244675324675324,80.28129870129871,87.33025974025973,87.38493506493506,461.9172727272727,611.8427272727272,407.0736363636363,13208.134483471073,1978.0,1424.0,1355.0
2023-10-09,division,Dhaka,Dhaka,7416.0,7416.0,7998.0,9086.0,9840.0,10037.0,7991.0,8585.0,8831.0,9840.0,10037.0,1085.8416090756505,0.8638481248544142,0.9721467391304348,1325.4285714285713,17.604592364757483,10,-0.9709418174260521,0.23931566428755738,0.0,0.0,0.0,0.0,18.193846153846156,51.879230769230766,140.1169230769231,37.95076923076923,79.35692307692307,53.72692307692308,70.81615384615385,129.16923076923078,20.665384615384614,28.248351648351647,31.543516483516484,28.408791208791207,28.665384615384614,31.65703296703297,29.544725274725273,28.752527472527472,76.4245054945055,87.46208791208791,87.85076923076923,311.0076923076923,395.5138461538462,435.73153846153843,9188.636827557058,7335.0,5794.0,5127.0
2023-10-09,division,Khulna,Khulna,2414.0,2414.0,2459.0,2299.0,2232.0,1833.0,980.0,2351.0,1908.875,2459.0,2459.0,104.08009736095853,1.0267857142857142,1.2314942077361084,2116.714285714286,16.659378702207434,10,-0.9709418174260521,0.23931566428755738,0.0,0.0,0.0,0.0,7.556,59.18299999999999,133.728,36.862,72.38199999999999,37.025999999999996,52.696000000000005,97.09,18.838,28.093428571428568,31.85985714285714,28.17685714285714,28.655,31.669,29.699714285714286,28.85314285714286,75.32028571428572,88.12057142857142,86.98657142857142,273.04999999999995,301.92799999999994,388.5229999999999,8109.506985714284,2441.0,2210.0,2371.0
2023-10-09,division,Mymensingh,Mymensingh,319.0,319.0,336.0,422.0,463.0,554.0,477.0,385.0,440.0,463.0,557.0,68.82344561751226,0.8290155440414507,0.8752834467120182,2420.0,16.31903432869183,10,-0.9709418174260521,0.23931566428755738,0.0,0.0,0.0,0.0,18.4925,49.305,143.305,36.805,66.3925,29.4525,61.06,97.00750000000001,21.6325,27.547857142857143,30.957142857142856,28.240000000000002,28.714285714285715,31.72,29.779285714285717,28.881785714285712,79.05857142857144,86.96357142857143,87.49821428571428,325.8125,393.8825,516.0574999999999,9702.463526785716,323.0,275.0,265.0
2023-10-09,division,Rajshahi,Rajshahi,1345.0,1345.0,1340.0,1128.0,1273.0,1017.0,674.0,1271.5,1045.0,1345.0,1345.0,101.14181463008589,1.0577603143418468,1.2165391969407267,2276.5714285714284,16.828744725921833,10,-0.9709418174260521,0.23931566428755738,0.0,0.0,0.0,0.0,11.81625,56.885,150.9925,32.04375,72.395,20.744999999999997,60.67375,47.6525,9.21875,28.079464285714284,31.44214285714286,28.288035714285716,28.990357142857142,31.853928571428572,30.244464285714287,29.37607142857143,74.39482142857143,85.54321428571428,85.13142857142857,273.58624999999995,245.3225,430.62500000000006,8274.469567187498,1325.0,1278.0,1338.0
2023-10-09,division,Rangpur,Rangpur,228.0,228.0,258.0,293.0,326.0,338.0,346.0,276.25,304.25,326.0,354.0,42.49215613890796,0.8259693417493237,0.9082719082719083,2431.1428571428573,16.68403182311846,10,-0.9709418174260521,0.23931566428755738,0.0,0.0,0.0,0.0,44.1475,42.0725,282.5025,38.67875,36.526250000000005,16.985,38.6,64.28,16.73,26.669107142857143,30.36017857142857,27.776785714285715,29.13660714285714,32.47857142857143,29.569285714285716,29.355714285714285,82.3175,83.94839285714286,85.91553571428571,291.30249999999995,343.03,508.8862499999999,8613.606851785713,241.0,202.0,119.0
2023-10-09,division,Sylhet,Sylhet,44.0,44.0,44.0,53.0,58.0,61.0,99.0,49.75,62.875,58.0,104.0,6.946221994724905,0.8866995073891626,0.7945205479452054,2461.714285714286,16.21657018255286,10,-0.9709418174260521,0.23931566428755738,0.0,0.0,0.0,0.0,31.495,70.9225,156.975,56.6425,66.8025,43.895,76.595,171.3975,79.8275,27.073571428571427,30.66,28.53892857142857,28.928214285714287,32.30678571428571,29.12357142857143,28.623571428571427,82.71392857142857,85.38035714285715,87.8475,436.02,627.3100000000001,622.4824999999998,12698.459614285715,22.0,34.0,22.0
2023-10-16,division,Barishal,Barishal,1767.0,1767.0,2144.0,2196.0,2477.0,2709.0,1579.0,2146.0,2273.75,2477.0,2709.0,291.95090911544236,0.823474615742897,0.94383998241565,1986.5714285714287,16.02379618021547,10,-0.9350162426854148,0.35460488704253557,0.0,0.0,0.0,0.0,3.89,265.8616666666667,75.65833333333335,196.17499999999998,89.88833333333334,98.96833333333332,180.71166666666667,376.935,58.26166666666666,26.680238095238096,30.122142857142858,27.92571428571429,28.074761904761903,29.76404761904762,28.38095238095238,28.354285714285712,77.18619047619048,91.07166666666666,90.79619047619047,469.8016666666667,740.9333333333333,364.68166666666673,13333.41873015873,1417.0,1424.0,1030.0
2023-10-16,division,Chattogram,Chattogram,1978.0,1978.0,2140.0,2645.0,2805.0,3140.0,2281.0,2392.0,2572.375,2805.0,3140.0,395.59154018591795,0.8269954032595069,0.9299072230048089,1987.142857142857,17.31813049167358,10,-0.9350162426854148,0.35460488704253557,0.0,0.0,0.0,0.0,4.647272727272727,165.94181818181818,78.4590909090909,141.39,80.58545454545455,100.38545454545455,179.40545454545455,282.7390909090909,47.51454545454545,26.204675324675325,30.18805194805195,27.361818181818183,27.737012987012985,30.338961038961035,28.214805194805194,27.634545454545457,78.13831168831169,89.55597402597402,90.87064935064936,464.91999999999996,661.3672727272727,270.3309090909091,13117.62723116883,1424.0,1323.0,1049.0
2023-10-16,division,Dhaka,Dhaka,7335.0,7335.0,7416.0,7998.0,9086.0,9840.0,8133.0,7958.75,8731.25,9086.0,10037.0,807.4393166052778,0.9216369860862464,0.911534827793524,1233.4285714285713,17.604592364757483,10,-0.9350162426854148,0.35460488704253557,0.0,0.0,0.0,0.0,1.8230769230769233,225.54153846153847,51.879230769230766,140.1169230769231,37.95076923076923,79.35692307692307,107.10769230769232,208.42615384615385,37.253076923076925,25.93263736263736,30.045164835164833,27.576923076923077,27.793076923076924,30.14010989010989,28.581208791208795,28.274835164835167,78.21054945054945,92.01703296703296,90.6943956043956,278.1423076923077,445.66461538461544,297.4376923076923,7949.643369822487,5794.0,5637.0,4071.0
2023-10-16,division,Khulna,Khulna,2441.0,2441.0,2414.0,2459.0,2299.0,2232.0,995.0,2403.25,2089.625,2459.0,2459.0,71.9183564884512,1.0157013621711553,1.1500149476831092,1948.0,16.659378702207434,10,-0.9350162426854148,0.35460488704253557,0.0,0.0,0.0,0.0,0.316,188.05599999999998,59.18299999999999,133.728,36.862,72.38199999999999,110.946,146.753,39.247,25.677999999999997,30.088857142857144,27.646571428571427,27.764285714285712,30.138428571428573,28.375999999999998,28.327714285714286,79.90414285714286,92.26871428571428,90.57114285714286,257.21599999999995,335.786,255.11099999999996,7298.761215999998,2210.0,2236.0,1932.0
2023-10-16,division,Mymensingh,Mymensingh,323.0,323.0,319.0,336.0,422.0,463.0,414.0,350.0,428.625,422.0,557.0,48.54551129266916,0.9230769230769231,0.8169915624090777,2247.285714285714,16.31903432869183,10,-0.9350162426854148,0.35460488704253557,0.0,0.0,0.0,0.0,0.5599999999999999,304.955,49.305,143.305,36.805,66.3925,168.9075,232.45749999999998,42.785,25.49892857142857,29.85,26.915,27.338214285714287,29.657857142857143,28.902500000000003,28.13285714285714,77.56428571428572,92.52785714285714,90.79785714285714,301.5575,433.31,373.31249999999994,8715.76564375,275.0,218.0,224.0
2023-10-16,division,Rajshahi,Rajshahi,1325.0,1325.0,1345.0,1340.0,1128.0,1273.0,657.0,1284.5,1128.5,1345.0,1345.0,104.67887402273037,1.0315052508751459,1.1381142098273573,2100.714285714286,16.828744725921833,10,-0.9350162426854148,0.35460488704253557,0.0,0.0,0.0,0.0,0.20750000000000002,210.93125,56.885,150.9925,32.04375,72.395,119.7725,165.75,22.70125,25.614285714285714,29.671964285714285,27.44982142857143,27.754464285714285,29.847857142857144,28.96910714285714,28.426250000000003,79.15571428571428,91.82589285714286,89.58446428571429,244.95625,296.7775,279.84000000000003,7096.1638515625,1278.0,1183.0,1017.0
2023-10-16,division,Rangpur,Rangpur,241.0,241.0,228.0,258.0,293.0,326.0,354.0,255.0,290.125,293.0,338.0,28.15433655170491,0.9453125,0.8793473593817089,2260.285714285714,16.68403182311846,10,-0.9350162426854148,0.35460488704253557,0.0,0.0,0.0,0.0,0.32,140.16375,42.0725,282.5025,38.67875,36.526250000000005,199.19125,201.1875,60.832499999999996,24.90267857142857,29.136785714285715,26.64767857142857,27.24375,29.23357142857143,28.95642857142857,28.191785714285714,81.17607142857143,91.28214285714286,90.45714285714286,291.38124999999997,364.8999999999999,226.70374999999993,8437.36035267857,202.0,173.0,91.0
2023-10-16,division,Sylhet,Sylhet,22.0,22.0,44.0,44.0,53.0,58.0,104.0,40.75,52.625,53.0,72.0,13.200378782444087,0.5508982035928144,0.7785547785547785,2286.5714285714284,16.21657018255286,10,-0.9350162426854148,0.35460488704253557,0.0,0.0,0.0,0.0,0.12000000000000001,363.09,70.9225,156.975,56.6425,66.8025,248.72750000000002,267.9175,108.1675,25.48642857142857,30.1275,26.94214285714286,27.36,30.033214285714287,29.30392857142857,27.768571428571427,77.26178571428571,90.23642857142858,91.73678571428572,416.0675,624.0775000000001,465.62749999999994,12192.412300892856,34.0,30.0,9.0
2023-10-23,division,Barishal,Barishal,1417.0,1417.0,1767.0,2144.0,2196.0,2477.0,1864.0,1881.0,2217.875,2196.0,2709.0,363.6325984653558,0.7534537725823592,0.8481775674609882,1952.142857142857,16.02379618021547,10,-0.8854560256532101,0.464723172043768,0.0,0.0,0.0,0.0,51.67666666666667,19.271666666666665,265.8616666666667,75.65833333333335,196.17499999999998,89.88833333333334,100.23333333333333,74.51833333333333,231.21833333333333,25.801904761904762,29.031904761904766,28.53357142857143,28.338333333333335,30.61238095238095,28.596904761904764,29.319523809523805,81.5897619047619,88.13261904761903,86.0652380952381,485.265,863.3833333333333,340.7,13877.076989285715,1424.0,1331.0,669.0
2023-10-23,division,Chattogram,Chattogram,1424.0,1424.0,1978.0,2140.0,2645.0,2805.0,2421.0,2046.75,2447.75,2645.0,3140.0,503.03835175196474,0.6958857282383103,0.8362429811128127,1922.0,17.31813049167358,10,-0.8854560256532101,0.464723172043768,0.0,0.0,0.0,0.0,84.21454545454546,21.28272727272727,165.94181818181818,78.4590909090909,141.39,80.58545454545455,104.54363636363637,77.58272727272727,253.5309090909091,25.311428571428568,28.995844155844157,27.601558441558442,28.360909090909093,31.329740259740262,28.22623376623377,28.594155844155843,82.29493506493507,86.8877922077922,86.88454545454546,426.9045454545454,793.2581818181818,276.08636363636356,12049.907495867768,1323.0,1355.0,780.0
2023-10-23,division,Dhaka,Dhaka,5794.0,5794.0,7335.0,7416.0,7998.0,9086.0,8601.0,7135.75,8380.375,7998.0,10037.0,941.9852705854789,0.8119942550881003,0.8515010961805193,1156.7142857142858,17.604592364757483,10,-0.8854560256532101,0.464723172043768,0.0,0.0,0.0,0.0,20.85,18.193846153846156,225.54153846153847,51.879230769230766,140.1169230769231,37.95076923076923,53.72692307692308,70.81615384615385,129.16923076923078,25.154725274725273,29.213516483516482,28.248351648351647,28.408791208791207,31.207912087912085,28.665384615384614,29.544725274725273,82.53153846153847,88.1121978021978,83.73923076923076,311.15153846153845,515.5192307692308,266.40846153846155,8919.278523668638,5637.0,5127.0,3098.0
2023-10-23,division,Khulna,Khulna,2210.0,2210.0,2441.0,2414.0,2459.0,2299.0,1351.0,2381.0,2197.0,2459.0,2459.0,115.49025932952074,0.9282115869017632,1.083712465878071,1855.857142857143,16.659378702207434,10,-0.8854560256532101,0.464723172043768,0.0,0.0,0.0,0.0,13.422,7.556,188.05599999999998,59.18299999999999,133.728,36.862,37.025999999999996,52.696000000000005,97.09,25.069,29.235285714285716,28.093428571428568,28.17685714285714,31.116571428571426,28.655,29.699714285714286,82.94028571428571,89.45128571428572,82.52414285714286,279.99799999999993,407.48499999999996,209.34999999999997,8023.342689999999,2236.0,2371.0,1364.0
2023-10-23,division,Mymensingh,Mymensingh,275.0,275.0,323.0,319.0,336.0,422.0,455.0,313.25,406.125,336.0,557.0,26.512575632455423,0.8782816229116945,0.7718759594719067,2158.4285714285716,16.31903432869183,10,-0.8854560256532101,0.464723172043768,0.0,0.0,0.0,0.0,10.055,18.4925,304.955,49.305,143.305,36.805,29.4525,61.06,97.00750000000001,24.740714285714287,28.81607142857143,27.547857142857143,28.240000000000002,30.827142857142857,28.714285714285715,29.779285714285717,81.56892857142857,87.89392857142857,81.3567857142857,275.95500000000004,559.4325,334.06249999999994,7923.850714285716,218.0,265.0,172.0
2023-10-23,division,Rajshahi,Rajshahi,1278.0,1278.0,1325.0,1345.0,1340.0,1128.0,701.0,1322.0,1200.625,1345.0,1345.0,30.5395917894567,0.9667422524565382,1.1010090502444607,2015.2857142857142,16.828744725921833,10,-0.8854560256532101,0.464723172043768,0.0,0.0,0.0,0.0,3.9662499999999996,11.81625,210.93125,56.885,150.9925,32.04375,20.744999999999997,60.67375,47.6525,24.750535714285714,28.750357142857144,28.079464285714284,28.288035714285716,30.794464285714287,28.990357142857142,30.244464285714287,80.38821428571428,88.71535714285714,78.91964285714286,276.17625,393.84875,226.92125000000004,8006.448121875,1183.0,1338.0,731.0
2023-10-23,division,Rangpur,Rangpur,202.0,202.0,241.0,228.0,258.0,293.0,331.0,232.25,274.0,258.0,338.0,23.613202521753244,0.8703108252947481,0.8481818181818181,2170.1428571428573,16.68403182311846,10,-0.8854560256532101,0.464723172043768,0.0,0.0,0.0,0.0,0.50625,44.1475,140.16375,42.0725,282.5025,38.67875,16.985,38.6,64.28,24.065357142857142,28.502857142857142,26.669107142857143,27.776785714285715,30.269464285714285,29.13660714285714,29.569285714285716,79.29517857142858,89.55803571428571,82.07125,374.6925,503.25874999999996,185.13749999999993,10917.268171875,173.0,119.0,88.0
2023-10-23,division,Sylhet,Sylhet,34.0,34.0,22.0,44.0,44.0,53.0,67.0,36.0,48.5,44.0,72.0,10.456258094238748,0.9459459459459459,0.7474747474747475,2201.4285714285716,16.21657018255286,10,-0.8854560256532101,0.464723172043768,0.0,0.0,0.0,0.0,28.265,31.495,363.09,70.9225,156.975,56.6425,43.895,76.595,171.3975,25.03035714285714,29.057857142857145,27.073571428571427,28.53892857142857,31.802857142857142,28.928214285714287,29.12357142857143,82.23964285714285,85.26857142857142,84.91714285714286,324.31499999999994,764.6375,422.9699999999999,9381.853816071427,30.0,22.0,10.0
2023-10-30,division,Barishal,Barishal,1424.0,1424.0,1417.0,1767.0,2144.0,2196.0,2370.0,1688.0,2099.625,2144.0,2709.0,345.11543962371,0.8436944937833037,0.8040464147575126,1602.4285714285713,16.02379618021547,10,-0.822983865893657,0.5680647467311548,0.0,0.0,0.0,0.0,1.7766666666666666,3.89,19.271666666666665,265.8616666666667,75.65833333333335,196.17499999999998,98.96833333333332,180.71166666666667,376.935,25.744285714285713,29.420952380952382,26.680238095238096,27.92571428571429,29.936666666666667,28.074761904761903,28.38095238095238,79.19357142857143,90.61428571428571,89.74666666666667,460.69,732.3983333333333,76.615,12933.762061904761,1331.0,1030.0,580.0
2023-10-30,division,Chattogram,Chattogram,1323.0,1323.0,1424.0,1978.0,2140.0,2645.0,2597.0,1716.25,2288.5,2140.0,3140.0,403.37441250861053,0.7710001455815985,0.7500545970735969,1601.4285714285713,17.31813049167358,10,-0.822983865893657,0.5680647467311548,0.0,0.0,0.0,0.0,0.4272727272727273,4.647272727272727,21.28272727272727,165.94181818181818,78.4590909090909,141.39,100.38545454545455,179.40545454545455,282.7390909090909,25.294545454545457,29.28142857142857,26.204675324675325,27.361818181818183,30.058051948051947,27.737012987012985,28.214805194805194,81.45948051948052,90.31779220779221,87.77467532467533,400.81999999999994,644.2709090909091,110.57181818181812,11117.549545454543,1355.0,1049.0,694.0
2023-10-30,division,Dhaka,Dhaka,5637.0,5637.0,5794.0,7335.0,7416.0,7998.0,9537.0,6545.5,7892.875,7416.0,10037.0,961.111335902349,0.8612235545711449,0.8293138667637884,977.1428571428571,17.604592364757483,10,-0.822983865893657,0.5680647467311548,0.0,0.0,0.0,0.0,0.3484615384615385,1.8230769230769233,18.193846153846156,225.54153846153847,51.879230769230766,140.1169230769231,79.35692307692307,107.10769230769232,208.42615384615385,25.104615384615386,29.422197802197804,25.93263736263736,27.576923076923077,30.091428571428573,27.793076923076924,28.581208791208795,78.08285714285715,92.02571428571429,88.78538461538461,309.30384615384617,440.0769230769231,41.215384615384615,8596.505588757398,5127.0,4071.0,2487.0
2023-10-30,division,Khulna,Khulna,2236.0,2236.0,2210.0,2441.0,2414.0,2459.0,1688.0,2325.25,2265.5,2441.0,2459.0,119.05565925230077,0.9616335303600215,1.026362232517097,1489.142857142857,16.659378702207434,10,-0.822983865893657,0.5680647467311548,0.0,0.0,0.0,0.0,0.8470000000000001,0.316,7.556,188.05599999999998,59.18299999999999,133.728,72.38199999999999,110.946,146.753,25.03257142857143,29.549142857142858,25.677999999999997,27.646571428571427,30.45342857142857,27.764285714285712,28.375999999999998,78.51614285714285,91.70828571428572,90.013,302.155,347.421,22.140999999999973,8389.11775,2371.0,1932.0,1067.0
2023-10-30,division,Mymensingh,Mymensingh,218.0,218.0,275.0,323.0,319.0,336.0,557.0,283.75,363.75,323.0,554.0,48.93107397145502,0.7690956979806848,0.7806716929403701,1765.5714285714287,16.31903432869183,10,-0.822983865893657,0.5680647467311548,0.0,0.0,0.0,0.0,0.1475,0.5599999999999999,18.4925,304.955,49.305,143.305,66.3925,168.9075,232.45749999999998,24.618214285714288,28.990714285714283,25.49892857142857,26.915,29.364285714285714,27.338214285714287,28.902500000000003,77.04535714285714,92.18214285714285,86.42071428571428,295.8075,491.8775,29.254999999999942,8086.848822321429,265.0,224.0,140.0
2023-10-30,division,Rajshahi,Rajshahi,1183.0,1183.0,1278.0,1325.0,1345.0,1340.0,899.0,1282.75,1236.125,1345.0,1345.0,72.18667928826378,0.9222979552093477,1.037688188339901,1622.2857142857142,16.828744725921833,10,-0.822983865893657,0.5680647467311548,0.0,0.0,0.0,0.0,0.0925,0.20750000000000002,11.81625,210.93125,56.885,150.9925,72.395,119.7725,165.75,24.6675,28.889464285714286,25.614285714285714,27.44982142857143,30.115357142857142,27.754464285714285,28.96910714285714,77.21160714285715,91.52625,86.27589285714286,312.31625,366.94124999999997,16.082500000000028,8668.170206473214,1338.0,1017.0,510.0
2023-10-30,division,Rangpur,Rangpur,173.0,173.0,202.0,241.0,228.0,258.0,306.0,211.0,257.375,241.0,338.0,30.07767721528155,0.8207547169811321,0.8205128205128205,1776.0,16.68403182311846,10,-0.822983865893657,0.5680647467311548,0.0,0.0,0.0,0.0,0.03125,0.32,44.1475,140.16375,42.0725,282.5025,36.526250000000005,199.19125,201.1875,23.868392857142858,28.271428571428572,24.90267857142857,26.64767857142857,29.455178571428572,27.24375,28.95642857142857,79.16803571428571,91.29982142857143,86.16428571428571,399.7799999999999,455.96374999999995,45.004999999999946,10891.506374999997,119.0,91.0,54.0
2023-10-30,division,Sylhet,Sylhet,30.0,30.0,34.0,22.0,44.0,44.0,72.0,32.5,43.25,44.0,61.0,9.146948489341497,0.9253731343283582,0.7570621468926554,1800.0,16.21657018255286,10,-0.822983865893657,0.5680647467311548,0.0,0.0,0.0,0.0,0.3375,0.12000000000000001,31.495,363.09,70.9225,156.975,66.8025,248.72750000000002,267.9175,24.575000000000003,29.45107142857143,25.48642857142857,26.94214285714286,29.80428571428571,27.36,29.30392857142857,76.40821428571428,90.46321428571429,84.35142857142858,351.3425,637.135,60.217499999999944,9612.7308,22.0,9.0,7.0
2023-11-06,division,Barishal,Barishal,1331.0,1331.0,1424.0,1417.0,1767.0,2144.0,2663.0,1484.75,1933.125,1767.0,2709.0,192.85983684185427,0.8965169106511862,0.7681768241452853,1542.857142857143,16.02379618021547,11,-0.7485107481711011,0.6631226582407952,0.0,0.0,0.0,0.0,0.23166666666666666,51.67666666666667,3.89,19.271666666666665,265.8616666666667,75.65833333333335,89.88833333333334,100.23333333333333,74.51833333333333,23.507619047619045,27.84452380952381,25.801904761904762,28.53357142857143,31.31714285714286,28.338333333333335,28.596904761904764,80.24214285714285,77.0052380952381,88.13,627.5833333333334,454.4316666666667,57.575,17784.665694444448,1030.0,669.0,342.0
2023-11-06,division,Chattogram,Chattogram,1355.0,1355.0,1323.0,1424.0,1978.0,2140.0,2853.0,1520.0,2101.25,1978.0,3140.0,308.22827038846833,0.8915187376725838,0.723510524438102,1557.2857142857142,17.31813049167358,11,-0.7485107481711011,0.6631226582407952,0.0,0.0,0.0,0.0,0.007272727272727273,84.21454545454546,4.647272727272727,21.28272727272727,165.94181818181818,78.4590909090909,80.58545454545455,104.54363636363637,77.58272727272727,23.124805194805194,27.646493506493506,25.311428571428568,27.601558441558442,30.735064935064937,28.360909090909093,28.22623376623377,79.56233766233767,80.28129870129871,87.33025974025973,466.3763636363636,461.9172727272727,89.29636363636358,13226.857651239668,1049.0,780.0,470.0
2023-11-06,division,Dhaka,Dhaka,5127.0,5127.0,5637.0,5794.0,7335.0,7416.0,10037.0,5973.25,7279.125,7335.0,9840.0,951.436939581388,0.8583504205548813,0.8206246458680311,941.0,17.604592364757483,11,-0.7485107481711011,0.6631226582407952,0.0,0.0,0.0,0.0,0.0023076923076923075,20.85,1.8230769230769233,18.193846153846156,225.54153846153847,51.879230769230766,37.95076923076923,53.72692307692308,70.81615384615385,22.72010989010989,27.837802197802198,25.154725274725273,28.248351648351647,31.543516483516484,28.408791208791207,28.665384615384614,80.7021978021978,76.4245054945055,87.46208791208791,455.48846153846154,311.0076923076923,23.023846153846154,12939.876601859678,4071.0,3098.0,1603.0
2023-11-06,division,Khulna,Khulna,2371.0,2371.0,2236.0,2210.0,2441.0,2414.0,1833.0,2314.5,2332.75,2441.0,2459.0,109.96514599332501,1.0244007773698984,0.9921799678628817,1426.857142857143,16.659378702207434,11,-0.7485107481711011,0.6631226582407952,0.0,0.0,0.0,0.0,0.05800000000000001,13.422,0.316,7.556,188.05599999999998,59.18299999999999,36.862,37.025999999999996,52.696000000000005,22.50742857142857,27.98142857142857,25.069,28.093428571428568,31.85985714285714,28.17685714285714,28.655,78.95271428571428,75.32028571428572,88.12057142857142,417.82899999999995,273.04999999999995,14.64299999999997,11773.108043142855,1932.0,1364.0,628.0
2023-11-06,division,Mymensingh,Mymensingh,265.0,265.0,218.0,275.0,323.0,319.0,554.0,270.25,327.625,323.0,463.0,43.06100323959026,0.9806451612903225,0.8254089007227082,1715.142857142857,16.31903432869183,11,-0.7485107481711011,0.6631226582407952,0.0,0.0,0.0,0.0,0.01,10.055,0.5599999999999999,18.4925,304.955,49.305,36.805,29.4525,61.06,22.582142857142856,27.9225,24.740714285714287,27.547857142857143,30.957142857142856,28.240000000000002,28.714285714285715,79.10392857142858,79.05857142857144,86.96357142857143,534.37,325.8125,10.772499999999944,15090.608800000002,224.0,172.0,95.0
2023-11-06,division,Rajshahi,Rajshahi,1338.0,1338.0,1183.0,1278.0,1325.0,1345.0,1017.0,1281.0,1276.25,1338.0,1345.0,70.23294573536447,1.0444617784711387,1.0037189273830496,1577.2857142857142,16.828744725921833,11,-0.7485107481711011,0.6631226582407952,0.0,0.0,0.0,0.0,0.0,3.9662499999999996,0.20750000000000002,11.81625,210.93125,56.885,32.04375,20.744999999999997,60.67375,22.322678571428572,27.41464285714286,24.750535714285714,28.079464285714284,31.44214285714286,28.288035714285716,28.990357142857142,78.90178571428572,74.39482142857143,85.54321428571428,450.8525,273.58624999999995,4.266250000000028,12753.731621875002,1017.0,731.0,310.0
2023-11-06,division,Rangpur,Rangpur,119.0,119.0,173.0,202.0,241.0,228.0,338.0,183.75,230.0,241.0,326.0,51.37687547266118,0.6495263870094723,0.7997835497835498,1721.5714285714287,16.68403182311846,11,-0.7485107481711011,0.6631226582407952,0.0,0.0,0.0,0.0,0.01,0.50625,0.32,44.1475,140.16375,42.0725,38.67875,16.985,38.6,22.02732142857143,26.89125,24.065357142857142,26.669107142857143,30.36017857142857,27.776785714285715,29.13660714285714,78.08125,82.3175,83.94839285714286,503.4174999999999,291.30249999999995,0.8674999999999431,13983.320022321426,91.0,88.0,73.0
2023-11-06,division,Sylhet,Sylhet,22.0,22.0,30.0,34.0,22.0,44.0,61.0,27.0,38.375,34.0,58.0,6.000000000000003,0.8214285714285714,0.7111111111111111,1742.0,16.21657018255286,11,-0.7485107481711011,0.6631226582407952,0.0,0.0,0.0,0.0,0.04,28.265,0.12000000000000001,31.495,363.09,70.9225,56.6425,43.895,76.595,22.680714285714288,27.809642857142855,25.03035714285714,27.073571428571427,30.66,28.53892857142857,28.928214285714287,74.77214285714285,82.71392857142857,85.38035714285715,647.6299999999999,436.02,28.762499999999946,18482.66631071428,9.0,10.0,5.0
2023-11-13,division,Barishal,Barishal,1030.0,1030.0,1331.0,1424.0,1417.0,1767.0,2709.0,1300.5,1723.25,1424.0,2477.0,185.22508829349584,0.7921628889742605,0.7548209366391184,1513.857142857143,16.02379618021547,11,-0.6631226582407955,0.7485107481711007,0.0,0.0,0.0,0.0,173.84666666666666,1.7766666666666666,51.67666666666667,3.89,19.271666666666665,265.8616666666667,196.17499999999998,98.96833333333332,180.71166666666667,23.739285714285714,27.218333333333334,25.744285714285713,26.680238095238096,30.122142857142858,27.92571428571429,28.074761904761903,83.75547619047619,77.18619047619048,91.07166666666666,556.9666666666667,469.8016666666667,227.53166666666667,15553.692000000003,669.0,580.0,159.0
2023-11-13,division,Chattogram,Chattogram,1049.0,1049.0,1355.0,1323.0,1424.0,1978.0,3140.0,1287.75,1839.875,1424.0,2805.0,164.65190554621603,0.8147429679922406,0.7000746927412236,1510.4285714285713,17.31813049167358,11,-0.6631226582407955,0.7485107481711007,0.0,0.0,0.0,0.0,147.0490909090909,0.4272727272727273,84.21454545454546,4.647272727272727,21.28272727272727,165.94181818181818,141.39,100.38545454545455,179.40545454545455,23.895844155844156,27.52064935064935,25.294545454545457,26.204675324675325,30.18805194805195,27.361818181818183,27.737012987012985,83.8438961038961,78.13831168831169,89.55597402597402,407.0736363636363,464.91999999999996,231.69818181818175,11138.274824793387,780.0,694.0,345.0
2023-11-13,division,Dhaka,Dhaka,4071.0,4071.0,5127.0,5637.0,5794.0,7335.0,9840.0,5157.25,6558.0,5794.0,9086.0,778.1312549949381,0.7894150147821452,0.7864384814758347,971.5714285714286,17.604592364757483,11,-0.6631226582407955,0.7485107481711007,0.0,0.0,0.0,0.0,100.53538461538461,0.3484615384615385,20.85,1.8230769230769233,18.193846153846156,225.54153846153847,140.1169230769231,79.35692307692307,107.10769230769232,23.13274725274725,27.45230769230769,25.104615384615386,25.93263736263736,30.045164835164833,27.576923076923077,27.793076923076924,82.2212087912088,78.21054945054945,92.01703296703296,435.73153846153843,278.1423076923077,121.73615384615385,12016.135118343194,3098.0,2487.0,920.0
2023-11-13,division,Khulna,Khulna,1932.0,1932.0,2371.0,2236.0,2210.0,2441.0,2232.0,2187.25,2295.25,2371.0,2459.0,184.21975102216004,0.8833542785330744,0.9529667936853565,1365.2857142857142,16.659378702207434,11,-0.6631226582407955,0.7485107481711007,0.0,0.0,0.0,0.0,50.935,0.8470000000000001,13.422,0.316,7.556,188.05599999999998,133.728,72.38199999999999,110.946,22.96542857142857,27.794714285714285,25.03257142857143,25.677999999999997,30.088857142857144,27.646571428571427,27.764285714285712,83.083,79.90414285714286,92.26871428571428,388.5229999999999,257.21599999999995,65.26199999999997,10741.328871142854,1364.0,1067.0,329.0
2023-11-13,division,Mymensingh,Mymensingh,224.0,224.0,265.0,218.0,275.0,323.0,463.0,245.5,297.75,275.0,422.0,28.687976575562153,0.9127789046653144,0.8251046025104602,1666.142857142857,16.31903432869183,11,-0.6631226582407955,0.7485107481711007,0.0,0.0,0.0,0.0,28.9725,0.1475,10.055,0.5599999999999999,18.4925,304.955,143.305,66.3925,168.9075,22.850357142857142,27.3575,24.618214285714288,25.49892857142857,29.85,26.915,27.338214285714287,79.8,77.56428571428572,92.52785714285714,516.0574999999999,301.5575,39.184999999999945,13889.687612499996,172.0,140.0,72.0
2023-11-13,division,Rajshahi,Rajshahi,1017.0,1017.0,1338.0,1183.0,1278.0,1325.0,1273.0,1204.0,1244.25,1338.0,1345.0,140.04999107461586,0.8448132780082988,0.9676771732583819,1512.857142857143,16.828744725921833,11,-0.6631226582407955,0.7485107481711007,0.0,0.0,0.0,0.0,5.7125,0.0925,3.9662499999999996,0.20750000000000002,11.81625,210.93125,150.9925,72.395,119.7725,22.64625,27.498035714285713,24.6675,25.614285714285714,29.671964285714285,27.44982142857143,27.754464285714285,81.17232142857144,79.15571428571428,91.82589285714286,430.62500000000006,244.95625,9.771250000000029,11820.579352678573,731.0,510.0,149.0
2023-11-13,division,Rangpur,Rangpur,91.0,91.0,119.0,173.0,202.0,241.0,326.0,146.25,200.625,202.0,293.0,50.394278775802846,0.6247877758913413,0.7303161810291382,1687.0,16.68403182311846,11,-0.6631226582407955,0.7485107481711007,0.0,0.0,0.0,0.0,2.21375,0.03125,0.50625,0.32,44.1475,140.16375,282.5025,36.526250000000005,199.19125,22.036785714285713,27.066607142857144,23.868392857142858,24.90267857142857,29.136785714285715,26.64767857142857,27.24375,79.5794642857143,81.17607142857143,91.28214285714286,508.8862499999999,291.38124999999997,2.761249999999943,13560.637219419641,88.0,54.0,25.0
2023-11-13,division,Sylhet,Sylhet,9.0,9.0,22.0,30.0,34.0,22.0,58.0,23.75,32.25,34.0,53.0,11.026483271348729,0.40404040404040403,0.7443609022556391,1700.857142857143,16.21657018255286,11,-0.6631226582407955,0.7485107481711007,0.0,0.0,0.0,0.0,82.845,0.3375,28.265,0.12000000000000001,31.495,363.09,156.975,66.8025,248.72750000000002,23.00892857142857,27.37035714285714,24.575000000000003,25.48642857142857,30.1275,26.94214285714286,27.36,80.36821428571429,77.26178571428571,90.23642857142858,622.4824999999998,416.0675,111.48749999999994,16771.012441071427,10.0,7.0,5.0
2023-11-20,division,Barishal,Barishal,669.0,669.0,1030.0,1331.0,1424.0,1417.0,2477.0,1113.5,1497.25,1424.0,2196.0,340.71933708943885,0.6011664423508299,0.7438678458201234,1199.0,16.02379618021547,11,-0.5680647467311559,0.8229838658936564,0.0,0.0,0.0,0.0,0.5666666666666668,0.23166666666666666,1.7766666666666666,51.67666666666667,3.89,19.271666666666665,75.65833333333335,89.88833333333334,100.23333333333333,22.557380952380953,26.60642857142857,23.507619047619045,25.801904761904762,29.031904761904766,28.53357142857143,28.338333333333335,79.73547619047619,81.5897619047619,88.13261904761903,364.68166666666673,485.265,176.42166666666665,10405.670384523812,580.0,342.0,105.0
2023-11-20,division,Chattogram,Chattogram,780.0,780.0,1049.0,1355.0,1323.0,1424.0,2805.0,1126.75,1586.75,1355.0,2645.0,268.8820993174022,0.6925293726446464,0.7102818453786806,1196.2857142857142,17.31813049167358,11,-0.5680647467311559,0.8229838658936564,0.0,0.0,0.0,0.0,0.3281818181818182,0.007272727272727273,0.4272727272727273,84.21454545454546,4.647272727272727,21.28272727272727,78.4590909090909,80.58545454545455,104.54363636363637,22.827532467532468,27.024805194805197,23.124805194805194,25.311428571428568,28.995844155844157,27.601558441558442,28.360909090909093,78.35155844155844,82.29493506493507,86.8877922077922,270.3309090909091,426.9045454545454,147.81181818181813,7461.554385832349,694.0,470.0,243.0
2023-11-20,division,Dhaka,Dhaka,3098.0,3098.0,4071.0,5127.0,5637.0,5794.0,9086.0,4483.25,5809.5,5637.0,7998.0,1130.548649992559,0.6910854657969561,0.7717494191549781,764.5714285714286,17.604592364757483,11,-0.5680647467311559,0.8229838658936564,0.0,0.0,0.0,0.0,0.03538461538461539,0.0023076923076923075,0.3484615384615385,20.85,1.8230769230769233,18.193846153846156,51.879230769230766,37.95076923076923,53.72692307692308,22.075934065934064,26.971868131868135,22.72010989010989,25.154725274725273,29.213516483516482,28.248351648351647,28.408791208791207,79.33285714285715,82.53153846153847,88.1121978021978,297.4376923076923,311.15153846153845,100.92153846153846,8402.12452578191,2487.0,1603.0,572.0
2023-11-20,division,Khulna,Khulna,1364.0,1364.0,1932.0,2371.0,2236.0,2210.0,2299.0,1975.75,2178.375,2371.0,2459.0,447.25263181636683,0.6905273808018212,0.9070260969314597,1070.142857142857,16.659378702207434,11,-0.5680647467311559,0.8229838658936564,0.0,0.0,0.0,0.0,0.02,0.05800000000000001,0.8470000000000001,13.422,0.316,7.556,59.18299999999999,36.862,37.025999999999996,21.510714285714286,27.154285714285713,22.50742857142857,25.069,29.235285714285716,28.093428571428568,28.17685714285714,80.20271428571428,82.94028571428571,89.45128571428572,255.11099999999996,279.99799999999993,51.85999999999998,7166.9426562857125,1067.0,628.0,163.0
2023-11-20,division,Mymensingh,Mymensingh,172.0,172.0,224.0,265.0,218.0,275.0,422.0,219.75,266.5,265.0,336.0,38.07339403485504,0.7836919592298981,0.8252336448598131,1314.142857142857,16.31903432869183,11,-0.5680647467311559,0.8229838658936564,0.0,0.0,0.0,0.0,0.0,0.01,0.1475,10.055,0.5599999999999999,18.4925,49.305,36.805,29.4525,22.0375,27.0,22.582142857142856,24.740714285714287,28.81607142857143,27.547857142857143,28.240000000000002,78.70785714285715,81.56892857142857,87.89392857142857,373.31249999999994,275.95500000000004,29.129999999999942,10283.959419642855,140.0,95.0,53.0
2023-11-20,division,Rajshahi,Rajshahi,731.0,731.0,1017.0,1338.0,1183.0,1278.0,1128.0,1067.25,1194.625,1338.0,1345.0,259.67463616353956,0.6852328574771823,0.8934657605854679,1200.857142857143,16.828744725921833,11,-0.5680647467311559,0.8229838658936564,0.0,0.0,0.0,0.0,0.0,0.0,0.0925,3.9662499999999996,0.20750000000000002,11.81625,56.885,32.04375,20.744999999999997,21.325535714285714,26.577678571428574,22.322678571428572,24.750535714285714,28.750357142857144,28.079464285714284,28.288035714285716,81.26607142857144,80.38821428571428,88.71535714285714,279.84000000000003,276.17625,5.805000000000028,7857.757285714286,510.0,310.0,76.0
2023-11-20,division,Rangpur,Rangpur,88.0,88.0,91.0,119.0,173.0,202.0,293.0,117.75,175.0,173.0,258.0,39.390142590924114,0.7494736842105263,0.6747159090909091,1333.142857142857,16.68403182311846,11,-0.5680647467311559,0.8229838658936564,0.0,0.0,0.0,0.0,0.0025,0.01,0.03125,0.50625,0.32,44.1475,42.0725,38.67875,16.985,21.114821428571428,26.361964285714286,22.02732142857143,24.065357142857142,28.502857142857142,26.669107142857143,27.776785714285715,81.19589285714287,79.29517857142858,89.55803571428571,226.70374999999993,374.6925,2.257499999999943,6045.986598437498,54.0,73.0,10.0
2023-11-20,division,Sylhet,Sylhet,10.0,10.0,9.0,22.0,30.0,34.0,53.0,17.75,26.875,30.0,44.0,10.078855755160571,0.5866666666666667,0.672645739910314,1344.857142857143,16.21657018255286,11,-0.5680647467311559,0.8229838658936564,0.0,0.0,0.0,0.0,0.0,0.04,0.3375,28.265,0.12000000000000001,31.495,70.9225,56.6425,43.895,22.390714285714285,27.205,22.680714285714288,25.03035714285714,29.057857142857145,27.073571428571427,28.53892857142857,77.92750000000001,82.23964285714285,85.26857142857142,465.62749999999994,324.31499999999994,83.22249999999994,12606.19938035714,7.0,5.0,2.0
2023-11-27,division,Barishal,Barishal,580.0,580.0,669.0,1030.0,1331.0,1424.0,2196.0,902.5,1295.25,1331.0,2144.0,345.6380573181528,0.643054786939679,0.6970106075216972,891.8571428571429,16.02379618021547,11,-0.4647231720437684,0.88545602565321,0.0,0.0,0.0,0.0,0.0,173.84666666666666,0.23166666666666666,1.7766666666666666,51.67666666666667,3.89,265.8616666666667,196.17499999999998,98.96833333333332,22.926190476190474,27.218809523809526,23.739285714285714,25.744285714285713,29.420952380952382,26.680238095238096,27.92571428571429,79.82333333333334,79.19357142857143,90.61428571428571,340.7,460.69,174.64499999999998,9089.957119047618,342.0,159.0,80.0
2023-11-27,division,Chattogram,Chattogram,694.0,694.0,780.0,1049.0,1355.0,1323.0,2645.0,969.5,1342.875,1355.0,2140.0,298.18394770119113,0.7161257083977332,0.7221653799646545,876.0,17.31813049167358,11,-0.4647231720437684,0.88545602565321,0.0,0.0,0.0,0.0,0.028181818181818183,147.0490909090909,0.007272727272727273,0.4272727272727273,84.21454545454546,4.647272727272727,165.94181818181818,141.39,100.38545454545455,22.955584415584415,27.821168831168833,23.895844155844156,25.294545454545457,29.28142857142857,26.204675324675325,27.361818181818183,76.93779220779221,81.45948051948052,90.31779220779221,276.08636363636356,400.81999999999994,147.41272727272718,7234.753520661155,470.0,345.0,141.0
2023-11-27,division,Dhaka,Dhaka,2487.0,2487.0,3098.0,4071.0,5127.0,5637.0,7998.0,3695.75,5120.625,5127.0,7416.0,1155.8071854768846,0.6730236018124028,0.7217923998730872,544.8571428571429,17.604592364757483,11,-0.4647231720437684,0.88545602565321,0.0,0.0,0.0,0.0,0.0,100.53538461538461,0.0023076923076923075,0.3484615384615385,20.85,1.8230769230769233,225.54153846153847,140.1169230769231,79.35692307692307,22.479670329670327,27.745054945054942,23.13274725274725,25.104615384615386,29.422197802197804,25.93263736263736,27.576923076923077,78.72802197802199,78.08285714285715,92.02571428571429,266.40846153846155,309.30384615384617,100.57307692307691,6908.674023415047,1603.0,920.0,341.0
2023-11-27,division,Khulna,Khulna,1067.0,1067.0,1364.0,1932.0,2371.0,2236.0,2459.0,1683.5,2004.375,2371.0,2441.0,582.1113868209989,0.6340160284951024,0.8399925201022252,792.5714285714286,16.659378702207434,11,-0.4647231720437684,0.88545602565321,0.0,0.0,0.0,0.0,0.0,50.935,0.05800000000000001,0.8470000000000001,13.422,0.316,188.05599999999998,133.728,72.38199999999999,22.249,28.128000000000004,22.96542857142857,25.03257142857143,29.549142857142858,25.677999999999997,27.646571428571427,79.42142857142858,78.51614285714285,91.70828571428572,209.34999999999997,302.155,51.01299999999998,5375.689299999998,628.0,329.0,68.0
2023-11-27,division,Mymensingh,Mymensingh,140.0,140.0,172.0,224.0,265.0,218.0,336.0,200.25,242.0,265.0,323.0,55.3315762773241,0.7006211180124223,0.8281893004115226,962.8571428571429,16.31903432869183,11,-0.4647231720437684,0.88545602565321,0.0,0.0,0.0,0.0,0.0,28.9725,0.01,0.1475,10.055,0.5599999999999999,304.955,143.305,66.3925,22.149285714285714,27.649642857142858,22.850357142857142,24.618214285714288,28.990714285714283,25.49892857142857,26.915,75.71642857142857,77.04535714285714,92.18214285714285,334.06249999999994,295.8075,28.98249999999994,8518.235825892856,95.0,72.0,32.0
2023-11-27,division,Rajshahi,Rajshahi,510.0,510.0,731.0,1017.0,1338.0,1183.0,1340.0,899.0,1090.875,1338.0,1345.0,358.78963195722366,0.5677777777777778,0.8242701774470521,883.0,16.828744725921833,11,-0.4647231720437684,0.88545602565321,0.0,0.0,0.0,0.0,0.0,5.7125,0.0,0.0925,3.9662499999999996,0.20750000000000002,210.93125,150.9925,72.395,22.099107142857143,27.295714285714286,22.64625,24.6675,28.889464285714286,25.614285714285714,27.44982142857143,81.00910714285715,77.21160714285715,91.52625,226.92125000000004,312.31625,5.712500000000029,5812.425732142859,310.0,149.0,45.0
2023-11-27,division,Rangpur,Rangpur,54.0,54.0,88.0,91.0,119.0,173.0,258.0,88.0,149.5,119.0,241.0,26.620793877468554,0.6179775280898876,0.5913621262458472,974.8571428571429,16.68403182311846,11,-0.4647231720437684,0.88545602565321,0.0,0.0,0.0,0.0,0.0,2.21375,0.01,0.03125,0.50625,0.32,140.16375,282.5025,36.526250000000005,21.410714285714285,26.7675,22.036785714285713,23.868392857142858,28.271428571428572,24.90267857142857,26.64767857142857,78.46267857142857,79.16803571428571,91.29982142857143,185.13749999999993,399.7799999999999,2.2262499999999434,4610.4196540178555,73.0,25.0,10.0
2023-11-27,division,Sylhet,Sylhet,7.0,7.0,10.0,9.0,22.0,30.0,44.0,12.0,22.25,22.0,44.0,6.782329983125272,0.6153846153846154,0.5591397849462365,986.0,16.21657018255286,11,-0.4647231720437684,0.88545602565321,0.0,0.0,0.0,0.0,0.0,82.845,0.04,0.3375,28.265,0.12000000000000001,363.09,156.975,66.8025,21.994642857142857,27.331071428571427,23.00892857142857,24.575000000000003,29.45107142857143,25.48642857142857,26.94214285714286,74.96678571428572,76.40821428571428,90.46321428571429,422.9699999999999,351.3425,82.88499999999993,10779.994692857139,5.0,5.0,2.0
2023-12-04,division,Barishal,Barishal,342.0,342.0,580.0,669.0,1030.0,1331.0,2144.0,655.25,1070.0,1030.0,1767.0,285.4322745124197,0.5226666666666666,0.6127450980392157,708.4285714285714,16.02379618021547,12,-0.35460488704253595,0.9350162426854147,0.0,0.0,0.0,0.0,68.00500000000001,0.5666666666666668,173.84666666666666,0.23166666666666666,1.7766666666666666,51.67666666666667,19.271666666666665,75.65833333333335,89.88833333333334,21.575714285714284,24.745952380952378,22.557380952380953,23.507619047619045,27.84452380952381,25.801904761904762,28.53357142857143,86.93166666666667,80.24214285714285,77.0052380952381,76.615,627.5833333333334,242.41833333333335,1976.8129333333331,159.0,105.0,34.0
2023-12-04,division,Chattogram,Chattogram,470.0,470.0,694.0,780.0,1049.0,1355.0,2140.0,748.25,1134.125,1049.0,1978.0,239.32178477244125,0.6286286286286287,0.6600594648166501,692.1428571428571,17.31813049167358,12,-0.35460488704253595,0.9350162426854147,0.0,0.0,0.0,0.0,38.25818181818182,0.3281818181818182,147.0490909090909,0.007272727272727273,0.4272727272727273,84.21454545454546,21.28272727272727,78.4590909090909,80.58545454545455,21.956623376623376,25.46155844155844,22.827532467532468,23.124805194805194,27.646493506493506,25.311428571428568,27.601558441558442,86.72857142857143,79.56233766233767,80.28129870129871,110.57181818181812,466.3763636363636,185.6636363636363,2798.7306779220758,345.0,243.0,88.0
2023-12-04,division,Dhaka,Dhaka,1603.0,1603.0,2487.0,3098.0,4071.0,5127.0,7416.0,2814.75,4394.0,4071.0,7335.0,1038.2923079107657,0.5696528456006392,0.6406712172923777,436.0,17.604592364757483,12,-0.35460488704253595,0.9350162426854147,0.0,0.0,0.0,0.0,61.78076923076923,0.03538461538461539,100.53538461538461,0.0023076923076923075,0.3484615384615385,20.85,18.193846153846156,51.879230769230766,37.95076923076923,20.89131868131868,24.799230769230768,22.075934065934064,22.72010989010989,27.837802197802198,25.154725274725273,28.248351648351647,85.88252747252749,80.7021978021978,76.4245054945055,41.215384615384615,455.48846153846154,162.35153846153847,1036.7616770921386,920.0,572.0,191.0
2023-12-04,division,Khulna,Khulna,628.0,628.0,1067.0,1364.0,1932.0,2371.0,2414.0,1247.75,1781.125,1932.0,2441.0,547.2576328080464,0.5037037037037037,0.7007084239321035,638.8571428571429,16.659378702207434,12,-0.35460488704253595,0.9350162426854147,0.0,0.0,0.0,0.0,69.523,0.02,50.935,0.05800000000000001,0.8470000000000001,13.422,7.556,59.18299999999999,36.862,20.702857142857145,24.92642857142857,21.510714285714286,22.50742857142857,27.98142857142857,25.069,28.093428571428568,85.26500000000001,78.95271428571428,75.32028571428572,22.140999999999973,417.82899999999995,120.47799999999998,555.0527289999993,329.0,163.0,29.0
2023-12-04,division,Mymensingh,Mymensingh,95.0,95.0,140.0,172.0,224.0,265.0,319.0,157.75,214.0,224.0,323.0,54.29779001027576,0.6047244094488189,0.7383720930232558,771.2857142857143,16.31903432869183,12,-0.35460488704253595,0.9350162426854147,0.0,0.0,0.0,0.0,48.3725,0.0,28.9725,0.01,0.1475,10.055,18.4925,49.305,36.805,20.948571428571427,25.28107142857143,22.0375,22.582142857142856,27.9225,24.740714285714287,27.547857142857143,83.04464285714286,79.10392857142858,79.05857142857144,29.254999999999942,534.37,77.34499999999994,723.78959642857,72.0,53.0,9.0
2023-12-04,division,Rajshahi,Rajshahi,310.0,310.0,510.0,731.0,1017.0,1338.0,1345.0,642.0,961.5,1017.0,1338.0,303.4215988796227,0.48367029548989116,0.668051948051948,718.4285714285714,16.828744725921833,12,-0.35460488704253595,0.9350162426854147,0.0,0.0,0.0,0.0,49.27125,0.0,5.7125,0.0,0.0925,3.9662499999999996,11.81625,56.885,32.04375,20.611071428571428,24.99125,21.325535714285714,22.322678571428572,27.41464285714286,24.750535714285714,28.079464285714284,83.70910714285714,78.90178571428572,74.39482142857143,16.082500000000028,450.8525,54.98375000000003,398.0504906250007,149.0,76.0,15.0
2023-12-04,division,Rangpur,Rangpur,73.0,73.0,54.0,88.0,91.0,119.0,228.0,76.5,130.125,91.0,241.0,16.941074346097434,0.9548387096774194,0.5910390848427073,783.5714285714286,16.68403182311846,12,-0.35460488704253595,0.9350162426854147,0.0,0.0,0.0,0.0,14.56125,0.0025,2.21375,0.01,0.03125,0.50625,44.1475,42.0725,38.67875,20.197678571428572,25.164464285714285,21.114821428571428,22.02732142857143,26.89125,24.065357142857142,26.669107142857143,83.23464285714286,78.08125,82.3175,45.004999999999946,503.4174999999999,16.777499999999943,1083.0613982142843,25.0,10.0,10.0
2023-12-04,division,Sylhet,Sylhet,5.0,5.0,7.0,10.0,9.0,22.0,44.0,7.75,17.375,10.0,34.0,2.217355782608355,0.6857142857142857,0.47619047619047616,790.2857142857143,16.21657018255286,12,-0.35460488704253595,0.9350162426854147,0.0,0.0,0.0,0.0,43.4825,0.0,82.845,0.04,0.3375,28.265,31.495,70.9225,56.6425,21.18857142857143,25.290714285714287,22.390714285714285,22.680714285714288,27.809642857142855,25.03035714285714,27.073571428571427,84.295,74.77214285714285,82.71392857142857,60.217499999999944,647.6299999999999,126.32749999999994,1507.2655312499985,5.0,2.0,2.0
2023-12-11,division,Barishal,Barishal,159.0,159.0,342.0,580.0,669.0,1030.0,1767.0,437.5,869.0,669.0,1424.0,231.3590283520399,0.36488027366020526,0.5040229885057471,454.85714285714283,16.02379618021547,12,-0.2393156642875578,0.970941817426052,0.0,0.0,1.0,3.0,0.03333333333333333,0.0,0.5666666666666668,173.84666666666666,0.23166666666666666,1.7766666666666666,3.89,265.8616666666667,196.17499999999998,18.09642857142857,23.162857142857145,22.926190476190474,23.739285714285714,27.218333333333334,25.744285714285713,26.680238095238096,78.2792857142857,83.75547619047619,77.18619047619048,57.575,556.9666666666667,68.605,1482.22725,105.0,80.0,16.0
2023-12-11,division,Chattogram,Chattogram,345.0,345.0,470.0,694.0,780.0,1049.0,1978.0,572.25,930.0,780.0,1424.0,200.06728035005295,0.6035761011774967,0.6157357679914071,436.57142857142856,17.31813049167358,12,-0.2393156642875578,0.970941817426052,0.0,0.0,1.0,3.0,0.08454545454545455,0.028181818181818183,0.3281818181818182,147.0490909090909,0.007272727272727273,0.4272727272727273,4.647272727272727,165.94181818181818,141.39,18.35038961038961,23.4312987012987,22.955584415584415,23.895844155844156,27.52064935064935,25.294545454545457,26.204675324675325,78.0877922077922,83.8438961038961,78.13831168831169,89.29636363636358,407.0736363636363,38.699090909090856,2258.7109289256186,243.0,141.0,68.0
2023-12-11,division,Dhaka,Dhaka,920.0,920.0,1603.0,2487.0,3098.0,4071.0,7335.0,2027.0,3592.125,3098.0,5794.0,959.8378335253639,0.4541420118343195,0.5644112019481649,274.7142857142857,17.604592364757483,12,-0.2393156642875578,0.970941817426052,0.0,0.0,1.0,3.0,0.023076923076923075,0.0,0.03538461538461539,100.53538461538461,0.0023076923076923075,0.3484615384615385,1.8230769230769233,225.54153846153847,140.1169230769231,17.407912087912088,23.23769230769231,22.479670329670327,23.13274725274725,27.45230769230769,25.104615384615386,25.93263736263736,78.00285714285714,82.2212087912088,78.21054945054945,23.023846153846154,435.73153846153843,61.83923076923077,578.0048023668639,572.0,341.0,159.0
2023-12-11,division,Khulna,Khulna,329.0,329.0,628.0,1067.0,1364.0,1932.0,2441.0,847.0,1517.125,1364.0,2371.0,458.97494484993393,0.3891509433962264,0.5585837793330589,414.0,16.659378702207434,12,-0.2393156642875578,0.970941817426052,0.0,0.0,1.0,3.0,0.002,0.0,0.02,50.935,0.05800000000000001,0.8470000000000001,0.316,188.05599999999998,133.728,16.628999999999998,23.406142857142857,22.249,22.96542857142857,27.794714285714285,25.03257142857143,25.677999999999997,74.74557142857142,83.083,79.90414285714286,14.64299999999997,388.5229999999999,69.54499999999997,366.5519434285707,163.0,68.0,36.0
2023-12-11,division,Mymensingh,Mymensingh,72.0,72.0,95.0,140.0,172.0,224.0,323.0,119.75,182.625,172.0,275.0,44.84324549658141,0.6045548654244306,0.6575901974132062,490.14285714285717,16.31903432869183,12,-0.2393156642875578,0.970941817426052,0.0,0.0,1.0,3.0,0.0675,0.0,0.0,28.9725,0.01,0.1475,0.5599999999999999,304.955,143.305,17.82785714285714,23.53714285714286,22.149285714285714,22.850357142857142,27.3575,24.618214285714288,25.49892857142857,75.565,79.8,77.56428571428572,10.772499999999944,516.0574999999999,48.43999999999995,265.1997133928558,53.0,32.0,4.0
2023-12-11,division,Rajshahi,Rajshahi,149.0,149.0,310.0,510.0,731.0,1017.0,1325.0,425.0,814.5,731.0,1338.0,251.8346018057619,0.352112676056338,0.522378908645003,459.42857142857144,16.828744725921833,12,-0.2393156642875578,0.970941817426052,0.0,0.0,1.0,3.0,0.0025,0.0,0.0,5.7125,0.0,0.0925,0.20750000000000002,210.93125,150.9925,16.524285714285714,22.978035714285717,22.099107142857143,22.64625,27.498035714285713,24.6675,25.614285714285714,74.81410714285714,81.17232142857144,79.15571428571428,4.266250000000028,430.62500000000006,49.27375000000003,105.23772187500069,76.0,45.0,8.0
2023-12-11,division,Rangpur,Rangpur,25.0,25.0,73.0,54.0,88.0,91.0,241.0,60.0,103.125,88.0,202.0,27.166155414412266,0.4262295081967213,0.5858343337334934,493.2857142857143,16.68403182311846,12,-0.2393156642875578,0.970941817426052,0.0,0.0,1.0,3.0,0.1025,0.0,0.0025,2.21375,0.01,0.03125,0.32,140.16375,282.5025,17.028214285714284,23.322321428571428,21.410714285714285,22.036785714285713,27.066607142857144,23.868392857142858,24.90267857142857,74.28214285714286,79.5794642857143,81.17607142857143,0.8674999999999431,508.8862499999999,14.666249999999941,20.70583080357007,10.0,10.0,0.0
2023-12-11,division,Sylhet,Sylhet,5.0,5.0,5.0,7.0,10.0,9.0,22.0,6.75,15.25,10.0,34.0,2.3629078131263137,0.7741935483870968,0.47692307692307695,503.0,16.21657018255286,12,-0.2393156642875578,0.970941817426052,0.0,0.0,1.0,3.0,0.02,0.0,0.0,82.845,0.04,0.3375,0.12000000000000001,363.09,156.975,17.928214285714287,23.17107142857143,21.994642857142857,23.00892857142857,27.37035714285714,24.575000000000003,25.48642857142857,76.9375,80.36821428571429,77.26178571428571,28.762499999999946,622.4824999999998,43.50249999999995,706.8384374999988,2.0,2.0,1.0
2023-12-18,division,Barishal,Barishal,105.0,105.0,159.0,342.0,580.0,669.0,1417.0,296.5,705.0,580.0,1424.0,214.4924241086384,0.3563025210084034,0.4213881019830028,263.57142857142856,16.02379618021547,12,-0.12053668025532363,0.992708874098054,0.0,0.0,0.0,7.0,0.0,68.00500000000001,0.0,0.5666666666666668,173.84666666666666,0.23166666666666666,51.67666666666667,19.271666666666665,75.65833333333335,19.226904761904763,24.025714285714287,21.575714285714284,22.557380952380953,26.60642857142857,23.507619047619045,25.801904761904762,78.94666666666667,79.73547619047619,81.5897619047619,227.53166666666667,364.68166666666673,68.03833333333334,5348.72774126984,80.0,34.0,37.0
2023-12-18,division,Chattogram,Chattogram,243.0,243.0,345.0,470.0,694.0,780.0,1424.0,438.0,782.375,694.0,1355.0,194.2798668587836,0.5558086560364465,0.5603957236317217,237.0,17.31813049167358,12,-0.12053668025532363,0.992708874098054,0.0,0.0,0.0,7.0,0.014545454545454545,38.25818181818182,0.028181818181818183,0.3281818181818182,147.0490909090909,0.007272727272727273,84.21454545454546,21.28272727272727,78.4590909090909,19.663896103896104,24.462077922077924,21.956623376623376,22.827532467532468,27.024805194805197,23.124805194805194,25.311428571428568,77.64155844155844,78.35155844155844,82.29493506493507,231.69818181818175,270.3309090909091,38.38545454545449,5357.975318536008,141.0,88.0,57.0
2023-12-18,division,Dhaka,Dhaka,572.0,572.0,920.0,1603.0,2487.0,3098.0,5794.0,1395.5,2939.375,2487.0,5637.0,844.3303066138656,0.4103114930182599,0.47493942099222036,154.85714285714286,17.604592364757483,12,-0.12053668025532363,0.992708874098054,0.0,0.0,0.0,7.0,0.04153846153846153,61.78076923076923,0.0,0.03538461538461539,100.53538461538461,0.0023076923076923075,20.85,18.193846153846156,51.879230769230766,18.70021978021978,24.038791208791206,20.89131868131868,22.075934065934064,26.971868131868135,22.72010989010989,25.154725274725273,79.82725274725274,79.33285714285715,82.53153846153847,121.73615384615385,297.4376923076923,61.84538461538462,2765.858792983939,341.0,191.0,75.0
2023-12-18,division,Khulna,Khulna,163.0,163.0,329.0,628.0,1067.0,1364.0,2210.0,546.75,1261.25,1067.0,2371.0,396.6277641987929,0.29940666362391605,0.43394731630025746,239.28571428571428,16.659378702207434,12,-0.12053668025532363,0.992708874098054,0.0,0.0,0.0,7.0,0.0,69.523,0.0,0.02,50.935,0.05800000000000001,13.422,7.556,59.18299999999999,17.762999999999998,24.183,20.702857142857145,21.510714285714286,27.154285714285713,22.50742857142857,25.069,80.0022857142857,80.20271428571428,82.94028571428571,65.26199999999997,255.11099999999996,69.52499999999998,1468.8798034285708,68.0,29.0,6.0
2023-12-18,division,Mymensingh,Mymensingh,53.0,53.0,72.0,95.0,140.0,172.0,275.0,90.0,154.875,140.0,265.0,37.49666651850538,0.5934065934065934,0.5838011226944667,276.0,16.31903432869183,12,-0.12053668025532363,0.992708874098054,0.0,0.0,0.0,7.0,0.1275,48.3725,0.0,0.0,28.9725,0.01,10.055,18.4925,49.305,18.736428571428576,23.974642857142857,20.948571428571427,22.0375,27.0,22.582142857142856,24.740714285714287,80.20892857142856,78.70785714285715,81.56892857142857,39.184999999999945,373.31249999999994,48.56749999999994,884.8812678571416,32.0,9.0,1.0
2023-12-18,division,Rajshahi,Rajshahi,76.0,76.0,149.0,310.0,510.0,731.0,1278.0,261.25,664.25,510.0,1338.0,192.5017315939435,0.29361296472831266,0.3942127019917324,265.0,16.828744725921833,12,-0.12053668025532363,0.992708874098054,0.0,0.0,0.0,7.0,0.0,49.27125,0.0,0.0,5.7125,0.0,3.9662499999999996,11.81625,56.885,17.680892857142858,23.418214285714285,20.611071428571428,21.325535714285714,26.577678571428574,22.322678571428572,24.750535714285714,81.28196428571428,81.26607142857144,80.38821428571428,9.771250000000029,279.84000000000003,49.27375000000003,218.12047299107206,45.0,15.0,4.0
2023-12-18,division,Rangpur,Rangpur,10.0,10.0,25.0,73.0,54.0,88.0,202.0,40.5,79.125,73.0,173.0,28.337254630609518,0.26506024096385544,0.5179407176287052,282.7142857142857,16.68403182311846,12,-0.12053668025532363,0.992708874098054,0.0,0.0,0.0,7.0,0.0,14.56125,0.0,0.0025,2.21375,0.01,0.50625,44.1475,42.0725,17.865000000000002,23.73107142857143,20.197678571428572,21.114821428571428,26.361964285714286,22.02732142857143,24.065357142857142,77.87857142857143,81.19589285714287,79.29517857142858,2.761249999999943,226.70374999999993,14.663749999999942,60.82294129464161,10.0,10.0,2.0
2023-12-18,division,Sylhet,Sylhet,2.0,2.0,5.0,5.0,7.0,10.0,34.0,4.75,11.25,7.0,30.0,2.061552812808841,0.5217391304347826,0.46938775510204084,285.57142857142856,16.21657018255286,12,-0.12053668025532363,0.992708874098054,0.0,0.0,0.0,7.0,0.81,43.4825,0.0,0.0,82.845,0.04,28.265,31.495,70.9225,18.661428571428573,24.008928571428573,21.18857142857143,22.390714285714285,27.205,22.680714285714288,25.03035714285714,77.31321428571428,77.92750000000001,82.23964285714285,111.48749999999994,465.62749999999994,44.31249999999994,2528.6161339285704,2.0,2.0,1.0
2023-12-25,division,Barishal,Barishal,80.0,80.0,105.0,159.0,342.0,580.0,1424.0,171.5,537.0,342.0,1331.0,118.35117236428205,0.46956521739130436,0.32063197026022305,159.85714285714286,16.02379618021547,12,6.432490598706546e-16,1.0,0.0,0.0,1.0,7.0,0.0016666666666666668,0.03333333333333333,68.00500000000001,0.0,0.5666666666666668,173.84666666666666,1.7766666666666666,3.89,265.8616666666667,20.002857142857142,24.68690476190476,18.09642857142857,22.926190476190474,27.218809523809526,23.739285714285714,25.744285714285713,80.59642857142858,79.82333333333334,79.19357142857143,176.42166666666665,340.7,68.04,4188.124351190476,34.0,16.0,28.0
2023-12-25,division,Chattogram,Chattogram,141.0,141.0,243.0,345.0,470.0,694.0,1323.0,299.75,634.625,470.0,1355.0,140.77730640980462,0.47215295095594345,0.4731563421828909,140.14285714285714,17.31813049167358,12,6.432490598706546e-16,1.0,0.0,0.0,1.0,7.0,0.017272727272727273,0.08454545454545455,38.25818181818182,0.028181818181818183,0.3281818181818182,147.0490909090909,0.4272727272727273,4.647272727272727,165.94181818181818,20.416103896103895,24.966753246753242,18.35038961038961,22.955584415584415,27.821168831168833,23.895844155844156,25.294545454545457,77.54402597402598,76.93779220779221,81.45948051948052,147.81181818181813,276.08636363636356,38.3745454545454,3532.0881716646977,88.0,68.0,57.0
2023-12-25,division,Dhaka,Dhaka,341.0,341.0,572.0,920.0,1603.0,2487.0,5637.0,859.0,2277.375,1603.0,5127.0,550.1363467359683,0.39767441860465114,0.3774620069128216,93.14285714285714,17.604592364757483,12,6.432490598706546e-16,1.0,0.0,0.0,1.0,7.0,1.103076923076923,0.023076923076923075,61.78076923076923,0.0,0.03538461538461539,100.53538461538461,0.3484615384615385,1.8230769230769233,225.54153846153847,19.511758241758244,24.908461538461538,17.407912087912088,22.479670329670327,27.745054945054942,23.13274725274725,25.104615384615386,78.90835164835165,78.72802197802199,78.08285714285715,100.92153846153846,266.40846153846155,62.94846153846154,2334.59244158918,191.0,159.0,53.0
2023-12-25,division,Khulna,Khulna,68.0,68.0,163.0,329.0,628.0,1067.0,2236.0,297.0,990.25,628.0,2371.0,245.61623181975014,0.23154362416107382,0.30063051702395965,151.57142857142858,16.659378702207434,12,6.432490598706546e-16,1.0,0.0,0.0,1.0,7.0,2.3729999999999998,0.002,69.523,0.0,0.02,50.935,0.8470000000000001,0.316,188.05599999999998,18.786285714285714,25.01157142857143,16.628999999999998,22.249,28.128000000000004,22.96542857142857,25.03257142857143,81.45657142857144,79.42142857142858,78.51614285714285,51.85999999999998,209.34999999999997,71.89799999999998,1190.9871257142852,29.0,36.0,8.0
2023-12-25,division,Mymensingh,Mymensingh,32.0,32.0,53.0,72.0,95.0,140.0,218.0,63.0,131.625,95.0,265.0,26.870057685088845,0.515625,0.4825636192271442,167.28571428571428,16.31903432869183,12,6.432490598706546e-16,1.0,0.0,0.0,1.0,7.0,2.39,0.0675,48.3725,0.0,0.0,28.9725,0.1475,0.5599999999999999,304.955,19.76392857142857,25.018214285714286,17.82785714285714,22.149285714285714,27.649642857142858,22.850357142857142,24.618214285714288,76.33,75.71642857142857,77.04535714285714,29.129999999999942,334.06249999999994,50.95749999999994,665.6309035714272,9.0,4.0,3.0
2023-12-25,division,Rajshahi,Rajshahi,45.0,45.0,76.0,149.0,310.0,510.0,1183.0,145.0,522.0,310.0,1338.0,118.32441280930433,0.3150684931506849,0.27915869980879543,164.0,16.828744725921833,12,6.432490598706546e-16,1.0,0.0,0.0,1.0,7.0,5.50125,0.0025,49.27125,0.0,0.0,5.7125,0.0925,0.20750000000000002,210.93125,18.852857142857143,24.410357142857144,16.524285714285714,22.099107142857143,27.295714285714286,22.64625,24.6675,80.89321428571428,81.00910714285715,77.21160714285715,5.805000000000028,226.92125000000004,54.775000000000034,131.46148125000062,15.0,8.0,2.0
2023-12-25,division,Rangpur,Rangpur,10.0,10.0,10.0,25.0,73.0,54.0,173.0,29.5,58.75,73.0,119.0,29.849623113198607,0.36065573770491804,0.5104602510460251,173.42857142857142,16.68403182311846,12,6.432490598706546e-16,1.0,0.0,0.0,1.0,7.0,5.5512500000000005,0.1025,14.56125,0.0,0.0025,2.21375,0.03125,0.32,140.16375,19.205892857142857,25.041428571428572,17.028214285714284,21.410714285714285,26.7675,22.036785714285713,23.868392857142858,76.75874999999999,78.46267857142857,79.16803571428571,2.257499999999943,185.13749999999993,20.214999999999943,49.74804374999874,10.0,0.0,1.0
2023-12-25,division,Sylhet,Sylhet,2.0,2.0,2.0,5.0,5.0,7.0,30.0,3.5,7.75,5.0,22.0,1.73205080756889,0.6666666666666666,0.5142857142857142,174.57142857142858,16.21657018255286,12,6.432490598706546e-16,1.0,0.0,0.0,1.0,7.0,0.315,0.02,43.4825,0.0,0.0,82.845,0.3375,0.12000000000000001,363.09,19.71607142857143,24.90892857142857,17.928214285714287,21.994642857142857,27.331071428571427,23.00892857142857,24.575000000000003,77.80892857142857,74.96678571428572,76.40821428571428,83.22249999999994,422.9699999999999,44.62749999999995,1914.8605580357128,2.0,1.0,1.0
2024-01-01,division,Barishal,Barishal,34.0,34.0,80.0,105.0,159.0,342.0,1331.0,94.5,374.875,159.0,1030.0,52.09286579433565,0.36649214659685864,0.25407382773528436,91.28571428571429,16.02379618021547,1,0.12053668025532305,0.992708874098054,0.0,0.0,0.0,7.0,0.023333333333333334,0.0,0.03333333333333333,68.00500000000001,0.0,0.5666666666666668,0.23166666666666666,51.67666666666667,19.271666666666665,18.048333333333332,23.448809523809526,19.226904761904763,21.575714285714284,24.745952380952378,22.557380952380953,23.507619047619045,81.97190476190477,86.93166666666667,80.24214285714285,174.64499999999998,76.615,0.058333333333333334,3939.533796428571,16.0,37.0,17.0
2024-01-01,division,Chattogram,Chattogram,88.0,88.0,141.0,243.0,345.0,470.0,1355.0,204.25,476.25,345.0,1049.0,113.76401012622587,0.4336175395858709,0.43006809848088007,82.57142857142857,17.31813049167358,1,0.12053668025532305,0.992708874098054,0.0,0.0,0.0,7.0,0.31636363636363635,0.014545454545454545,0.08454545454545455,38.25818181818182,0.028181818181818183,0.3281818181818182,0.007272727272727273,84.21454545454546,21.28272727272727,17.93961038961039,23.679090909090906,19.663896103896104,21.956623376623376,25.46155844155844,22.827532467532468,23.124805194805194,79.4138961038961,86.72857142857143,79.56233766233767,147.41272727272718,110.57181818181812,0.4327272727272159,3365.068817945689,68.0,57.0,33.0
2024-01-01,division,Dhaka,Dhaka,191.0,191.0,341.0,572.0,920.0,1603.0,5127.0,506.0,1660.375,920.0,4071.0,317.3862000780714,0.378698224852071,0.3051689112933564,54.0,17.604592364757483,1,0.12053668025532305,0.992708874098054,0.0,0.0,0.0,7.0,0.36846153846153845,0.04153846153846153,0.023076923076923075,61.78076923076923,0.0,0.03538461538461539,0.0023076923076923075,20.85,18.193846153846156,17.294505494505493,23.568351648351648,18.70021978021978,20.89131868131868,24.799230769230768,22.075934065934064,22.72010989010989,81.22307692307693,85.88252747252749,80.7021978021978,100.57307692307691,41.215384615384615,1.536153846153846,2220.2446149619605,159.0,75.0,59.0
2024-01-01,division,Khulna,Khulna,29.0,29.0,68.0,163.0,329.0,628.0,2371.0,147.25,697.5,329.0,1932.0,133.5973427879459,0.20236087689713322,0.21224051539012168,93.0,16.659378702207434,1,0.12053668025532305,0.992708874098054,0.0,0.0,0.0,7.0,0.004,0.0,0.002,69.523,0.0,0.02,0.05800000000000001,13.422,7.556,17.171,24.006,17.762999999999998,20.702857142857145,24.92642857142857,21.510714285714286,22.50742857142857,77.69528571428572,85.26500000000001,78.95271428571428,51.01299999999998,22.140999999999973,2.3789999999999853,1097.3260678571423,36.0,6.0,2.0
2024-01-01,division,Mymensingh,Mymensingh,9.0,9.0,32.0,53.0,72.0,95.0,265.0,41.5,99.625,72.0,224.0,27.135462651912448,0.23529411764705882,0.422360248447205,98.14285714285714,16.31903432869183,1,0.12053668025532305,0.992708874098054,0.0,0.0,0.0,7.0,0.615,0.1275,0.0675,48.3725,0.0,0.0,0.01,10.055,18.4925,17.560714285714283,24.185000000000002,18.736428571428576,20.948571428571427,25.28107142857143,22.0375,22.582142857142856,77.37071428571429,83.04464285714286,79.10392857142858,28.98249999999994,29.254999999999942,3.1999999999999362,638.7018437499987,4.0,1.0,1.0
2024-01-01,division,Rajshahi,Rajshahi,15.0,15.0,45.0,76.0,149.0,310.0,1338.0,71.25,356.625,149.0,1017.0,57.505796809249254,0.22145328719723184,0.20202726319468717,96.28571428571429,16.828744725921833,1,0.12053668025532305,0.992708874098054,0.0,0.0,0.0,7.0,1.09375,0.0,0.0025,49.27125,0.0,0.0,0.0,3.9662499999999996,11.81625,16.706964285714285,23.07857142857143,17.680892857142858,20.611071428571428,24.99125,21.325535714285714,22.322678571428572,78.84464285714286,83.70910714285714,78.90178571428572,5.712500000000029,16.082500000000028,6.597500000000029,121.82212276785775,8.0,4.0,2.0
2024-01-01,division,Rangpur,Rangpur,10.0,10.0,10.0,10.0,25.0,73.0,119.0,13.75,45.125,25.0,91.0,7.50000000000004,0.7457627118644068,0.31978319783197834,101.28571428571429,16.68403182311846,1,0.12053668025532305,0.992708874098054,0.0,0.0,0.0,7.0,2.89125,0.0,0.1025,14.56125,0.0,0.0025,0.01,0.50625,44.1475,17.118392857142858,23.800535714285715,17.865000000000002,20.197678571428572,25.164464285714285,21.114821428571428,22.02732142857143,73.59410714285714,83.23464285714286,78.08125,2.2262499999999434,45.004999999999946,8.544999999999943,47.00687120535595,0.0,2.0,0.0
2024-01-01,division,Sylhet,Sylhet,2.0,2.0,2.0,2.0,5.0,5.0,22.0,2.75,5.25,5.0,10.0,1.5000000000000149,0.8,0.6,102.42857142857143,16.21657018255286,1,0.12053668025532305,0.992708874098054,0.0,0.0,0.0,7.0,0.425,0.81,0.02,43.4825,0.0,0.0,0.04,28.265,31.495,17.921785714285715,23.697857142857142,18.661428571428573,21.18857142857143,25.290714285714287,22.390714285714285,22.680714285714288,75.68214285714286,84.295,74.77214285714285,82.88499999999993,60.217499999999944,1.5699999999999432,1855.854353571427,1.0,1.0,1.0
2024-01-08,division,Barishal,Barishal,16.0,16.0,34.0,80.0,105.0,159.0,1030.0,58.75,248.125,105.0,669.0,40.950172974807636,0.28451882845188287,0.23983943803311591,49.142857142857146,16.02379618021547,1,0.23931566428755774,0.970941817426052,0.0,0.0,0.0,7.0,0.0,0.0016666666666666668,0.0,0.03333333333333333,68.00500000000001,0.0,173.84666666666666,1.7766666666666666,3.89,17.042142857142856,22.57690476190476,20.002857142857142,18.09642857142857,23.162857142857145,22.926190476190474,23.739285714285714,80.6692857142857,78.2792857142857,83.75547619047619,242.41833333333335,57.575,0.025,5557.728884920634,37.0,28.0,11.0
2024-01-08,division,Chattogram,Chattogram,68.0,68.0,88.0,141.0,243.0,345.0,1049.0,135.0,353.625,243.0,780.0,78.31134443148508,0.5073529411764706,0.38350370109270354,41.42857142857143,17.31813049167358,1,0.23931566428755774,0.970941817426052,0.0,0.0,0.0,7.0,0.0,0.017272727272727273,0.014545454545454545,0.08454545454545455,38.25818181818182,0.028181818181818183,147.0490909090909,0.4272727272727273,4.647272727272727,16.708571428571428,22.6512987012987,20.416103896103895,18.35038961038961,23.4312987012987,22.955584415584415,23.895844155844156,80.56857142857143,78.0877922077922,83.8438961038961,185.6636363636363,89.29636363636358,0.34818181818176136,4262.017277449821,57.0,57.0,32.0
2024-01-08,division,Dhaka,Dhaka,159.0,159.0,191.0,341.0,572.0,920.0,4071.0,315.75,1171.375,572.0,3098.0,188.35670946371292,0.505130228887135,0.27017805736219214,26.714285714285715,17.604592364757483,1,0.23931566428755774,0.970941817426052,0.0,0.0,0.0,7.0,0.0,1.103076923076923,0.04153846153846153,0.023076923076923075,61.78076923076923,0.0,100.53538461538461,0.3484615384615385,1.8230769230769233,16.161538461538463,22.680109890109893,19.511758241758244,17.407912087912088,23.23769230769231,22.479670329670327,23.13274725274725,80.14912087912087,78.00285714285714,82.2212087912088,162.35153846153847,23.023846153846154,1.513076923076923,3649.6090621301773,75.0,53.0,54.0
2024-01-08,division,Khulna,Khulna,36.0,36.0,29.0,68.0,163.0,329.0,1932.0,74.0,460.5,163.0,1364.0,61.714395943463515,0.49333333333333335,0.16251354279523295,49.857142857142854,16.659378702207434,1,0.23931566428755774,0.970941817426052,0.0,0.0,0.0,7.0,0.0,2.3729999999999998,0.0,0.002,69.523,0.0,50.935,0.8470000000000001,0.316,16.231,23.48342857142857,18.786285714285714,16.628999999999998,23.406142857142857,22.249,22.96542857142857,75.08085714285714,74.74557142857142,83.083,120.47799999999998,14.64299999999997,2.3769999999999856,2680.5150219999996,6.0,8.0,4.0
2024-01-08,division,Mymensingh,Mymensingh,4.0,4.0,9.0,32.0,53.0,72.0,224.0,24.5,72.125,53.0,172.0,22.57579825092944,0.19607843137254902,0.3487179487179487,52.714285714285715,16.31903432869183,1,0.23931566428755774,0.970941817426052,0.0,0.0,0.0,7.0,0.0,2.39,0.1275,0.0675,48.3725,0.0,28.9725,0.1475,0.5599999999999999,16.399285714285714,23.337857142857143,19.76392857142857,17.82785714285714,23.53714285714286,22.149285714285714,22.850357142857142,76.77,75.565,79.8,77.34499999999994,10.772499999999944,3.1324999999999363,1713.1365035714273,1.0,3.0,1.0
2024-01-08,division,Rajshahi,Rajshahi,8.0,8.0,15.0,45.0,76.0,149.0,1017.0,36.0,230.5,76.0,731.0,31.123410267299782,0.24324324324324326,0.15982721382289417,51.857142857142854,16.828744725921833,1,0.23931566428755774,0.970941817426052,0.0,0.0,0.0,7.0,0.0,5.50125,0.0,0.0025,49.27125,0.0,5.7125,0.0925,0.20750000000000002,15.661428571428571,22.428035714285713,18.852857142857143,16.524285714285714,22.978035714285717,22.099107142857143,22.64625,76.49196428571429,74.81410714285714,81.17232142857144,54.98375000000003,4.266250000000028,6.595000000000028,1215.091782366072,4.0,2.0,1.0
2024-01-08,division,Rangpur,Rangpur,0.0,0.0,10.0,10.0,10.0,25.0,91.0,7.5,33.75,10.0,88.0,5.00000000000006,0.11764705882352941,0.2446043165467626,52.57142857142857,16.68403182311846,1,0.23931566428755774,0.970941817426052,0.0,0.0,0.0,7.0,0.0,5.5512500000000005,0.0,0.1025,14.56125,0.0,2.21375,0.03125,0.32,16.054642857142856,23.116607142857145,19.205892857142857,17.028214285714284,23.322321428571428,21.410714285714285,22.036785714285713,72.4525,74.28214285714286,79.5794642857143,16.777499999999943,0.8674999999999431,8.442499999999944,359.2182589285702,2.0,1.0,0.0
2024-01-08,division,Sylhet,Sylhet,1.0,1.0,2.0,2.0,2.0,5.0,9.0,1.75,4.25,2.0,10.0,0.5000000000000444,0.7272727272727273,0.5238095238095238,53.714285714285715,16.21657018255286,1,0.23931566428755774,0.970941817426052,0.0,0.0,0.0,7.0,0.0,0.315,0.81,0.02,43.4825,0.0,82.845,0.3375,0.12000000000000001,16.739642857142858,23.095714285714283,19.71607142857143,17.928214285714287,23.17107142857143,21.994642857142857,23.00892857142857,75.95035714285714,76.9375,80.36821428571429,126.32749999999994,28.762499999999946,1.5499999999999432,2778.528245535713,1.0,1.0,0.0
2024-01-15,division,Barishal,Barishal,37.0,37.0,16.0,34.0,80.0,105.0,669.0,41.75,169.125,80.0,580.0,27.133927102430256,0.8888888888888888,0.25128581925055105,39.42857142857143,16.02379618021547,1,0.3546048870425356,0.9350162426854148,0.0,0.0,0.0,7.0,8.038333333333334,0.023333333333333334,0.0016666666666666668,0.0,0.03333333333333333,68.00500000000001,0.5666666666666668,0.23166666666666666,51.67666666666667,17.035476190476192,21.917619047619045,18.048333333333332,19.226904761904763,24.025714285714287,21.575714285714284,22.557380952380953,78.51547619047619,78.94666666666667,79.73547619047619,68.605,227.53166666666667,8.063333333333334,1480.2018785714286,28.0,17.0,10.0
2024-01-15,division,Chattogram,Chattogram,57.0,57.0,68.0,88.0,141.0,243.0,780.0,88.5,263.25,141.0,694.0,37.278233148402954,0.6480446927374302,0.3386944181646168,32.0,17.31813049167358,1,0.3546048870425356,0.9350162426854148,0.0,0.0,0.0,7.0,3.689090909090909,0.31636363636363635,0.017272727272727273,0.014545454545454545,0.08454545454545455,38.25818181818182,0.3281818181818182,0.007272727272727273,84.21454545454546,16.49168831168831,21.88909090909091,17.93961038961039,19.663896103896104,24.462077922077924,21.956623376623376,22.827532467532468,78.1135064935065,77.64155844155844,78.35155844155844,38.699090909090856,231.69818181818175,4.022727272727216,849.7013641086174,57.0,33.0,16.0
2024-01-15,division,Dhaka,Dhaka,75.0,75.0,159.0,191.0,341.0,572.0,3098.0,191.5,793.5,341.0,2487.0,111.02402142478394,0.3948051948051948,0.2422907488986784,19.0,17.604592364757483,1,0.3546048870425356,0.9350162426854148,0.0,0.0,0.0,7.0,23.976153846153846,0.36846153846153845,1.103076923076923,0.04153846153846153,0.023076923076923075,61.78076923076923,0.03538461538461539,0.0023076923076923075,20.85,15.934835164835164,21.753296703296705,17.294505494505493,18.70021978021978,24.038791208791206,20.89131868131868,22.075934065934064,77.82813186813186,79.82725274725274,79.33285714285715,61.83923076923077,121.73615384615385,25.447692307692307,1291.9030770076076,53.0,59.0,26.0
2024-01-15,division,Khulna,Khulna,6.0,6.0,36.0,29.0,68.0,163.0,1364.0,34.75,290.75,68.0,1067.0,25.604361607609977,0.1958041958041958,0.12253641816623821,36.57142857142857,16.659378702207434,1,0.3546048870425356,0.9350162426854148,0.0,0.0,0.0,7.0,29.978999999999996,0.004,2.3729999999999998,0.0,0.002,69.523,0.02,0.05800000000000001,13.422,15.937142857142856,22.394,17.171,17.762999999999998,24.183,20.702857142857145,21.510714285714286,76.10357142857143,80.0022857142857,80.20271428571428,69.54499999999997,65.26199999999997,32.35599999999998,1439.7801999999995,8.0,2.0,1.0
2024-01-15,division,Mymensingh,Mymensingh,1.0,1.0,4.0,9.0,32.0,53.0,172.0,11.5,50.75,32.0,140.0,14.059397805975504,0.16,0.24154589371980675,41.142857142857146,16.31903432869183,1,0.3546048870425356,0.9350162426854148,0.0,0.0,0.0,7.0,23.122500000000002,0.615,2.39,0.1275,0.0675,48.3725,0.0,0.01,10.055,15.795,22.0,17.560714285714283,18.736428571428576,23.974642857142857,20.948571428571427,22.0375,75.57428571428571,80.20892857142856,78.70785714285715,48.43999999999995,39.184999999999945,26.127499999999937,1014.7487999999988,3.0,1.0,1.0
2024-01-15,division,Rajshahi,Rajshahi,4.0,4.0,8.0,15.0,45.0,76.0,731.0,18.0,139.625,45.0,510.0,18.565200420858954,0.2631578947368421,0.1351111111111111,40.57142857142857,16.828744725921833,1,0.3546048870425356,0.9350162426854148,0.0,0.0,0.0,7.0,60.2125,1.09375,5.50125,0.0,0.0025,49.27125,0.0,0.0,3.9662499999999996,15.245178571428571,21.127321428571427,16.706964285714285,17.680892857142858,23.418214285714285,20.611071428571428,21.325535714285714,75.58678571428571,81.28196428571428,81.26607142857144,49.27375000000003,9.771250000000029,66.80750000000003,1015.584780803572,2.0,2.0,0.0
2024-01-15,division,Rangpur,Rangpur,2.0,2.0,0.0,10.0,10.0,10.0,88.0,5.5,23.0,10.0,73.0,5.259911279353224,0.46153846153846156,0.2708333333333333,41.714285714285715,16.68403182311846,1,0.3546048870425356,0.9350162426854148,0.0,0.0,0.0,7.0,4.1450000000000005,2.89125,5.5512500000000005,0.0,0.1025,14.56125,0.0025,0.01,0.50625,15.531964285714286,22.15607142857143,17.118392857142858,17.865000000000002,23.73107142857143,20.197678571428572,21.114821428571428,70.46375,77.87857142857143,81.19589285714287,14.666249999999941,2.761249999999943,12.587499999999945,296.2242033482131,1.0,0.0,0.0
2024-01-15,division,Sylhet,Sylhet,1.0,1.0,1.0,2.0,2.0,2.0,10.0,1.5,3.125,2.0,7.0,0.5773502691896643,0.8,0.6060606060606061,41.57142857142857,16.21657018255286,1,0.3546048870425356,0.9350162426854148,0.0,0.0,0.0,7.0,0.77,0.425,0.315,0.81,0.02,43.4825,0.0,0.04,28.265,15.875714285714286,21.73357142857143,17.921785714285715,18.661428571428573,24.008928571428573,21.18857142857143,22.390714285714285,75.56857142857143,77.31321428571428,77.92750000000001,43.50249999999995,111.48749999999994,1.5099999999999432,921.7558285714275,1.0,1.0,0.0
2024-01-22,division,Barishal,Barishal,28.0,28.0,37.0,16.0,34.0,80.0,580.0,28.75,100.125,37.0,342.0,9.287087810503314,0.9747899159663865,0.2941903584672435,20.857142857142858,16.02379618021547,1,0.4647231720437685,0.8854560256532099,0.0,0.0,0.0,7.0,12.896666666666667,0.0,0.023333333333333334,0.0016666666666666668,0.0,0.03333333333333333,0.0,173.84666666666666,1.7766666666666666,16.333571428571428,21.794047619047618,17.042142857142856,20.002857142857142,24.68690476190476,18.09642857142857,22.926190476190474,73.59761904761905,80.59642857142858,79.82333333333334,68.03833333333334,176.42166666666665,20.958333333333336,1231.2508392857144,17.0,11.0,13.0
2024-01-22,division,Chattogram,Chattogram,57.0,57.0,57.0,68.0,88.0,141.0,694.0,67.5,183.625,88.0,470.0,14.617341299521213,0.8467153284671532,0.3710223425863236,18.0,17.31813049167358,1,0.4647231720437685,0.8854560256532099,0.0,0.0,0.0,7.0,9.057272727272727,0.0,0.31636363636363635,0.017272727272727273,0.014545454545454545,0.08454545454545455,0.028181818181818183,147.0490909090909,0.4272727272727273,16.025324675324676,22.003116883116885,16.708571428571428,20.416103896103895,24.966753246753242,18.35038961038961,22.955584415584415,75.11480519480519,77.54402597402598,76.93779220779221,38.38545454545449,147.81181818181813,13.062727272727216,704.3880462809907,33.0,32.0,31.0
2024-01-22,division,Dhaka,Dhaka,53.0,53.0,75.0,159.0,191.0,341.0,2487.0,119.5,489.25,191.0,1603.0,66.0176744011093,0.44813278008298757,0.24579296277409485,15.428571428571429,17.604592364757483,1,0.4647231720437685,0.8854560256532099,0.0,0.0,0.0,7.0,5.493076923076923,0.0,0.36846153846153845,1.103076923076923,0.04153846153846153,0.023076923076923075,0.0,100.53538461538461,0.3484615384615385,15.100989010989013,21.833516483516483,16.161538461538463,19.511758241758244,24.908461538461538,17.407912087912088,22.479670329670327,72.49021978021977,78.90835164835165,78.72802197802199,61.84538461538462,100.92153846153846,29.837692307692308,1076.5990184277262,59.0,54.0,25.0
2024-01-22,division,Khulna,Khulna,8.0,8.0,6.0,36.0,29.0,68.0,1067.0,19.75,158.375,36.0,628.0,15.019431857871714,0.43373493975903615,0.13019607843137254,25.285714285714285,16.659378702207434,1,0.4647231720437685,0.8854560256532099,0.0,0.0,0.0,7.0,5.864,0.0,0.004,2.3729999999999998,0.0,0.002,0.0,50.935,0.8470000000000001,15.231857142857143,22.524714285714285,16.231,18.786285714285714,25.01157142857143,16.628999999999998,22.249,67.30471428571428,81.45657142857144,79.42142857142858,69.52499999999998,51.85999999999998,35.84699999999998,1156.1312249999994,2.0,4.0,0.0
2024-01-22,division,Mymensingh,Mymensingh,3.0,3.0,1.0,4.0,9.0,32.0,140.0,4.25,33.625,9.0,95.0,3.4034296427773385,0.7619047619047619,0.15162454873646208,26.0,16.31903432869183,1,0.4647231720437685,0.8854560256532099,0.0,0.0,0.0,7.0,0.4275,0.0,0.615,2.39,0.1275,0.0675,0.0,28.9725,0.1475,15.184285714285714,22.282857142857143,16.399285714285714,19.76392857142857,25.018214285714286,17.82785714285714,22.149285714285714,67.87964285714285,76.33,75.71642857142857,48.56749999999994,29.129999999999942,24.164999999999935,865.8544517857131,1.0,1.0,3.0
2024-01-22,division,Rajshahi,Rajshahi,2.0,2.0,4.0,8.0,15.0,45.0,510.0,7.25,76.125,15.0,310.0,5.737304826019046,0.36363636363636365,0.10696920583468396,25.571428571428573,16.828744725921833,1,0.4647231720437685,0.8854560256532099,0.0,0.0,0.0,7.0,1.5887499999999999,0.0,1.09375,5.50125,0.0,0.0025,0.0,5.7125,0.0925,14.465,21.29660714285714,15.661428571428571,18.852857142857143,24.410357142857144,16.524285714285714,22.099107142857143,66.08875,80.89321428571428,81.00910714285715,49.27375000000003,5.805000000000028,62.895000000000024,814.2135232142862,2.0,1.0,0.0
2024-01-22,division,Rangpur,Rangpur,1.0,1.0,2.0,0.0,10.0,10.0,54.0,3.25,16.375,10.0,73.0,4.573474244670814,0.47058823529411764,0.2446043165467626,25.857142857142858,16.68403182311846,1,0.4647231720437685,0.8854560256532099,0.0,0.0,0.0,7.0,0.07875,0.0,2.89125,5.5512500000000005,0.0,0.1025,0.0,2.21375,0.03125,15.033214285714287,22.273214285714285,16.054642857142856,19.205892857142857,25.041428571428572,17.028214285714284,21.410714285714285,59.79785714285714,76.75874999999999,78.46267857142857,14.663749999999942,2.257499999999943,7.114999999999944,249.69747723214184,0.0,0.0,0.0
2024-01-22,division,Sylhet,Sylhet,1.0,1.0,1.0,1.0,2.0,2.0,7.0,1.25,2.375,2.0,5.0,0.5000000000000444,0.8888888888888888,0.6666666666666666,26.0,16.21657018255286,1,0.4647231720437685,0.8854560256532099,0.0,0.0,0.0,7.0,0.2225,0.0,0.425,0.315,0.81,0.02,0.0,82.845,0.3375,15.636785714285715,21.899642857142855,16.739642857142858,19.71607142857143,24.90892857142857,17.928214285714287,21.994642857142857,70.72749999999999,77.80892857142857,74.96678571428572,44.31249999999994,83.22249999999994,1.4174999999999431,794.4439955357133,1.0,0.0,0.0
2024-01-29,division,Barishal,Barishal,17.0,17.0,28.0,37.0,16.0,34.0,342.0,24.5,59.5,37.0,159.0,9.949874371066162,0.7058823529411765,0.4214876033057851,17.857142857142858,16.02379618021547,1,0.5680647467311558,0.8229838658936564,0.0,0.0,0.0,7.0,20.131666666666668,8.038333333333334,0.0,0.023333333333333334,0.0016666666666666668,0.0,68.00500000000001,0.5666666666666668,0.23166666666666666,19.54357142857143,24.646666666666665,17.035476190476192,18.048333333333332,23.448809523809526,19.226904761904763,21.575714285714284,75.99095238095238,81.97190476190477,86.93166666666667,68.04,174.64499999999998,41.06666666666667,1308.1986000000002,11.0,10.0,13.0
2024-01-29,division,Chattogram,Chattogram,33.0,33.0,57.0,57.0,68.0,88.0,470.0,53.75,129.0,68.0,345.0,14.773286702694895,0.6210045662100456,0.42115384615384616,13.714285714285714,17.31813049167358,1,0.5680647467311558,0.8229838658936564,0.0,0.0,0.0,7.0,4.37,3.689090909090909,0.0,0.31636363636363635,0.017272727272727273,0.014545454545454545,38.25818181818182,0.3281818181818182,0.007272727272727273,18.765974025974028,24.18844155844156,16.49168831168831,17.93961038961039,23.679090909090906,19.663896103896104,21.956623376623376,71.56415584415585,79.4138961038961,86.72857142857143,38.3745454545454,147.41272727272718,17.116363636363577,754.5930748524191,32.0,16.0,19.0
2024-01-29,division,Dhaka,Dhaka,59.0,59.0,53.0,75.0,159.0,191.0,1603.0,86.5,296.25,159.0,920.0,49.217205663577474,0.6857142857142857,0.2943650126156434,14.285714285714286,17.604592364757483,1,0.5680647467311558,0.8229838658936564,0.0,0.0,0.0,7.0,7.7530769230769225,23.976153846153846,0.0,0.36846153846153845,1.103076923076923,0.04153846153846153,61.78076923076923,0.03538461538461539,0.0023076923076923075,18.66945054945055,24.720659340659342,15.934835164835164,17.294505494505493,23.568351648351648,18.70021978021978,20.89131868131868,69.33769230769231,81.22307692307693,85.88252747252749,62.94846153846154,100.57307692307691,37.222307692307695,1177.1500655959424,54.0,26.0,33.0
2024-01-29,division,Khulna,Khulna,2.0,2.0,8.0,6.0,36.0,29.0,628.0,13.0,80.125,36.0,329.0,15.534906930305434,0.21428571428571427,0.17257318952234207,20.714285714285715,16.659378702207434,1,0.5680647467311558,0.8229838658936564,0.0,0.0,0.0,7.0,18.537,29.978999999999996,0.0,0.004,2.3729999999999998,0.0,69.523,0.02,0.05800000000000001,19.134,25.94214285714286,15.937142857142856,17.171,24.006,17.762999999999998,20.702857142857145,67.4617142857143,77.69528571428572,85.26500000000001,71.89799999999998,51.01299999999998,54.37999999999998,1277.1241739999996,4.0,1.0,0.0
2024-01-29,division,Mymensingh,Mymensingh,1.0,1.0,3.0,1.0,4.0,9.0,95.0,2.25,21.875,4.0,72.0,1.5000000000007163,0.6153846153846154,0.14207650273224043,21.428571428571427,16.31903432869183,1,0.5680647467311558,0.8229838658936564,0.0,0.0,0.0,7.0,0.2575,23.122500000000002,0.0,0.615,2.39,0.1275,48.3725,0.0,0.01,18.079642857142858,24.337142857142858,15.795,17.560714285714283,24.185000000000002,18.736428571428576,20.948571428571427,64.14892857142857,77.37071428571429,83.04464285714286,50.95749999999994,28.98249999999994,23.807499999999937,954.7615589285705,1.0,1.0,2.0
2024-01-29,division,Rajshahi,Rajshahi,2.0,2.0,2.0,4.0,8.0,15.0,310.0,4.0,37.625,8.0,149.0,2.828427124745265,0.6,0.12944983818770225,21.571428571428573,16.828744725921833,1,0.5680647467311558,0.8229838658936564,0.0,0.0,0.0,7.0,0.965,60.2125,0.0,1.09375,5.50125,0.0,49.27125,0.0,0.0,17.754107142857144,24.085892857142856,15.245178571428571,16.706964285714285,23.07857142857143,17.680892857142858,20.611071428571428,65.96964285714286,78.84464285714286,83.70910714285714,54.775000000000034,5.712500000000029,62.76625000000003,968.4709062500007,1.0,0.0,0.0
2024-01-29,division,Rangpur,Rangpur,0.0,0.0,1.0,2.0,0.0,10.0,73.0,0.75,7.25,2.0,25.0,0.9574271077566547,0.5714285714285714,0.21212121212121213,21.714285714285715,16.68403182311846,1,0.5680647467311558,0.8229838658936564,0.0,0.0,0.0,7.0,0.2375,4.1450000000000005,0.0,2.89125,5.5512500000000005,0.0,14.56125,0.0025,0.01,17.353571428571428,24.022142857142857,15.531964285714286,17.118392857142858,23.800535714285715,17.865000000000002,20.197678571428572,58.412142857142854,73.59410714285714,83.23464285714286,20.214999999999943,2.2262499999999434,4.461249999999944,361.140974999999,0.0,0.0,0.0
2024-01-29,division,Sylhet,Sylhet,1.0,1.0,1.0,1.0,1.0,2.0,5.0,1.0,1.875,1.0,5.0,0.0,1.0,0.6956521739130435,21.714285714285715,16.21657018255286,1,0.5680647467311558,0.8229838658936564,0.0,0.0,0.0,7.0,1.225,0.77,0.0,0.425,0.315,0.81,43.4825,0.0,0.04,17.75642857142857,23.701428571428572,15.875714285714286,17.921785714285715,23.697857142857142,18.661428571428573,21.18857142857143,68.62892857142857,75.68214285714286,84.295,44.62749999999995,82.88499999999993,2.2174999999999434,832.8129035714277,0.0,0.0,0.0
2024-02-05,division,Barishal,Barishal,11.0,11.0,17.0,28.0,37.0,16.0,159.0,23.25,41.0,37.0,105.0,11.55782563172384,0.4948453608247423,0.5773809523809523,14.0,16.02379618021547,2,0.6631226582407952,0.7485107481711011,0.0,0.0,0.0,7.0,0.25499999999999995,12.896666666666667,8.038333333333334,0.0,0.023333333333333334,0.0016666666666666668,0.03333333333333333,0.0,173.84666666666666,19.692857142857143,25.227857142857147,16.333571428571428,17.042142857142856,22.57690476190476,20.002857142857142,18.09642857142857,71.1895238095238,80.6692857142857,78.2792857142857,0.058333333333333334,242.41833333333335,41.32166666666667,1.1668333333333334,10.0,13.0,4.0
2024-02-05,division,Chattogram,Chattogram,32.0,32.0,33.0,57.0,57.0,68.0,345.0,44.75,89.875,57.0,243.0,14.150971698085677,0.7213114754098361,0.5034387895460798,11.714285714285714,17.31813049167358,2,0.6631226582407952,0.7485107481711011,0.0,0.0,0.0,7.0,0.05090909090909091,9.057272727272727,3.689090909090909,0.0,0.31636363636363635,0.017272727272727273,0.08454545454545455,0.028181818181818183,147.0490909090909,19.025714285714287,24.994545454545456,16.025324675324676,16.708571428571428,22.6512987012987,20.416103896103895,18.35038961038961,70.12285714285714,80.56857142857143,78.0877922077922,0.4327272727272159,185.6636363636363,17.167272727272668,8.834604958676525,16.0,31.0,25.0
2024-02-05,division,Dhaka,Dhaka,54.0,54.0,59.0,53.0,75.0,159.0,920.0,60.25,188.0,75.0,572.0,10.177589760394273,0.8979591836734694,0.32407407407407407,8.0,17.604592364757483,2,0.6631226582407952,0.7485107481711011,0.0,0.0,0.0,7.0,0.0023076923076923075,5.493076923076923,23.976153846153846,0.0,0.36846153846153845,1.103076923076923,0.023076923076923075,0.0,100.53538461538461,18.614505494505497,25.243956043956043,15.100989010989013,16.161538461538463,22.680109890109893,19.511758241758244,17.407912087912088,65.49747252747252,80.14912087912087,78.00285714285714,1.536153846153846,162.35153846153847,37.22461538461538,29.97306246830093,26.0,25.0,33.0
2024-02-05,division,Khulna,Khulna,4.0,4.0,2.0,8.0,6.0,36.0,329.0,5.0,39.5,8.0,163.0,2.5819888974558163,0.8333333333333334,0.14814814814814814,16.142857142857142,16.659378702207434,2,0.6631226582407952,0.7485107481711011,0.0,0.0,0.0,7.0,0.007000000000000001,5.864,29.978999999999996,0.0,0.004,2.3729999999999998,0.002,0.0,50.935,19.042714285714286,26.625,15.231857142857143,16.231,23.48342857142857,18.786285714285714,16.628999999999998,62.00442857142857,75.08085714285714,74.74557142857142,2.3789999999999853,120.47799999999998,54.38699999999998,44.69257371428544,1.0,0.0,2.0
2024-02-05,division,Mymensingh,Mymensingh,1.0,1.0,1.0,3.0,1.0,4.0,72.0,1.5,13.0,3.0,53.0,1.0000000000010743,0.8,0.17857142857142858,16.285714285714285,16.31903432869183,2,0.6631226582407952,0.7485107481711011,0.0,0.0,0.0,7.0,0.0,0.4275,23.122500000000002,0.0,0.615,2.39,0.0675,0.0,28.9725,18.07107142857143,24.926785714285714,15.184285714285714,16.399285714285714,23.337857142857143,19.76392857142857,17.82785714285714,60.46857142857143,76.77,75.565,3.1999999999999362,77.34499999999994,23.807499999999937,63.24457142857016,1.0,3.0,2.0
2024-02-05,division,Rajshahi,Rajshahi,1.0,1.0,2.0,2.0,4.0,8.0,149.0,2.25,19.125,4.0,76.0,1.2583057392097117,0.6153846153846154,0.16149068322981366,16.142857142857142,16.828744725921833,2,0.6631226582407952,0.7485107481711011,0.0,0.0,0.0,7.0,0.042499999999999996,1.5887499999999999,60.2125,0.0,1.09375,5.50125,0.0025,0.0,5.7125,17.37607142857143,24.266785714285714,14.465,15.661428571428571,22.428035714285713,18.852857142857143,16.524285714285714,63.885,76.49196428571429,74.81410714285714,6.597500000000029,54.98375000000003,62.808750000000025,124.38172500000054,0.0,0.0,1.0
2024-02-05,division,Rangpur,Rangpur,0.0,0.0,0.0,1.0,2.0,0.0,25.0,0.75,4.125,2.0,10.0,0.9574271077566547,0.5714285714285714,0.34146341463414637,16.428571428571427,16.68403182311846,2,0.6631226582407952,0.7485107481711011,0.0,0.0,0.0,7.0,0.18375,0.07875,4.1450000000000005,0.0,2.89125,5.5512500000000005,0.1025,0.0,2.21375,17.045892857142857,24.792321428571427,15.033214285714287,16.054642857142856,23.116607142857145,19.205892857142857,17.028214285714284,58.26642857142858,72.4525,74.28214285714286,8.544999999999943,16.777499999999943,4.6449999999999445,164.11435446428462,0.0,0.0,0.0
2024-02-05,division,Sylhet,Sylhet,0.0,0.0,1.0,1.0,1.0,1.0,5.0,0.75,1.25,1.0,2.0,0.5000000000000444,0.5714285714285714,0.7777777777777778,16.285714285714285,16.21657018255286,2,0.6631226582407952,0.7485107481711011,0.0,0.0,0.0,7.0,0.025,0.2225,0.77,0.0,0.425,0.315,0.02,0.0,82.845,17.678214285714283,23.97357142857143,15.636785714285715,16.739642857142858,23.095714285714283,19.71607142857143,17.928214285714287,65.19642857142857,75.95035714285714,76.9375,1.5699999999999432,126.32749999999994,2.2424999999999433,30.95423214285602,0.0,0.0,0.0
2024-02-12,division,Barishal,Barishal,10.0,10.0,11.0,17.0,28.0,37.0,105.0,16.5,29.125,28.0,80.0,8.26639784509145,0.6285714285714286,0.5809128630705395,13.142857142857142,16.02379618021547,2,0.7485107481711011,0.6631226582407953,0.0,0.0,0.0,4.0,0.35166666666666674,20.131666666666668,12.896666666666667,8.038333333333334,0.0,0.023333333333333334,0.0,68.00500000000001,0.5666666666666668,21.871666666666666,27.197857142857146,19.54357142857143,17.035476190476192,21.917619047619045,18.048333333333332,19.226904761904763,65.95214285714286,78.51547619047619,78.94666666666667,0.025,68.605,33.635000000000005,0.4512083333333333,13.0,13.0,6.0
2024-02-12,division,Chattogram,Chattogram,16.0,16.0,32.0,33.0,57.0,57.0,243.0,34.5,61.5,57.0,141.0,16.901676445450267,0.4788732394366197,0.568,10.142857142857142,17.31813049167358,2,0.7485107481711011,0.6631226582407953,0.0,0.0,0.0,4.0,0.24636363636363637,4.37,9.057272727272727,3.689090909090909,0.0,0.31636363636363635,0.014545454545454545,38.25818181818182,0.3281818181818182,20.958571428571428,27.105974025974024,18.765974025974028,16.49168831168831,21.88909090909091,17.93961038961039,19.663896103896104,65.42558441558441,78.1135064935065,77.64155844155844,0.34818181818176136,38.699090909090856,13.724545454545398,6.246246162926962,31.0,19.0,19.0
2024-02-12,division,Dhaka,Dhaka,26.0,26.0,54.0,59.0,53.0,75.0,572.0,48.0,119.75,59.0,341.0,14.89966442566909,0.5510204081632653,0.4057971014492754,7.0,17.604592364757483,2,0.7485107481711011,0.6631226582407953,0.0,0.0,0.0,4.0,1.033076923076923,7.7530769230769225,5.493076923076923,23.976153846153846,0.0,0.36846153846153845,0.04153846153846153,61.78076923076923,0.03538461538461539,21.286923076923078,27.83098901098901,18.66945054945055,15.934835164835164,21.753296703296705,17.294505494505493,18.70021978021978,61.23241758241758,77.82813186813186,79.82725274725274,1.513076923076923,61.83923076923077,14.28153846153846,26.16791715976331,25.0,33.0,29.0
2024-02-12,division,Khulna,Khulna,1.0,1.0,4.0,2.0,8.0,6.0,163.0,3.75,19.25,8.0,68.0,3.095695936821278,0.42105263157894735,0.2345679012345679,14.142857142857142,16.659378702207434,2,0.7485107481711011,0.6631226582407953,0.0,0.0,0.0,4.0,2.507,18.537,5.864,29.978999999999996,0.0,0.004,0.0,69.523,0.02,22.122142857142855,29.165285714285716,19.134,15.937142857142856,22.394,17.171,17.762999999999998,58.867,76.10357142857143,80.0022857142857,2.3769999999999856,69.54499999999997,26.914999999999985,40.81546699999975,0.0,0.0,4.0
2024-02-12,division,Mymensingh,Mymensingh,1.0,1.0,1.0,1.0,3.0,1.0,53.0,1.5,6.5,3.0,32.0,1.0000000000010743,0.8,0.3333333333333333,14.571428571428571,16.31903432869183,2,0.7485107481711011,0.6631226582407953,0.0,0.0,0.0,4.0,0.10500000000000001,0.2575,0.4275,23.122500000000002,0.0,0.615,0.1275,48.3725,0.0,20.912857142857142,27.757857142857144,18.079642857142858,15.795,22.0,17.560714285714283,18.736428571428576,58.1575,75.57428571428571,80.20892857142856,3.1324999999999363,48.43999999999995,0.7899999999999361,55.00893749999887,3.0,2.0,1.0
2024-02-12,division,Rajshahi,Rajshahi,0.0,0.0,1.0,2.0,2.0,4.0,76.0,1.25,9.625,2.0,45.0,0.9574271077536038,0.4444444444444444,0.21176470588235294,14.571428571428571,16.828744725921833,2,0.7485107481711011,0.6631226582407953,0.0,0.0,0.0,4.0,1.46875,0.965,1.5887499999999999,60.2125,0.0,1.09375,0.0,49.27125,0.0,20.82017857142857,27.052321428571428,17.754107142857144,15.245178571428571,21.127321428571427,16.706964285714285,17.680892857142858,59.39928571428572,75.58678571428571,81.28196428571428,6.595000000000028,49.27375000000003,4.065000000000028,110.18242946428619,0.0,0.0,3.0
2024-02-12,division,Rangpur,Rangpur,0.0,0.0,0.0,0.0,1.0,2.0,10.0,0.25,2.875,1.0,10.0,0.5000000000006063,0.8,0.3225806451612903,14.714285714285714,16.68403182311846,2,0.7485107481711011,0.6631226582407953,0.0,0.0,0.0,4.0,0.21000000000000002,0.2375,0.07875,4.1450000000000005,0.0,2.89125,0.0,14.56125,0.0025,20.151785714285715,26.93642857142857,17.353571428571428,15.531964285714286,22.15607142857143,17.118392857142858,17.865000000000002,55.80446428571429,70.46375,77.87857142857143,8.442499999999944,14.666249999999941,0.7099999999999431,144.52203169642763,0.0,0.0,0.0
2024-02-12,division,Sylhet,Sylhet,0.0,0.0,0.0,1.0,1.0,1.0,2.0,0.5,1.0,1.0,2.0,0.5773502691896643,0.6666666666666666,0.75,14.714285714285714,16.21657018255286,2,0.7485107481711011,0.6631226582407953,0.0,0.0,0.0,4.0,0.11000000000000001,1.225,0.2225,0.77,0.0,0.425,0.81,43.4825,0.0,20.46785714285714,26.768571428571427,17.75642857142857,15.875714285714286,21.73357142857143,17.921785714285715,18.661428571428573,62.746785714285714,75.56857142857143,77.31321428571428,1.5499999999999432,43.50249999999995,1.5824999999999432,27.77876785714184,0.0,0.0,0.0
2024-02-19,division,Barishal,Barishal,13.0,13.0,10.0,11.0,17.0,28.0,80.0,12.75,20.75,17.0,37.0,3.09569593683433,1.018181818181818,0.632183908045977,6.285714285714286,16.02379618021547,2,0.8229838658936564,0.5680647467311559,0.0,0.0,1.0,0.0,25.375,0.25499999999999995,20.131666666666668,12.896666666666667,8.038333333333334,0.0,0.0016666666666666668,0.03333333333333333,0.0,23.325,28.42452380952381,19.692857142857143,16.333571428571428,21.794047619047618,17.042142857142856,20.002857142857142,78.15261904761904,73.59761904761905,80.59642857142858,8.063333333333334,68.03833333333334,46.11333333333333,137.41647857142857,13.0,4.0,9.0
2024-02-19,division,Chattogram,Chattogram,31.0,31.0,16.0,32.0,33.0,57.0,141.0,28.0,47.75,33.0,88.0,8.041558721211231,1.103448275862069,0.5948717948717949,5.428571428571429,17.31813049167358,2,0.8229838658936564,0.5680647467311559,0.0,0.0,1.0,0.0,24.46090909090909,0.05090909090909091,4.37,9.057272727272727,3.689090909090909,0.0,0.017272727272727273,0.08454545454545455,0.028181818181818183,22.235584415584416,28.0,19.025714285714287,16.025324675324676,22.003116883116885,16.708571428571428,20.416103896103895,73.9809090909091,75.11480519480519,77.54402597402598,4.022727272727216,38.38545454545449,29.12818181818176,67.21402597402502,19.0,25.0,36.0
2024-02-19,division,Dhaka,Dhaka,25.0,25.0,26.0,54.0,59.0,53.0,341.0,41.0,80.25,59.0,191.0,18.018509002251427,0.6190476190476191,0.5169230769230769,4.0,17.604592364757483,2,0.8229838658936564,0.5680647467311559,0.0,0.0,1.0,0.0,33.683076923076925,0.0023076923076923075,7.7530769230769225,5.493076923076923,23.976153846153846,0.0,1.103076923076923,0.023076923076923075,0.0,22.64835164835165,29.26065934065934,18.614505494505497,15.100989010989013,21.833516483516483,16.161538461538463,19.511758241758244,67.39516483516483,72.49021978021977,78.90835164835165,25.447692307692307,61.84538461538462,42.47153846153846,411.27385798816573,33.0,33.0,36.0
2024-02-19,division,Khulna,Khulna,0.0,0.0,1.0,4.0,2.0,8.0,68.0,1.75,10.75,4.0,36.0,1.7078251276360534,0.36363636363636365,0.23404255319148937,7.571428571428571,16.659378702207434,2,0.8229838658936564,0.5680647467311559,0.0,0.0,1.0,0.0,24.627000000000002,0.007000000000000001,18.537,5.864,29.978999999999996,0.0,2.3729999999999998,0.002,0.0,23.329857142857144,30.67271428571429,19.042714285714286,15.231857142857143,22.524714285714285,16.231,18.786285714285714,65.96942857142857,67.30471428571428,81.45657142857144,32.35599999999998,69.52499999999998,45.67799999999998,525.1702359999997,0.0,2.0,1.0
2024-02-19,division,Mymensingh,Mymensingh,3.0,3.0,1.0,1.0,1.0,3.0,32.0,1.5,2.875,3.0,9.0,1.0000000000010743,1.6,0.6451612903225806,7.571428571428571,16.31903432869183,2,0.8229838658936564,0.5680647467311559,0.0,0.0,1.0,0.0,27.700000000000003,0.0,0.2575,0.4275,23.122500000000002,0.0,2.39,0.0675,0.0,21.972857142857144,28.884999999999998,18.07107142857143,15.184285714285714,22.282857142857143,16.399285714285714,19.76392857142857,58.21785714285715,67.87964285714285,76.33,26.127499999999937,48.56749999999994,28.06249999999994,428.47233749999896,2.0,2.0,2.0
2024-02-19,division,Rajshahi,Rajshahi,0.0,0.0,0.0,1.0,2.0,2.0,45.0,0.75,4.0,2.0,15.0,0.9574271077536035,0.5714285714285714,0.35,7.714285714285714,16.828744725921833,2,0.8229838658936564,0.5680647467311559,0.0,0.0,1.0,0.0,14.7625,0.042499999999999996,0.965,1.5887499999999999,60.2125,0.0,5.50125,0.0025,0.0,22.00732142857143,29.019107142857145,17.37607142857143,14.465,21.29660714285714,15.661428571428571,18.852857142857143,58.88267857142857,66.08875,80.89321428571428,66.80750000000003,49.27375000000003,17.238750000000028,1046.3008892857147,0.0,1.0,1.0
2024-02-19,division,Rangpur,Rangpur,0.0,0.0,0.0,0.0,0.0,1.0,10.0,0.0,1.625,0.0,10.0,0.0,1.0,0.38095238095238093,7.714285714285714,16.68403182311846,2,0.8229838658936564,0.5680647467311559,0.0,0.0,1.0,0.0,6.383749999999999,0.18375,0.2375,0.07875,4.1450000000000005,0.0,5.5512500000000005,0.1025,0.0,20.795178571428572,28.084642857142857,17.045892857142857,15.033214285714287,22.273214285714285,16.054642857142856,19.205892857142857,50.71107142857143,59.79785714285714,76.75874999999999,12.587499999999945,14.663749999999942,7.014999999999942,202.08781696428483,0.0,0.0,0.0
2024-02-19,division,Sylhet,Sylhet,0.0,0.0,0.0,0.0,1.0,1.0,2.0,0.25,0.75,1.0,2.0,0.5000000000000444,0.8,0.7142857142857143,7.714285714285714,16.21657018255286,2,0.8229838658936564,0.5680647467311559,0.0,0.0,1.0,0.0,53.6575,0.025,1.225,0.2225,0.77,0.0,0.315,0.02,0.0,21.07035714285714,27.387857142857143,17.678214285714283,15.636785714285715,21.899642857142855,16.739642857142858,19.71607142857143,66.72714285714287,70.72749999999999,77.80892857142857,1.5099999999999432,44.31249999999994,55.01749999999994,25.276860714284766,0.0,0.0,0.0
2024-02-26,division,Barishal,Barishal,13.0,13.0,13.0,10.0,11.0,17.0,34.0,11.75,18.125,13.0,37.0,1.4999999999997493,1.0980392156862746,0.6666666666666666,8.428571428571429,16.02379618021547,2,0.8854560256532099,0.4647231720437686,0.0,0.0,0.0,0.0,0.03833333333333334,0.35166666666666674,0.25499999999999995,20.131666666666668,12.896666666666667,8.038333333333334,0.023333333333333334,0.0,68.00500000000001,23.254285714285714,29.038809523809523,21.871666666666666,19.54357142857143,24.646666666666665,17.035476190476192,18.048333333333332,62.871904761904766,75.99095238095238,81.97190476190477,20.958333333333336,68.04,26.02,357.0351884920636,4.0,6.0,3.0
2024-02-26,division,Chattogram,Chattogram,19.0,19.0,31.0,16.0,32.0,33.0,88.0,24.5,39.125,32.0,68.0,8.185352771873779,0.7843137254901961,0.6355140186915887,5.857142857142857,17.31813049167358,2,0.8854560256532099,0.4647231720437686,0.0,0.0,0.0,0.0,0.06545454545454545,0.24636363636363637,0.05090909090909091,4.37,9.057272727272727,3.689090909090909,0.31636363636363635,0.014545454545454545,38.25818181818182,22.224805194805196,28.677402597402594,20.958571428571428,18.765974025974028,24.18844155844156,16.49168831168831,17.93961038961039,59.7787012987013,71.56415584415585,79.4138961038961,13.062727272727216,38.3745454545454,24.823636363636304,215.42642668240754,25.0,19.0,25.0
2024-02-26,division,Dhaka,Dhaka,33.0,33.0,25.0,26.0,54.0,59.0,191.0,34.5,60.5,54.0,159.0,13.478377746012896,0.9577464788732394,0.5772357723577236,6.714285714285714,17.604592364757483,2,0.8854560256532099,0.4647231720437686,0.0,0.0,0.0,0.0,1.6315384615384614,1.033076923076923,0.0023076923076923075,7.7530769230769225,5.493076923076923,23.976153846153846,0.36846153846153845,0.04153846153846153,61.78076923076923,22.44813186813187,29.346923076923076,21.286923076923078,18.66945054945055,24.720659340659342,15.934835164835164,17.294505494505493,55.30527472527472,69.33769230769231,81.22307692307693,29.837692307692308,62.94846153846154,36.35,475.45870862214707,33.0,29.0,42.0
2024-02-26,division,Khulna,Khulna,0.0,0.0,0.0,1.0,4.0,2.0,29.0,1.25,7.125,4.0,36.0,1.892969448578547,0.4444444444444444,0.27692307692307694,10.285714285714286,16.659378702207434,2,0.8854560256532099,0.4647231720437686,0.0,0.0,0.0,0.0,0.588,2.507,0.007000000000000001,18.537,5.864,29.978999999999996,0.004,0.0,69.523,23.267,30.950714285714287,22.122142857142855,19.134,25.94214285714286,15.937142857142856,17.171,54.61671428571428,67.4617142857143,77.69528571428572,35.84699999999998,71.89799999999998,27.72899999999999,571.2987599999997,2.0,4.0,2.0
2024-02-26,division,Mymensingh,Mymensingh,2.0,2.0,3.0,1.0,1.0,1.0,9.0,1.75,2.0,3.0,4.0,0.9574271077574601,1.0909090909090908,0.9166666666666666,9.857142857142858,16.31903432869183,2,0.8854560256532099,0.4647231720437686,0.0,0.0,0.0,0.0,2.75,0.10500000000000001,0.0,0.2575,0.4275,23.122500000000002,0.615,0.1275,48.3725,22.009642857142858,29.10892857142857,20.912857142857142,18.079642857142858,24.337142857142858,15.795,17.560714285714283,50.555,64.14892857142857,77.37071428571429,24.164999999999935,50.95749999999994,30.55499999999994,381.68617499999897,2.0,1.0,0.0
2024-02-26,division,Rajshahi,Rajshahi,0.0,0.0,0.0,0.0,1.0,2.0,15.0,0.25,2.125,1.0,8.0,0.49999999999476313,0.8,0.4,10.285714285714286,16.828744725921833,2,0.8854560256532099,0.4647231720437686,0.0,0.0,0.0,0.0,2.25875,1.46875,0.042499999999999996,0.965,1.5887499999999999,60.2125,1.09375,0.0,49.27125,22.29732142857143,29.17875,20.82017857142857,17.754107142857144,24.085892857142856,15.245178571428571,16.706964285714285,51.24928571428571,65.96964285714286,78.84464285714286,62.895000000000024,54.775000000000034,18.532500000000027,958.8455062500003,1.0,3.0,1.0
2024-02-26,division,Rangpur,Rangpur,0.0,0.0,0.0,0.0,0.0,0.0,10.0,0.0,0.375,0.0,2.0,0.0,1.0,0.7272727272727273,10.285714285714286,16.68403182311846,2,0.8854560256532099,0.4647231720437686,0.0,0.0,0.0,0.0,0.3125,0.21000000000000002,0.18375,0.2375,0.07875,4.1450000000000005,2.89125,0.0,14.56125,21.301964285714288,28.920357142857142,20.151785714285715,17.353571428571428,24.022142857142857,15.531964285714286,17.118392857142858,49.041964285714286,58.412142857142854,73.59410714285714,7.114999999999944,20.214999999999943,7.089999999999942,110.50992589285629,0.0,0.0,1.0
2024-02-26,division,Sylhet,Sylhet,0.0,0.0,0.0,0.0,0.0,1.0,2.0,0.0,0.5,0.0,1.0,0.0,1.0,0.6666666666666666,10.285714285714286,16.21657018255286,2,0.8854560256532099,0.4647231720437686,0.0,0.0,0.0,0.0,0.34500000000000003,0.11000000000000001,0.025,1.225,0.2225,0.77,0.425,0.81,43.4825,20.974285714285713,27.55428571428571,20.46785714285714,17.75642857142857,23.701428571428572,15.875714285714286,17.921785714285715,60.269285714285715,68.62892857142857,75.68214285714286,1.4174999999999431,44.62749999999995,54.13749999999994,22.503824999999097,0.0,0.0,0.0
2024-03-04,division,Barishal,Barishal,4.0,4.0,13.0,13.0,10.0,11.0,16.0,10.0,16.625,13.0,37.0,4.242640687119196,0.45454545454545453,0.624113475177305,7.714285714285714,16.02379618021547,3,0.9350162426854148,0.35460488704253557,0.0,0.0,0.0,0.0,0.045000000000000005,25.375,0.35166666666666674,0.25499999999999995,20.131666666666668,12.896666666666667,0.0,0.0016666666666666668,0.03333333333333333,24.223333333333333,30.173333333333332,23.325,19.692857142857143,25.227857142857147,16.333571428571428,17.042142857142856,55.67071428571429,71.1895238095238,80.6692857142857,41.06666666666667,0.058333333333333334,25.81,670.7653333333334,6.0,9.0,11.0
2024-03-04,division,Chattogram,Chattogram,25.0,25.0,19.0,31.0,16.0,32.0,68.0,22.75,33.75,31.0,57.0,6.65206734782667,1.0947368421052632,0.6834532374100719,6.857142857142857,17.31813049167358,3,0.9350162426854148,0.35460488704253557,0.0,0.0,0.0,0.0,0.12454545454545453,24.46090909090909,0.24636363636363637,0.05090909090909091,4.37,9.057272727272727,0.0,0.017272727272727273,0.08454545454545455,23.143766233766232,29.74571428571429,22.235584415584416,19.025714285714287,24.994545454545456,16.025324675324676,16.708571428571428,53.431688311688305,70.12285714285714,80.56857142857143,17.116363636363577,0.4327272727272159,24.897272727272668,274.29528453364725,19.0,36.0,18.0
2024-03-04,division,Dhaka,Dhaka,33.0,33.0,33.0,25.0,26.0,54.0,159.0,29.25,44.75,33.0,75.0,4.349329449951532,1.1239669421487604,0.6612021857923497,4.857142857142857,17.604592364757483,3,0.9350162426854148,0.35460488704253557,0.0,0.0,0.0,0.0,2.1653846153846152,33.683076923076925,1.033076923076923,0.0023076923076923075,7.7530769230769225,5.493076923076923,0.0,1.103076923076923,0.023076923076923075,23.343296703296705,30.466153846153848,22.64835164835165,18.614505494505497,25.243956043956043,15.100989010989013,16.161538461538463,48.05428571428571,65.49747252747252,80.14912087912087,37.222307692307695,1.536153846153846,38.51307692307692,562.0936594251903,29.0,36.0,29.0
2024-03-04,division,Khulna,Khulna,2.0,2.0,0.0,0.0,1.0,4.0,36.0,0.75,2.875,2.0,8.0,0.9574271077137422,1.7142857142857142,0.45161290322580644,9.571428571428571,16.659378702207434,3,0.9350162426854148,0.35460488704253557,0.0,0.0,0.0,0.0,3.133,24.627000000000002,2.507,0.007000000000000001,18.537,5.864,0.0,2.3729999999999998,0.002,23.729285714285716,31.975,23.329857142857144,19.042714285714286,26.625,15.231857142857143,16.231,47.76642857142857,62.00442857142857,75.08085714285714,54.37999999999998,2.3789999999999853,30.854999999999986,828.3083914285711,4.0,1.0,0.0
2024-03-04,division,Mymensingh,Mymensingh,2.0,2.0,2.0,3.0,1.0,1.0,4.0,2.0,1.75,3.0,3.0,0.8164965809290416,1.0,1.0909090909090908,9.285714285714286,16.31903432869183,3,0.9350162426854148,0.35460488704253557,0.0,0.0,0.0,0.0,3.1075,27.700000000000003,0.10500000000000001,0.0,0.2575,0.4275,0.0,2.39,0.0675,22.27857142857143,30.199285714285715,21.972857142857144,18.07107142857143,24.926785714285714,15.184285714285714,16.399285714285714,47.723571428571425,60.46857142857143,76.77,23.807499999999937,3.1999999999999362,33.66249999999994,361.49988214285617,1.0,2.0,3.0
2024-03-04,division,Rajshahi,Rajshahi,1.0,1.0,0.0,0.0,0.0,1.0,8.0,0.25,1.25,1.0,4.0,0.49999999999476313,1.6,0.5555555555555556,9.571428571428571,16.828744725921833,3,0.9350162426854148,0.35460488704253557,0.0,0.0,0.0,0.0,4.3025,14.7625,1.46875,0.042499999999999996,0.965,1.5887499999999999,0.0,5.50125,0.0025,22.210535714285715,30.624464285714286,22.00732142857143,17.37607142857143,24.266785714285714,14.465,15.661428571428571,48.29125,63.885,76.49196428571429,62.76625000000003,6.597500000000029,22.79250000000003,907.9138062500004,3.0,1.0,0.0
2024-03-04,division,Rangpur,Rangpur,0.0,0.0,0.0,0.0,0.0,0.0,0.0,0.0,0.375,0.0,2.0,0.0,1.0,0.7272727272727273,9.571428571428571,16.68403182311846,3,0.9350162426854148,0.35460488704253557,0.0,0.0,0.0,0.0,0.5700000000000001,6.383749999999999,0.21000000000000002,0.18375,0.2375,0.07875,0.0,5.5512500000000005,0.1025,21.741607142857145,30.701964285714286,20.795178571428572,17.045892857142857,24.792321428571427,15.033214285714287,16.054642857142856,43.42892857142857,58.26642857142858,72.4525,4.461249999999944,8.544999999999943,7.4762499999999426,67.06692723214202,0.0,0.0,2.0
2024-03-04,division,Sylhet,Sylhet,0.0,0.0,0.0,0.0,0.0,0.0,1.0,0.0,0.375,0.0,1.0,0.0,1.0,0.7272727272727273,9.571428571428571,16.21657018255286,3,0.9350162426854148,0.35460488704253557,0.0,0.0,0.0,0.0,0.7374999999999999,53.6575,0.11000000000000001,0.025,1.225,0.2225,0.0,0.315,0.02,21.486071428571428,28.59285714285714,21.07035714285714,17.678214285714283,23.97357142857143,15.636785714285715,16.739642857142858,53.457857142857144,65.19642857142857,75.95035714285714,2.2174999999999434,1.5699999999999432,54.849999999999945,34.67457232142769,0.0,0.0,1.0
2024-03-11,division,Barishal,Barishal,6.0,6.0,4.0,13.0,13.0,10.0,37.0,9.0,12.75,13.0,28.0,4.690415759823349,0.7,0.7272727272727273,9.0,16.02379618021547,3,0.970941817426052,0.23931566428755804,0.0,7.0,0.0,0.0,16.478333333333335,0.03833333333333334,25.375,0.35166666666666674,0.25499999999999995,20.131666666666668,8.038333333333334,0.023333333333333334,0.0,26.282619047619047,32.180952380952384,23.254285714285714,21.871666666666666,27.197857142857146,19.54357142857143,17.035476190476192,67.70642857142856,65.95214285714286,78.51547619047619,41.32166666666667,0.025,41.93666666666667,807.5729440476192,9.0,3.0,5.0
2024-03-11,division,Chattogram,Chattogram,19.0,19.0,25.0,19.0,31.0,16.0,57.0,23.5,29.0,31.0,57.0,5.744562646539921,0.8163265306122449,0.8166666666666667,6.0,17.31813049167358,3,0.970941817426052,0.23931566428755804,0.0,7.0,0.0,0.0,22.862727272727273,0.06545454545454545,24.46090909090909,0.24636363636363637,0.05090909090909091,4.37,3.689090909090909,0.31636363636363635,0.014545454545454545,25.191038961038963,31.626883116883118,22.224805194805196,20.958571428571428,27.105974025974024,18.765974025974028,16.49168831168831,64.7261038961039,65.42558441558441,78.1135064935065,17.167272727272668,0.34818181818176136,47.51363636363631,322.1605940968112,36.0,25.0,24.0
2024-03-11,division,Dhaka,Dhaka,29.0,29.0,33.0,33.0,25.0,26.0,75.0,30.0,39.0,33.0,59.0,3.8297084307053573,0.967741935483871,0.775,4.857142857142857,17.604592364757483,3,0.970941817426052,0.23931566428755804,0.0,7.0,0.0,0.0,14.753846153846155,1.6315384615384614,33.683076923076925,1.033076923076923,0.0023076923076923075,7.7530769230769225,23.976153846153846,0.36846153846153845,0.04153846153846153,26.182637362637365,33.37516483516483,22.44813186813187,21.286923076923078,27.83098901098901,18.66945054945055,15.934835164835164,58.58747252747253,61.23241758241758,77.82813186813186,37.22461538461538,1.513076923076923,52.233846153846144,694.963116145393,36.0,42.0,28.0
2024-03-11,division,Khulna,Khulna,4.0,4.0,2.0,0.0,0.0,1.0,6.0,1.5,2.625,4.0,8.0,1.9148542154913781,2.0,0.6896551724137931,9.285714285714286,16.659378702207434,3,0.970941817426052,0.23931566428755804,0.0,7.0,0.0,0.0,12.637,0.588,24.627000000000002,2.507,0.007000000000000001,18.537,29.978999999999996,0.004,0.0,27.024,34.799285714285716,23.267,22.122142857142855,29.165285714285716,19.134,15.937142857142856,55.171285714285716,58.867,76.10357142857143,54.38699999999998,2.3769999999999856,40.984999999999985,1040.6408579999995,1.0,2.0,2.0
2024-03-11,division,Mymensingh,Mymensingh,1.0,1.0,2.0,2.0,3.0,1.0,1.0,2.0,1.75,3.0,3.0,0.8164965809290416,0.6666666666666666,1.0909090909090908,9.285714285714286,16.31903432869183,3,0.970941817426052,0.23931566428755804,0.0,7.0,0.0,0.0,4.1625,2.75,27.700000000000003,0.10500000000000001,0.0,0.2575,23.122500000000002,0.615,0.1275,25.628214285714286,33.56321428571428,22.009642857142858,20.912857142857142,27.757857142857144,18.079642857142858,15.795,49.53821428571428,58.1575,75.57428571428571,23.807499999999937,3.1324999999999363,37.71999999999994,430.43109732142744,2.0,0.0,3.0
2024-03-11,division,Rajshahi,Rajshahi,3.0,3.0,1.0,0.0,0.0,0.0,4.0,1.0,1.125,3.0,3.0,1.4142135623712437,2.0,0.9411764705882353,9.428571428571429,16.828744725921833,3,0.970941817426052,0.23931566428755804,0.0,7.0,0.0,0.0,3.33625,2.25875,14.7625,1.46875,0.042499999999999996,0.965,60.2125,1.09375,0.0,26.021607142857142,33.97785714285715,22.29732142857143,20.82017857142857,27.052321428571428,17.754107142857144,15.245178571428571,44.94660714285714,59.39928571428572,75.58678571428571,62.808750000000025,6.595000000000028,24.66000000000003,1115.1132770089291,1.0,1.0,0.0
2024-03-11,division,Rangpur,Rangpur,0.0,0.0,0.0,0.0,0.0,0.0,2.0,0.0,0.125,0.0,1.0,0.0,1.0,0.8888888888888888,9.571428571428571,16.68403182311846,3,0.970941817426052,0.23931566428755804,0.0,7.0,0.0,0.0,0.80625,0.3125,6.383749999999999,0.21000000000000002,0.18375,0.2375,4.1450000000000005,2.89125,0.0,25.076428571428572,34.018928571428575,21.301964285714288,20.151785714285715,26.93642857142857,17.353571428571428,15.531964285714286,37.38232142857143,55.80446428571429,70.46375,4.6449999999999445,8.442499999999944,8.072499999999943,80.60733928571332,0.0,1.0,0.0
2024-03-11,division,Sylhet,Sylhet,0.0,0.0,0.0,0.0,0.0,0.0,1.0,0.0,0.25,0.0,1.0,0.0,1.0,0.8,9.571428571428571,16.21657018255286,3,0.970941817426052,0.23931566428755804,0.0,7.0,0.0,0.0,6.1975,0.34500000000000003,53.6575,0.11000000000000001,0.025,1.225,0.77,0.425,0.81,24.858214285714286,31.662857142857142,20.974285714285713,20.46785714285714,26.768571428571427,17.75642857142857,15.875714285714286,57.67964285714286,62.746785714285714,75.56857142857143,2.2424999999999433,1.5499999999999432,60.93749999999994,39.81879107142757,0.0,0.0,0.0
2024-03-18,division,Barishal,Barishal,9.0,9.0,6.0,4.0,13.0,13.0,28.0,8.0,10.375,13.0,17.0,3.9157800414901476,1.1111111111111112,0.7912087912087912,8.0,16.02379618021547,3,0.992708874098054,0.120536680255323,0.0,7.0,0.0,0.0,25.709999999999997,0.045000000000000005,0.03833333333333334,25.375,0.35166666666666674,0.25499999999999995,12.896666666666667,0.0,0.0016666666666666668,26.135476190476187,31.20142857142857,24.223333333333333,23.325,28.42452380952381,19.692857142857143,16.333571428571428,69.67833333333333,78.15261904761904,73.59761904761905,33.635000000000005,8.063333333333334,42.27166666666666,662.3692500000001,3.0,11.0,16.0
2024-03-18,division,Chattogram,Chattogram,36.0,36.0,19.0,25.0,19.0,31.0,57.0,24.75,26.375,36.0,36.0,8.015609770942056,1.4368932038834952,0.9406392694063926,6.142857142857143,17.31813049167358,3,0.992708874098054,0.120536680255323,0.0,7.0,0.0,0.0,31.206363636363633,0.12454545454545453,0.06545454545454545,24.46090909090909,0.24636363636363637,0.05090909090909091,9.057272727272727,0.0,0.017272727272727273,25.116233766233766,30.681558441558444,23.143766233766232,22.235584415584416,28.0,19.025714285714287,16.025324675324676,68.74870129870129,73.9809090909091,75.11480519480519,13.724545454545398,4.022727272727216,54.259090909090844,261.11928051947945,25.0,18.0,50.0
2024-03-18,division,Dhaka,Dhaka,36.0,36.0,29.0,33.0,33.0,25.0,53.0,32.75,36.875,36.0,59.0,2.8722813228423534,1.0962962962962963,0.8910891089108911,4.714285714285714,17.604592364757483,3,0.992708874098054,0.120536680255323,0.0,7.0,0.0,0.0,34.925384615384615,2.1653846153846152,1.6315384615384614,33.683076923076925,1.033076923076923,0.0023076923076923075,5.493076923076923,0.0,1.103076923076923,25.654395604395607,31.545384615384616,23.343296703296705,22.64835164835165,29.26065934065934,18.614505494505497,15.100989010989013,64.98252747252747,67.39516483516483,72.49021978021977,14.28153846153846,25.447692307692307,53.476153846153835,265.84377616229926,42.0,29.0,93.0
2024-03-18,division,Khulna,Khulna,1.0,1.0,4.0,2.0,0.0,0.0,8.0,1.75,1.75,4.0,4.0,1.7078251276360532,0.7272727272727273,1.0,8.285714285714286,16.659378702207434,3,0.992708874098054,0.120536680255323,0.0,7.0,0.0,0.0,20.877000000000002,3.133,0.588,24.627000000000002,2.507,0.007000000000000001,5.864,0.0,2.3729999999999998,25.97214285714286,32.51428571428572,23.729285714285716,23.329857142857144,30.67271428571429,19.042714285714286,15.231857142857143,63.361000000000004,65.96942857142857,67.30471428571428,26.914999999999985,32.35599999999998,37.234999999999985,512.5346549999997,2.0,0.0,6.0
2024-03-18,division,Mymensingh,Mymensingh,2.0,2.0,1.0,2.0,2.0,3.0,3.0,1.75,1.625,2.0,3.0,0.5000000000021485,1.0909090909090908,1.0476190476190477,8.714285714285714,16.31903432869183,3,0.992708874098054,0.120536680255323,0.0,7.0,0.0,0.0,79.165,3.1075,2.75,27.700000000000003,0.10500000000000001,0.0,0.4275,0.0,2.39,24.769642857142856,30.331785714285715,22.27857142857143,21.972857142857144,28.884999999999998,18.07107142857143,15.184285714285714,62.528571428571425,58.21785714285715,67.87964285714285,0.7899999999999361,26.127499999999937,89.18499999999995,14.276146428570273,0.0,3.0,6.0
2024-03-18,division,Rajshahi,Rajshahi,1.0,1.0,3.0,1.0,0.0,0.0,2.0,1.25,1.0,3.0,3.0,1.258305739209711,0.8888888888888888,1.125,8.428571428571429,16.828744725921833,3,0.992708874098054,0.120536680255323,0.0,7.0,0.0,0.0,43.19125,4.3025,2.25875,14.7625,1.46875,0.042499999999999996,1.5887499999999999,0.0,5.50125,24.685535714285713,30.09232142857143,22.210535714285715,22.00732142857143,29.019107142857145,17.37607142857143,14.465,63.16785714285714,58.88267857142857,66.08875,4.065000000000028,66.80750000000003,53.088750000000026,70.63373035714335,1.0,0.0,0.0
2024-03-18,division,Rangpur,Rangpur,0.0,0.0,0.0,0.0,0.0,0.0,1.0,0.0,0.0,0.0,0.0,0.0,1.0,1.0,8.857142857142858,16.68403182311846,3,0.992708874098054,0.120536680255323,0.0,7.0,0.0,0.0,110.17625000000001,0.5700000000000001,0.3125,6.383749999999999,0.21000000000000002,0.18375,0.07875,0.0,5.5512500000000005,23.55375,29.222857142857144,21.741607142857145,20.795178571428572,28.084642857142857,17.045892857142857,15.033214285714287,62.15839285714285,50.71107142857143,59.79785714285714,0.7099999999999431,12.587499999999945,111.86499999999995,12.102583928570459,1.0,2.0,1.0
2024-03-18,division,Sylhet,Sylhet,0.0,0.0,0.0,0.0,0.0,0.0,1.0,0.0,0.125,0.0,1.0,0.0,1.0,0.8888888888888888,8.857142857142858,16.21657018255286,3,0.992708874098054,0.120536680255323,0.0,7.0,0.0,0.0,43.947500000000005,0.7374999999999999,0.34500000000000003,53.6575,0.11000000000000001,0.025,0.2225,0.0,0.315,24.664285714285715,30.42964285714286,21.486071428571428,21.07035714285714,27.387857142857143,17.678214285714283,15.636785714285715,64.41714285714286,66.72714285714287,70.72749999999999,1.5824999999999432,1.5099999999999432,51.22749999999995,27.97577410714185,0.0,1.0,0.0
2024-03-25,division,Barishal,Barishal,3.0,3.0,9.0,6.0,4.0,13.0,17.0,5.5,8.625,9.0,13.0,2.6457513110644486,0.6153846153846154,0.6753246753246753,10.857142857142858,16.02379618021547,3,1.0,-1.6081226496766366e-16,0.0,7.0,1.0,0.0,25.944999999999997,16.478333333333335,0.045000000000000005,0.03833333333333334,25.375,0.35166666666666674,20.131666666666668,8.038333333333334,0.023333333333333334,28.107142857142858,33.8,26.282619047619047,23.254285714285714,29.038809523809523,21.871666666666666,19.54357142857143,75.87333333333332,62.871904761904766,75.99095238095238,46.11333333333333,20.958333333333336,68.17833333333333,1008.5754555555554,11.0,5.0,10.0
2024-03-25,division,Chattogram,Chattogram,25.0,25.0,36.0,19.0,25.0,19.0,33.0,26.25,25.375,36.0,36.0,7.088723439380447,0.9541284403669725,1.033175355450237,7.0,17.31813049167358,3,1.0,-1.6081226496766366e-16,0.0,7.0,1.0,0.0,48.67727272727273,22.862727272727273,0.12454545454545453,0.06545454545454545,24.46090909090909,0.24636363636363637,4.37,3.689090909090909,0.31636363636363635,26.675584415584414,32.019090909090906,25.191038961038963,22.224805194805196,28.677402597402594,20.958571428571428,18.765974025974028,74.32090909090908,59.7787012987013,71.56415584415585,29.12818181818176,13.062727272727216,102.87090909090904,610.485079220778,18.0,24.0,55.0
2024-03-25,division,Dhaka,Dhaka,42.0,42.0,36.0,29.0,33.0,33.0,59.0,35.0,34.75,42.0,54.0,5.477225574827918,1.1944444444444444,1.006993006993007,7.0,17.604592364757483,3,1.0,-1.6081226496766366e-16,0.0,7.0,1.0,0.0,45.71153846153846,14.753846153846155,2.1653846153846152,1.6315384615384614,33.683076923076925,1.033076923076923,7.7530769230769225,23.976153846153846,0.36846153846153845,27.57912087912088,33.966373626373624,26.182637362637365,22.44813186813187,29.346923076923076,21.286923076923078,18.66945054945055,70.95868131868131,55.30527472527472,69.33769230769231,42.47153846153846,29.837692307692308,97.55615384615383,904.0883721893491,29.0,28.0,78.0
2024-03-25,division,Khulna,Khulna,2.0,2.0,1.0,4.0,2.0,0.0,2.0,2.25,1.75,4.0,4.0,1.2583057391793808,0.9230769230769231,1.1818181818181819,12.0,16.659378702207434,3,1.0,-1.6081226496766366e-16,0.0,7.0,1.0,0.0,13.912,12.637,3.133,0.588,24.627000000000002,2.507,18.537,29.978999999999996,0.004,29.101428571428574,37.00185714285714,27.024,23.267,30.950714285714287,22.122142857142855,19.134,62.56357142857142,54.61671428571428,67.4617142857143,45.67799999999998,35.84699999999998,50.55899999999999,1010.4952414285709,0.0,2.0,6.0
2024-03-25,division,Mymensingh,Mymensingh,0.0,0.0,2.0,1.0,2.0,2.0,1.0,1.25,1.5,2.0,3.0,0.9574271077574601,0.4444444444444444,0.9,11.857142857142858,16.31903432869183,3,1.0,-1.6081226496766366e-16,0.0,7.0,1.0,0.0,51.335,4.1625,3.1075,2.75,27.700000000000003,0.10500000000000001,0.2575,23.122500000000002,0.615,26.2125,32.28892857142857,25.628214285714286,22.009642857142858,29.10892857142857,20.912857142857142,18.079642857142858,68.21142857142857,50.555,64.14892857142857,28.06249999999994,24.164999999999935,137.76999999999995,586.8670535714273,3.0,3.0,3.0
2024-03-25,division,Rajshahi,Rajshahi,1.0,1.0,1.0,3.0,1.0,0.0,2.0,1.5,0.875,3.0,3.0,0.9999999999973822,0.8,1.3333333333333333,12.0,16.828744725921833,3,1.0,-1.6081226496766366e-16,0.0,7.0,1.0,0.0,12.87875,3.33625,4.3025,2.25875,14.7625,1.46875,0.965,60.2125,1.09375,27.552142857142858,34.695,26.021607142857142,22.29732142857143,29.17875,20.82017857142857,17.754107142857144,61.02428571428571,51.24928571428571,65.96964285714286,17.238750000000028,62.895000000000024,63.70875000000002,358.91385334821484,0.0,0.0,2.0
2024-03-25,division,Rangpur,Rangpur,1.0,1.0,0.0,0.0,0.0,0.0,0.0,0.25,0.125,1.0,1.0,0.5000000000006063,1.6,1.1111111111111112,12.142857142857142,16.68403182311846,3,1.0,-1.6081226496766366e-16,0.0,7.0,1.0,0.0,22.4725,0.80625,0.5700000000000001,0.3125,6.383749999999999,0.21000000000000002,0.2375,4.1450000000000005,2.89125,25.800535714285715,32.15875,25.076428571428572,21.301964285714288,28.920357142857142,20.151785714285715,17.353571428571428,63.47589285714286,49.041964285714286,58.412142857142854,7.014999999999942,7.114999999999944,134.02499999999995,141.36477678571313,2.0,0.0,0.0
2024-03-25,division,Sylhet,Sylhet,0.0,0.0,0.0,0.0,0.0,0.0,1.0,0.0,0.0,0.0,0.0,0.0,1.0,1.0,12.142857142857142,16.21657018255286,3,1.0,-1.6081226496766366e-16,0.0,7.0,1.0,0.0,87.675,6.1975,0.7374999999999999,0.34500000000000003,53.6575,0.11000000000000001,1.225,0.77,0.425,25.269285714285715,30.653928571428573,24.858214285714286,20.974285714285713,27.55428571428571,20.46785714285714,17.75642857142857,74.21214285714285,60.269285714285715,68.62892857142857,55.01749999999994,1.4174999999999431,138.55749999999995,1126.0903303571415,1.0,0.0,0.0
2024-04-01,division,Barishal,Barishal,11.0,11.0,3.0,9.0,6.0,4.0,11.0,7.25,8.625,11.0,13.0,3.4999999999998925,1.4545454545454546,0.8571428571428571,10.142857142857142,16.02379618021547,4,0.992708874098054,-0.12053668025532288,0.0,7.0,0.0,0.0,6.618333333333333,25.709999999999997,16.478333333333335,0.045000000000000005,0.03833333333333334,25.375,0.25499999999999995,12.896666666666667,0.0,30.077380952380953,35.99404761904761,26.135476190476187,24.223333333333333,30.173333333333332,23.325,19.692857142857143,74.55928571428572,55.67071428571429,71.1895238095238,26.02,41.06666666666667,74.75166666666667,606.9164999999999,5.0,16.0,27.0
2024-04-01,division,Chattogram,Chattogram,18.0,18.0,25.0,36.0,19.0,25.0,32.0,24.5,23.625,36.0,36.0,8.266397845092811,0.7450980392156863,1.0355329949238579,7.0,17.31813049167358,4,0.992708874098054,-0.12053668025532288,0.0,7.0,0.0,0.0,11.226363636363637,31.206363636363633,22.862727272727273,0.12454545454545453,0.06545454545454545,24.46090909090909,0.05090909090909091,9.057272727272727,0.0,28.377012987012986,33.867402597402595,25.116233766233766,23.143766233766232,29.74571428571429,22.235584415584416,19.025714285714287,77.37168831168832,53.431688311688305,70.12285714285714,24.823636363636304,17.116363636363577,113.97272727272721,551.968061865406,24.0,50.0,44.0
2024-04-01,division,Dhaka,Dhaka,29.0,29.0,42.0,36.0,29.0,33.0,54.0,34.0,31.625,42.0,42.0,6.271629240546858,0.8571428571428571,1.0727969348659003,4.571428571428571,17.604592364757483,4,0.992708874098054,-0.12053668025532288,0.0,7.0,0.0,0.0,24.799999999999997,34.925384615384615,14.753846153846155,2.1653846153846152,1.6315384615384614,33.683076923076925,0.0023076923076923075,5.493076923076923,0.0,29.687032967032966,36.91274725274725,25.654395604395607,23.343296703296705,30.466153846153848,22.64835164835165,18.614505494505497,66.5978021978022,48.05428571428571,65.49747252747252,36.35,37.222307692307695,120.19076923076922,823.2675824175825,28.0,93.0,49.0
2024-04-01,division,Khulna,Khulna,0.0,0.0,2.0,1.0,4.0,2.0,4.0,1.75,1.25,4.0,4.0,1.7078251276360532,0.36363636363636365,1.2222222222222223,10.285714285714286,16.659378702207434,4,0.992708874098054,-0.12053668025532288,0.0,7.0,0.0,0.0,5.885,20.877000000000002,12.637,3.133,0.588,24.627000000000002,0.007000000000000001,5.864,0.0,31.47157142857143,40.13757142857143,25.97214285714286,23.729285714285716,31.975,23.329857142857144,19.042714285714286,53.12814285714286,47.76642857142857,62.00442857142857,27.72899999999999,54.37999999999998,53.310999999999986,646.9136087142855,2.0,6.0,4.0
2024-04-01,division,Mymensingh,Mymensingh,3.0,3.0,0.0,2.0,1.0,2.0,1.0,1.5,1.75,3.0,3.0,1.2909944487366378,1.6,0.9090909090909091,10.571428571428571,16.31903432869183,4,0.992708874098054,-0.12053668025532288,0.0,7.0,0.0,0.0,54.93,79.165,4.1625,3.1075,2.75,27.700000000000003,0.0,0.4275,0.0,27.933928571428574,35.43071428571429,24.769642857142856,22.27857142857143,30.199285714285715,21.972857142857144,18.07107142857143,64.16607142857143,47.723571428571425,60.46857142857143,30.55499999999994,23.807499999999937,189.59249999999997,671.3806499999987,3.0,6.0,2.0
2024-04-01,division,Rajshahi,Rajshahi,0.0,0.0,1.0,1.0,3.0,1.0,1.0,1.25,0.75,3.0,3.0,1.258305739209711,0.4444444444444444,1.2857142857142858,10.428571428571429,16.828744725921833,4,0.992708874098054,-0.12053668025532288,0.0,7.0,0.0,0.0,7.27625,43.19125,3.33625,4.3025,2.25875,14.7625,0.042499999999999996,1.5887499999999999,0.0,29.732857142857142,38.504821428571425,24.685535714285713,22.210535714285715,30.624464285714286,22.00732142857143,17.37607142857143,44.37428571428571,48.29125,63.885,18.532500000000027,62.76625000000003,66.68250000000002,407.85068437500064,0.0,0.0,5.0
2024-04-01,division,Rangpur,Rangpur,2.0,2.0,1.0,0.0,0.0,0.0,0.0,0.75,0.375,2.0,2.0,0.9574271077566547,1.7142857142857142,1.2727272727272727,10.428571428571429,16.68403182311846,4,0.992708874098054,-0.12053668025532288,0.0,7.0,0.0,0.0,1.63625,110.17625000000001,0.80625,0.5700000000000001,0.3125,6.383749999999999,0.18375,0.07875,0.0,28.126964285714287,36.88089285714286,23.55375,21.741607142857145,30.701964285714286,20.795178571428572,17.045892857142857,42.7125,43.42892857142857,58.26642857142858,7.089999999999942,4.461249999999944,135.09124999999995,147.43781607142736,0.0,1.0,0.0
2024-04-01,division,Sylhet,Sylhet,1.0,1.0,0.0,0.0,0.0,0.0,0.0,0.25,0.125,1.0,1.0,0.5000000000000444,1.6,1.1111111111111112,10.571428571428571,16.21657018255286,4,0.992708874098054,-0.12053668025532288,0.0,7.0,0.0,0.0,110.595,43.947500000000005,6.1975,0.7374999999999999,0.34500000000000003,53.6575,0.025,0.2225,0.0,27.13,33.01357142857143,24.664285714285715,21.486071428571428,28.59285714285714,21.07035714285714,17.678214285714283,75.97535714285715,53.457857142857144,65.19642857142857,54.13749999999994,2.2174999999999434,248.41499999999994,1140.6964598214272,0.0,0.0,0.0
2024-04-08,division,Barishal,Barishal,5.0,5.0,11.0,3.0,9.0,6.0,10.0,7.0,8.0,11.0,13.0,3.6514837167010046,0.75,0.8888888888888888,7.571428571428571,16.02379618021547,4,0.9709418174260521,-0.2393156642875575,3.0,2.0,4.0,0.0,0.4633333333333334,25.944999999999997,25.709999999999997,16.478333333333335,0.045000000000000005,0.03833333333333334,0.35166666666666674,20.131666666666668,8.038333333333334,30.78595238095238,36.95,28.107142857142858,26.282619047619047,32.180952380952384,23.254285714285714,21.871666666666666,49.0947619047619,67.70642857142856,65.95214285714286,25.81,41.32166666666667,58.73666666666666,600.1931142857143,16.0,10.0,48.0
2024-04-08,division,Chattogram,Chattogram,24.0,24.0,18.0,25.0,36.0,19.0,16.0,25.75,24.625,36.0,36.0,7.500000000001451,0.9345794392523364,1.0439024390243903,6.571428571428571,17.31813049167358,4,0.9709418174260521,-0.2393156642875575,3.0,2.0,4.0,0.0,0.20909090909090908,48.67727272727273,31.206363636363633,22.862727272727273,0.12454545454545453,0.06545454545454545,0.24636363636363637,4.37,3.689090909090909,28.914675324675326,35.40610389610389,26.675584415584414,25.191038961038963,31.626883116883118,22.224805194805196,20.958571428571428,54.44662337662337,64.7261038961039,65.42558441558441,24.897272727272668,17.167272727272668,91.31909090909085,553.3370362455713,50.0,55.0,37.0
2024-04-08,division,Dhaka,Dhaka,28.0,28.0,29.0,42.0,36.0,29.0,26.0,33.75,31.875,42.0,42.0,6.551081335490782,0.8345323741007195,1.0570342205323193,5.0,17.604592364757483,4,0.9709418174260521,-0.2393156642875575,3.0,2.0,4.0,0.0,0.11076923076923076,45.71153846153846,34.925384615384615,14.753846153846155,2.1653846153846152,1.6315384615384614,1.033076923076923,7.7530769230769225,23.976153846153846,30.00340659340659,37.00758241758241,27.57912087912088,26.182637362637365,33.37516483516483,22.44813186813187,21.286923076923078,47.58824175824176,58.58747252747253,61.23241758241758,38.51307692307692,37.22461538461538,105.5476923076923,864.5466294167372,93.0,78.0,74.0
2024-04-08,division,Khulna,Khulna,2.0,2.0,0.0,2.0,1.0,4.0,1.0,1.25,1.375,2.0,4.0,0.9574271077137422,1.3333333333333333,0.9473684210526315,9.142857142857142,16.659378702207434,4,0.9709418174260521,-0.2393156642875575,3.0,2.0,4.0,0.0,0.27,13.912,20.877000000000002,12.637,3.133,0.588,2.507,18.537,29.978999999999996,31.61771428571429,39.37171428571428,29.101428571428574,27.024,34.799285714285716,23.267,22.122142857142855,37.68128571428572,55.171285714285716,58.867,30.854999999999986,54.38699999999998,40.943999999999996,717.9032849999996,6.0,6.0,2.0
2024-04-08,division,Mymensingh,Mymensingh,3.0,3.0,3.0,0.0,2.0,1.0,1.0,2.0,2.0,3.0,3.0,1.4142135623738548,1.3333333333333333,1.0,8.714285714285714,16.31903432869183,4,0.9709418174260521,-0.2393156642875575,3.0,2.0,4.0,0.0,0.0525,51.335,79.165,4.1625,3.1075,2.75,0.10500000000000001,0.2575,23.122500000000002,28.699642857142855,35.46142857142857,26.2125,25.628214285714286,33.56321428571428,22.009642857142858,20.912857142857142,50.33142857142857,49.53821428571428,58.1575,33.66249999999994,23.807499999999937,185.48249999999993,740.8996026785701,6.0,3.0,6.0
2024-04-08,division,Rajshahi,Rajshahi,0.0,0.0,0.0,1.0,1.0,3.0,0.0,0.5,0.75,1.0,3.0,0.5773502691850906,0.6666666666666666,0.8571428571428571,9.142857142857142,16.828744725921833,4,0.9709418174260521,-0.2393156642875575,3.0,2.0,4.0,0.0,0.04,12.87875,43.19125,3.33625,4.3025,2.25875,1.46875,0.965,60.2125,30.15125,37.596785714285716,27.552142857142858,26.021607142857142,33.97785714285715,22.29732142857143,20.82017857142857,40.378392857142856,44.94660714285714,59.39928571428572,22.79250000000003,62.808750000000025,63.386250000000025,508.21169866071494,0.0,2.0,2.0
2024-04-08,division,Rangpur,Rangpur,0.0,0.0,2.0,1.0,0.0,0.0,0.0,0.75,0.375,2.0,2.0,0.9574271077566547,0.5714285714285714,1.2727272727272727,8.857142857142858,16.68403182311846,4,0.9709418174260521,-0.2393156642875575,3.0,2.0,4.0,0.0,1.78375,22.4725,110.17625000000001,0.80625,0.5700000000000001,0.3125,0.21000000000000002,0.2375,4.1450000000000005,28.526607142857145,36.39071428571428,25.800535714285715,25.076428571428572,34.018928571428575,21.301964285714288,20.151785714285715,42.893035714285716,37.38232142857143,55.80446428571429,7.4762499999999426,4.6449999999999445,136.06874999999997,159.25881049107022,1.0,0.0,0.0
2024-04-08,division,Sylhet,Sylhet,0.0,0.0,1.0,0.0,0.0,0.0,0.0,0.25,0.125,1.0,1.0,0.5000000000000444,0.8,1.1111111111111112,9.0,16.21657018255286,4,0.9709418174260521,-0.2393156642875575,3.0,2.0,4.0,0.0,0.2125,87.675,43.947500000000005,6.1975,0.7374999999999999,0.34500000000000003,0.11000000000000001,1.225,0.77,27.4075,33.79464285714286,25.269285714285715,24.858214285714286,31.662857142857142,20.974285714285713,20.46785714285714,60.767857142857146,57.67964285714286,62.746785714285714,54.849999999999945,2.2424999999999433,242.42999999999995,1150.4395714285702,0.0,0.0,3.0
2024-04-15,division,Barishal,Barishal,16.0,16.0,5.0,11.0,3.0,9.0,13.0,8.75,8.375,16.0,16.0,5.909032633745215,1.7435897435897436,1.04,8.142857142857142,16.02379618021547,4,0.9350162426854148,-0.35460488704253545,0.0,0.0,0.0,0.0,13.586666666666666,6.618333333333333,25.944999999999997,25.709999999999997,16.478333333333335,0.045000000000000005,25.375,0.25499999999999995,12.896666666666667,31.80547619047619,38.14738095238095,30.077380952380953,26.135476190476187,31.20142857142857,24.223333333333333,23.325,65.17690476190477,69.67833333333333,78.15261904761904,41.93666666666667,33.635000000000005,46.61333333333333,1015.8458555555555,10.0,27.0,37.0
2024-04-15,division,Chattogram,Chattogram,50.0,50.0,24.0,18.0,25.0,36.0,31.0,29.25,27.0,50.0,50.0,14.174507634012846,1.6859504132231404,1.0803571428571428,5.428571428571429,17.31813049167358,4,0.9350162426854148,-0.35460488704253545,0.0,0.0,0.0,0.0,30.847272727272728,11.226363636363637,48.67727272727273,31.206363636363633,22.862727272727273,0.12454545454545453,24.46090909090909,0.05090909090909091,9.057272727272727,29.889870129870133,35.70246753246754,28.377012987012986,25.116233766233766,30.681558441558444,23.143766233766232,22.235584415584416,69.58558441558442,68.74870129870129,73.9809090909091,47.51363636363631,13.724545454545398,90.95999999999995,1099.6444929161735,55.0,44.0,33.0
2024-04-15,division,Dhaka,Dhaka,93.0,93.0,28.0,29.0,42.0,36.0,25.0,48.0,40.375,93.0,93.0,30.67028964102256,1.9183673469387754,1.1842900302114803,4.857142857142857,17.604592364757483,4,0.9350162426854148,-0.35460488704253545,0.0,0.0,0.0,0.0,18.322307692307692,24.799999999999997,45.71153846153846,34.925384615384615,14.753846153846155,2.1653846153846152,33.683076923076925,0.0023076923076923075,5.493076923076923,31.912747252747252,39.794285714285714,29.687032967032966,25.654395604395607,31.545384615384616,23.343296703296705,22.64835164835165,57.40989010989011,64.98252747252747,67.39516483516483,52.233846153846144,14.28153846153846,88.94461538461537,1219.310168723584,78.0,49.0,91.0
2024-04-15,division,Khulna,Khulna,6.0,6.0,2.0,0.0,2.0,1.0,0.0,2.5,2.125,6.0,6.0,2.516611478407378,2.0,1.12,8.571428571428571,16.659378702207434,4,0.9350162426854148,-0.35460488704253545,0.0,0.0,0.0,0.0,3.886,5.885,13.912,20.877000000000002,12.637,3.133,24.627000000000002,0.007000000000000001,5.864,34.139428571428574,42.70657142857142,31.47157142857143,25.97214285714286,32.51428571428572,23.729285714285716,23.329857142857144,43.38585714285714,63.361000000000004,65.96942857142857,40.984999999999985,26.914999999999985,23.952999999999985,972.5447749999997,6.0,4.0,3.0
2024-04-15,division,Mymensingh,Mymensingh,6.0,6.0,3.0,3.0,0.0,2.0,3.0,3.0,2.375,6.0,6.0,2.4494897427836166,1.75,1.1851851851851851,8.428571428571429,16.31903432869183,4,0.9350162426854148,-0.35460488704253545,0.0,0.0,0.0,0.0,13.807500000000001,54.93,51.335,79.165,4.1625,3.1075,27.700000000000003,0.0,0.4275,30.678214285714287,38.43535714285714,27.933928571428574,24.769642857142856,30.331785714285715,22.27857142857143,21.972857142857144,56.18714285714286,62.528571428571425,58.21785714285715,37.71999999999994,0.7899999999999361,120.12499999999994,840.347714285713,3.0,2.0,4.0
2024-04-15,division,Rajshahi,Rajshahi,0.0,0.0,0.0,0.0,1.0,1.0,0.0,0.25,0.75,1.0,3.0,0.4999999999947629,0.8,0.7142857142857143,8.857142857142858,16.828744725921833,4,0.9350162426854148,-0.35460488704253545,0.0,0.0,0.0,0.0,1.5237500000000002,7.27625,12.87875,43.19125,3.33625,4.3025,14.7625,0.042499999999999996,1.5887499999999999,33.04517857142857,41.29160714285714,29.732857142857142,24.685535714285713,30.09232142857143,22.210535714285715,22.00732142857143,38.26125,63.16785714285714,58.88267857142857,24.66000000000003,4.065000000000028,21.71875000000003,547.7118107142863,2.0,5.0,0.0
2024-04-15,division,Rangpur,Rangpur,1.0,1.0,0.0,2.0,1.0,0.0,0.0,1.0,0.5,2.0,2.0,0.8164965809280974,1.0,1.3333333333333333,8.857142857142858,16.68403182311846,4,0.9350162426854148,-0.35460488704253545,0.0,0.0,0.0,0.0,3.26875,1.63625,22.4725,110.17625000000001,0.80625,0.5700000000000001,6.383749999999999,0.18375,0.07875,30.78875,38.96071428571429,28.126964285714287,23.55375,29.222857142857144,21.741607142857145,20.795178571428572,43.213750000000005,62.15839285714285,50.71107142857143,8.072499999999943,0.7099999999999431,29.161249999999942,175.50912366071307,0.0,0.0,0.0
2024-04-15,division,Sylhet,Sylhet,0.0,0.0,0.0,1.0,0.0,0.0,0.0,0.25,0.125,1.0,1.0,0.5000000000000444,0.8,1.1111111111111112,8.857142857142858,16.21657018255286,4,0.9350162426854148,-0.35460488704253545,0.0,0.0,0.0,0.0,61.337500000000006,110.595,87.675,43.947500000000005,6.1975,0.7374999999999999,53.6575,0.025,0.2225,28.75107142857143,34.94428571428571,27.13,24.664285714285715,30.42964285714286,21.486071428571428,21.07035714285714,71.34642857142858,64.41714285714286,66.72714285714287,60.93749999999994,1.5824999999999432,259.81999999999994,1309.3074776785702,0.0,0.0,0.0
2024-04-22,division,Barishal,Barishal,10.0,10.0,16.0,5.0,11.0,3.0,13.0,10.5,8.0,16.0,16.0,4.509249752822812,0.9565217391304348,1.2777777777777777,22.285714285714285,16.02379618021547,4,0.8854560256532099,-0.4647231720437685,0.0,0.0,0.0,0.0,0.2783333333333333,0.4633333333333334,6.618333333333333,25.944999999999997,25.709999999999997,16.478333333333335,0.03833333333333334,0.35166666666666674,20.131666666666668,32.59142857142857,39.22404761904762,30.78595238095238,28.107142857142858,33.8,26.282619047619047,23.254285714285714,63.026190476190486,75.87333333333332,62.871904761904766,42.27166666666666,46.11333333333333,20.946666666666665,1111.0101115079362,27.0,48.0,33.0
2024-04-22,division,Chattogram,Chattogram,55.0,55.0,50.0,24.0,18.0,25.0,19.0,36.75,31.5,55.0,55.0,18.46392879824574,1.4834437086092715,1.1615384615384616,17.428571428571427,17.31813049167358,4,0.8854560256532099,-0.4647231720437685,0.0,0.0,0.0,0.0,2.3936363636363636,0.20909090909090908,11.226363636363637,48.67727272727273,31.206363636363633,22.862727272727273,0.06545454545454545,0.24636363636363637,4.37,30.677012987012986,37.083636363636366,28.914675324675326,26.675584415584414,32.019090909090906,25.191038961038963,22.224805194805196,66.80935064935065,74.32090909090908,59.7787012987013,54.259090909090844,29.12818181818176,44.67636363636358,1366.8428730814624,44.0,37.0,38.0
2024-04-22,division,Dhaka,Dhaka,78.0,78.0,93.0,28.0,29.0,42.0,33.0,57.0,46.0,93.0,93.0,33.47635981800016,1.3620689655172413,1.2340425531914894,11.285714285714286,17.604592364757483,4,0.8854560256532099,-0.4647231720437685,0.0,0.0,0.0,0.0,4.7869230769230775,0.11076923076923076,24.799999999999997,45.71153846153846,34.925384615384615,14.753846153846155,1.6315384615384614,1.033076923076923,7.7530769230769225,32.97483516483516,41.100769230769224,30.00340659340659,27.57912087912088,33.966373626373624,26.182637362637365,22.44813186813187,52.61615384615384,70.95868131868131,55.30527472527472,53.476153846153835,42.47153846153846,48.019999999999996,1400.1467437024512,49.0,74.0,60.0
2024-04-22,division,Khulna,Khulna,6.0,6.0,6.0,2.0,0.0,2.0,0.0,3.5,2.875,6.0,6.0,2.999999999986406,1.5555555555555556,1.1612903225806452,23.714285714285715,16.659378702207434,4,0.8854560256532099,-0.4647231720437685,0.0,0.0,0.0,0.0,0.47300000000000003,0.27,5.885,13.912,20.877000000000002,12.637,0.588,2.507,18.537,35.15385714285715,43.79342857142858,31.61771428571429,29.101428571428574,37.00185714285714,27.024,23.267,37.852714285714285,62.56357142857142,54.61671428571428,37.234999999999985,45.67799999999998,10.513999999999985,1006.2386399999997,4.0,2.0,5.0
2024-04-22,division,Mymensingh,Mymensingh,3.0,3.0,6.0,3.0,3.0,0.0,2.0,3.75,2.5,6.0,6.0,1.500000000000716,0.8421052631578947,1.3571428571428572,23.714285714285715,16.31903432869183,4,0.8854560256532099,-0.4647231720437685,0.0,0.0,0.0,0.0,9.2675,0.0525,54.93,51.335,79.165,4.1625,2.75,0.10500000000000001,0.2575,31.445357142857144,40.15678571428572,28.699642857142855,26.2125,32.28892857142857,25.628214285714286,22.009642857142858,51.275000000000006,68.21142857142857,50.555,89.18499999999995,28.06249999999994,78.05749999999993,2285.652291071427,2.0,6.0,4.0
2024-04-22,division,Rajshahi,Rajshahi,2.0,2.0,0.0,0.0,0.0,1.0,0.0,0.5,1.0,2.0,3.0,0.9999999999973815,2.0,0.75,24.571428571428573,16.828744725921833,4,0.8854560256532099,-0.4647231720437685,0.0,0.0,0.0,0.0,0.275,0.04,7.27625,12.87875,43.19125,3.33625,2.25875,1.46875,0.965,34.176964285714284,42.87589285714286,30.15125,27.552142857142858,34.695,26.021607142857142,22.29732142857143,28.155714285714286,61.02428571428571,51.24928571428571,53.088750000000026,17.238750000000028,9.115000000000029,1381.4545962053578,5.0,2.0,2.0
2024-04-22,division,Rangpur,Rangpur,0.0,0.0,1.0,0.0,2.0,1.0,0.0,0.75,0.5,2.0,2.0,0.9574271077566547,0.5714285714285714,1.1666666666666667,24.428571428571427,16.68403182311846,4,0.8854560256532099,-0.4647231720437685,0.0,0.0,0.0,0.0,0.18,1.78375,1.63625,22.4725,110.17625000000001,0.80625,0.3125,0.21000000000000002,0.2375,31.950892857142858,41.10017857142857,28.526607142857145,25.800535714285715,32.15875,25.076428571428572,21.301964285714288,31.411607142857143,63.47589285714286,49.041964285714286,111.86499999999995,7.014999999999942,6.868749999999943,2805.174682142856,0.0,0.0,3.0
2024-04-22,division,Sylhet,Sylhet,0.0,0.0,0.0,0.0,1.0,0.0,0.0,0.25,0.125,1.0,1.0,0.5000000000000444,0.8,1.1111111111111112,24.571428571428573,16.21657018255286,4,0.8854560256532099,-0.4647231720437685,0.0,0.0,0.0,0.0,59.0275,0.2125,110.595,87.675,43.947500000000005,6.1975,0.34500000000000003,0.11000000000000001,1.225,29.15535714285714,35.53892857142857,27.4075,25.269285714285715,30.653928571428573,24.858214285714286,20.974285714285713,70.65035714285715,74.21214285714285,60.269285714285715,51.22749999999995,55.01749999999994,231.17249999999996,1273.4241723214272,0.0,3.0,0.0
2024-04-29,division,Barishal,Barishal,27.0,27.0,10.0,16.0,5.0,11.0,4.0,14.5,10.875,27.0,27.0,9.46924847422782,1.8064516129032258,1.305263157894737,20.571428571428573,16.02379618021547,4,0.8229838658936565,-0.5680647467311557,0.0,0.0,1.0,0.0,29.63,13.586666666666666,0.4633333333333334,6.618333333333333,25.944999999999997,25.709999999999997,0.045000000000000005,25.375,0.25499999999999995,32.30833333333333,38.18214285714286,31.80547619047619,30.077380952380953,35.99404761904761,26.135476190476187,24.223333333333333,67.71904761904761,74.55928571428572,55.67071428571429,68.17833333333333,26.02,43.95833333333333,1781.8732075396822,48.0,37.0,16.0
2024-04-29,division,Chattogram,Chattogram,44.0,44.0,55.0,50.0,24.0,18.0,25.0,43.25,33.875,55.0,55.0,13.598406769422969,1.0169491525423728,1.2688172043010753,14.142857142857142,17.31813049167358,4,0.8229838658936565,-0.5680647467311557,0.0,0.0,1.0,0.0,63.97545454545455,30.847272727272728,0.20909090909090908,11.226363636363637,48.67727272727273,31.206363636363633,0.12454545454545453,24.46090909090909,0.05090909090909091,30.253506493506492,35.70987012987013,29.889870129870133,28.377012987012986,33.867402597402595,25.116233766233766,23.143766233766232,73.53285714285714,77.37168831168832,53.431688311688305,102.87090909090904,24.823636363636304,97.4254545454545,2583.729800472254,37.0,33.0,37.0
2024-04-29,division,Dhaka,Dhaka,49.0,49.0,78.0,93.0,28.0,29.0,33.0,62.0,48.0,93.0,93.0,29.10899059278563,0.7936507936507936,1.2857142857142858,10.857142857142858,17.604592364757483,4,0.8229838658936565,-0.5680647467311557,0.0,0.0,1.0,0.0,28.97153846153846,18.322307692307692,0.11076923076923076,24.799999999999997,45.71153846153846,34.925384615384615,2.1653846153846152,33.683076923076925,0.0023076923076923075,32.86494505494505,40.60175824175825,31.912747252747252,29.687032967032966,36.91274725274725,25.654395604395607,23.343296703296705,56.6078021978022,66.5978021978022,48.05428571428571,97.55615384615383,36.35,52.19153846153846,2502.7441644125106,74.0,91.0,67.0
2024-04-29,division,Khulna,Khulna,4.0,4.0,6.0,6.0,2.0,0.0,2.0,4.5,3.125,6.0,6.0,1.9148542154913786,0.9090909090909091,1.3333333333333333,21.142857142857142,16.659378702207434,4,0.8229838658936565,-0.5680647467311557,0.0,0.0,1.0,0.0,1.919,3.886,0.27,5.885,13.912,20.877000000000002,3.133,24.627000000000002,0.007000000000000001,35.28528571428571,43.675285714285714,34.139428571428574,31.47157142857143,40.13757142857143,25.97214285714286,23.729285714285716,39.39014285714286,53.12814285714286,47.76642857142857,50.55899999999999,27.72899999999999,6.547999999999986,1313.1255707142857,2.0,3.0,7.0
2024-04-29,division,Mymensingh,Mymensingh,2.0,2.0,3.0,6.0,3.0,3.0,2.0,3.5,2.5,6.0,6.0,1.7320508075694974,0.6666666666666666,1.2857142857142858,21.571428571428573,16.31903432869183,4,0.8229838658936565,-0.5680647467311557,0.0,0.0,1.0,0.0,53.055,13.807500000000001,0.0525,54.93,51.335,79.165,3.1075,27.700000000000003,0.0,31.240357142857142,39.48321428571429,30.678214285714287,27.933928571428574,35.43071428571429,24.769642857142856,22.27857142857143,54.143214285714286,64.16607142857143,47.723571428571425,137.76999999999995,30.55499999999994,76.18249999999995,3412.5136964285703,6.0,4.0,1.0
2024-04-29,division,Rajshahi,Rajshahi,5.0,5.0,2.0,0.0,0.0,0.0,1.0,1.75,1.5,5.0,5.0,2.3629078131251964,2.1818181818181817,1.1,21.714285714285715,16.828744725921833,4,0.8229838658936565,-0.5680647467311557,0.0,0.0,1.0,0.0,7.01875,1.5237500000000002,0.04,7.27625,12.87875,43.19125,4.3025,14.7625,0.042499999999999996,34.23464285714286,42.68839285714286,33.04517857142857,29.732857142857142,38.504821428571425,24.685535714285713,22.210535714285715,27.53035714285714,44.37428571428571,48.29125,63.70875000000002,18.532500000000027,8.857500000000028,1572.6846234375005,2.0,0.0,1.0
2024-04-29,division,Rangpur,Rangpur,0.0,0.0,0.0,1.0,0.0,2.0,0.0,0.25,0.5,1.0,2.0,0.5000000000006063,0.8,0.8333333333333334,22.0,16.68403182311846,4,0.8229838658936565,-0.5680647467311557,0.0,0.0,1.0,0.0,5.63875,3.26875,1.78375,1.63625,22.4725,110.17625000000001,0.5700000000000001,6.383749999999999,0.18375,32.0025,40.782678571428576,30.78875,28.126964285714287,36.88089285714286,23.55375,21.741607142857145,27.997142857142858,42.7125,43.42892857142857,134.02499999999995,7.089999999999942,10.871249999999943,3156.7913437499988,0.0,0.0,0.0
2024-04-29,division,Sylhet,Sylhet,0.0,0.0,0.0,0.0,0.0,1.0,0.0,0.0,0.125,0.0,1.0,0.0,1.0,0.8888888888888888,22.0,16.21657018255286,4,0.8229838658936565,-0.5680647467311557,0.0,0.0,1.0,0.0,114.015,61.337500000000006,0.2125,110.595,87.675,43.947500000000005,0.7374999999999999,53.6575,0.025,28.859285714285715,34.77964285714286,28.75107142857143,27.13,33.01357142857143,24.664285714285715,21.486071428571428,75.36107142857142,75.97535714285715,53.457857142857144,138.55749999999995,54.13749999999994,234.59249999999994,3417.4217678571417,3.0,0.0,1.0
2024-05-06,division,Barishal,Barishal,48.0,48.0,27.0,10.0,16.0,5.0,6.0,25.25,16.125,48.0,48.0,16.720745597410797,1.8666666666666667,1.532846715328467,14.857142857142858,16.02379618021547,5,0.7485107481711013,-0.663122658240795,0.0,0.0,0.0,0.0,170.24333333333334,0.2783333333333333,13.586666666666666,0.4633333333333334,6.618333333333333,25.944999999999997,16.478333333333335,0.03833333333333334,0.35166666666666674,28.403095238095236,31.405,32.59142857142857,30.78595238095238,36.95,28.107142857142858,26.282619047619047,78.35547619047618,49.0947619047619,67.70642857142856,74.75166666666667,25.81,213.73833333333334,2101.055773809524,37.0,33.0,19.0
2024-05-06,division,Chattogram,Chattogram,37.0,37.0,44.0,55.0,50.0,24.0,19.0,46.5,36.125,55.0,55.0,7.7674534651554294,0.8,1.2794612794612794,12.428571428571429,17.31813049167358,5,0.7485107481711013,-0.663122658240795,0.0,0.0,0.0,0.0,131.46818181818182,2.3936363636363636,30.847272727272728,0.20909090909090908,11.226363636363637,48.67727272727273,22.862727272727273,0.06545454545454545,0.24636363636363637,27.512337662337664,31.184545454545457,30.677012987012986,28.914675324675326,35.40610389610389,26.675584415584414,25.191038961038963,77.63064935064935,54.44662337662337,64.7261038961039,113.97272727272721,24.897272727272668,228.6845454545454,3040.2891074380145,33.0,38.0,24.0
2024-05-06,division,Dhaka,Dhaka,74.0,74.0,49.0,78.0,93.0,28.0,29.0,73.5,53.625,93.0,93.0,18.26654501169325,1.0067114093959733,1.3638443935926774,11.714285714285714,17.604592364757483,5,0.7485107481711013,-0.663122658240795,0.0,0.0,0.0,0.0,138.34615384615384,4.7869230769230775,18.322307692307692,0.11076923076923076,24.799999999999997,45.71153846153846,14.753846153846155,1.6315384615384614,1.033076923076923,28.0121978021978,31.96879120879121,32.97483516483516,30.00340659340659,37.00758241758241,27.57912087912088,26.182637362637365,76.33571428571429,47.58824175824176,58.58747252747253,120.19076923076922,38.51307692307692,190.42692307692306,3314.7557531699067,91.0,60.0,85.0
2024-05-06,division,Khulna,Khulna,2.0,2.0,4.0,6.0,6.0,2.0,4.0,4.5,2.875,6.0,6.0,1.9148542154913786,0.5454545454545454,1.4193548387096775,18.142857142857142,16.659378702207434,5,0.7485107481711013,-0.663122658240795,0.0,0.0,0.0,0.0,117.93199999999999,0.47300000000000003,3.886,0.27,5.885,13.912,12.637,0.588,2.507,29.122000000000003,33.89242857142857,35.15385714285715,31.61771428571429,39.37171428571428,29.101428571428574,27.024,73.10271428571428,37.68128571428572,55.171285714285716,53.310999999999986,30.854999999999986,124.20999999999998,1551.4262585714282,3.0,5.0,19.0
2024-05-06,division,Mymensingh,Mymensingh,6.0,6.0,2.0,3.0,6.0,3.0,1.0,4.25,3.125,6.0,6.0,2.061552812809351,1.3333333333333333,1.2727272727272727,18.428571428571427,16.31903432869183,5,0.7485107481711013,-0.663122658240795,0.0,0.0,0.0,0.0,103.4825,9.2675,13.807500000000001,0.0525,54.93,51.335,4.1625,2.75,0.10500000000000001,26.932142857142857,30.575000000000003,31.445357142857144,28.699642857142855,35.46142857142857,26.2125,25.628214285714286,77.44071428571428,50.33142857142857,49.53821428571428,189.59249999999997,33.66249999999994,179.61249999999995,4969.693406249999,4.0,4.0,5.0
2024-05-06,division,Rajshahi,Rajshahi,2.0,2.0,5.0,2.0,0.0,0.0,3.0,2.25,1.375,5.0,5.0,2.06155281280756,0.9230769230769231,1.368421052631579,18.0,16.828744725921833,5,0.7485107481711013,-0.663122658240795,0.0,0.0,0.0,0.0,77.80250000000001,0.275,1.5237500000000002,0.04,7.27625,12.87875,3.33625,2.25875,1.46875,28.657857142857143,33.06,34.176964285714284,30.15125,37.596785714285716,27.552142857142858,26.021607142857142,70.01732142857142,40.378392857142856,44.94660714285714,66.68250000000002,22.79250000000003,86.62000000000003,1837.2457660714292,0.0,2.0,0.0
2024-05-06,division,Rangpur,Rangpur,0.0,0.0,0.0,0.0,1.0,0.0,0.0,0.25,0.5,1.0,2.0,0.5000000000006063,0.8,0.8333333333333334,18.714285714285715,16.68403182311846,5,0.7485107481711013,-0.663122658240795,0.0,0.0,0.0,0.0,31.3875,0.18,3.26875,1.78375,1.63625,22.4725,0.80625,0.3125,0.21000000000000002,28.20892857142857,33.02446428571429,31.950892857142858,28.526607142857145,36.39071428571428,25.800535714285715,25.076428571428572,64.27892857142857,42.893035714285716,37.38232142857143,135.09124999999995,7.4762499999999426,40.47499999999994,3485.4266203124985,0.0,3.0,1.0
2024-05-06,division,Sylhet,Sylhet,3.0,3.0,0.0,0.0,0.0,0.0,0.0,0.75,0.5,3.0,3.0,1.5000000000000149,2.2857142857142856,1.1666666666666667,18.714285714285715,16.21657018255286,5,0.7485107481711013,-0.663122658240795,0.0,0.0,0.0,0.0,115.5875,59.0275,61.337500000000006,0.2125,110.595,87.675,6.1975,0.34500000000000003,0.11000000000000001,26.465,30.035714285714285,29.15535714285714,27.4075,33.79464285714286,25.269285714285715,24.858214285714286,80.0,60.767857142857146,57.67964285714286,248.41499999999994,54.849999999999945,349.9675,6277.269610714285,0.0,0.0,0.0
2024-05-13,division,Barishal,Barishal,37.0,37.0,48.0,27.0,10.0,16.0,9.0,30.5,19.625,48.0,48.0,16.134848413707907,1.2063492063492063,1.5272727272727273,17.714285714285715,16.02379618021547,5,0.6631226582407952,-0.7485107481711012,0.0,0.0,0.0,0.0,23.263333333333332,29.63,0.2783333333333333,13.586666666666666,0.4633333333333334,6.618333333333333,25.709999999999997,0.045000000000000005,25.375,29.63952380952381,33.11166666666667,32.30833333333333,31.80547619047619,38.14738095238095,30.077380952380953,26.135476190476187,79.91761904761906,65.17690476190477,69.67833333333333,58.73666666666666,41.93666666666667,223.415,1766.645099206349,33.0,16.0,25.0
2024-05-13,division,Chattogram,Chattogram,33.0,33.0,37.0,44.0,55.0,50.0,36.0,42.25,35.75,55.0,55.0,9.639329160615299,0.7861271676300579,1.1768707482993197,19.285714285714285,17.31813049167358,5,0.6631226582407952,-0.7485107481711012,0.0,0.0,0.0,0.0,25.508181818181814,63.97545454545455,2.3936363636363636,30.847272727272728,0.20909090909090908,11.226363636363637,31.206363636363633,0.12454545454545453,24.46090909090909,29.175454545454546,33.218831168831166,30.253506493506492,29.889870129870133,35.70246753246754,28.377012987012986,25.116233766233766,77.61584415584416,69.58558441558442,68.74870129870129,91.31909090909085,47.51363636363631,223.34545454545452,2591.3630286894904,38.0,37.0,21.0
2024-05-13,division,Dhaka,Dhaka,91.0,91.0,74.0,49.0,78.0,93.0,36.0,73.0,60.5,91.0,93.0,17.568911937402827,1.2432432432432432,1.2032520325203253,14.0,17.604592364757483,5,0.6631226582407952,-0.7485107481711012,0.0,0.0,0.0,0.0,20.07923076923077,28.97153846153846,4.7869230769230775,18.322307692307692,0.11076923076923076,24.799999999999997,34.925384615384615,2.1653846153846152,33.683076923076925,29.892857142857142,34.349230769230765,32.86494505494505,31.912747252747252,39.794285714285714,29.687032967032966,25.654395604395607,75.13758241758242,57.40989010989011,64.98252747252747,105.5476923076923,52.233846153846144,192.18384615384613,3133.397821132713,60.0,67.0,88.0
2024-05-13,division,Khulna,Khulna,3.0,3.0,2.0,4.0,6.0,6.0,1.0,3.75,3.125,6.0,6.0,1.7078251276360537,0.8421052631578947,1.1515151515151516,24.285714285714285,16.659378702207434,5,0.6631226582407952,-0.7485107481711012,0.0,0.0,0.0,0.0,6.4879999999999995,1.919,0.47300000000000003,3.886,0.27,5.885,20.877000000000002,3.133,24.627000000000002,30.95128571428571,36.21742857142857,35.28528571428571,34.139428571428574,42.70657142857142,31.47157142857143,25.97214285714286,69.02742857142857,43.38585714285714,63.361000000000004,40.943999999999996,40.984999999999985,126.81199999999998,1288.5720205714285,5.0,7.0,14.0
2024-05-13,division,Mymensingh,Mymensingh,4.0,4.0,6.0,2.0,3.0,6.0,2.0,3.75,3.375,6.0,6.0,1.707825127660562,1.0526315789473684,1.0857142857142856,23.714285714285715,16.31903432869183,5,0.6631226582407952,-0.7485107481711012,0.0,0.0,0.0,0.0,48.1825,53.055,9.2675,13.807500000000001,0.0525,54.93,79.165,3.1075,27.700000000000003,29.733214285714286,34.1225,31.240357142857142,30.678214285714287,38.43535714285714,27.933928571428574,24.769642857142856,73.25321428571428,56.18714285714286,62.528571428571425,185.48249999999993,37.71999999999994,213.98749999999995,5181.254906249998,4.0,1.0,3.0
2024-05-13,division,Rajshahi,Rajshahi,0.0,0.0,2.0,5.0,2.0,0.0,1.0,2.25,1.25,5.0,5.0,2.06155281280756,0.3076923076923077,1.4444444444444444,24.285714285714285,16.828744725921833,5,0.6631226582407952,-0.7485107481711012,0.0,0.0,0.0,0.0,14.00375,7.01875,0.275,1.5237500000000002,0.04,7.27625,43.19125,4.3025,14.7625,31.75089285714286,37.42946428571429,34.23464285714286,33.04517857142857,41.29160714285714,29.732857142857142,24.685535714285713,60.29107142857143,38.26125,63.16785714285714,63.386250000000025,24.66000000000003,99.10000000000002,1884.6543160714293,2.0,1.0,0.0
2024-05-13,division,Rangpur,Rangpur,0.0,0.0,0.0,0.0,0.0,1.0,0.0,0.0,0.5,0.0,2.0,0.0,1.0,0.6666666666666666,24.571428571428573,16.68403182311846,5,0.6631226582407952,-0.7485107481711012,0.0,0.0,0.0,0.0,23.7525,5.63875,0.18,3.26875,1.78375,1.63625,110.17625000000001,0.5700000000000001,6.383749999999999,31.982321428571428,38.06196428571429,32.0025,30.78875,38.96071428571429,28.126964285714287,23.55375,54.74035714285714,43.213750000000005,62.15839285714285,136.06874999999997,8.072499999999943,60.958749999999945,3827.200871651785,3.0,0.0,0.0
2024-05-13,division,Sylhet,Sylhet,0.0,0.0,3.0,0.0,0.0,0.0,0.0,0.75,0.5,3.0,3.0,1.5000000000000149,0.5714285714285714,1.1666666666666667,24.142857142857142,16.21657018255286,5,0.6631226582407952,-0.7485107481711012,0.0,0.0,0.0,0.0,77.66499999999999,114.015,59.0275,61.337500000000006,0.2125,110.595,43.947500000000005,0.7374999999999999,53.6575,28.84107142857143,32.464285714285715,28.859285714285715,28.75107142857143,34.94428571428571,27.13,24.664285714285715,78.81785714285715,71.34642857142858,64.41714285714286,242.42999999999995,60.93749999999994,366.29499999999996,6577.125899999998,0.0,1.0,0.0
2024-05-20,division,Barishal,Barishal,33.0,33.0,37.0,48.0,27.0,10.0,3.0,36.25,23.375,48.0,48.0,8.84590300647702,0.912751677852349,1.528205128205128,18.714285714285715,16.02379618021547,5,0.5680647467311558,-0.8229838658936564,0.0,0.0,0.0,0.0,126.76166666666666,170.24333333333334,29.63,0.2783333333333333,13.586666666666666,0.4633333333333334,25.944999999999997,16.478333333333335,0.03833333333333334,30.273809523809522,33.517380952380954,28.403095238095236,32.59142857142857,39.22404761904762,30.78595238095238,28.107142857142858,78.73738095238095,63.026190476190486,75.87333333333332,46.61333333333333,42.27166666666666,349.8983333333333,1435.0358603174602,16.0,19.0,27.0
2024-05-20,division,Chattogram,Chattogram,38.0,38.0,33.0,37.0,44.0,55.0,25.0,38.0,37.375,44.0,55.0,4.546060565664346,1.0,1.01628664495114,19.285714285714285,17.31813049167358,5,0.5680647467311558,-0.8229838658936564,0.0,0.0,0.0,0.0,125.34636363636363,131.46818181818182,63.97545454545455,2.3936363636363636,30.847272727272728,0.20909090909090908,48.67727272727273,22.862727272727273,0.06545454545454545,30.172727272727272,34.162727272727274,27.512337662337664,30.677012987012986,37.083636363636366,28.914675324675326,26.675584415584414,77.03883116883117,66.80935064935065,74.32090909090908,90.95999999999995,54.259090909090844,346.2981818181818,2630.078867532466,37.0,24.0,45.0
2024-05-20,division,Dhaka,Dhaka,60.0,60.0,91.0,74.0,49.0,78.0,42.0,68.5,62.75,91.0,93.0,18.156725108460932,0.8776978417266187,1.0901960784313725,11.0,17.604592364757483,5,0.5680647467311558,-0.8229838658936564,0.0,0.0,0.0,0.0,69.64,138.34615384615384,28.97153846153846,4.7869230769230775,18.322307692307692,0.11076923076923076,45.71153846153846,14.753846153846155,1.6315384615384614,30.943516483516483,35.11736263736264,28.0121978021978,32.97483516483516,41.100769230769224,30.00340659340659,27.57912087912088,73.86670329670329,52.61615384615384,70.95868131868131,88.94461538461537,53.476153846153835,257.036923076923,2668.641459678782,67.0,85.0,84.0
2024-05-20,division,Khulna,Khulna,5.0,5.0,3.0,2.0,4.0,6.0,2.0,3.5,3.5,5.0,6.0,1.2909944487042162,1.3333333333333333,1.0,23.571428571428573,16.659378702207434,5,0.5680647467311558,-0.8229838658936564,0.0,0.0,0.0,0.0,61.293000000000006,117.93199999999999,1.919,0.47300000000000003,3.886,0.27,13.912,12.637,0.588,31.517142857142858,36.44685714285714,29.122000000000003,35.15385714285715,43.79342857142858,31.61771428571429,29.101428571428574,70.75071428571428,37.852714285714285,62.56357142857142,23.952999999999985,37.234999999999985,187.632,757.3391102857139,7.0,19.0,14.0
2024-05-20,division,Mymensingh,Mymensingh,4.0,4.0,4.0,6.0,2.0,3.0,0.0,4.0,3.875,6.0,6.0,1.6329931618561098,1.0,1.0256410256410255,23.428571428571427,16.31903432869183,5,0.5680647467311558,-0.8229838658936564,0.0,0.0,0.0,0.0,51.8075,103.4825,53.055,9.2675,13.807500000000001,0.0525,51.335,4.1625,2.75,30.42892857142857,34.51285714285714,26.932142857142857,31.445357142857144,40.15678571428572,28.699642857142855,26.2125,74.97214285714286,51.275000000000006,68.21142857142857,120.12499999999994,89.18499999999995,256.5274999999999,3447.5445982142837,1.0,5.0,4.0
2024-05-20,division,Rajshahi,Rajshahi,2.0,2.0,0.0,2.0,5.0,2.0,1.0,2.25,1.375,5.0,5.0,2.06155281280756,0.9230769230769231,1.368421052631579,24.0,16.828744725921833,5,0.5680647467311558,-0.8229838658936564,0.0,0.0,0.0,0.0,66.73,77.80250000000001,7.01875,0.275,1.5237500000000002,0.04,12.87875,3.33625,2.25875,31.469285714285714,35.96642857142857,28.657857142857143,34.176964285714284,42.87589285714286,30.15125,27.552142857142858,68.87482142857142,28.155714285714286,61.02428571428571,21.71875000000003,53.088750000000026,165.55500000000004,654.8474609375008,1.0,0.0,0.0
2024-05-20,division,Rangpur,Rangpur,3.0,3.0,0.0,0.0,0.0,0.0,1.0,0.75,0.75,3.0,3.0,1.500000000000202,2.2857142857142856,1.0,24.0,16.68403182311846,5,0.5680647467311558,-0.8229838658936564,0.0,0.0,0.0,0.0,60.04125,31.3875,5.63875,0.18,3.26875,1.78375,22.4725,0.80625,0.3125,31.965357142857144,37.03946428571429,28.20892857142857,31.950892857142858,41.10017857142857,28.526607142857145,25.800535714285715,63.026964285714286,31.411607142857143,63.47589285714286,29.161249999999942,111.86499999999995,120.81999999999994,831.8715225446413,0.0,1.0,0.0
2024-05-20,division,Sylhet,Sylhet,0.0,0.0,0.0,3.0,0.0,0.0,0.0,0.75,0.5,3.0,3.0,1.5000000000000149,0.5714285714285714,1.1666666666666667,24.0,16.21657018255286,5,0.5680647467311558,-0.8229838658936564,0.0,0.0,0.0,0.0,43.655,115.5875,114.015,59.0275,61.337500000000006,0.2125,87.675,6.1975,0.34500000000000003,30.185000000000002,34.25678571428571,26.465,29.15535714285714,35.53892857142857,27.4075,25.269285714285715,76.63607142857143,70.65035714285715,74.21214285714285,259.81999999999994,51.22749999999995,350.9224999999999,7121.016649999998,1.0,0.0,0.0
2024-05-27,division,Barishal,Barishal,16.0,16.0,33.0,37.0,48.0,27.0,11.0,33.5,24.0,48.0,48.0,13.279056191361363,0.4927536231884058,1.38,16.0,16.02379618021547,5,0.46472317204376906,-0.8854560256532096,0.0,0.0,0.0,0.0,166.74666666666667,23.263333333333332,170.24333333333334,29.63,0.2783333333333333,13.586666666666666,6.618333333333333,25.709999999999997,0.045000000000000005,29.747142857142858,31.919999999999998,29.63952380952381,32.30833333333333,38.18214285714286,31.80547619047619,30.077380952380953,87.85261904761904,67.71904761904761,74.55928571428572,20.946666666666665,68.17833333333333,487.015,666.2187079365078,19.0,25.0,19.0
2024-05-27,division,Chattogram,Chattogram,37.0,37.0,38.0,33.0,37.0,44.0,18.0,36.25,39.75,38.0,55.0,2.2173557826132546,1.0201342281879195,0.9141104294478528,15.285714285714286,17.31813049167358,5,0.46472317204376906,-0.8854560256532096,0.0,0.0,0.0,0.0,216.08545454545455,25.508181818181814,131.46818181818182,63.97545454545455,2.3936363636363636,30.847272727272728,11.226363636363637,31.206363636363633,0.12454545454545453,29.093376623376624,31.61948051948052,29.175454545454546,30.253506493506492,35.70987012987013,29.889870129870133,28.377012987012986,88.23948051948052,73.53285714285714,77.37168831168832,44.67636363636358,102.87090909090904,498.4081818181818,1335.37070696576,24.0,21.0,90.0
2024-05-27,division,Dhaka,Dhaka,67.0,67.0,60.0,91.0,74.0,49.0,29.0,73.0,67.5,91.0,93.0,13.291601358159053,0.918918918918919,1.0802919708029197,12.142857142857142,17.604592364757483,5,0.46472317204376906,-0.8854560256532096,0.0,0.0,0.0,0.0,196.4953846153846,20.07923076923077,138.34615384615384,28.97153846153846,4.7869230769230775,18.322307692307692,24.799999999999997,34.925384615384615,2.1653846153846152,29.463846153846152,32.68791208791209,29.892857142857142,32.86494505494505,40.60175824175825,31.912747252747252,29.687032967032966,87.47153846153846,56.6078021978022,66.5978021978022,48.019999999999996,97.55615384615383,424.5607692307692,1532.4501230769229,85.0,88.0,137.0
2024-05-27,division,Khulna,Khulna,7.0,7.0,5.0,3.0,2.0,4.0,0.0,4.25,4.375,7.0,7.0,2.217355782589953,1.5238095238095237,0.9767441860465116,20.0,16.659378702207434,5,0.46472317204376906,-0.8854560256532096,0.0,0.0,0.0,0.0,133.477,6.4879999999999995,117.93199999999999,1.919,0.47300000000000003,3.886,5.885,20.877000000000002,3.133,30.15328571428571,34.275285714285715,30.95128571428571,35.28528571428571,43.675285714285714,34.139428571428574,31.47157142857143,83.62557142857142,39.39014285714286,53.12814285714286,10.513999999999985,50.55899999999999,319.18999999999994,358.9419519999995,19.0,14.0,15.0
2024-05-27,division,Mymensingh,Mymensingh,1.0,1.0,4.0,4.0,6.0,2.0,3.0,3.75,3.625,6.0,6.0,2.061552812809351,0.42105263157894735,1.027027027027027,20.142857142857142,16.31903432869183,5,0.46472317204376906,-0.8854560256532096,0.0,0.0,0.0,0.0,270.32000000000005,48.1825,103.4825,53.055,9.2675,13.807500000000001,54.93,79.165,3.1075,28.9725,32.02285714285714,29.733214285714286,31.240357142857142,39.48321428571429,30.678214285714287,27.933928571428574,88.40678571428572,54.143214285714286,64.16607142857143,78.05749999999993,137.76999999999995,473.79249999999996,2394.664711607141,5.0,3.0,2.0
2024-05-27,division,Rajshahi,Rajshahi,1.0,1.0,2.0,0.0,2.0,5.0,0.0,1.25,1.5,2.0,5.0,0.9574271077536032,0.8888888888888888,0.9,20.428571428571427,16.828744725921833,5,0.46472317204376906,-0.8854560256532096,0.0,0.0,0.0,0.0,106.58125,14.00375,77.80250000000001,7.01875,0.275,1.5237500000000002,7.27625,43.19125,4.3025,30.601071428571426,35.19446428571428,31.75089285714286,34.23464285714286,42.68839285714286,33.04517857142857,29.732857142857142,79.62607142857144,27.53035714285714,44.37428571428571,9.115000000000029,63.70875000000002,265.1175,301.2068026785724,0.0,0.0,3.0
2024-05-27,division,Rangpur,Rangpur,0.0,0.0,3.0,0.0,0.0,0.0,2.0,0.75,0.5,3.0,3.0,1.500000000000202,0.5714285714285714,1.1666666666666667,20.285714285714285,16.68403182311846,5,0.46472317204376906,-0.8854560256532096,0.0,0.0,0.0,0.0,156.3875,23.7525,31.3875,5.63875,0.18,3.26875,1.63625,110.17625000000001,0.5700000000000001,30.484642857142855,34.84285714285714,31.982321428571428,32.0025,40.782678571428576,30.78875,28.126964285714287,77.86089285714286,27.997142857142858,42.7125,6.868749999999943,134.02499999999995,271.5687499999999,211.48022656249825,1.0,0.0,0.0
2024-05-27,division,Sylhet,Sylhet,1.0,1.0,0.0,0.0,3.0,0.0,1.0,1.0,0.5,3.0,3.0,1.4142135623731107,1.0,1.3333333333333333,20.714285714285715,16.21657018255286,5,0.46472317204376906,-0.8854560256532096,0.0,0.0,0.0,0.0,514.4475,77.66499999999999,115.5875,114.015,59.0275,61.337500000000006,110.595,43.947500000000005,0.7374999999999999,28.565357142857145,31.418214285714285,28.84107142857143,28.859285714285715,34.77964285714286,28.75107142857143,27.13,89.56571428571428,75.36107142857142,75.97535714285715,231.17249999999996,138.55749999999995,751.3549999999999,6646.457059821428,0.0,0.0,0.0
2024-06-03,division,Barishal,Barishal,19.0,19.0,16.0,33.0,37.0,48.0,5.0,26.25,25.75,37.0,48.0,10.307764064044113,0.7339449541284404,1.0186915887850467,16.285714285714285,16.02379618021547,6,0.35460488704253584,-0.9350162426854147,0.0,0.0,0.0,0.0,90.84166666666665,126.76166666666666,23.263333333333332,170.24333333333334,29.63,0.2783333333333333,0.4633333333333334,25.944999999999997,16.478333333333335,29.507857142857144,31.85404761904762,30.273809523809522,28.403095238095236,31.405,32.59142857142857,30.78595238095238,87.63071428571429,78.35547619047618,49.0947619047619,43.95833333333333,74.75166666666667,407.6133333333333,1432.6648809523808,25.0,27.0,37.0
2024-06-03,division,Chattogram,Chattogram,24.0,24.0,37.0,38.0,33.0,37.0,24.0,33.0,39.75,38.0,55.0,6.37704215657137,0.7352941176470589,0.8343558282208589,13.285714285714286,17.31813049167358,6,0.35460488704253584,-0.9350162426854147,0.0,0.0,0.0,0.0,149.22181818181818,125.34636363636363,25.508181818181814,131.46818181818182,63.97545454545455,2.3936363636363636,0.20909090909090908,48.67727272727273,22.862727272727273,28.754545454545454,31.40896103896104,30.172727272727272,27.512337662337664,31.184545454545457,30.677012987012986,28.914675324675326,88.25090909090909,77.63064935064935,54.44662337662337,97.4254545454545,113.97272727272721,516.1618181818181,2988.721934356551,21.0,45.0,91.0
2024-06-03,division,Dhaka,Dhaka,85.0,85.0,67.0,60.0,91.0,74.0,28.0,75.75,74.625,91.0,93.0,14.637281168220719,1.1205211726384365,1.0148760330578512,9.0,17.604592364757483,6,0.35460488704253584,-0.9350162426854147,0.0,0.0,0.0,0.0,130.3376923076923,69.64,20.07923076923077,138.34615384615384,28.97153846153846,4.7869230769230775,0.11076923076923076,45.71153846153846,14.753846153846155,29.496043956043955,32.73648351648352,30.943516483516483,28.0121978021978,31.96879120879121,32.97483516483516,30.00340659340659,87.21186813186813,76.33571428571429,47.58824175824176,52.19153846153846,120.19076923076922,416.55230769230764,1721.0073777683851,88.0,84.0,177.0
2024-06-03,division,Khulna,Khulna,19.0,19.0,7.0,5.0,3.0,2.0,2.0,8.5,6.5,19.0,19.0,7.187952884276935,2.1052631578947367,1.2666666666666666,17.571428571428573,16.659378702207434,6,0.35460488704253584,-0.9350162426854147,0.0,0.0,0.0,0.0,56.664,61.293000000000006,6.4879999999999995,117.93199999999999,1.919,0.47300000000000003,0.27,13.912,12.637,30.428142857142852,34.781142857142854,31.517142857142858,29.122000000000003,33.89242857142857,35.15385714285715,31.61771428571429,81.78328571428571,73.10271428571428,37.68128571428572,6.547999999999986,53.310999999999986,257.92199999999997,230.1874565714281,14.0,14.0,13.0
2024-06-03,division,Mymensingh,Mymensingh,5.0,5.0,1.0,4.0,4.0,6.0,3.0,3.5,3.875,5.0,6.0,1.7320508075694974,1.3333333333333333,0.9230769230769231,18.428571428571427,16.31903432869183,6,0.35460488704253584,-0.9350162426854147,0.0,0.0,0.0,0.0,241.555,51.8075,48.1825,103.4825,53.055,9.2675,0.0525,51.335,4.1625,29.035357142857144,32.03642857142857,30.42892857142857,26.932142857142857,30.575000000000003,31.445357142857144,28.699642857142855,88.6225,77.44071428571428,50.33142857142857,76.18249999999995,189.59249999999997,611.865,2395.585920535713,3.0,4.0,5.0
2024-06-03,division,Rajshahi,Rajshahi,0.0,0.0,1.0,2.0,0.0,2.0,0.0,0.75,1.5,2.0,5.0,0.9574271077536028,0.5714285714285714,0.7,18.428571428571427,16.828744725921833,6,0.35460488704253584,-0.9350162426854147,0.0,0.0,0.0,0.0,130.875,66.73,14.00375,77.80250000000001,7.01875,0.275,0.04,12.87875,3.33625,30.77642857142857,35.10053571428571,31.469285714285714,28.657857142857143,33.06,34.176964285714284,30.15125,79.08964285714286,70.01732142857142,40.378392857142856,8.857500000000028,66.68250000000002,318.19,302.7224611607152,0.0,0.0,2.0
2024-06-03,division,Rangpur,Rangpur,1.0,1.0,0.0,3.0,0.0,0.0,0.0,1.0,0.625,3.0,3.0,1.4142135623733094,1.0,1.2307692307692308,18.571428571428573,16.68403182311846,6,0.35460488704253584,-0.9350162426854147,0.0,0.0,0.0,0.0,159.96875,60.04125,23.7525,31.3875,5.63875,0.18,1.78375,22.4725,0.80625,29.751607142857143,33.619107142857146,31.965357142857144,28.20892857142857,33.02446428571429,31.950892857142858,28.526607142857145,82.05303571428571,64.27892857142857,42.893035714285716,10.871249999999943,135.09124999999995,400.1499999999999,347.34614397321246,0.0,0.0,2.0
2024-06-03,division,Sylhet,Sylhet,0.0,0.0,1.0,0.0,0.0,3.0,0.0,0.25,0.5,1.0,3.0,0.5000000000000445,0.8,0.8333333333333334,18.428571428571427,16.21657018255286,6,0.35460488704253584,-0.9350162426854147,0.0,0.0,0.0,0.0,297.33500000000004,43.655,77.66499999999999,115.5875,114.015,59.0275,0.2125,87.675,6.1975,28.712142857142858,31.759642857142858,30.185000000000002,26.465,30.035714285714285,29.15535714285714,27.4075,88.95285714285714,80.0,60.767857142857146,234.59249999999994,248.41499999999994,933.1025,6839.628120535713,0.0,0.0,0.0
2024-06-10,division,Barishal,Barishal,25.0,25.0,19.0,16.0,33.0,37.0,16.0,23.25,26.875,33.0,48.0,7.499999999999948,1.0721649484536082,0.8699551569506726,19.142857142857142,16.02379618021547,6,0.23931566428755768,-0.970941817426052,0.0,0.0,0.0,0.0,53.65166666666667,166.74666666666667,126.76166666666666,23.263333333333332,170.24333333333334,29.63,13.586666666666666,6.618333333333333,25.709999999999997,29.53857142857143,31.77761904761905,29.747142857142858,29.63952380952381,33.11166666666667,32.30833333333333,31.80547619047619,88.03833333333334,79.91761904761906,65.17690476190477,213.73833333333334,58.73666666666666,438.00166666666667,6905.529319444444,27.0,19.0,44.0
2024-06-10,division,Chattogram,Chattogram,21.0,21.0,24.0,37.0,38.0,33.0,50.0,30.0,36.125,38.0,55.0,8.755950357710375,0.7096774193548387,0.835016835016835,18.428571428571427,17.31813049167358,6,0.23931566428755768,-0.970941817426052,0.0,0.0,0.0,0.0,113.13272727272728,216.08545454545455,125.34636363636363,25.508181818181814,131.46818181818182,63.97545454545455,30.847272727272728,11.226363636363637,31.206363636363633,28.800519480519483,31.502727272727274,29.093376623376624,29.175454545454546,33.218831168831166,30.253506493506492,29.889870129870133,88.92506493506494,77.61584415584416,69.58558441558442,228.6845454545454,91.31909090909085,603.7863636363636,6918.50938087367,45.0,90.0,160.0
2024-06-10,division,Dhaka,Dhaka,88.0,88.0,85.0,67.0,60.0,91.0,93.0,75.0,74.0,88.0,91.0,13.638181696895993,1.1710526315789473,1.0133333333333334,9.714285714285714,17.604592364757483,6,0.23931566428755768,-0.970941817426052,0.0,0.0,0.0,0.0,70.96384615384615,196.4953846153846,69.64,20.07923076923077,138.34615384615384,28.97153846153846,18.322307692307692,24.799999999999997,34.925384615384615,29.45945054945055,32.433186813186815,29.463846153846152,29.892857142857142,34.349230769230765,32.86494505494505,31.912747252747252,88.97879120879121,75.13758241758242,57.40989010989011,190.42692307692306,105.5476923076923,467.436923076923,6258.370363905325,84.0,137.0,317.0
2024-06-10,division,Khulna,Khulna,14.0,14.0,19.0,7.0,5.0,3.0,6.0,11.25,7.5,19.0,19.0,6.448514040711377,1.2244897959183674,1.4411764705882353,19.142857142857142,16.659378702207434,6,0.23931566428755768,-0.970941817426052,0.0,0.0,0.0,0.0,29.282,133.477,61.293000000000006,6.4879999999999995,117.93199999999999,1.919,3.886,5.885,20.877000000000002,30.118142857142857,34.042,30.15328571428571,30.95128571428571,36.21742857142857,35.28528571428571,34.139428571428574,84.91928571428572,69.02742857142857,43.38585714285714,124.20999999999998,40.943999999999996,280.716,4382.785338571428,14.0,15.0,48.0
2024-06-10,division,Mymensingh,Mymensingh,3.0,3.0,5.0,1.0,4.0,4.0,6.0,3.25,3.5,5.0,6.0,1.707825127660562,0.9411764705882353,0.9444444444444444,21.142857142857142,16.31903432869183,6,0.23931566428755768,-0.970941817426052,0.0,0.0,0.0,0.0,141.78,270.32000000000005,51.8075,48.1825,103.4825,53.055,13.807500000000001,54.93,79.165,29.12357142857143,31.714999999999996,28.9725,29.733214285714286,34.1225,31.240357142857142,30.678214285714287,91.06678571428571,73.25321428571428,56.18714285714286,179.61249999999995,185.48249999999993,705.4625,5611.158647321427,4.0,2.0,13.0
2024-06-10,division,Rajshahi,Rajshahi,0.0,0.0,0.0,1.0,2.0,0.0,0.0,0.75,1.5,2.0,5.0,0.9574271077536028,0.5714285714285714,0.7,21.857142857142858,16.828744725921833,6,0.23931566428755768,-0.970941817426052,0.0,0.0,0.0,0.0,71.01,106.58125,66.73,14.00375,77.80250000000001,7.01875,1.5237500000000002,7.27625,43.19125,30.520714285714284,34.18464285714286,30.601071428571426,31.75089285714286,37.42946428571429,34.23464285714286,33.04517857142857,84.48839285714286,60.29107142857143,38.26125,86.62000000000003,63.386250000000025,375.19625,2965.4047642857154,0.0,3.0,6.0
2024-06-10,division,Rangpur,Rangpur,0.0,0.0,1.0,0.0,3.0,0.0,1.0,1.0,0.5,3.0,3.0,1.4142135623733094,0.5,1.3333333333333333,21.714285714285715,16.68403182311846,6,0.23931566428755768,-0.970941817426052,0.0,0.0,0.0,0.0,180.835,156.3875,60.04125,23.7525,31.3875,5.63875,3.26875,1.63625,110.17625000000001,29.551785714285714,32.37535714285714,30.484642857142855,31.982321428571428,38.06196428571429,32.0025,30.78875,88.58232142857143,54.74035714285714,43.213750000000005,40.47499999999994,136.06874999999997,557.2325,1295.301187499998,0.0,0.0,0.0
2024-06-10,division,Sylhet,Sylhet,0.0,0.0,0.0,1.0,0.0,0.0,0.0,0.25,0.5,1.0,3.0,0.5000000000000445,0.8,0.8333333333333334,21.857142857142858,16.21657018255286,6,0.23931566428755768,-0.970941817426052,0.0,0.0,0.0,0.0,294.6225,514.4475,43.655,77.66499999999999,115.5875,114.015,61.337500000000006,110.595,43.947500000000005,28.865714285714287,31.73107142857143,28.565357142857145,28.84107142857143,32.464285714285715,28.859285714285715,28.75107142857143,90.05964285714285,78.81785714285715,71.34642857142858,349.9675,242.42999999999995,1150.06,10099.812073214285,0.0,0.0,0.0
2024-06-17,division,Barishal,Barishal,27.0,27.0,25.0,19.0,16.0,33.0,10.0,21.75,29.0,27.0,48.0,5.123475382979723,1.2307692307692308,0.7583333333333333,18.0,16.02379618021547,6,0.12053668025532308,-0.992708874098054,2.0,0.0,2.0,0.0,146.55666666666667,90.84166666666665,166.74666666666667,126.76166666666666,23.263333333333332,170.24333333333334,0.2783333333333333,0.4633333333333334,25.944999999999997,29.221904761904764,31.495714285714286,29.507857142857144,30.273809523809522,33.517380952380954,28.403095238095236,32.59142857142857,88.10857142857144,78.73738095238095,63.026190476190486,223.415,46.61333333333333,457.7966666666667,6345.677522619047,19.0,37.0,
2024-06-17,division,Chattogram,Chattogram,45.0,45.0,21.0,24.0,37.0,38.0,55.0,31.75,34.875,45.0,45.0,11.236102527123085,1.4045801526717556,0.9128919860627178,18.571428571428573,17.31813049167358,6,0.12053668025532308,-0.992708874098054,2.0,0.0,2.0,0.0,132.88545454545454,149.22181818181818,216.08545454545455,125.34636363636363,25.508181818181814,131.46818181818182,2.3936363636363636,0.20909090909090908,48.67727272727273,28.607402597402597,31.339480519480524,28.754545454545454,30.172727272727272,34.162727272727274,27.512337662337664,30.677012987012986,88.41467532467533,77.03883116883117,66.80935064935065,223.34545454545452,90.95999999999995,611.3254545454545,6144.755560802833,90.0,91.0,
2024-06-17,division,Dhaka,Dhaka,84.0,84.0,88.0,85.0,67.0,60.0,78.0,81.0,74.75,88.0,91.0,9.486832980375953,1.0365853658536586,1.0825082508250825,9.0,17.604592364757483,6,0.12053668025532308,-0.992708874098054,2.0,0.0,2.0,0.0,84.1853846153846,130.3376923076923,196.4953846153846,69.64,20.07923076923077,138.34615384615384,4.7869230769230775,0.11076923076923076,45.71153846153846,29.193296703296706,32.10989010989011,29.496043956043955,30.943516483516483,35.11736263736264,28.0121978021978,32.97483516483516,88.05483516483517,73.86670329670329,52.61615384615384,192.18384615384613,88.94461538461537,481.98230769230764,5383.491912848689,137.0,177.0,
2024-06-17,division,Khulna,Khulna,14.0,14.0,14.0,19.0,7.0,5.0,6.0,13.5,8.5,19.0,19.0,4.93288286230798,1.0344827586206897,1.5263157894736843,19.571428571428573,16.659378702207434,6,0.12053668025532308,-0.992708874098054,2.0,0.0,2.0,0.0,42.316,56.664,133.477,61.293000000000006,6.4879999999999995,117.93199999999999,0.47300000000000003,0.27,13.912,29.801428571428573,33.368428571428566,30.428142857142852,31.517142857142858,36.44685714285714,29.122000000000003,35.15385714285715,83.86371428571428,70.75071428571428,37.852714285714285,126.81199999999998,23.952999999999985,261.739,3693.019064,15.0,13.0,
2024-06-17,division,Mymensingh,Mymensingh,4.0,4.0,3.0,5.0,1.0,4.0,3.0,3.25,3.625,5.0,6.0,1.707825127660562,1.1764705882352942,0.918918918918919,21.142857142857142,16.31903432869183,6,0.12053668025532308,-0.992708874098054,2.0,0.0,2.0,0.0,186.5025,241.555,270.32000000000005,51.8075,48.1825,103.4825,9.2675,0.0525,51.335,28.763214285714284,31.30857142857143,29.035357142857144,30.42892857142857,34.51285714285714,26.932142857142857,31.445357142857144,90.64392857142857,74.97214285714286,51.275000000000006,213.98749999999995,120.12499999999994,840.1574999999999,5763.141919642856,2.0,5.0,
2024-06-17,division,Rajshahi,Rajshahi,0.0,0.0,0.0,0.0,1.0,2.0,2.0,0.25,1.25,1.0,5.0,0.4999999999947618,0.8,0.5555555555555556,21.571428571428573,16.828744725921833,6,0.12053668025532308,-0.992708874098054,2.0,0.0,2.0,0.0,52.08625,130.875,106.58125,66.73,14.00375,77.80250000000001,0.275,0.04,12.87875,30.15267857142857,33.840535714285714,30.77642857142857,31.469285714285714,35.96642857142857,28.657857142857143,34.176964285714284,83.01142857142858,68.87482142857142,28.155714285714286,99.10000000000002,21.71875000000003,360.5525,2839.9936428571436,3.0,2.0,
2024-06-17,division,Rangpur,Rangpur,0.0,0.0,0.0,1.0,0.0,3.0,0.0,0.25,0.5,1.0,3.0,0.5000000000006064,0.8,0.8333333333333334,21.571428571428573,16.68403182311846,6,0.12053668025532308,-0.992708874098054,2.0,0.0,2.0,0.0,195.71375,159.96875,156.3875,60.04125,23.7525,31.3875,0.18,1.78375,22.4725,29.329642857142858,32.27428571428572,29.751607142857143,31.965357142857144,37.03946428571429,28.20892857142857,31.950892857142858,88.16178571428571,63.026964285714286,31.411607142857143,60.958749999999945,29.161249999999942,692.905,1719.5810245535697,0.0,2.0,
2024-06-17,division,Sylhet,Sylhet,0.0,0.0,0.0,0.0,1.0,0.0,0.0,0.25,0.5,1.0,3.0,0.5000000000000445,0.8,0.8333333333333334,21.571428571428573,16.21657018255286,6,0.12053668025532308,-0.992708874098054,2.0,0.0,2.0,0.0,327.2075,297.33500000000004,514.4475,43.655,77.66499999999999,115.5875,59.0275,0.2125,87.675,28.518571428571427,31.236071428571428,28.712142857142858,30.185000000000002,34.25678571428571,26.465,29.15535714285714,89.52642857142857,76.63607142857143,70.65035714285715,366.29499999999996,259.81999999999994,1433.6125,9693.997174999999,0.0,0.0,
2024-06-24,division,Barishal,Barishal,19.0,19.0,27.0,25.0,19.0,16.0,27.0,22.5,28.0,27.0,48.0,4.123105625617565,0.851063829787234,0.8103448275862069,21.0,16.02379618021547,6,-3.216245299353273e-16,-1.0,0.0,0.0,0.0,0.0,107.18333333333332,53.65166666666667,90.84166666666665,166.74666666666667,126.76166666666666,23.263333333333332,29.63,13.586666666666666,6.618333333333333,29.256904761904764,31.379285714285714,29.53857142857143,29.747142857142858,31.919999999999998,29.63952380952381,32.30833333333333,87.86928571428571,87.85261904761904,67.71904761904761,349.8983333333333,20.946666666666665,398.23333333333335,10370.81998174603,37.0,44.0,
2024-06-24,division,Chattogram,Chattogram,90.0,90.0,45.0,21.0,24.0,37.0,44.0,45.0,40.625,90.0,90.0,31.843366656181658,1.9782608695652173,1.105105105105105,18.428571428571427,17.31813049167358,6,-3.216245299353273e-16,-1.0,0.0,0.0,0.0,0.0,167.9418181818182,113.13272727272728,149.22181818181818,216.08545454545455,125.34636363636363,25.508181818181814,63.97545454545455,30.847272727272728,11.226363636363637,28.667142857142856,31.316623376623376,28.800519480519483,29.093376623376624,31.61948051948052,29.175454545454546,30.253506493506492,88.45441558441559,88.23948051948052,73.53285714285714,346.2981818181818,44.67636363636358,563.1818181818181,10103.406862809916,91.0,160.0,
2024-06-24,division,Dhaka,Dhaka,137.0,137.0,84.0,88.0,85.0,67.0,49.0,98.5,85.75,137.0,137.0,25.722882160912985,1.3869346733668342,1.1469740634005763,12.857142857142858,17.604592364757483,6,-3.216245299353273e-16,-1.0,0.0,0.0,0.0,0.0,126.34461538461538,70.96384615384615,130.3376923076923,196.4953846153846,69.64,20.07923076923077,28.97153846153846,18.322307692307692,24.799999999999997,29.157582417582418,31.857032967032964,29.45945054945055,29.463846153846152,32.68791208791209,29.892857142857142,32.86494505494505,88.54197802197801,87.47153846153846,56.6078021978022,257.036923076923,48.019999999999996,411.83153846153846,7683.56802197802,177.0,317.0,
2024-06-24,division,Khulna,Khulna,15.0,15.0,14.0,14.0,19.0,7.0,4.0,15.5,9.875,19.0,19.0,2.3804761428304846,0.9696969696969697,1.5172413793103448,22.857142857142858,16.659378702207434,6,-3.216245299353273e-16,-1.0,0.0,0.0,0.0,0.0,48.231,29.282,56.664,133.477,61.293000000000006,6.4879999999999995,1.919,3.886,5.885,29.65557142857143,33.027857142857144,30.118142857142857,30.15328571428571,34.275285714285715,30.95128571428571,35.28528571428571,84.94242857142856,83.62557142857142,39.39014285714286,187.632,10.513999999999985,176.49299999999997,5807.451641142857,13.0,48.0,
2024-06-24,division,Mymensingh,Mymensingh,2.0,2.0,4.0,3.0,5.0,1.0,2.0,3.5,3.625,5.0,6.0,1.2909944487366376,0.6666666666666666,0.972972972972973,24.285714285714285,16.31903432869183,6,-3.216245299353273e-16,-1.0,0.0,0.0,0.0,0.0,402.29249999999996,141.78,241.555,270.32000000000005,51.8075,48.1825,53.055,13.807500000000001,54.93,29.050357142857145,31.577142857142857,29.12357142857143,28.9725,32.02285714285714,29.733214285714286,31.240357142857142,89.565,88.40678571428572,54.143214285714286,256.5274999999999,78.05749999999993,972.1299999999999,7627.387127678569,5.0,13.0,
2024-06-24,division,Rajshahi,Rajshahi,3.0,3.0,0.0,0.0,0.0,1.0,5.0,0.75,1.0,3.0,3.0,1.499999999998254,2.2857142857142856,0.875,24.857142857142858,16.828744725921833,6,-3.216245299353273e-16,-1.0,0.0,0.0,0.0,0.0,78.4675,71.01,130.875,106.58125,66.73,14.00375,7.01875,1.5237500000000002,7.27625,30.04285714285714,33.35178571428572,30.520714285714284,30.601071428571426,35.19446428571428,31.75089285714286,34.23464285714286,83.36160714285714,79.62607142857144,27.53035714285714,165.55500000000004,9.115000000000029,332.43875,5256.519066964287,2.0,6.0,
2024-06-24,division,Rangpur,Rangpur,0.0,0.0,0.0,0.0,1.0,0.0,0.0,0.25,0.5,1.0,3.0,0.5000000000006064,0.8,0.8333333333333334,24.857142857142858,16.68403182311846,6,-3.216245299353273e-16,-1.0,0.0,0.0,0.0,0.0,140.69875,180.835,159.96875,156.3875,60.04125,23.7525,5.63875,3.26875,1.63625,29.361428571428572,32.09517857142857,29.551785714285714,30.484642857142855,34.84285714285714,31.982321428571428,32.0025,87.7775,77.86089285714286,27.997142857142858,120.81999999999994,6.868749999999943,677.21625,3864.104074999998,2.0,0.0,
2024-06-24,division,Sylhet,Sylhet,0.0,0.0,0.0,0.0,0.0,1.0,0.0,0.0,0.5,0.0,3.0,0.0,1.0,0.6666666666666666,24.857142857142858,16.21657018255286,6,-3.216245299353273e-16,-1.0,0.0,0.0,0.0,0.0,296.8775,294.6225,297.33500000000004,514.4475,43.655,77.66499999999999,114.015,61.337500000000006,110.595,28.749285714285712,31.378571428571426,28.865714285714287,28.565357142857145,31.418214285714285,28.84107142857143,28.859285714285715,89.84035714285714,89.56571428571428,75.36107142857142,350.9224999999999,231.17249999999996,1216.0425,10120.980888392854,0.0,0.0,
2024-07-01,division,Barishal,Barishal,37.0,37.0,19.0,27.0,25.0,19.0,48.0,27.0,26.625,37.0,37.0,7.483314773547829,1.3571428571428572,1.0135746606334841,35.285714285714285,16.02379618021547,7,-0.12053668025532283,-0.992708874098054,0.0,0.0,0.0,0.0,384.065,146.55666666666667,53.65166666666667,90.84166666666665,166.74666666666667,126.76166666666666,170.24333333333334,0.2783333333333333,0.4633333333333334,28.408809523809524,30.258095238095237,29.221904761904764,29.507857142857144,31.85404761904762,30.273809523809522,28.403095238095236,91.19,87.63071428571429,78.35547619047618,487.015,43.95833333333333,691.4566666666667,14743.799345238094,44.0,,
2024-07-01,division,Chattogram,Chattogram,91.0,91.0,90.0,45.0,21.0,24.0,37.0,61.75,47.375,91.0,91.0,34.61574786134227,1.4661354581673307,1.297157622739018,25.142857142857142,17.31813049167358,7,-0.12053668025532283,-0.992708874098054,0.0,0.0,0.0,0.0,287.49454545454546,132.88545454545454,113.13272727272728,149.22181818181818,216.08545454545455,125.34636363636363,131.46818181818182,2.3936363636363636,0.20909090909090908,27.855064935064934,30.092597402597402,28.607402597402597,28.754545454545454,31.40896103896104,30.172727272727272,27.512337662337664,91.19649350649351,88.25090909090909,77.63064935064935,498.4081818181818,97.4254545454545,701.4545454545454,15038.334140495866,160.0,,
2024-07-01,division,Dhaka,Dhaka,177.0,177.0,137.0,84.0,88.0,85.0,74.0,121.5,98.625,177.0,177.0,44.15502991352419,1.453061224489796,1.2296110414052697,18.428571428571427,17.604592364757483,7,-0.12053668025532283,-0.992708874098054,0.0,0.0,0.0,0.0,157.95153846153846,84.1853846153846,70.96384615384615,130.3376923076923,196.4953846153846,69.64,138.34615384615384,4.7869230769230775,0.11076923076923076,28.494285714285713,31.172417582417584,29.193296703296706,29.496043956043955,32.73648351648352,30.943516483516483,28.0121978021978,90.83846153846154,87.21186813186813,76.33571428571429,424.5607692307692,52.19153846153846,439.44538461538457,13137.403160946744,317.0,,
2024-07-01,division,Khulna,Khulna,13.0,13.0,15.0,14.0,14.0,19.0,2.0,14.0,11.25,15.0,19.0,0.8164965808777787,0.9333333333333333,1.2244897959183674,35.857142857142854,16.659378702207434,7,-0.12053668025532283,-0.992708874098054,0.0,0.0,0.0,0.0,146.186,42.316,29.282,56.664,133.477,61.293000000000006,117.93199999999999,0.47300000000000003,0.27,28.730571428571427,31.619857142857143,29.801428571428573,30.428142857142852,34.781142857142854,31.517142857142858,29.122000000000003,88.99142857142857,81.78328571428571,73.10271428571428,319.18999999999994,6.547999999999986,266.015,10059.956828571427,48.0,,
2024-07-01,division,Mymensingh,Mymensingh,5.0,5.0,2.0,4.0,3.0,5.0,6.0,3.5,3.5,5.0,5.0,1.2909944487366376,1.3333333333333333,1.0,37.714285714285715,16.31903432869183,7,-0.12053668025532283,-0.992708874098054,0.0,0.0,0.0,0.0,173.48250000000002,186.5025,141.78,241.555,270.32000000000005,51.8075,103.4825,9.2675,0.0525,28.408214285714287,31.1075,28.763214285714284,29.035357142857144,32.03642857142857,30.42892857142857,26.932142857142857,91.27035714285715,88.6225,77.44071428571428,473.79249999999996,76.18249999999995,904.0574999999999,14416.99814017857,13.0,,
2024-07-01,division,Rajshahi,Rajshahi,2.0,2.0,3.0,0.0,0.0,0.0,2.0,1.25,1.0,3.0,3.0,1.4999999999982543,1.3333333333333333,1.125,37.57142857142857,16.828744725921833,7,-0.12053668025532283,-0.992708874098054,0.0,0.0,0.0,0.0,164.83875,52.08625,71.01,130.875,106.58125,66.73,77.80250000000001,0.275,0.04,29.073035714285712,32.05339285714285,30.15267857142857,30.77642857142857,35.10053571428571,31.469285714285714,28.657857142857143,88.08535714285713,79.08964285714286,70.01732142857142,265.1175,8.857500000000028,366.40250000000003,8343.058355357143,6.0,,
2024-07-01,division,Rangpur,Rangpur,2.0,2.0,0.0,0.0,0.0,1.0,0.0,0.5,0.75,2.0,3.0,1.000000000000303,2.0,0.8571428571428571,38.0,16.68403182311846,7,-0.12053668025532283,-0.992708874098054,0.0,0.0,0.0,0.0,283.25,195.71375,180.835,159.96875,156.3875,60.04125,31.3875,0.18,1.78375,28.711607142857144,31.36375,29.329642857142858,29.751607142857143,33.619107142857146,31.965357142857144,28.20892857142857,90.13696428571428,82.05303571428571,64.27892857142857,271.5687499999999,10.871249999999943,800.4975,8680.792082589283,0.0,,
2024-07-01,division,Sylhet,Sylhet,0.0,0.0,0.0,0.0,0.0,0.0,3.0,0.0,0.125,0.0,1.0,0.0,1.0,0.8888888888888888,38.0,16.21657018255286,7,-0.12053668025532283,-0.992708874098054,0.0,0.0,0.0,0.0,239.4925,327.2075,294.6225,297.33500000000004,514.4475,43.655,115.5875,59.0275,0.2125,28.090714285714284,31.099285714285713,28.518571428571427,28.712142857142858,31.759642857142858,30.185000000000002,26.465,91.20642857142857,88.95285714285714,80.0,751.3549999999999,234.59249999999994,1158.1999999999998,22679.650674999997,0.0,,
2024-07-08,division,Barishal,Barishal,44.0,44.0,37.0,19.0,27.0,25.0,37.0,31.75,27.5,44.0,44.0,10.99621146880442,1.3740458015267176,1.1491228070175439,41.42857142857143,16.02379618021547,7,-0.23931566428755743,-0.9709418174260521,0.0,0.0,0.0,0.0,101.61166666666666,107.18333333333332,146.55666666666667,53.65166666666667,90.84166666666665,166.74666666666667,23.263333333333332,29.63,13.586666666666666,28.811666666666667,31.143809523809523,29.256904761904764,29.53857142857143,31.77761904761905,29.747142857142858,29.63952380952381,88.73738095238095,88.03833333333334,79.91761904761906,407.6133333333333,213.73833333333334,739.4166666666667,12125.332057142856,,,59.0
2024-07-08,division,Chattogram,Chattogram,160.0,160.0,91.0,90.0,45.0,21.0,33.0,96.5,63.25,160.0,160.0,47.45875402213332,1.6512820512820512,1.517509727626459,33.714285714285715,17.31813049167358,7,-0.23931566428755743,-0.9709418174260521,0.0,0.0,0.0,0.0,143.2627272727273,167.9418181818182,132.88545454545454,113.13272727272728,149.22181818181818,216.08545454545455,25.508181818181814,63.97545454545455,30.847272727272728,28.313896103896102,31.29077922077922,28.667142857142856,28.800519480519483,31.502727272727274,29.093376623376624,29.175454545454546,88.80376623376624,88.92506493506494,77.61584415584416,516.1618181818181,228.6845454545454,731.5845454545454,15016.890174970484,,,358.0
2024-07-08,division,Dhaka,Dhaka,317.0,317.0,177.0,137.0,84.0,88.0,91.0,178.75,126.875,317.0,317.0,99.7275455094072,1.7691237830319888,1.4056695992179864,21.428571428571427,17.604592364757483,7,-0.23931566428755743,-0.9709418174260521,0.0,0.0,0.0,0.0,106.42999999999999,126.34461538461538,84.1853846153846,70.96384615384615,130.3376923076923,196.4953846153846,20.07923076923077,28.97153846153846,18.322307692307692,29.072967032967032,32.308901098901096,29.157582417582418,29.45945054945055,32.433186813186815,29.463846153846152,29.892857142857142,88.59219780219782,88.97879120879121,75.13758241758242,416.55230769230764,190.42692307692306,474.9115384615384,12273.233108875736,,,532.0
2024-07-08,division,Khulna,Khulna,48.0,48.0,13.0,15.0,14.0,14.0,3.0,22.5,16.875,48.0,48.0,17.019596548290593,2.0851063829787235,1.3146853146853146,44.857142857142854,16.659378702207434,7,-0.23931566428755743,-0.9709418174260521,0.0,0.0,0.0,0.0,72.268,48.231,42.316,29.282,56.664,133.477,6.4879999999999995,1.919,3.886,29.192285714285713,32.71714285714286,29.65557142857143,30.118142857142857,34.042,30.15328571428571,30.95128571428571,86.79971428571429,84.91928571428572,69.02742857142857,257.92199999999997,124.20999999999998,309.001,7777.195757999997,,,41.0
2024-07-08,division,Mymensingh,Mymensingh,13.0,13.0,5.0,2.0,4.0,3.0,4.0,6.0,4.625,13.0,13.0,4.830458915396703,2.0,1.2444444444444445,46.0,16.31903432869183,7,-0.23931566428755743,-0.9709418174260521,0.0,0.0,0.0,0.0,159.4,402.29249999999996,186.5025,141.78,241.555,270.32000000000005,48.1825,53.055,13.807500000000001,28.93785714285714,31.567142857142855,29.050357142857145,29.12357142857143,31.714999999999996,28.9725,29.733214285714286,89.80964285714286,91.06678571428571,73.25321428571428,611.865,179.61249999999995,921.6775,17727.2587125,,,14.0
2024-07-08,division,Rajshahi,Rajshahi,6.0,6.0,2.0,3.0,0.0,0.0,0.0,2.75,1.75,6.0,6.0,2.4999999999989533,1.8666666666666667,1.3636363636363635,46.42857142857143,16.828744725921833,7,-0.23931566428755743,-0.9709418174260521,0.0,0.0,0.0,0.0,117.18625,78.4675,52.08625,71.01,130.875,106.58125,14.00375,7.01875,1.5237500000000002,29.424285714285713,32.435,30.04285714285714,30.520714285714284,34.18464285714286,30.601071428571426,31.75089285714286,86.89910714285715,84.48839285714286,60.29107142857143,318.19,86.62000000000003,412.57875,9736.954917857141,,,1.0
2024-07-08,division,Rangpur,Rangpur,0.0,0.0,2.0,0.0,0.0,0.0,0.0,0.5,0.75,2.0,3.0,1.000000000000303,0.6666666666666666,0.8571428571428571,46.42857142857143,16.68403182311846,7,-0.23931566428755743,-0.9709418174260521,0.0,0.0,0.0,0.0,173.39375,140.69875,195.71375,180.835,159.96875,156.3875,23.7525,5.63875,3.26875,29.049285714285713,31.74982142857143,29.361428571428572,29.551785714285714,32.37535714285714,30.484642857142855,31.982321428571428,88.79625,88.58232142857143,54.74035714285714,400.1499999999999,40.47499999999994,793.0562499999999,12198.42983928571,,,2.0
2024-07-08,division,Sylhet,Sylhet,0.0,0.0,0.0,0.0,0.0,0.0,0.0,0.0,0.125,0.0,1.0,0.0,1.0,0.8888888888888888,46.714285714285715,16.21657018255286,7,-0.23931566428755743,-0.9709418174260521,0.0,0.0,0.0,0.0,217.79500000000002,296.8775,327.2075,294.6225,297.33500000000004,514.4475,77.66499999999999,114.015,61.337500000000006,28.62642857142857,31.683214285714286,28.749285714285712,28.865714285714287,31.73107142857143,28.565357142857145,28.84107142857143,89.2975,90.05964285714285,78.81785714285715,933.1025,349.9675,1081.3725,26654.406163392858,,,0.0
2024-09-30,division,Barishal,Barishal,532.0,532.0,417.0,316.0,243.0,187.0,59.0,377.0,284.0,532.0,532.0,125.56804264355377,1.41005291005291,1.3263157894736841,762.1428571428571,16.02379618021547,9,-0.992708874098054,0.1205366802553232,0.0,0.0,0.0,0.0,159.01333333333332,94.19166666666666,400.1583333333333,68.05166666666666,87.02666666666666,398.8566666666666,140.43166666666667,94.29333333333334,101.61166666666666,28.272142857142857,30.243809523809528,28.89,28.56309523809524,30.540238095238095,27.61880952380952,28.212857142857143,89.89642857142859,87.29833333333333,90.93809523809523,867.8183333333333,668.605,773.4916666666666,23968.10924960317,510.0,660.0,529.0
2024-09-30,division,Chattogram,Chattogram,926.0,926.0,802.0,881.0,510.0,517.0,358.0,779.75,621.625,926.0,926.0,186.99442950704886,1.1873198847262247,1.253965067255571,707.1428571428571,17.31813049167358,9,-0.992708874098054,0.1205366802553232,0.0,0.0,0.0,0.0,169.58363636363637,81.25545454545455,247.99454545454546,98.79363636363637,89.48181818181818,452.2736363636364,153.4518181818182,56.194545454545455,143.2627272727273,27.740129870129866,30.215584415584416,29.024545454545454,28.31987012987013,31.05012987012987,26.963766233766236,27.447402597402597,89.52662337662338,87.112987012987,90.90675324675325,922.0390909090909,645.3945454545453,601.2745454545454,24861.64650566706,847.0,1045.0,952.0
2024-09-30,division,Dhaka,Dhaka,4101.0,4101.0,3469.0,2961.0,2193.0,1346.0,532.0,3181.0,2106.125,4101.0,4101.0,807.02911967289,1.2891263356379636,1.510114492495699,326.14285714285717,17.604592364757483,9,-0.992708874098054,0.1205366802553232,0.0,0.0,0.0,0.0,191.01153846153846,58.43538461538462,180.00076923076924,74.30384615384615,46.348461538461535,256.6776923076923,88.92307692307692,40.77923076923077,106.42999999999999,28.06175824175824,30.417142857142856,29.144175824175825,28.603516483516483,31.28065934065934,27.620219780219777,28.28120879120879,90.22362637362637,87.59857142857142,90.55967032967033,497.64923076923077,396.2246153846154,570.136923076923,13745.181127303464,3475.0,4200.0,4327.0
2024-09-30,division,Khulna,Khulna,588.0,588.0,485.0,445.0,268.0,222.0,41.0,446.5,309.5,588.0,588.0,133.37790921538195,1.3162011173184358,1.4412238325281803,752.4285714285714,16.659378702207434,9,-0.992708874098054,0.1205366802553232,0.0,0.0,0.0,0.0,109.04,73.514,241.57199999999997,42.156,52.534000000000006,188.202,81.361,52.144000000000005,72.268,27.966285714285714,30.554000000000002,28.807428571428574,28.53328571428571,31.360714285714288,27.76414285714286,28.407,90.50585714285714,88.24157142857143,90.34385714285715,420.31499999999994,369.22799999999995,572.622,11669.685705,496.0,822.0,726.0
2024-09-30,division,Mymensingh,Mymensingh,204.0,204.0,221.0,121.0,77.0,40.0,14.0,155.75,98.25,221.0,221.0,68.30019521690014,1.3078149920255184,1.579345088161209,790.1428571428571,16.31903432869183,9,-0.992708874098054,0.1205366802553232,0.0,0.0,0.0,0.0,180.64499999999998,23.91,44.227500000000006,58.045,18.915,218.95,126.5975,52.6275,159.4,27.46857142857143,29.716428571428573,29.591785714285717,29.1125,32.019642857142856,27.35392857142857,28.226428571428574,91.60357142857143,85.66071428571428,90.34464285714286,462.12,422.455,453.86249999999995,12640.79747142857,180.0,226.0,118.0
2024-09-30,division,Rajshahi,Rajshahi,205.0,205.0,225.0,130.0,66.0,32.0,1.0,156.5,89.25,225.0,225.0,72.88575535269791,1.307936507936508,1.745152354570637,789.5714285714286,16.828744725921833,9,-0.992708874098054,0.1205366802553232,0.0,0.0,0.0,0.0,98.67,52.0475,96.73375,56.27625,21.805,104.32000000000001,87.57125,18.02875,117.18625,27.870892857142856,30.34875,29.267678571428572,29.065714285714286,31.846071428571427,27.84982142857143,28.749642857142856,89.79,85.69089285714286,88.49642857142858,280.45500000000004,293.18,447.5825,7810.621668750002,249.0,300.0,212.0
2024-09-30,division,Rangpur,Rangpur,209.0,209.0,113.0,105.0,48.0,7.0,2.0,118.75,61.5,209.0,209.0,66.76513561233388,1.7536534446764092,1.916,805.5714285714286,16.68403182311846,9,-0.992708874098054,0.1205366802553232,0.0,0.0,0.0,0.0,73.8725,17.5175,41.00875,43.6225,39.853750000000005,44.863749999999996,105.7025,30.4875,173.39375,27.208035714285714,29.83625,29.58517857142857,29.175714285714285,32.1575,27.86232142857143,28.71125,91.27250000000001,84.10160714285715,88.47660714285715,239.64999999999992,337.06874999999997,455.3137499999999,6677.205330357141,109.0,125.0,130.0
2024-09-30,division,Sylhet,Sylhet,39.0,39.0,20.0,0.0,0.0,0.0,0.0,14.75,7.375,39.0,39.0,18.714967272212903,2.5396825396825395,1.8805970149253732,818.8571428571429,16.21657018255286,9,-0.992708874098054,0.1205366802553232,0.0,0.0,0.0,0.0,214.2775,12.5325,24.0925,44.4675,41.58,403.70500000000004,182.39749999999998,111.51,217.79500000000002,27.35142857142857,30.028214285714284,30.3075,29.15357142857143,32.35964285714286,26.905714285714286,27.86142857142857,90.32464285714286,85.4975,90.31571428571428,763.9374999999999,612.9675,472.20249999999993,20554.284107142856,14.0,32.0,25.0
2024-10-07,division,Barishal,Barishal,510.0,510.0,532.0,417.0,316.0,243.0,234.0,443.75,318.5,532.0,532.0,98.67919402454265,1.1489600899381676,1.392018779342723,896.0,16.02379618021547,10,-0.9709418174260521,0.23931566428755738,0.0,0.0,0.0,0.0,47.48,120.12833333333333,94.19166666666666,400.1583333333333,68.05166666666666,87.02666666666666,241.50333333333333,429.64166666666665,43.05833333333334,28.255714285714287,30.89238095238095,28.229285714285712,28.440952380952382,29.80690476190476,27.831190476190475,28.26142857142857,84.05095238095238,91.77309523809522,91.73595238095238,795.4383333333333,707.425,420.81333333333333,22137.99576706349,660.0,587.0,582.0
2024-10-07,division,Chattogram,Chattogram,847.0,847.0,926.0,802.0,881.0,510.0,413.0,864.0,675.875,926.0,926.0,52.49126911528554,0.9803468208092485,1.2779316712834718,839.7142857142857,17.31813049167358,10,-0.9709418174260521,0.23931566428755738,0.0,0.0,0.0,0.0,47.093636363636364,102.44090909090909,81.25545454545455,247.99454545454546,98.79363636363637,89.48181818181818,226.8318181818182,415.82272727272726,30.114545454545453,27.62753246753247,30.526103896103894,27.759870129870134,27.9625974025974,30.20753246753247,27.777272727272727,27.834025974025973,84.17961038961039,91.3725974025974,90.4125974025974,867.380909090909,655.5836363636363,400.37363636363625,24093.47607024793,1045.0,1010.0,1030.0
2024-10-07,division,Dhaka,Dhaka,3475.0,3475.0,4101.0,3469.0,2961.0,2193.0,778.0,3501.5,2443.25,4101.0,4101.0,466.6544046008065,0.9924339757316203,1.4329548941393064,386.14285714285717,17.604592364757483,10,-0.9709418174260521,0.23931566428755738,0.0,0.0,0.0,0.0,56.324615384615385,140.68923076923076,58.43538461538462,180.00076923076924,74.30384615384615,46.348461538461535,105.70000000000002,220.62384615384616,28.391538461538463,27.623406593406592,30.624835164835165,27.858131868131867,28.42021978021978,30.90626373626374,27.95857142857143,28.286153846153848,87.2379120879121,90.69736263736263,90.90637362637364,483.03,378.7176923076923,446.4607692307692,13504.828757142857,4200.0,4097.0,4591.0
2024-10-07,division,Khulna,Khulna,496.0,496.0,588.0,485.0,445.0,268.0,113.0,503.5,357.375,588.0,588.0,60.44556780001877,0.9851337958374629,1.4077432856644576,888.0,16.659378702207434,10,-0.9709418174260521,0.23931566428755738,0.0,0.0,0.0,0.0,34.168,148.496,73.514,241.57199999999997,42.156,52.534000000000006,98.218,214.936,29.880000000000003,27.606,30.906142857142857,27.89842857142857,28.273000000000003,30.456,27.755285714285712,28.47214285714286,87.71342857142858,91.88071428571428,91.09728571428572,381.10999999999996,378.3209999999999,365.21799999999996,10577.816938571426,822.0,703.0,735.0
2024-10-07,division,Mymensingh,Mymensingh,180.0,180.0,204.0,221.0,121.0,77.0,29.0,181.5,117.125,221.0,221.0,43.699733027407255,0.9917808219178083,1.5449735449735449,942.8571428571429,16.31903432869183,10,-0.9709418174260521,0.23931566428755738,0.0,0.0,0.0,0.0,57.519999999999996,205.08,23.91,44.227500000000006,58.045,18.915,97.6575,178.6375,31.79,27.03107142857143,30.00857142857143,27.65642857142857,28.78142857142857,31.781785714285714,28.045357142857142,28.203214285714285,88.42392857142858,87.2642857142857,89.98357142857142,393.5675,389.6524999999999,467.155,11037.741097321428,226.0,239.0,138.0
2024-10-07,division,Rajshahi,Rajshahi,249.0,249.0,205.0,225.0,130.0,66.0,11.0,202.25,119.0,249.0,249.0,51.41578875533598,1.2300123001230012,1.69375,942.7142857142857,16.828744725921833,10,-0.9709418174260521,0.23931566428755738,0.0,0.0,0.0,0.0,38.04625,200.13125,52.0475,96.73375,56.27625,21.805,66.75875,144.115,13.85,27.270892857142858,30.370714285714286,27.831607142857145,28.730535714285715,31.345892857142857,28.19214285714286,28.62232142857143,87.54928571428572,88.50017857142856,89.06267857142856,249.16,263.565,388.895,7024.354314285714,300.0,248.0,193.0
2024-10-07,division,Rangpur,Rangpur,109.0,109.0,209.0,113.0,105.0,48.0,4.0,134.0,74.625,209.0,209.0,50.10655313096947,0.8148148148148148,1.7851239669421488,942.1428571428571,16.68403182311846,10,-0.9709418174260521,0.23931566428755738,0.0,0.0,0.0,0.0,21.8725,322.91499999999996,17.5175,41.00875,43.6225,39.853750000000005,49.23,101.82875,31.35875,26.40660714285714,29.811785714285712,27.822321428571428,29.278928571428573,32.151607142857145,28.446964285714287,29.19017857142857,89.62035714285715,85.17785714285714,86.43892857142856,177.56999999999994,269.37749999999994,436.1774999999999,5051.327448214284,125.0,119.0,133.0
2024-10-07,division,Sylhet,Sylhet,14.0,14.0,39.0,20.0,0.0,0.0,0.0,18.25,9.125,39.0,39.0,16.17353805861084,0.7792207792207793,1.9012345679012346,966.4285714285714,16.21657018255286,10,-0.9709418174260521,0.23931566428755738,0.0,0.0,0.0,0.0,54.8225,221.3,12.5325,24.0925,44.4675,41.58,136.255,209.5225,74.14,26.86,30.105714285714285,27.855714285714285,28.735,32.010357142857146,28.12464285714286,28.19857142857143,87.2317857142857,86.20107142857142,89.17642857142857,626.0074999999999,577.5699999999999,502.9324999999999,17606.23736339286,32.0,28.0,19.0
2024-10-14,division,Barishal,Barishal,660.0,660.0,510.0,532.0,417.0,316.0,173.0,529.75,379.375,660.0,660.0,100.12117658118088,1.245407442298634,1.3953335524153796,767.1428571428571,16.02379618021547,10,-0.9350162426854148,0.35460488704253557,0.0,0.0,0.0,0.0,48.645,159.01333333333332,120.12833333333333,94.19166666666666,400.1583333333333,68.05166666666666,398.8566666666666,140.43166666666667,94.29333333333334,28.13952380952381,30.746666666666666,28.272142857142857,28.89,31.30595238095238,28.56309523809524,27.61880952380952,81.12095238095239,88.15404761904762,93.33119047619049,954.0933333333332,905.8700000000001,375.26666666666665,27251.858746031747,587.0,529.0,499.0
2024-10-14,division,Chattogram,Chattogram,1045.0,1045.0,847.0,926.0,802.0,881.0,458.0,905.0,749.25,1045.0,1045.0,106.48004507887849,1.1545253863134657,1.2075974675108296,719.0,17.31813049167358,10,-0.9350162426854148,0.35460488704253557,0.0,0.0,0.0,0.0,22.924545454545452,169.58363636363637,102.44090909090909,81.25545454545455,247.99454545454546,98.79363636363637,452.2736363636364,153.4518181818182,56.194545454545455,27.244805194805192,30.552077922077924,27.740129870129866,29.024545454545454,32.32077922077922,28.31987012987013,26.963766233766236,81.39389610389611,87.25662337662338,93.14454545454545,888.5436363636363,852.300909090909,342.0427272727271,25163.44038654073,1010.0,952.0,822.0
2024-10-14,division,Dhaka,Dhaka,4200.0,4200.0,3475.0,4101.0,3469.0,2961.0,869.0,3811.25,2859.625,4200.0,4200.0,393.81922671872337,1.101973899927864,1.3326633165829145,343.57142857142856,17.604592364757483,10,-0.9350162426854148,0.35460488704253557,0.0,0.0,0.0,0.0,26.821538461538463,191.01153846153846,140.68923076923076,58.43538461538462,180.00076923076924,74.30384615384615,256.6776923076923,88.92307692307692,40.77923076923077,27.113846153846154,30.47714285714286,28.06175824175824,29.144175824175825,32.35835164835165,28.603516483516483,27.620219780219777,82.84461538461538,87.10428571428571,93.48527472527472,557.3307692307692,456.0261538461538,414.84692307692296,15941.619844463228,4097.0,4327.0,4405.0
2024-10-14,division,Khulna,Khulna,822.0,822.0,496.0,588.0,485.0,445.0,155.0,597.75,440.75,822.0,822.0,156.47017820232284,1.3745302713987473,1.3554046406338427,769.1428571428571,16.659378702207434,10,-0.9350162426854148,0.35460488704253557,0.0,0.0,0.0,0.0,47.313,109.04,148.496,73.514,241.57199999999997,42.156,188.202,81.361,52.144000000000005,27.351285714285712,30.77242857142857,27.966285714285714,28.807428571428574,31.813714285714287,28.53328571428571,27.76414285714286,83.66985714285714,87.87342857142856,92.88514285714285,524.4639999999999,446.65899999999993,339.017,14964.68115885714,703.0,726.0,689.0
2024-10-14,division,Mymensingh,Mymensingh,226.0,226.0,180.0,204.0,221.0,121.0,41.0,207.75,140.25,226.0,226.0,20.758532382292074,1.087425149700599,1.4778761061946903,814.2857142857143,16.31903432869183,10,-0.9350162426854148,0.35460488704253557,0.0,0.0,0.0,0.0,25.5425,180.64499999999998,205.08,23.91,44.227500000000006,58.045,218.95,126.5975,52.6275,26.106071428571425,29.720357142857143,27.46857142857143,29.591785714285717,33.635714285714286,29.1125,27.35392857142857,82.38857142857142,83.91392857142857,93.61428571428571,340.1375,455.52,468.78749999999997,9902.25296875,239.0,118.0,124.0
2024-10-14,division,Rajshahi,Rajshahi,300.0,300.0,249.0,205.0,225.0,130.0,25.0,244.75,153.375,300.0,300.0,40.99085263811916,1.224821973550356,1.5919028340080972,804.4285714285714,16.828744725921833,10,-0.9350162426854148,0.35460488704253557,0.0,0.0,0.0,0.0,33.661249999999995,98.67,200.13125,52.0475,96.73375,56.27625,104.32000000000001,87.57125,18.02875,26.796964285714285,29.96017857142857,27.870892857142856,29.267678571428572,32.57,29.065714285714286,27.84982142857143,81.96125,85.07928571428572,91.37303571428572,279.135,316.47375,370.50874999999996,8113.258157142857,248.0,212.0,298.0
2024-10-14,division,Rangpur,Rangpur,125.0,125.0,109.0,209.0,113.0,105.0,6.0,139.0,89.5,209.0,209.0,47.15930449020638,0.9,1.5469613259668509,824.4285714285714,16.68403182311846,10,-0.9350162426854148,0.35460488704253557,0.0,0.0,0.0,0.0,26.555,73.8725,322.91499999999996,17.5175,41.00875,43.6225,44.863749999999996,105.7025,30.4875,25.15142857142857,28.921964285714285,27.208035714285714,29.58517857142857,33.480535714285715,29.175714285714285,27.86232142857143,86.25928571428571,81.35571428571428,88.99321428571429,169.34874999999994,287.24875,445.2149999999999,4940.870744642855,119.0,130.0,92.0
2024-10-14,division,Sylhet,Sylhet,32.0,32.0,14.0,39.0,20.0,0.0,0.0,26.25,13.125,39.0,39.0,11.324751652906125,1.2110091743119267,1.9292035398230087,838.0,16.21657018255286,10,-0.9350162426854148,0.35460488704253557,0.0,0.0,0.0,0.0,15.025000000000002,214.2775,221.3,12.5325,24.0925,44.4675,403.70500000000004,182.39749999999998,111.51,26.165357142857143,29.947499999999998,27.35142857142857,30.3075,34.849642857142854,29.15357142857143,26.905714285714286,80.96857142857144,79.74357142857143,93.15857142857143,513.8449999999999,639.685,505.4249999999999,14980.416910714282,28.0,25.0,23.0
2024-10-21,division,Barishal,Barishal,587.0,587.0,660.0,510.0,532.0,417.0,170.0,572.25,431.5,660.0,660.0,66.8649135695745,1.0257304840819887,1.3254335260115606,964.2857142857143,16.02379618021547,10,-0.8854560256532101,0.464723172043768,0.0,0.0,0.0,0.0,103.63,47.48,159.01333333333332,120.12833333333333,94.19166666666666,400.1583333333333,87.02666666666666,241.50333333333333,429.64166666666665,27.132142857142856,29.76595238095238,28.255714285714287,28.229285714285712,30.361428571428572,28.440952380952382,27.831190476190475,86.73833333333334,89.72095238095238,89.62309523809523,649.4283333333333,1210.4333333333334,358.7683333333333,18470.360303174602,529.0,582.0,512.0
2024-10-21,division,Chattogram,Chattogram,1010.0,1010.0,1045.0,847.0,926.0,802.0,466.0,957.0,817.25,1045.0,1045.0,88.72053501491821,1.0553235908141962,1.1707913229453102,909.2857142857143,17.31813049167358,10,-0.8854560256532101,0.464723172043768,0.0,0.0,0.0,0.0,112.10454545454546,47.093636363636364,169.58363636363637,102.44090909090909,81.25545454545455,247.99454545454546,89.48181818181818,226.8318181818182,415.82272727272726,26.88896103896104,30.257142857142856,27.62753246753247,27.759870129870134,30.456883116883116,27.9625974025974,27.777272727272727,85.37883116883117,88.84584415584415,88.58116883116882,517.5254545454544,1248.3799999999999,351.7063636363635,14471.355931050763,952.0,1030.0,730.0
2024-10-21,division,Dhaka,Dhaka,4097.0,4097.0,4200.0,3475.0,4101.0,3469.0,1132.0,3968.25,3230.25,4200.0,4200.0,332.26633393509275,1.0324368583485546,1.228394584139265,458.57142857142856,17.604592364757483,10,-0.8854560256532101,0.464723172043768,0.0,0.0,0.0,0.0,120.18384615384616,56.324615384615385,191.01153846153846,140.68923076923076,58.43538461538462,180.00076923076924,46.348461538461535,105.70000000000002,220.62384615384616,26.545604395604396,30.004505494505494,27.623406593406592,27.858131868131867,30.446373626373624,28.42021978021978,27.95857142857143,87.24879120879122,91.13120879120879,89.6098901098901,359.0884615384615,671.9246153846154,394.34153846153845,10205.372997464074,4327.0,4591.0,3819.0
2024-10-21,division,Khulna,Khulna,703.0,703.0,822.0,496.0,588.0,485.0,200.0,652.25,503.625,822.0,822.0,141.34207913191784,1.0776884806735554,1.2945256378498886,941.1428571428571,16.659378702207434,10,-0.8854560256532101,0.464723172043768,0.0,0.0,0.0,0.0,102.87899999999999,34.168,109.04,148.496,73.514,241.57199999999997,52.534000000000006,98.218,214.936,26.363285714285716,29.825,27.606,27.89842857142857,30.476428571428574,28.273000000000003,27.755285714285712,88.79400000000001,92.0807142857143,90.33357142857143,409.7759999999999,582.7169999999999,293.4,11585.596848,726.0,735.0,716.0
2024-10-21,division,Mymensingh,Mymensingh,239.0,239.0,226.0,180.0,204.0,221.0,53.0,212.25,163.5,239.0,239.0,25.90205912020642,1.1254396248534584,1.296352583586626,1026.2857142857142,16.31903432869183,10,-0.8854560256532101,0.464723172043768,0.0,0.0,0.0,0.0,66.515,57.519999999999996,180.64499999999998,205.08,23.91,44.227500000000006,18.915,97.6575,178.6375,25.864285714285714,29.41607142857143,27.03107142857143,27.65642857142857,30.35607142857143,28.78142857142857,28.045357142857142,86.42964285714285,89.92607142857143,88.00571428571428,145.0975,621.8425,330.2225,4176.113332142857,118.0,138.0,128.0
2024-10-21,division,Rajshahi,Rajshahi,248.0,248.0,300.0,249.0,205.0,225.0,20.0,250.5,181.875,300.0,300.0,38.85442917695056,0.9900596421471173,1.3752563226247436,1015.7142857142857,16.828744725921833,10,-0.8854560256532101,0.464723172043768,0.0,0.0,0.0,0.0,62.214999999999996,38.04625,98.67,200.13125,52.0475,96.73375,21.805,66.75875,144.115,25.953035714285715,29.31517857142857,27.270892857142858,27.831607142857145,30.251964285714287,28.730535714285715,28.19214285714286,87.81035714285714,91.22571428571429,87.29196428571429,226.8625,402.76500000000004,232.5925,6517.881158482143,212.0,193.0,271.0
2024-10-21,division,Rangpur,Rangpur,119.0,119.0,125.0,109.0,209.0,113.0,0.0,140.5,104.375,209.0,209.0,46.14108798023731,0.8480565371024735,1.3428232502965598,1040.7142857142858,16.68403182311846,10,-0.8854560256532101,0.464723172043768,0.0,0.0,0.0,0.0,21.96125,21.8725,73.8725,322.91499999999996,17.5175,41.00875,39.853750000000005,49.23,101.82875,25.073035714285716,28.932857142857145,26.40660714285714,27.822321428571428,30.499285714285712,29.278928571428573,28.446964285714287,86.34232142857144,88.63803571428572,86.24696428571428,142.00249999999994,301.62499999999994,144.26124999999993,4157.681054464284,130.0,133.0,64.0
2024-10-21,division,Sylhet,Sylhet,28.0,28.0,32.0,14.0,39.0,20.0,0.0,28.25,16.625,39.0,39.0,10.53169818531972,0.9914529914529915,1.6595744680851063,1054.0,16.21657018255286,10,-0.8854560256532101,0.464723172043768,0.0,0.0,0.0,0.0,127.76249999999999,54.8225,214.2775,221.3,12.5325,24.0925,41.58,136.255,209.5225,26.348928571428573,30.157857142857143,26.86,27.855714285714285,30.83642857142857,28.735,28.12464285714286,83.45642857142857,86.80000000000001,87.89178571428572,122.67249999999989,931.8799999999999,411.8874999999998,3524.9942874999965,25.0,19.0,26.0
2024-10-28,division,Barishal,Barishal,529.0,529.0,587.0,660.0,510.0,532.0,187.0,571.5,474.25,660.0,660.0,67.48086148432508,0.925764192139738,1.2046291425565492,920.5714285714286,16.02379618021547,10,-0.822983865893657,0.5680647467311548,0.0,0.0,0.0,0.0,24.07166666666667,48.645,47.48,159.01333333333332,120.12833333333333,94.19166666666666,68.05166666666666,398.8566666666666,140.43166666666667,27.110238095238092,30.28309523809524,28.13952380952381,28.272142857142857,30.243809523809528,28.89,28.56309523809524,83.2552380952381,89.89642857142859,87.29833333333333,682.53,867.8183333333333,223.82666666666665,19718.291699999998,582.0,499.0,368.0
2024-10-28,division,Chattogram,Chattogram,952.0,952.0,1010.0,1045.0,847.0,926.0,517.0,963.5,871.625,1045.0,1045.0,86.61985915481503,0.9880767236910316,1.105285775676837,860.1428571428571,17.31813049167358,10,-0.822983865893657,0.5680647467311548,0.0,0.0,0.0,0.0,16.492727272727272,22.924545454545452,47.093636363636364,169.58363636363637,102.44090909090909,81.25545454545455,98.79363636363637,452.2736363636364,153.4518181818182,26.674805194805195,30.393766233766232,27.244805194805192,27.740129870129866,30.215584415584416,29.024545454545454,28.31987012987013,82.70103896103896,89.52662337662338,87.112987012987,530.4845454545454,922.0390909090909,198.61545454545444,15397.072802479335,1030.0,822.0,638.0
2024-10-28,division,Dhaka,Dhaka,4327.0,4327.0,4097.0,4200.0,3475.0,4101.0,1346.0,4024.75,3602.875,4327.0,4327.0,378.37932906894713,1.0750791777929578,1.1170614963060594,419.14285714285717,17.604592364757483,10,-0.822983865893657,0.5680647467311548,0.0,0.0,0.0,0.0,6.548461538461539,26.821538461538463,56.324615384615385,191.01153846153846,140.68923076923076,58.43538461538462,74.30384615384615,256.6776923076923,88.92307692307692,26.586153846153845,30.284175824175826,27.113846153846154,28.06175824175824,30.417142857142856,29.144175824175825,28.603516483516483,83.19142857142857,90.22362637362637,87.59857142857142,453.4292307692307,497.64923076923077,209.8784615384615,13214.821225359254,4591.0,4405.0,3208.0
2024-10-28,division,Khulna,Khulna,726.0,726.0,703.0,822.0,496.0,588.0,222.0,686.75,566.625,822.0,822.0,137.2136412071822,1.0570701563067975,1.21162739484695,904.0,16.659378702207434,10,-0.822983865893657,0.5680647467311548,0.0,0.0,0.0,0.0,5.079000000000001,47.313,34.168,109.04,148.496,73.514,42.156,188.202,81.361,26.76,30.625857142857143,27.351285714285712,27.966285714285714,30.554000000000002,28.807428571428574,28.53328571428571,83.45557142857143,90.50585714285714,88.24157142857143,505.73799999999994,420.31499999999994,189.43899999999994,14569.011310857142,735.0,689.0,574.0
2024-10-28,division,Mymensingh,Mymensingh,118.0,118.0,239.0,226.0,180.0,204.0,40.0,190.75,173.25,239.0,239.0,54.70755584621441,0.6205997392438071,1.1004304160688665,970.2857142857143,16.31903432869183,10,-0.822983865893657,0.5680647467311548,0.0,0.0,0.0,0.0,9.8025,25.5425,57.519999999999996,180.64499999999998,205.08,23.91,58.045,218.95,126.5975,25.825714285714284,29.7025,26.106071428571425,27.46857142857143,29.716428571428573,29.591785714285717,29.1125,82.30357142857143,91.60357142857143,85.66071428571428,331.26250000000005,462.12,159.38,9802.648915178574,138.0,124.0,132.0
2024-10-28,division,Rajshahi,Rajshahi,212.0,212.0,248.0,300.0,249.0,205.0,32.0,252.25,204.375,300.0,300.0,36.1881656530603,0.84106614017769,1.2331101643335363,969.0,16.828744725921833,10,-0.822983865893657,0.5680647467311548,0.0,0.0,0.0,0.0,1.87625,33.661249999999995,38.04625,98.67,200.13125,52.0475,56.27625,104.32000000000001,87.57125,26.51642857142857,30.03607142857143,26.796964285714285,27.870892857142856,30.34875,29.267678571428572,29.065714285714286,82.7475,89.79,85.69089285714286,405.18875,280.45500000000004,135.79875,11858.93409575893,193.0,298.0,164.0
2024-10-28,division,Rangpur,Rangpur,130.0,130.0,119.0,125.0,109.0,209.0,7.0,120.75,119.75,130.0,209.0,9.032349269892823,1.0759753593429158,1.0082815734989647,987.4285714285714,16.68403182311846,10,-0.822983865893657,0.5680647467311548,0.0,0.0,0.0,0.0,11.89125,26.555,21.8725,73.8725,322.91499999999996,17.5175,43.6225,44.863749999999996,105.7025,25.225892857142856,29.025178571428572,25.15142857142857,27.208035714285714,29.83625,29.58517857142857,29.175714285714285,86.80785714285715,91.27250000000001,84.10160714285715,425.0637499999999,239.64999999999992,82.27999999999994,12575.586947991069,133.0,92.0,48.0
2024-10-28,division,Sylhet,Sylhet,25.0,25.0,28.0,32.0,14.0,39.0,0.0,24.75,19.75,32.0,39.0,7.719024117939608,1.0097087378640777,1.2409638554216869,1000.4285714285714,16.21657018255286,10,-0.822983865893657,0.5680647467311548,0.0,0.0,0.0,0.0,19.495,15.025000000000002,54.8225,214.2775,221.3,12.5325,44.4675,403.70500000000004,182.39749999999998,25.915,30.095357142857143,26.165357142857143,27.35142857142857,30.028214285714284,30.3075,29.15357142857143,81.82142857142858,90.32464285714286,85.4975,302.3924999999999,763.9374999999999,217.10499999999988,9164.760693749999,19.0,23.0,30.0
2024-11-04,division,Barishal,Barishal,582.0,582.0,529.0,587.0,660.0,510.0,243.0,589.5,516.625,660.0,660.0,53.829979255677465,0.9872988992379339,1.1407872494566529,927.1428571428571,16.02379618021547,11,-0.7485107481711011,0.6631226582407952,0.0,0.0,0.0,0.0,12.548333333333334,103.63,48.645,47.48,159.01333333333332,120.12833333333333,400.1583333333333,87.02666666666666,241.50333333333333,25.663095238095238,28.895,27.132142857142856,28.255714285714287,30.89238095238095,28.229285714285712,28.440952380952382,81.4797619047619,84.05095238095238,91.77309523809522,773.4916666666666,795.4383333333333,188.895,21835.117255952377,499.0,512.0,255.0
2024-11-04,division,Chattogram,Chattogram,1030.0,1030.0,952.0,1010.0,1045.0,847.0,510.0,1009.25,936.625,1045.0,1045.0,40.77070026379226,1.0205394704281119,1.0774563391547793,866.7142857142857,17.31813049167358,11,-0.7485107481711011,0.6631226582407952,0.0,0.0,0.0,0.0,19.561818181818182,112.10454545454546,22.924545454545452,47.093636363636364,169.58363636363637,102.44090909090909,247.99454545454546,89.48181818181818,226.8318181818182,25.27155844155844,28.905064935064935,26.88896103896104,27.62753246753247,30.526103896103894,27.759870129870134,27.9625974025974,80.14935064935065,84.17961038961039,91.3725974025974,601.2745454545454,867.380909090909,171.08363636363626,16691.30329421488,822.0,730.0,385.0
2024-11-04,division,Dhaka,Dhaka,4591.0,4591.0,4327.0,4097.0,4200.0,3475.0,2193.0,4303.75,3902.625,4591.0,4591.0,213.35631386642058,1.0667286137406353,1.1027570527394408,384.57142857142856,17.604592364757483,11,-0.7485107481711011,0.6631226582407952,0.0,0.0,0.0,0.0,11.297692307692309,120.18384615384616,26.821538461538463,56.324615384615385,191.01153846153846,140.68923076923076,180.00076923076924,46.348461538461535,105.70000000000002,24.576813186813187,28.691538461538464,26.545604395604396,27.623406593406592,30.624835164835165,27.858131868131867,28.42021978021978,82.97054945054946,87.2379120879121,90.69736263736263,570.136923076923,483.03,164.8515384615384,15882.949585967877,4405.0,3819.0,2288.0
2024-11-04,division,Khulna,Khulna,735.0,735.0,726.0,703.0,822.0,496.0,268.0,746.5,625.0,822.0,822.0,52.105661880452054,0.9846153846153847,1.1940894568690097,899.0,16.659378702207434,11,-0.7485107481711011,0.6631226582407952,0.0,0.0,0.0,0.0,3.591,102.87899999999999,47.313,34.168,109.04,148.496,241.57199999999997,52.534000000000006,98.218,24.740714285714287,29.06771428571428,26.363285714285716,27.606,30.906142857142857,27.89842857142857,28.273000000000003,82.61928571428572,87.71342857142858,91.88071428571428,572.622,381.10999999999996,158.86199999999994,15975.25396542857,689.0,716.0,388.0
2024-11-04,division,Mymensingh,Mymensingh,138.0,138.0,118.0,239.0,226.0,180.0,77.0,180.25,180.875,239.0,239.0,61.11396457984598,0.766896551724138,0.9965635738831615,985.8571428571429,16.31903432869183,11,-0.7485107481711011,0.6631226582407952,0.0,0.0,0.0,0.0,3.21,66.515,25.5425,57.519999999999996,180.64499999999998,205.08,44.227500000000006,18.915,97.6575,24.379285714285714,28.403928571428573,25.864285714285714,27.03107142857143,30.00857142857143,27.65642857142857,28.78142857142857,80.03071428571428,88.42392857142858,87.2642857142857,453.86249999999995,393.5675,105.07000000000001,12552.215812499999,124.0,128.0,75.0
2024-11-04,division,Rajshahi,Rajshahi,193.0,193.0,212.0,248.0,300.0,249.0,66.0,238.25,220.25,300.0,300.0,47.0629011713756,0.8108672936259144,1.0813559322033899,972.4285714285714,16.828744725921833,11,-0.7485107481711011,0.6631226582407952,0.0,0.0,0.0,0.0,3.14375,62.214999999999996,33.661249999999995,38.04625,98.67,200.13125,96.73375,21.805,66.75875,24.515714285714285,28.572321428571428,25.953035714285715,27.270892857142858,30.370714285714286,27.831607142857145,28.730535714285715,80.61017857142856,87.54928571428572,88.50017857142856,447.5825,249.16,100.89625,12456.940304017857,298.0,271.0,136.0
2024-11-04,division,Rangpur,Rangpur,133.0,133.0,130.0,119.0,125.0,109.0,48.0,126.75,130.375,133.0,209.0,6.130524719249845,1.0489236790606653,0.972407231208373,984.1428571428571,16.68403182311846,11,-0.7485107481711011,0.6631226582407952,0.0,0.0,0.0,0.0,0.22125,21.96125,26.555,21.8725,73.8725,322.91499999999996,41.00875,39.853750000000005,49.23,23.22714285714286,27.62410714285714,25.073035714285716,26.40660714285714,29.811785714285712,27.822321428571428,29.278928571428573,85.43678571428572,89.62035714285715,85.17785714285714,455.3137499999999,177.56999999999994,60.62874999999994,12667.885503348212,92.0,64.0,28.0
2024-11-04,division,Sylhet,Sylhet,19.0,19.0,25.0,28.0,32.0,14.0,0.0,26.0,22.125,32.0,39.0,5.477225575051662,0.7407407407407407,1.1675675675675676,999.1428571428571,16.21657018255286,11,-0.7485107481711011,0.6631226582407952,0.0,0.0,0.0,0.0,6.4575000000000005,127.76249999999999,15.025000000000002,54.8225,214.2775,221.3,24.0925,41.58,136.255,24.349642857142857,28.66857142857143,26.348928571428573,26.86,30.105714285714285,27.855714285714285,28.735,80.665,87.2317857142857,86.20107142857142,472.20249999999993,626.0074999999999,168.7399999999999,13153.537924999997,23.0,26.0,12.0
2024-11-11,division,Barishal,Barishal,499.0,499.0,582.0,529.0,587.0,660.0,316.0,549.25,539.5,587.0,660.0,42.5548665450459,0.9086778736937755,1.0180388529139686,977.0,16.02379618021547,11,-0.6631226582407955,0.7485107481711007,0.0,0.0,0.0,0.0,0.02666666666666667,24.07166666666667,103.63,48.645,47.48,159.01333333333332,94.19166666666666,68.05166666666666,398.8566666666666,23.627857142857142,27.582380952380948,27.110238095238092,28.13952380952381,30.746666666666666,28.272142857142857,28.89,81.67547619047619,81.12095238095239,88.15404761904762,420.81333333333333,954.0933333333332,140.27666666666667,11897.294676190477,512.0,368.0,177.0
2024-11-11,division,Chattogram,Chattogram,822.0,822.0,1030.0,952.0,1010.0,1045.0,881.0,953.5,929.25,1030.0,1045.0,93.699875489067,0.8622315348349922,1.0260682612201022,913.0,17.31813049167358,11,-0.6631226582407955,0.7485107481711007,0.0,0.0,0.0,0.0,0.17363636363636364,16.492727272727272,112.10454545454546,22.924545454545452,47.093636363636364,169.58363636363637,81.25545454545455,98.79363636363637,452.2736363636364,23.547012987012987,27.987272727272728,26.674805194805195,27.244805194805192,30.552077922077924,27.740129870129866,29.024545454545454,81.2635064935065,81.39389610389611,87.25662337662338,400.37363636363625,888.5436363636363,148.33272727272717,11106.416669303419,730.0,638.0,324.0
2024-11-11,division,Dhaka,Dhaka,4405.0,4405.0,4591.0,4327.0,4097.0,4200.0,2961.0,4355.0,4083.125,4591.0,4591.0,204.567837159217,1.0114784205693297,1.0665687264713983,404.2857142857143,17.604592364757483,11,-0.6631226582407955,0.7485107481711007,0.0,0.0,0.0,0.0,0.0007692307692307692,6.548461538461539,120.18384615384616,26.821538461538463,56.324615384615385,191.01153846153846,58.43538461538462,74.30384615384615,256.6776923076923,22.60142857142857,27.544945054945057,26.586153846153845,27.113846153846154,30.47714285714286,28.06175824175824,29.144175824175825,81.15648351648352,82.84461538461538,87.10428571428571,446.4607692307692,557.3307692307692,138.03076923076918,12528.474170583262,3819.0,3208.0,1570.0
2024-11-11,division,Khulna,Khulna,689.0,689.0,735.0,726.0,703.0,822.0,445.0,713.25,655.5,735.0,822.0,21.04558544366639,0.9660483024151207,1.0879664889565879,955.1428571428571,16.659378702207434,11,-0.6631226582407955,0.7485107481711007,0.0,0.0,0.0,0.0,0.0,5.079000000000001,102.87899999999999,47.313,34.168,109.04,73.514,42.156,188.202,22.52942857142857,27.597285714285714,26.76,27.351285714285712,30.77242857142857,27.966285714285714,28.807428571428574,80.04942857142858,83.66985714285714,87.87342857142856,365.21799999999996,524.4639999999999,111.54899999999994,10213.790936,716.0,574.0,242.0
2024-11-11,division,Mymensingh,Mymensingh,124.0,124.0,138.0,118.0,239.0,226.0,121.0,154.75,181.25,239.0,239.0,56.78834974417436,0.8025682182985554,0.8545953360768176,1040.4285714285713,16.31903432869183,11,-0.6631226582407955,0.7485107481711007,0.0,0.0,0.0,0.0,0.0,9.8025,66.515,25.5425,57.519999999999996,180.64499999999998,23.91,58.045,218.95,22.485357142857143,27.513214285714287,25.825714285714284,26.106071428571425,29.720357142857143,27.46857142857143,29.591785714285717,78.11928571428571,82.38857142857142,83.91392857142857,467.155,340.1375,79.5275,12832.080485714285,128.0,132.0,27.0
2024-11-11,division,Rajshahi,Rajshahi,298.0,298.0,193.0,212.0,248.0,300.0,130.0,237.75,241.25,298.0,300.0,46.19072778527454,1.2523560209424083,0.9855521155830753,1032.5714285714287,16.828744725921833,11,-0.6631226582407955,0.7485107481711007,0.0,0.0,0.0,0.0,0.0,1.87625,62.214999999999996,33.661249999999995,38.04625,98.67,52.0475,56.27625,104.32000000000001,22.769285714285715,27.25,26.51642857142857,26.796964285714285,29.96017857142857,27.870892857142856,29.267678571428572,76.05714285714286,81.96125,85.07928571428572,388.895,279.135,67.235,10838.850877678571,271.0,164.0,87.0
2024-11-11,division,Rangpur,Rangpur,92.0,92.0,133.0,130.0,119.0,125.0,105.0,118.5,128.75,133.0,209.0,18.663690238892556,0.7782426778242678,0.9210019267822736,1041.142857142857,16.68403182311846,11,-0.6631226582407955,0.7485107481711007,0.0,0.0,0.0,0.0,0.00875,11.89125,21.96125,26.555,21.8725,73.8725,17.5175,43.6225,44.863749999999996,22.085714285714285,26.646964285714287,25.225892857142856,25.15142857142857,28.921964285714285,27.208035714285714,29.58517857142857,81.20035714285714,86.25928571428571,81.35571428571428,436.1774999999999,169.34874999999994,34.082499999999946,11867.532997767854,64.0,48.0,16.0
2024-11-11,division,Sylhet,Sylhet,23.0,23.0,19.0,25.0,28.0,32.0,0.0,23.75,25.0,28.0,39.0,3.7749172176353767,0.9696969696969697,0.9519230769230769,1057.4285714285713,16.21657018255286,11,-0.6631226582407955,0.7485107481711007,0.0,0.0,0.0,0.0,0.0,19.495,127.76249999999999,15.025000000000002,54.8225,214.2775,12.5325,44.4675,403.70500000000004,22.9575,27.83607142857143,25.915,26.165357142857143,29.947499999999998,27.35142857142857,30.3075,78.08535714285715,80.96857142857144,79.74357142857143,502.9324999999999,513.8449999999999,153.7149999999999,13755.922349999997,26.0,30.0,7.0
2024-11-18,division,Barishal,Barishal,512.0,512.0,499.0,582.0,529.0,587.0,417.0,530.5,551.375,582.0,660.0,36.464594700430524,0.9651928504233303,0.9622086444897036,921.8571428571429,16.02379618021547,11,-0.5680647467311559,0.8229838658936564,0.0,0.0,0.0,0.0,0.0,12.548333333333334,24.07166666666667,103.63,48.645,47.48,120.12833333333333,400.1583333333333,87.02666666666666,22.061428571428568,26.149285714285714,25.663095238095238,27.132142857142856,29.76595238095238,28.255714285714287,28.229285714285712,71.61809523809524,86.73833333333334,89.72095238095238,375.26666666666665,649.4283333333333,36.64666666666667,10603.427714285714,368.0,255.0,141.0
2024-11-18,division,Chattogram,Chattogram,730.0,730.0,822.0,1030.0,952.0,1010.0,802.0,883.5,920.25,1030.0,1045.0,133.54025610279467,0.8264556246466931,0.9601085481682496,875.7142857142857,17.31813049167358,11,-0.5680647467311559,0.8229838658936564,0.0,0.0,0.0,0.0,0.010909090909090908,19.561818181818182,16.492727272727272,112.10454545454546,22.924545454545452,47.093636363636364,102.44090909090909,247.99454545454546,89.48181818181818,22.255974025974027,26.526103896103894,25.27155844155844,26.88896103896104,30.257142857142856,27.62753246753247,27.759870129870134,74.27324675324675,85.37883116883117,88.84584415584415,342.0427272727271,517.5254545454544,36.2390909090908,9449.796553010621,638.0,385.0,176.0
2024-11-18,division,Dhaka,Dhaka,3819.0,3819.0,4405.0,4591.0,4327.0,4097.0,3469.0,4285.5,4126.875,4591.0,4591.0,330.12876275780627,0.8911699521754345,1.0384277624685825,363.85714285714283,17.604592364757483,11,-0.5680647467311559,0.8229838658936564,0.0,0.0,0.0,0.0,0.0,11.297692307692309,6.548461538461539,120.18384615384616,26.821538461538463,56.324615384615385,140.68923076923076,180.00076923076924,46.348461538461535,21.31692307692308,26.055274725274725,24.576813186813187,26.545604395604396,30.004505494505494,27.623406593406592,27.858131868131867,72.95923076923077,87.24879120879122,91.13120879120879,414.84692307692296,359.0884615384615,17.84692307692302,11459.485230177512,3208.0,2288.0,726.0
2024-11-18,division,Khulna,Khulna,716.0,716.0,689.0,735.0,726.0,703.0,485.0,716.5,684.375,735.0,822.0,19.908122295518716,0.9993031358885017,1.0468721502826919,894.7142857142857,16.659378702207434,11,-0.5680647467311559,0.8229838658936564,0.0,0.0,0.0,0.0,0.0,3.591,5.079000000000001,102.87899999999999,47.313,34.168,148.496,241.57199999999997,52.534000000000006,21.050571428571427,26.017714285714288,24.740714285714287,26.363285714285716,29.825,27.606,27.89842857142857,75.00142857142858,88.79400000000001,92.0807142857143,339.017,409.7759999999999,8.669999999999945,9358.903302,574.0,388.0,99.0
2024-11-18,division,Mymensingh,Mymensingh,128.0,128.0,124.0,138.0,118.0,239.0,221.0,127.0,169.625,138.0,239.0,8.40634680861246,1.0078125,0.7501831501831502,975.4285714285714,16.31903432869183,11,-0.5680647467311559,0.8229838658936564,0.0,0.0,0.0,0.0,0.0,3.21,9.8025,66.515,25.5425,57.519999999999996,205.08,44.227500000000006,18.915,21.142500000000002,25.656785714285714,24.379285714285714,25.864285714285714,29.41607142857143,27.03107142857143,27.65642857142857,74.83678571428571,86.42964285714285,89.92607142857143,468.78749999999997,145.0975,13.0125,12671.828397321427,132.0,75.0,28.0
2024-11-18,division,Rajshahi,Rajshahi,271.0,271.0,298.0,193.0,212.0,248.0,225.0,243.5,247.0,298.0,300.0,49.22397789695587,1.112474437627812,0.9858870967741935,950.5714285714286,16.828744725921833,11,-0.5680647467311559,0.8229838658936564,0.0,0.0,0.0,0.0,0.0,3.14375,1.87625,62.214999999999996,33.661249999999995,38.04625,200.13125,96.73375,21.805,21.364285714285714,25.57875,24.515714285714285,25.953035714285715,29.31517857142857,27.270892857142858,27.831607142857145,74.21428571428572,87.81035714285714,91.22571428571429,370.50874999999996,226.8625,5.02,10104.104423883928,164.0,136.0,15.0
2024-11-18,division,Rangpur,Rangpur,64.0,64.0,92.0,133.0,130.0,119.0,113.0,104.75,122.625,133.0,209.0,32.95830699535399,0.6146572104018913,0.8554095045500506,980.0,16.68403182311846,11,-0.5680647467311559,0.8229838658936564,0.0,0.0,0.0,0.0,0.005,0.22125,11.89125,21.96125,26.555,21.8725,322.91499999999996,41.00875,39.853750000000005,20.505357142857143,25.211785714285714,23.22714285714286,25.073035714285716,28.932857142857145,26.40660714285714,27.822321428571428,81.58214285714286,86.34232142857144,88.63803571428572,445.2149999999999,142.00249999999994,12.126249999999942,11756.61759910714,48.0,28.0,8.0
2024-11-18,division,Sylhet,Sylhet,26.0,26.0,23.0,19.0,25.0,28.0,20.0,23.25,25.75,26.0,39.0,3.0956959368344537,1.1134020618556701,0.9065420560747663,989.8571428571429,16.21657018255286,11,-0.5680647467311559,0.8229838658936564,0.0,0.0,0.0,0.0,0.0075,6.4575000000000005,19.495,127.76249999999999,15.025000000000002,54.8225,221.3,24.0925,41.58,21.50892857142857,26.138214285714287,24.349642857142857,26.348928571428573,30.157857142857143,26.86,27.855714285714285,76.6067857142857,83.45642857142857,86.80000000000001,505.4249999999999,122.67249999999989,25.959999999999887,13575.715499999997,30.0,12.0,4.0
2024-11-25,division,Barishal,Barishal,368.0,368.0,512.0,499.0,582.0,529.0,532.0,490.25,530.875,582.0,660.0,89.27999029271153,0.751145038167939,0.9236192714453584,822.0,16.02379618021547,11,-0.4647231720437684,0.88545602565321,0.0,0.0,0.0,0.0,1.4183333333333332,0.02666666666666667,12.548333333333334,24.07166666666667,103.63,48.645,159.01333333333332,94.19166666666666,68.05166666666666,21.833333333333332,25.89357142857143,23.627857142857142,27.110238095238092,30.28309523809524,28.13952380952381,28.272142857142857,80.76142857142857,83.2552380952381,89.89642857142859,358.7683333333333,682.53,13.993333333333334,10095.570057936508,255.0,177.0,80.0
2024-11-25,division,Chattogram,Chattogram,638.0,638.0,730.0,822.0,1030.0,952.0,926.0,805.0,884.25,1030.0,1045.0,167.75776186712392,0.792803970223325,0.9104772663089523,790.8571428571429,17.31813049167358,11,-0.4647231720437684,0.88545602565321,0.0,0.0,0.0,0.0,2.0036363636363634,0.17363636363636364,19.561818181818182,16.492727272727272,112.10454545454546,22.924545454545452,169.58363636363637,81.25545454545455,98.79363636363637,21.813766233766234,26.238311688311686,23.547012987012987,26.674805194805195,30.393766233766232,27.244805194805192,27.740129870129866,80.83883116883118,82.70103896103896,89.52662337662338,351.7063636363635,530.4845454545454,21.749999999999886,9582.17136304604,385.0,324.0,104.0
2024-11-25,division,Dhaka,Dhaka,3208.0,3208.0,3819.0,4405.0,4591.0,4327.0,4101.0,4005.75,4015.25,4591.0,4591.0,625.3529003690636,0.800898483808573,0.9976346093993153,349.57142857142856,17.604592364757483,11,-0.4647231720437684,0.88545602565321,0.0,0.0,0.0,0.0,1.9523076923076925,0.0007692307692307692,11.297692307692309,6.548461538461539,120.18384615384616,26.821538461538463,191.01153846153846,58.43538461538462,74.30384615384615,20.69879120879121,25.72747252747253,22.60142857142857,26.586153846153845,30.284175824175826,27.113846153846154,28.06175824175824,80.58670329670329,83.19142857142857,90.22362637362637,394.34153846153845,453.4292307692307,13.250769230769174,10692.11580591716,2288.0,1570.0,487.0
2024-11-25,division,Khulna,Khulna,574.0,574.0,716.0,689.0,735.0,726.0,588.0,678.5,682.625,735.0,822.0,72.17802066187923,0.8462104488594555,0.9939659901261657,792.8571428571429,16.659378702207434,11,-0.4647231720437684,0.88545602565321,0.0,0.0,0.0,0.0,1.905,0.0,3.591,5.079000000000001,102.87899999999999,47.313,109.04,73.514,42.156,20.445857142857143,25.665857142857142,22.52942857142857,26.76,30.625857142857143,27.351285714285712,27.966285714285714,81.03471428571429,83.45557142857143,90.50585714285714,293.4,505.73799999999994,5.495999999999944,8024.867228571427,388.0,242.0,54.0
2024-11-25,division,Mymensingh,Mymensingh,132.0,132.0,128.0,124.0,138.0,118.0,204.0,130.5,160.625,138.0,239.0,5.972157622389824,1.0114068441064639,0.8136117556071152,876.8571428571429,16.31903432869183,11,-0.4647231720437684,0.88545602565321,0.0,0.0,0.0,0.0,0.07,0.0,3.21,9.8025,66.515,25.5425,180.64499999999998,23.91,58.045,20.139999999999997,25.57,22.485357142857143,25.825714285714284,29.7025,26.106071428571425,27.46857142857143,77.68821428571428,82.30357142857143,91.60357142857143,330.2225,331.26250000000005,3.28,8620.812172321428,75.0,27.0,11.0
2024-11-25,division,Rajshahi,Rajshahi,164.0,164.0,271.0,298.0,193.0,212.0,205.0,231.5,241.875,298.0,300.0,63.30086887239384,0.7096774193548387,0.957282552753474,856.4285714285714,16.828744725921833,11,-0.4647231720437684,0.88545602565321,0.0,0.0,0.0,0.0,0.1625,0.0,3.14375,1.87625,62.214999999999996,33.661249999999995,98.67,52.0475,56.27625,19.764107142857142,25.075892857142858,22.769285714285715,26.51642857142857,30.03607142857143,26.796964285714285,27.870892857142856,79.66357142857143,82.7475,89.79,232.5925,405.18875,3.30625,6232.772915625,136.0,87.0,29.0
2024-11-25,division,Rangpur,Rangpur,48.0,48.0,64.0,92.0,133.0,130.0,209.0,84.25,102.5,133.0,133.0,37.24133008723865,0.5747800586510264,0.8236714975845411,886.0,16.68403182311846,11,-0.4647231720437684,0.88545602565321,0.0,0.0,0.0,0.0,0.0037500000000000003,0.00875,0.22125,11.89125,21.96125,26.555,73.8725,17.5175,43.6225,18.671964285714285,24.402857142857144,22.085714285714285,25.225892857142856,29.025178571428572,25.15142857142857,27.208035714285714,80.84125,86.80785714285715,91.27250000000001,144.26124999999993,425.0637499999999,0.23874999999994315,3628.3765249999983,28.0,16.0,3.0
2024-11-25,division,Sylhet,Sylhet,30.0,30.0,26.0,23.0,19.0,25.0,39.0,24.5,24.625,30.0,32.0,4.654746681256315,1.2156862745098038,0.9951219512195122,891.4285714285714,16.21657018255286,11,-0.4647231720437684,0.88545602565321,0.0,0.0,0.0,0.0,0.060000000000000005,0.0,6.4575000000000005,19.495,127.76249999999999,15.025000000000002,214.2775,12.5325,44.4675,20.783928571428575,25.988928571428573,22.9575,25.915,30.095357142857143,26.165357142857143,27.35142857142857,76.79392857142858,81.82142857142858,90.32464285714286,411.8874999999998,302.3924999999999,6.524999999999887,10777.183540178567,12.0,7.0,2.0
2024-12-02,division,Barishal,Barishal,255.0,255.0,368.0,512.0,499.0,582.0,510.0,408.5,499.0,512.0,660.0,121.25042955250372,0.6251526251526252,0.819,684.8571428571429,16.02379618021547,12,-0.35460488704253595,0.9350162426854147,0.0,0.0,0.0,0.0,0.085,0.0,0.02666666666666667,12.548333333333334,24.07166666666667,103.63,47.48,120.12833333333333,400.1583333333333,20.383095238095237,25.204047619047618,22.061428571428568,25.663095238095238,28.895,27.132142857142856,28.255714285714287,76.11238095238095,81.4797619047619,84.05095238095238,223.82666666666665,773.4916666666666,1.5299999999999998,6072.897095238095,177.0,141.0,61.0
2024-12-02,division,Chattogram,Chattogram,385.0,385.0,638.0,730.0,822.0,1030.0,847.0,643.75,826.5,822.0,1045.0,188.1459982743897,0.5986816595579683,0.779154078549849,646.2857142857143,17.31813049167358,12,-0.35460488704253595,0.9350162426854147,0.0,0.0,0.0,0.0,0.06090909090909091,0.010909090909090908,0.17363636363636364,19.561818181818182,16.492727272727272,112.10454545454546,47.093636363636364,102.44090909090909,247.99454545454546,19.850649350649352,24.654285714285717,22.255974025974027,25.27155844155844,28.905064935064935,26.88896103896104,27.62753246753247,78.15285714285714,80.14935064935065,84.17961038961039,198.61545454545444,601.2745454545454,2.2490909090907953,5340.5632190082615,324.0,176.0,80.0
2024-12-02,division,Dhaka,Dhaka,2288.0,2288.0,3208.0,3819.0,4405.0,4591.0,3475.0,3430.0,3866.875,4405.0,4591.0,904.6903706056933,0.667152433692801,0.8870503829622208,279.14285714285717,17.604592364757483,12,-0.35460488704253595,0.9350162426854147,0.0,0.0,0.0,0.0,0.027692307692307697,0.0,0.0007692307692307692,11.297692307692309,6.548461538461539,120.18384615384616,56.324615384615385,140.68923076923076,180.00076923076924,18.874395604395605,24.650329670329672,21.31692307692308,24.576813186813187,28.691538461538464,26.545604395604396,27.623406593406592,77.28252747252746,82.97054945054946,87.2379120879121,209.8784615384615,570.136923076923,1.9807692307691742,5571.350611158072,1570.0,726.0,280.0
2024-12-02,division,Khulna,Khulna,388.0,388.0,574.0,716.0,689.0,735.0,496.0,591.75,669.125,716.0,822.0,149.1361235024343,0.6562631800927878,0.8845364670770378,655.4285714285714,16.659378702207434,12,-0.35460488704253595,0.9350162426854147,0.0,0.0,0.0,0.0,0.06000000000000001,0.0,0.0,3.591,5.079000000000001,102.87899999999999,34.168,148.496,241.57199999999997,19.146571428571427,25.314,21.050571428571427,24.740714285714287,29.06771428571428,26.363285714285716,27.606,74.85071428571429,82.61928571428572,87.71342857142858,189.43899999999994,572.622,1.9649999999999432,4994.23448242857,242.0,99.0,18.0
2024-12-02,division,Mymensingh,Mymensingh,75.0,75.0,132.0,128.0,124.0,138.0,180.0,114.75,147.5,132.0,239.0,26.70049937111044,0.6565874730021598,0.7794612794612794,718.5714285714286,16.31903432869183,12,-0.35460488704253595,0.9350162426854147,0.0,0.0,0.0,0.0,0.0225,0.0,0.0,3.21,9.8025,66.515,57.519999999999996,205.08,44.227500000000006,18.256071428571428,24.062857142857144,21.142500000000002,24.379285714285714,28.403928571428573,25.864285714285714,27.03107142857143,76.91964285714286,80.03071428571428,88.42392857142858,159.38,453.86249999999995,0.0925,4122.249857142857,27.0,28.0,6.0
2024-12-02,division,Rajshahi,Rajshahi,136.0,136.0,164.0,271.0,298.0,193.0,249.0,217.25,227.75,298.0,300.0,79.26064597263891,0.6277205040091638,0.9540983606557377,714.0,16.828744725921833,12,-0.35460488704253595,0.9350162426854147,0.0,0.0,0.0,0.0,0.0125,0.0,0.0,3.14375,1.87625,62.214999999999996,38.04625,200.13125,96.73375,18.295892857142857,24.17017857142857,21.364285714285714,24.515714285714285,28.572321428571428,25.953035714285715,27.270892857142858,76.25392857142857,80.61017857142856,87.54928571428572,135.79875,447.5825,0.17500000000000002,3524.3898087053576,87.0,15.0,10.0
2024-12-02,division,Rangpur,Rangpur,28.0,28.0,48.0,64.0,92.0,133.0,109.0,58.0,92.375,92.0,133.0,27.030846576951056,0.4915254237288136,0.6318607764390897,730.5714285714286,16.68403182311846,12,-0.35460488704253595,0.9350162426854147,0.0,0.0,0.0,0.0,0.01625,0.005,0.00875,0.22125,11.89125,21.96125,21.8725,322.91499999999996,41.00875,17.721785714285716,23.43767857142857,20.505357142857143,23.22714285714286,27.62410714285714,25.073035714285716,26.40660714285714,79.50714285714285,85.43678571428572,89.62035714285715,82.27999999999994,455.3137499999999,0.03374999999994316,2063.009378571427,16.0,8.0,2.0
2024-12-02,division,Sylhet,Sylhet,12.0,12.0,30.0,26.0,23.0,19.0,14.0,22.75,24.375,30.0,32.0,7.7190241179396075,0.5473684210526316,0.9359605911330049,733.1428571428571,16.21657018255286,12,-0.35460488704253595,0.9350162426854147,0.0,0.0,0.0,0.0,0.03,0.0075,0.0,6.4575000000000005,19.495,127.76249999999999,54.8225,221.3,24.0925,18.795,24.142857142857142,21.50892857142857,24.349642857142857,28.66857142857143,26.348928571428573,26.86,78.05892857142858,80.665,87.2317857142857,217.10499999999988,472.20249999999993,0.09749999999988632,5720.484137499997,7.0,4.0,1.0
2024-12-09,division,Barishal,Barishal,177.0,177.0,255.0,368.0,512.0,499.0,660.0,328.0,438.625,512.0,587.0,145.58617150448504,0.541033434650456,0.7483650838783054,473.14285714285717,16.02379618021547,12,-0.2393156642875578,0.970941817426052,0.0,0.0,0.0,1.0,0.051666666666666666,1.4183333333333332,0.0,0.02666666666666667,12.548333333333334,24.07166666666667,48.645,159.01333333333332,94.19166666666666,17.910476190476192,23.165714285714287,21.833333333333332,23.627857142857142,27.582380952380948,27.110238095238092,28.13952380952381,81.63619047619048,81.67547619047619,81.12095238095239,188.895,420.81333333333333,1.555,5120.988425,141.0,80.0,41.0
2024-12-09,division,Chattogram,Chattogram,324.0,324.0,385.0,638.0,730.0,822.0,1045.0,519.25,736.375,730.0,1030.0,195.50170502240297,0.624699663623258,0.7055433124258349,454.57142857142856,17.31813049167358,12,-0.2393156642875578,0.970941817426052,0.0,0.0,0.0,1.0,0.015454545454545455,2.0036363636363634,0.010909090909090908,0.17363636363636364,19.561818181818182,16.492727272727272,22.924545454545452,169.58363636363637,81.25545454545455,17.782727272727275,23.408311688311688,21.813766233766234,23.547012987012987,27.987272727272728,26.674805194805195,27.244805194805192,80.70103896103896,81.2635064935065,81.39389610389611,171.08363636363626,400.37363636363625,2.0909090909089767,4563.622672018888,176.0,104.0,60.0
2024-12-09,division,Dhaka,Dhaka,1570.0,1570.0,2288.0,3208.0,3819.0,4405.0,4200.0,2721.25,3538.125,3819.0,4591.0,992.4821996724509,0.5770961520800808,0.7691872991205453,182.71428571428572,17.604592364757483,12,-0.2393156642875578,0.970941817426052,0.0,0.0,0.0,1.0,0.006153846153846154,1.9523076923076925,0.0,0.0007692307692307692,11.297692307692309,6.548461538461539,26.821538461538463,191.01153846153846,58.43538461538462,16.674945054945056,22.73923076923077,20.69879120879121,22.60142857142857,27.544945054945057,26.586153846153845,27.113846153846154,82.25868131868131,81.15648351648352,82.84461538461538,164.8515384615384,446.4607692307692,1.9861538461537895,4382.768363313608,726.0,487.0,189.0
2024-12-09,division,Khulna,Khulna,242.0,242.0,388.0,574.0,716.0,689.0,822.0,480.0,596.625,716.0,735.0,207.87816944867814,0.5051975051975052,0.8048525413093495,454.14285714285717,16.659378702207434,12,-0.2393156642875578,0.970941817426052,0.0,0.0,0.0,1.0,0.077,1.905,0.0,0.0,3.591,5.079000000000001,47.313,109.04,73.514,16.542714285714286,23.09657142857143,20.445857142857143,22.52942857142857,27.597285714285714,26.76,27.351285714285712,81.13728571428571,80.04942857142858,83.66985714285714,158.86199999999994,365.21799999999996,2.041999999999943,4251.147119999999,99.0,54.0,13.0
2024-12-09,division,Mymensingh,Mymensingh,27.0,27.0,75.0,132.0,128.0,124.0,226.0,90.5,122.625,132.0,239.0,49.668903752750595,0.30601092896174864,0.7401415571284126,498.85714285714283,16.31903432869183,12,-0.2393156642875578,0.970941817426052,0.0,0.0,0.0,1.0,0.005,0.07,0.0,0.0,3.21,9.8025,25.5425,180.64499999999998,23.91,16.557142857142857,22.747857142857143,20.139999999999997,22.485357142857143,27.513214285714287,25.825714285714284,26.106071428571425,79.445,78.11928571428571,82.38857142857142,105.07000000000001,467.155,0.0975,2713.5078,28.0,11.0,5.0
2024-12-09,division,Rajshahi,Rajshahi,87.0,87.0,136.0,164.0,271.0,298.0,300.0,164.5,201.125,271.0,298.0,77.8053125863952,0.5317220543806647,0.8188002473716759,490.14285714285717,16.828744725921833,12,-0.2393156642875578,0.970941817426052,0.0,0.0,0.0,1.0,0.17375000000000002,0.1625,0.0,0.0,3.14375,1.87625,33.661249999999995,98.67,52.0475,16.50125,22.301785714285714,19.764107142857142,22.769285714285715,27.25,26.51642857142857,26.796964285714285,80.23303571428572,76.05714285714286,81.96125,100.89625,388.895,0.34875,2675.4082062499997,15.0,29.0,12.0
2024-12-09,division,Rangpur,Rangpur,16.0,16.0,28.0,48.0,64.0,92.0,125.0,39.0,78.75,64.0,133.0,21.260291625469296,0.425,0.5015673981191222,505.57142857142856,16.68403182311846,12,-0.2393156642875578,0.970941817426052,0.0,0.0,0.0,1.0,0.01,0.0037500000000000003,0.005,0.00875,0.22125,11.89125,26.555,73.8725,17.5175,16.22267857142857,21.988392857142856,18.671964285714285,22.085714285714285,26.646964285714287,25.225892857142856,25.15142857142857,81.40660714285714,81.20035714285714,86.25928571428571,60.62874999999994,436.1774999999999,0.03499999999994316,1529.4143515624985,8.0,3.0,1.0
2024-12-09,division,Sylhet,Sylhet,7.0,7.0,12.0,30.0,26.0,23.0,32.0,18.75,21.25,30.0,30.0,10.996211468804457,0.4050632911392405,0.8876404494382022,507.85714285714283,16.21657018255286,12,-0.2393156642875578,0.970941817426052,0.0,0.0,0.0,1.0,0.0,0.060000000000000005,0.0075,0.0,6.4575000000000005,19.495,15.025000000000002,214.2775,12.5325,17.190357142857145,23.025714285714287,20.783928571428575,22.9575,27.83607142857143,25.915,26.165357142857143,76.50642857142857,78.08535714285715,80.96857142857144,168.7399999999999,502.9324999999999,0.09749999999988632,4372.897099999997,4.0,2.0,3.0
2024-12-16,division,Barishal,Barishal,141.0,141.0,177.0,255.0,368.0,512.0,587.0,235.25,382.875,368.0,582.0,100.48009753179981,0.6010582010582011,0.615434711820254,324.7142857142857,16.02379618021547,12,-0.12053668025532363,0.992708874098054,0.0,0.0,1.0,7.0,2.2049999999999996,0.085,1.4183333333333332,0.0,0.02666666666666667,12.548333333333334,103.63,47.48,120.12833333333333,19.093809523809522,24.468571428571426,20.383095238095237,22.061428571428568,26.149285714285714,25.663095238095238,27.132142857142856,77.4302380952381,71.61809523809524,86.73833333333334,140.27666666666667,375.26666666666665,3.76,3599.9334563492066,80.0,61.0,30.0
2024-12-16,division,Chattogram,Chattogram,176.0,176.0,324.0,385.0,638.0,730.0,1010.0,380.75,632.125,638.0,1030.0,192.64712992065742,0.4636542239685658,0.6029615004935834,303.7142857142857,17.31813049167358,12,-0.12053668025532363,0.992708874098054,0.0,0.0,1.0,7.0,0.7036363636363636,0.06090909090909091,2.0036363636363634,0.010909090909090908,0.17363636363636364,19.561818181818182,112.10454545454546,47.093636363636364,102.44090909090909,19.46090909090909,24.952077922077923,19.850649350649352,22.255974025974027,26.526103896103894,25.27155844155844,26.88896103896104,77.94389610389611,74.27324675324675,85.37883116883117,148.33272727272717,342.0427272727271,2.7836363636362496,3748.599186068474,104.0,80.0,24.0
2024-12-16,division,Dhaka,Dhaka,726.0,726.0,1570.0,2288.0,3208.0,3819.0,4097.0,1948.0,3116.75,3208.0,4591.0,1055.0462865043726,0.3730118009235505,0.6251303023013391,125.71428571428571,17.604592364757483,12,-0.12053668025532363,0.992708874098054,0.0,0.0,1.0,7.0,0.9776923076923076,0.027692307692307697,1.9523076923076925,0.0,0.0007692307692307692,11.297692307692309,120.18384615384616,56.324615384615385,140.68923076923076,17.67912087912088,23.92978021978022,18.874395604395605,21.31692307692308,26.055274725274725,24.576813186813187,26.545604395604396,77.85846153846154,72.95923076923077,87.24879120879122,138.03076923076918,414.84692307692296,2.963846153846097,3392.356429416736,487.0,280.0,117.0
2024-12-16,division,Khulna,Khulna,99.0,99.0,242.0,388.0,574.0,716.0,703.0,325.75,521.125,574.0,735.0,203.25087125684522,0.306044376434583,0.6258079961694997,315.42857142857144,16.659378702207434,12,-0.12053668025532363,0.992708874098054,0.0,0.0,1.0,7.0,1.9009999999999998,0.06000000000000001,1.905,0.0,0.0,3.591,102.87899999999999,34.168,148.496,17.600857142857144,24.15685714285714,19.146571428571427,21.050571428571427,26.017714285714288,24.740714285714287,26.363285714285716,78.78757142857143,75.00142857142858,88.79400000000001,111.54899999999994,339.017,3.9429999999999428,2759.801937857141,54.0,18.0,10.0
2024-12-16,division,Mymensingh,Mymensingh,28.0,28.0,27.0,75.0,132.0,128.0,239.0,65.5,96.25,132.0,138.0,49.668903752750595,0.43609022556390975,0.6838046272493573,346.14285714285717,16.31903432869183,12,-0.12053668025532363,0.992708874098054,0.0,0.0,1.0,7.0,0.0075,0.0225,0.07,0.0,0.0,3.21,66.515,57.519999999999996,205.08,17.65357142857143,23.703928571428573,18.256071428571428,21.142500000000002,25.656785714285714,24.379285714285714,25.864285714285714,76.35964285714286,74.83678571428571,86.42964285714285,79.5275,468.78749999999997,0.10500000000000001,1938.8236446428573,11.0,6.0,1.0
2024-12-16,division,Rajshahi,Rajshahi,15.0,15.0,87.0,136.0,164.0,271.0,248.0,100.5,172.0,164.0,298.0,65.28144197753805,0.15763546798029557,0.5867052023121387,337.57142857142856,16.828744725921833,12,-0.12053668025532363,0.992708874098054,0.0,0.0,1.0,7.0,0.06375,0.0125,0.1625,0.0,0.0,3.14375,62.214999999999996,38.04625,200.13125,17.27375,23.062857142857144,18.295892857142857,21.364285714285714,25.57875,24.515714285714285,25.953035714285715,79.09517857142858,74.21428571428572,87.81035714285714,67.235,370.50874999999996,0.41250000000000003,1648.31405,29.0,10.0,3.0
2024-12-16,division,Rangpur,Rangpur,8.0,8.0,16.0,28.0,48.0,64.0,119.0,25.0,64.875,48.0,133.0,17.39731780093318,0.34615384615384615,0.3946869070208729,347.7142857142857,16.68403182311846,12,-0.12053668025532363,0.992708874098054,0.0,0.0,1.0,7.0,0.053750000000000006,0.01625,0.0037500000000000003,0.005,0.00875,0.22125,21.96125,21.8725,322.91499999999996,16.82875,23.34482142857143,17.721785714285716,20.505357142857143,25.211785714285714,23.22714285714286,25.073035714285716,79.46375,81.58214285714286,86.34232142857144,34.082499999999946,445.2149999999999,0.08374999999994316,791.6390964285703,3.0,2.0,3.0
2024-12-16,division,Sylhet,Sylhet,4.0,4.0,7.0,12.0,30.0,26.0,28.0,13.25,18.25,30.0,30.0,11.64402564980571,0.3508771929824561,0.7402597402597403,349.0,16.21657018255286,12,-0.12053668025532363,0.992708874098054,0.0,0.0,1.0,7.0,0.0575,0.03,0.060000000000000005,0.0075,0.0,6.4575000000000005,127.76249999999999,54.8225,221.3,18.24857142857143,24.075,18.795,21.50892857142857,26.138214285714287,24.349642857142857,26.348928571428573,77.12642857142858,76.6067857142857,83.45642857142857,153.7149999999999,505.4249999999999,0.1474999999998863,3742.9053517857114,2.0,1.0,1.0
2024-12-23,division,Barishal,Barishal,80.0,80.0,141.0,177.0,255.0,368.0,529.0,163.25,326.75,255.0,582.0,73.10437743391296,0.4931506849315068,0.5011441647597255,150.85714285714286,16.02379618021547,12,6.432490598706546e-16,1.0,0.0,0.0,1.0,7.0,0.2816666666666667,0.051666666666666666,0.085,1.4183333333333332,0.0,0.02666666666666667,24.07166666666667,48.645,159.01333333333332,19.211190476190477,24.668095238095237,17.910476190476192,21.833333333333332,25.89357142857143,23.627857142857142,27.110238095238092,77.29309523809523,80.76142857142857,83.2552380952381,36.64666666666667,358.7683333333333,2.623333333333333,865.8822047619047,61.0,41.0,30.0
2024-12-23,division,Chattogram,Chattogram,104.0,104.0,176.0,324.0,385.0,638.0,952.0,247.25,526.125,385.0,1030.0,129.69547666232103,0.4229607250755287,0.4709509129713066,145.85714285714286,17.31813049167358,12,6.432490598706546e-16,1.0,0.0,0.0,1.0,7.0,0.06909090909090909,0.015454545454545455,0.06090909090909091,2.0036363636363634,0.010909090909090908,0.17363636363636364,16.492727272727272,22.924545454545452,169.58363636363637,19.189999999999998,24.712077922077924,17.782727272727275,21.813766233766234,26.238311688311686,23.547012987012987,26.674805194805195,75.39298701298702,80.83883116883118,82.70103896103896,36.2390909090908,351.7063636363635,0.8490909090907954,853.3223442739053,80.0,60.0,31.0
2024-12-23,division,Dhaka,Dhaka,487.0,487.0,726.0,1570.0,2288.0,3208.0,4327.0,1267.75,2636.75,2288.0,4591.0,823.6764635866843,0.3846305418719212,0.48099706188986824,67.28571428571429,17.604592364757483,12,6.432490598706546e-16,1.0,0.0,0.0,1.0,7.0,0.1123076923076923,0.006153846153846154,0.027692307692307697,1.9523076923076925,0.0,0.0007692307692307692,6.548461538461539,26.821538461538463,191.01153846153846,18.127912087912087,24.49021978021978,16.674945054945056,20.69879120879121,25.72747252747253,22.60142857142857,26.586153846153845,75.71736263736264,80.58670329670329,83.19142857142857,17.84692307692302,394.34153846153845,1.1238461538460969,403.36595714285585,280.0,189.0,89.0
2024-12-23,division,Khulna,Khulna,54.0,54.0,99.0,242.0,388.0,574.0,726.0,195.75,437.125,388.0,735.0,151.16519661174215,0.2795425667090216,0.4490727532097004,156.85714285714286,16.659378702207434,12,6.432490598706546e-16,1.0,0.0,0.0,1.0,7.0,0.253,0.077,0.06000000000000001,1.905,0.0,0.0,5.079000000000001,47.313,109.04,18.291428571428572,25.009,16.542714285714286,20.445857142857143,25.665857142857142,22.52942857142857,26.76,77.81985714285715,81.03471428571429,83.45557142857143,8.669999999999945,293.4,2.2909999999999426,195.33014571428447,18.0,13.0,15.0
2024-12-23,division,Mymensingh,Mymensingh,11.0,11.0,28.0,27.0,75.0,132.0,118.0,35.25,82.875,75.0,138.0,27.62094615806397,0.3310344827586207,0.43219076005961254,167.0,16.31903432869183,12,6.432490598706546e-16,1.0,0.0,0.0,1.0,7.0,0.0,0.005,0.0225,0.07,0.0,0.0,9.8025,25.5425,180.64499999999998,17.972499999999997,24.473214285714285,16.557142857142857,20.139999999999997,25.57,22.485357142857143,25.825714285714284,72.71964285714286,77.68821428571428,82.30357142857143,13.0125,330.2225,0.034999999999999996,292.59070982142856,6.0,5.0,1.0
2024-12-23,division,Rajshahi,Rajshahi,29.0,29.0,15.0,87.0,136.0,164.0,212.0,66.75,149.125,136.0,298.0,55.70382991021952,0.44280442804428044,0.45129059117402165,168.85714285714286,16.828744725921833,12,6.432490598706546e-16,1.0,0.0,0.0,1.0,7.0,0.005,0.17375000000000002,0.0125,0.1625,0.0,0.0,1.87625,33.661249999999995,98.67,17.681607142857143,23.80892857142857,16.50125,19.764107142857142,25.075892857142858,22.769285714285715,26.51642857142857,78.67410714285714,79.66357142857143,82.7475,5.02,232.5925,0.255,114.30181428571429,10.0,12.0,3.0
2024-12-23,division,Rangpur,Rangpur,3.0,3.0,8.0,16.0,28.0,48.0,130.0,13.75,49.0,28.0,133.0,10.904891868637055,0.2711864406779661,0.295,169.85714285714286,16.68403182311846,12,6.432490598706546e-16,1.0,0.0,0.0,1.0,7.0,0.0,0.01,0.01625,0.0037500000000000003,0.005,0.00875,11.89125,26.555,73.8725,17.208035714285714,23.606785714285714,16.22267857142857,18.671964285714285,24.402857142857144,22.085714285714285,25.225892857142856,79.17232142857144,80.84125,86.80785714285715,12.126249999999942,144.26124999999993,0.07999999999994316,267.81689285714157,2.0,1.0,0.0
2024-12-23,division,Sylhet,Sylhet,2.0,2.0,4.0,7.0,12.0,30.0,25.0,6.25,15.375,12.0,30.0,4.349329450233295,0.41379310344827586,0.44274809160305345,170.42857142857142,16.21657018255286,12,6.432490598706546e-16,1.0,0.0,0.0,1.0,7.0,0.0,0.0,0.03,0.060000000000000005,0.0075,0.0,19.495,15.025000000000002,214.2775,18.29392857142857,24.226785714285715,17.190357142857145,20.783928571428575,25.988928571428573,22.9575,25.915,71.72142857142858,76.79392857142858,81.82142857142858,25.959999999999887,411.8874999999998,0.08749999999988631,595.9766999999974,1.0,3.0,1.0
2024-12-30,division,Barishal,Barishal,61.0,61.0,80.0,141.0,177.0,255.0,582.0,114.75,261.625,177.0,512.0,53.730035051790814,0.5356371490280778,0.4407425035697287,98.57142857142857,16.02379618021547,12,0.12053668025532305,0.992708874098054,0.0,0.0,0.0,7.0,0.0,2.2049999999999996,0.051666666666666666,0.085,1.4183333333333332,0.0,12.548333333333334,103.63,47.48,18.18047619047619,23.576190476190476,19.093809523809522,20.383095238095237,25.204047619047618,22.061428571428568,25.663095238095238,80.19904761904762,76.11238095238095,81.4797619047619,13.993333333333334,223.82666666666665,2.5383333333333327,308.7129238095238,41.0,30.0,20.0
2024-12-30,division,Chattogram,Chattogram,80.0,80.0,104.0,176.0,324.0,385.0,1030.0,171.0,407.375,324.0,822.0,109.85444915887565,0.47093023255813954,0.421181512090603,95.14285714285714,17.31813049167358,12,0.12053668025532305,0.992708874098054,0.0,0.0,0.0,7.0,0.0,0.7036363636363636,0.015454545454545455,0.06090909090909091,2.0036363636363634,0.010909090909090908,19.561818181818182,112.10454545454546,47.093636363636364,18.248311688311688,23.89909090909091,19.46090909090909,19.850649350649352,24.654285714285717,22.255974025974027,25.27155844155844,81.60623376623377,78.15285714285714,80.14935064935065,21.749999999999886,198.61545454545444,0.7881818181817045,484.06743506493257,60.0,24.0,23.0
2024-12-30,division,Dhaka,Dhaka,280.0,280.0,487.0,726.0,1570.0,2288.0,4591.0,765.75,2097.875,1570.0,4405.0,566.2898992565557,0.36648190414085424,0.36531475195044966,40.42857142857143,17.604592364757483,12,0.12053668025532305,0.992708874098054,0.0,0.0,0.0,7.0,0.0,0.9776923076923076,0.006153846153846154,0.027692307692307697,1.9523076923076925,0.0,11.297692307692309,120.18384615384616,56.324615384615385,17.676703296703298,23.714175824175825,17.67912087912088,18.874395604395605,24.650329670329672,21.31692307692308,24.576813186813187,81.70032967032967,77.28252747252746,82.97054945054946,13.250769230769174,209.8784615384615,1.0961538461537892,282.46562840236567,189.0,117.0,65.0
2024-12-30,division,Khulna,Khulna,18.0,18.0,54.0,99.0,242.0,388.0,735.0,103.25,347.5,242.0,716.0,98.2560430711516,0.18225419664268586,0.29913916786226685,102.28571428571429,16.659378702207434,12,0.12053668025532305,0.992708874098054,0.0,0.0,0.0,7.0,0.0,1.9009999999999998,0.077,0.06000000000000001,1.905,0.0,3.591,102.87899999999999,34.168,17.077142857142857,23.780714285714286,17.600857142857144,19.146571428571427,25.314,21.050571428571427,24.740714285714287,80.58542857142858,74.85071428571429,82.61928571428572,5.495999999999944,189.43899999999994,2.230999999999943,115.69394057142738,13.0,10.0,4.0
2024-12-30,division,Mymensingh,Mymensingh,6.0,6.0,11.0,28.0,27.0,75.0,138.0,18.0,66.375,28.0,132.0,11.165422816296246,0.3684210526315789,0.2820037105751391,108.42857142857143,16.31903432869183,12,0.12053668025532305,0.992708874098054,0.0,0.0,0.0,7.0,0.0,0.0075,0.005,0.0225,0.07,0.0,3.21,66.515,57.519999999999996,17.861071428571428,24.060000000000002,17.65357142857143,18.256071428571428,24.062857142857144,21.142500000000002,24.379285714285714,79.55071428571429,76.91964285714286,80.03071428571428,3.28,159.38,0.0125,69.34740000000001,5.0,1.0,0.0
2024-12-30,division,Rajshahi,Rajshahi,10.0,10.0,29.0,15.0,87.0,136.0,193.0,35.25,126.25,87.0,298.0,35.42480298698451,0.30344827586206896,0.28487229862475444,105.85714285714286,16.828744725921833,12,0.12053668025532305,0.992708874098054,0.0,0.0,0.0,7.0,0.0,0.06375,0.17375000000000002,0.0125,0.1625,0.0,3.14375,62.214999999999996,38.04625,16.868392857142858,22.80767857142857,17.27375,18.295892857142857,24.17017857142857,21.364285714285714,24.515714285714285,81.22446428571429,76.25392857142857,80.61017857142856,3.30625,135.79875,0.24250000000000002,70.63566964285714,12.0,3.0,4.0
2024-12-30,division,Rangpur,Rangpur,2.0,2.0,3.0,8.0,16.0,28.0,133.0,7.25,32.625,16.0,92.0,6.396613687465155,0.36363636363636365,0.24535315985130113,109.57142857142857,16.68403182311846,12,0.12053668025532305,0.992708874098054,0.0,0.0,0.0,7.0,0.0,0.053750000000000006,0.01,0.01625,0.0037500000000000003,0.005,0.22125,21.96125,21.8725,17.042142857142856,23.428571428571427,16.82875,17.721785714285716,23.43767857142857,20.505357142857143,23.22714285714286,78.1882142857143,79.50714285714285,85.43678571428572,0.23874999999994315,82.27999999999994,0.06374999999994316,4.8956540178559775,1.0,3.0,0.0
2024-12-30,division,Sylhet,Sylhet,1.0,1.0,2.0,4.0,7.0,12.0,19.0,3.5,13.125,7.0,30.0,2.645751311064588,0.4444444444444444,0.3185840707964602,109.71428571428571,16.21657018255286,12,0.12053668025532305,0.992708874098054,0.0,0.0,0.0,7.0,0.0,0.0575,0.0,0.03,0.060000000000000005,0.0075,6.4575000000000005,127.76249999999999,54.8225,18.135,24.075714285714287,18.24857142857143,18.795,24.142857142857142,21.50892857142857,24.349642857142857,76.69892857142857,78.05892857142858,80.665,6.524999999999887,217.10499999999988,0.057499999999886316,140.34575892856898,3.0,1.0,0.0
2025-01-06,division,Barishal,Barishal,41.0,41.0,61.0,80.0,141.0,177.0,499.0,80.75,204.375,141.0,512.0,43.20783108033391,0.5137614678899083,0.39805234327449784,56.714285714285715,16.02379618021547,1,0.23931566428755774,0.970941817426052,0.0,0.0,0.0,7.0,0.02666666666666667,0.2816666666666667,2.2049999999999996,0.051666666666666666,0.085,1.4183333333333332,0.02666666666666667,24.07166666666667,48.645,18.721666666666668,24.425238095238097,19.211190476190477,17.910476190476192,23.165714285714287,21.833333333333332,23.627857142857142,75.30499999999999,81.63619047619048,81.67547619047619,1.5299999999999998,188.895,2.5133333333333328,33.404999999999994,30.0,30.0,24.0
2025-01-06,division,Chattogram,Chattogram,60.0,60.0,80.0,104.0,176.0,324.0,822.0,105.0,312.125,176.0,730.0,50.635955604688604,0.5754716981132075,0.3385229540918164,54.0,17.31813049167358,1,0.23931566428755774,0.970941817426052,0.0,0.0,0.0,7.0,0.024545454545454547,0.06909090909090909,0.7036363636363636,0.015454545454545455,0.06090909090909091,2.0036363636363634,0.17363636363636364,16.492727272727272,22.924545454545452,18.747662337662337,24.423636363636366,19.189999999999998,17.782727272727275,23.408311688311688,21.813766233766234,23.547012987012987,75.74649350649351,80.70103896103896,81.2635064935065,2.2490909090907953,171.08363636363626,0.7972727272726136,49.06114332939539,24.0,31.0,26.0
2025-01-06,division,Dhaka,Dhaka,189.0,189.0,280.0,487.0,726.0,1570.0,4405.0,420.5,1570.875,726.0,3819.0,238.80605799127753,0.45077105575326215,0.26815109343936383,25.428571428571427,17.604592364757483,1,0.23931566428755774,0.970941817426052,0.0,0.0,0.0,7.0,0.0015384615384615385,0.1123076923076923,0.9776923076923076,0.006153846153846154,0.027692307692307697,1.9523076923076925,0.0007692307692307692,6.548461538461539,26.821538461538463,18.00758241758242,24.164175824175825,18.127912087912087,16.674945054945056,22.73923076923077,20.69879120879121,22.60142857142857,73.60208791208791,82.25868131868131,81.15648351648352,1.9807692307691742,164.8515384615384,1.0915384615384047,40.99952874048911,117.0,89.0,44.0
2025-01-06,division,Khulna,Khulna,13.0,13.0,18.0,54.0,99.0,242.0,689.0,46.0,263.0,99.0,716.0,39.77436360270266,0.2978723404255319,0.17803030303030304,62.857142857142854,16.659378702207434,1,0.23931566428755774,0.970941817426052,0.0,0.0,0.0,7.0,0.0,0.253,1.9009999999999998,0.077,0.06000000000000001,1.905,0.0,5.079000000000001,47.313,17.615857142857145,24.573714285714285,18.291428571428572,16.542714285714286,23.09657142857143,20.445857142857143,22.52942857142857,73.03871428571429,81.13728571428571,80.04942857142858,1.9649999999999432,158.86199999999994,2.153999999999943,40.176109285713125,10.0,15.0,7.0
2025-01-06,division,Mymensingh,Mymensingh,5.0,5.0,6.0,11.0,28.0,27.0,124.0,12.5,51.5,28.0,132.0,10.661457061146416,0.4444444444444444,0.2571428571428571,64.57142857142857,16.31903432869183,1,0.23931566428755774,0.970941817426052,0.0,0.0,0.0,7.0,0.0375,0.0,0.0075,0.005,0.0225,0.07,0.0,9.8025,25.5425,17.840357142857144,23.746785714285714,17.972499999999997,16.557142857142857,22.747857142857143,20.139999999999997,22.485357142857143,71.53964285714285,79.445,78.11928571428571,0.0925,105.07000000000001,0.045,1.8629499999999997,1.0,1.0,0.0
2025-01-06,division,Rajshahi,Rajshahi,12.0,12.0,10.0,29.0,15.0,87.0,298.0,16.5,90.5,29.0,271.0,8.58292879305583,0.7428571428571429,0.1912568306010929,64.0,16.828744725921833,1,0.23931566428755774,0.970941817426052,0.0,0.0,0.0,7.0,0.0,0.005,0.06375,0.17375000000000002,0.0125,0.1625,0.0,1.87625,33.661249999999995,17.313214285714285,22.89339285714286,17.681607142857143,16.50125,22.301785714285714,19.764107142857142,22.769285714285715,74.79017857142857,80.23303571428572,76.05714285714286,0.17500000000000002,100.89625,0.06875,3.45871875,3.0,3.0,1.0
2025-01-06,division,Rangpur,Rangpur,1.0,1.0,2.0,3.0,8.0,16.0,92.0,3.5,21.25,8.0,64.0,3.10912635102959,0.4444444444444444,0.20224719101123595,65.14285714285714,16.68403182311846,1,0.23931566428755774,0.970941817426052,0.0,0.0,0.0,7.0,0.2725,0.0,0.053750000000000006,0.01,0.01625,0.0037500000000000003,0.00875,11.89125,26.555,16.900357142857143,22.966964285714283,17.208035714285714,16.22267857142857,21.988392857142856,18.671964285714285,22.085714285714285,75.08107142857142,81.40660714285714,81.20035714285714,0.03374999999994316,60.62874999999994,0.3262499999999432,0.6301787946417958,3.0,0.0,0.0
2025-01-06,division,Sylhet,Sylhet,3.0,3.0,1.0,2.0,4.0,7.0,23.0,2.5,10.625,4.0,30.0,1.2909944487358003,1.1428571428571428,0.3010752688172043,65.28571428571429,16.21657018255286,1,0.23931566428755774,0.970941817426052,0.0,0.0,0.0,7.0,0.0975,0.0,0.0575,0.0,0.03,0.060000000000000005,0.0,19.495,15.025000000000002,17.970357142857143,23.683214285714286,18.29392857142857,17.190357142857145,23.025714285714287,20.783928571428575,22.9575,73.48857142857143,76.50642857142857,78.08535714285715,0.09749999999988632,168.7399999999999,0.1549999999998863,2.026433035711923,1.0,1.0,0.0
2025-01-13,division,Barishal,Barishal,30.0,30.0,41.0,61.0,80.0,141.0,512.0,53.0,144.125,80.0,368.0,22.105806175452393,0.5740740740740741,0.37209302325581395,40.42857142857143,16.02379618021547,1,0.3546048870425356,0.9350162426854148,0.0,0.0,0.0,6.0,0.013333333333333334,0.0,0.2816666666666667,2.2049999999999996,0.051666666666666666,0.085,0.0,12.548333333333334,103.63,19.052142857142858,25.203333333333333,18.18047619047619,19.093809523809522,24.468571428571426,20.383095238095237,22.061428571428568,72.73238095238095,77.4302380952381,71.61809523809524,1.555,140.27666666666667,0.32166666666666666,31.69571309523809,30.0,20.0,30.0
2025-01-13,division,Chattogram,Chattogram,24.0,24.0,60.0,80.0,104.0,176.0,730.0,67.0,223.875,104.0,638.0,33.842773723992075,0.36764705882352944,0.3023902167871039,37.714285714285715,17.31813049167358,1,0.3546048870425356,0.9350162426854148,0.0,0.0,0.0,6.0,0.00818181818181818,0.0,0.06909090909090909,0.7036363636363636,0.015454545454545455,0.06090909090909091,0.010909090909090908,19.561818181818182,112.10454545454546,19.12142857142857,25.15116883116883,18.248311688311688,19.46090909090909,24.952077922077923,19.850649350649352,22.255974025974027,71.8731168831169,77.94389610389611,74.27324675324675,2.0909090909089767,148.33272727272717,0.10181818181806813,41.505903187719106,31.0,23.0,22.0
2025-01-13,division,Dhaka,Dhaka,117.0,117.0,189.0,280.0,487.0,726.0,3819.0,268.25,1108.125,487.0,3208.0,160.36079113465797,0.4382544103992572,0.24275893159021752,19.285714285714285,17.604592364757483,1,0.3546048870425356,0.9350162426854148,0.0,0.0,0.0,6.0,0.0,0.0,0.1123076923076923,0.9776923076923076,0.006153846153846154,0.027692307692307697,0.0,11.297692307692309,120.18384615384616,18.21197802197802,25.026153846153843,17.676703296703298,17.67912087912088,23.92978021978022,18.874395604395605,21.31692307692308,72.18186813186813,77.85846153846154,72.95923076923077,1.9861538461537895,138.03076923076918,0.113846153846097,37.48745342349851,89.0,65.0,37.0
2025-01-13,division,Khulna,Khulna,10.0,10.0,13.0,18.0,54.0,99.0,716.0,23.75,174.75,54.0,574.0,20.43485584322366,0.4444444444444444,0.14082503556187767,44.42857142857143,16.659378702207434,1,0.3546048870425356,0.9350162426854148,0.0,0.0,0.0,6.0,0.0,0.0,0.253,1.9009999999999998,0.077,0.06000000000000001,0.0,3.591,102.87899999999999,18.182714285714287,25.526714285714284,17.077142857142857,17.600857142857144,24.15685714285714,19.146571428571427,21.050571428571427,71.97014285714286,78.78757142857143,75.00142857142858,2.041999999999943,111.54899999999994,0.25299999999994316,39.09729885714176,15.0,4.0,6.0
2025-01-13,division,Mymensingh,Mymensingh,1.0,1.0,5.0,6.0,11.0,28.0,128.0,5.75,35.625,11.0,132.0,4.112987559751279,0.2962962962962963,0.18430034129692832,45.57142857142857,16.31903432869183,1,0.3546048870425356,0.9350162426854148,0.0,0.0,0.0,6.0,0.0,0.0,0.0,0.0075,0.005,0.0225,0.0,3.21,66.515,18.11285714285714,25.004642857142855,17.861071428571428,17.65357142857143,23.703928571428573,18.256071428571428,21.142500000000002,70.25678571428571,76.35964285714286,74.83678571428571,0.0975,79.5275,0.0375,1.7799669642857143,1.0,0.0,1.0
2025-01-13,division,Rajshahi,Rajshahi,3.0,3.0,12.0,10.0,29.0,15.0,271.0,13.5,57.0,29.0,164.0,11.030261405182872,0.27586206896551724,0.25,44.57142857142857,16.828744725921833,1,0.3546048870425356,0.9350162426854148,0.0,0.0,0.0,6.0,0.0,0.0,0.005,0.06375,0.17375000000000002,0.0125,0.0,3.14375,62.214999999999996,17.76892857142857,23.903035714285714,16.868392857142858,17.27375,23.062857142857144,18.295892857142857,21.364285714285714,73.16839285714286,79.09517857142858,74.21428571428572,0.34875,67.235,0.005,6.380692633928572,3.0,4.0,6.0
2025-01-13,division,Rangpur,Rangpur,3.0,3.0,1.0,2.0,3.0,8.0,64.0,2.25,13.625,3.0,48.0,0.9574271077562897,1.2307692307692308,0.2222222222222222,46.142857142857146,16.68403182311846,1,0.3546048870425356,0.9350162426854148,0.0,0.0,0.0,6.0,0.1325,0.0,0.0,0.053750000000000006,0.01,0.01625,0.005,0.22125,21.96125,17.550714285714285,24.134821428571428,17.042142857142856,16.82875,23.34482142857143,17.721785714285716,20.505357142857143,71.43160714285715,79.46375,81.58214285714286,0.03499999999994316,34.082499999999946,0.4049999999999432,0.6202624999989927,0.0,0.0,0.0
2025-01-13,division,Sylhet,Sylhet,1.0,1.0,3.0,1.0,2.0,4.0,26.0,1.75,7.5,3.0,30.0,0.957427107756331,0.7272727272727273,0.3235294117647059,45.857142857142854,16.21657018255286,1,0.3546048870425356,0.9350162426854148,0.0,0.0,0.0,6.0,0.0,0.0,0.0,0.0575,0.0,0.03,0.0075,6.4575000000000005,127.76249999999999,18.487857142857145,24.585714285714285,18.135,18.24857142857143,24.075,18.795,21.50892857142857,70.95214285714286,77.12642857142858,76.6067857142857,0.09749999999988632,153.7149999999999,0.09749999999988632,1.8325124999978635,1.0,0.0,0.0
2025-01-20,division,Barishal,Barishal,30.0,30.0,30.0,41.0,61.0,80.0,368.0,40.5,101.875,61.0,255.0,14.617341299520554,0.7469879518072289,0.40340218712029163,22.714285714285715,16.02379618021547,1,0.4647231720437685,0.8854560256532099,0.0,0.0,0.0,7.0,0.0,0.02666666666666667,0.0,0.2816666666666667,2.2049999999999996,0.051666666666666666,1.4183333333333332,0.02666666666666667,24.07166666666667,19.279285714285717,25.327142857142857,18.721666666666668,19.211190476190477,24.668095238095237,17.910476190476192,21.833333333333332,71.30857142857143,77.29309523809523,80.76142857142857,3.76,36.64666666666667,0.04,67.34339047619048,20.0,24.0,23.0
2025-01-20,division,Chattogram,Chattogram,31.0,31.0,24.0,60.0,80.0,104.0,638.0,48.75,148.0,80.0,385.0,26.017622233145392,0.6432160804020101,0.3338926174496644,23.571428571428573,17.31813049167358,1,0.4647231720437685,0.8854560256532099,0.0,0.0,0.0,7.0,0.0009090909090909091,0.024545454545454547,0.0,0.06909090909090909,0.7036363636363636,0.015454545454545455,2.0036363636363634,0.17363636363636364,16.492727272727272,18.255584415584416,24.30935064935065,18.747662337662337,19.189999999999998,24.712077922077924,17.782727272727275,21.813766233766234,72.01207792207792,75.39298701298702,80.83883116883118,2.7836363636362496,36.2390909090908,0.03363636363624995,49.50064628098971,23.0,26.0,23.0
2025-01-20,division,Dhaka,Dhaka,89.0,89.0,117.0,189.0,280.0,487.0,3208.0,168.75,718.25,280.0,2288.0,85.29312203610988,0.5301914580265096,0.2360097323600973,10.285714285714286,17.604592364757483,1,0.4647231720437685,0.8854560256532099,0.0,0.0,0.0,7.0,0.0,0.0015384615384615385,0.0,0.1123076923076923,0.9776923076923076,0.006153846153846154,1.9523076923076925,0.0007692307692307692,6.548461538461539,17.944835164835162,24.645164835164834,18.00758241758242,18.127912087912087,24.49021978021978,16.674945054945056,20.69879120879121,69.78791208791209,75.71736263736264,80.58670329670329,2.963846153846097,17.84692307692302,0.001538461538404695,49.4219717666939,65.0,44.0,36.0
2025-01-20,division,Khulna,Khulna,15.0,15.0,10.0,13.0,18.0,54.0,574.0,14.0,104.875,18.0,388.0,3.366501646120571,1.0666666666666667,0.14167650531286896,25.571428571428573,16.659378702207434,1,0.4647231720437685,0.8854560256532099,0.0,0.0,0.0,7.0,0.0,0.0,0.0,0.253,1.9009999999999998,0.077,1.905,0.0,5.079000000000001,18.572285714285716,26.288142857142855,17.615857142857145,18.291428571428572,25.009,16.542714285714286,20.445857142857143,66.38985714285715,77.81985714285715,81.03471428571429,3.9429999999999428,8.669999999999945,0.0,65.22792242857048,4.0,7.0,1.0
2025-01-20,division,Mymensingh,Mymensingh,1.0,1.0,1.0,5.0,6.0,11.0,132.0,3.25,19.25,6.0,75.0,2.629955639676984,0.47058823529411764,0.20987654320987653,26.857142857142858,16.31903432869183,1,0.4647231720437685,0.8854560256532099,0.0,0.0,0.0,7.0,0.0,0.0375,0.0,0.0,0.0075,0.005,0.07,0.0,9.8025,17.259642857142858,23.728214285714287,17.840357142857144,17.972499999999997,24.473214285714285,16.557142857142857,20.139999999999997,69.55607142857143,72.71964285714286,77.68821428571428,0.10500000000000001,13.0125,0.0375,1.7385000000000002,0.0,0.0,0.0
2025-01-20,division,Rajshahi,Rajshahi,3.0,3.0,3.0,12.0,10.0,29.0,164.0,7.0,36.875,12.0,136.0,4.690415759823444,0.5,0.21122112211221122,26.571428571428573,16.828744725921833,1,0.4647231720437685,0.8854560256532099,0.0,0.0,0.0,7.0,0.0,0.0,0.0,0.005,0.06375,0.17375000000000002,0.1625,0.0,1.87625,17.30607142857143,23.890714285714285,17.313214285714285,17.681607142857143,23.80892857142857,16.50125,19.764107142857142,68.24607142857143,78.67410714285714,79.66357142857143,0.41250000000000003,5.02,0.0,6.806765625,4.0,1.0,2.0
2025-01-20,division,Rangpur,Rangpur,0.0,0.0,3.0,1.0,2.0,3.0,48.0,1.5,7.625,3.0,28.0,1.29099444873577,0.4,0.2898550724637681,26.571428571428573,16.68403182311846,1,0.4647231720437685,0.8854560256532099,0.0,0.0,0.0,7.0,0.045,0.2725,0.0,0.0,0.053750000000000006,0.01,0.0037500000000000003,0.00875,11.89125,16.82089285714286,23.46107142857143,16.900357142857143,17.208035714285714,23.606785714285714,16.22267857142857,18.671964285714285,67.62410714285714,79.17232142857144,80.84125,0.08374999999994316,12.126249999999942,0.44999999999994317,1.3586493303562206,0.0,0.0,0.0
2025-01-20,division,Sylhet,Sylhet,1.0,1.0,1.0,3.0,1.0,2.0,30.0,1.5,3.875,3.0,12.0,0.9999999999999931,0.8,0.5128205128205128,26.857142857142858,16.21657018255286,1,0.4647231720437685,0.8854560256532099,0.0,0.0,0.0,7.0,0.0,0.0975,0.0,0.0,0.0575,0.0,0.060000000000000005,0.0,19.495,17.187142857142856,23.278928571428573,17.970357142857143,18.29392857142857,24.226785714285715,17.190357142857145,20.783928571428575,73.77535714285715,71.72142857142858,76.79392857142858,0.1474999999998863,25.959999999999887,0.09749999999988632,2.5355776785694744,0.0,0.0,0.0
2025-01-27,division,Barishal,Barishal,20.0,20.0,30.0,30.0,41.0,61.0,255.0,30.25,72.5,41.0,177.0,8.578072821638663,0.672,0.42517006802721086,20.0,16.02379618021547,1,0.5680647467311558,0.8229838658936564,0.0,0.0,0.0,7.0,0.25,0.013333333333333334,0.02666666666666667,0.0,0.2816666666666667,2.2049999999999996,0.085,0.0,12.548333333333334,21.052380952380954,26.556190476190476,19.052142857142858,18.18047619047619,23.576190476190476,19.093809523809522,20.383095238095237,72.97404761904762,80.19904761904762,76.11238095238095,2.623333333333333,13.993333333333334,0.29,50.08942698412697,24.0,30.0,11.0
2025-01-27,division,Chattogram,Chattogram,23.0,23.0,31.0,24.0,60.0,80.0,385.0,34.5,102.75,60.0,324.0,17.368553960150553,0.676056338028169,0.3421686746987952,19.857142857142858,17.31813049167358,1,0.5680647467311558,0.8229838658936564,0.0,0.0,0.0,7.0,0.8572727272727273,0.00818181818181818,0.024545454545454547,0.0,0.06909090909090909,0.7036363636363636,0.06090909090909091,0.010909090909090908,19.561818181818182,19.81090909090909,25.275194805194804,19.12142857142857,18.248311688311688,23.89909090909091,19.46090909090909,19.850649350649352,72.19506493506493,81.60623376623377,78.15285714285714,0.8490909090907954,21.749999999999886,0.8909090909089773,16.524080991733324,26.0,22.0,11.0
2025-01-27,division,Dhaka,Dhaka,65.0,65.0,89.0,117.0,189.0,280.0,2288.0,115.0,440.375,189.0,1570.0,53.71529887595711,0.5689655172413793,0.2628150665533843,11.571428571428571,17.604592364757483,1,0.5680647467311558,0.8229838658936564,0.0,0.0,0.0,7.0,3.655384615384615,0.0,0.0015384615384615385,0.0,0.1123076923076923,0.9776923076923076,0.027692307692307697,0.0,11.297692307692309,19.799890109890107,26.44032967032967,18.21197802197802,17.676703296703298,23.714175824175825,17.67912087912088,18.874395604395605,69.21879120879122,81.70032967032967,77.28252747252746,1.1238461538460969,13.250769230769174,3.65692307692302,19.86861200338023,44.0,37.0,26.0
2025-01-27,division,Khulna,Khulna,4.0,4.0,15.0,10.0,13.0,18.0,388.0,10.5,56.875,15.0,242.0,4.795831523312647,0.43478260869565216,0.19870410367170627,22.142857142857142,16.659378702207434,1,0.5680647467311558,0.8229838658936564,0.0,0.0,0.0,7.0,0.986,0.0,0.0,0.0,0.253,1.9009999999999998,0.06000000000000001,0.0,3.591,20.540714285714284,28.020428571428575,18.182714285714287,17.077142857142857,23.780714285714286,17.600857142857144,19.146571428571427,65.51214285714286,80.58542857142858,74.85071428571429,2.2909999999999426,5.495999999999944,0.9859999999999431,40.32356371428471,7.0,6.0,3.0
2025-01-27,division,Mymensingh,Mymensingh,0.0,0.0,1.0,1.0,5.0,6.0,75.0,1.75,9.875,5.0,28.0,2.217355782608821,0.36363636363636365,0.25287356321839083,24.142857142857142,16.31903432869183,1,0.5680647467311558,0.8229838658936564,0.0,0.0,0.0,7.0,4.5625,0.0,0.0375,0.0,0.0,0.0075,0.0225,0.0,3.21,18.71107142857143,25.354999999999997,18.11285714285714,17.861071428571428,24.060000000000002,17.65357142857143,18.256071428571428,67.51785714285714,79.55071428571429,76.91964285714286,0.034999999999999996,3.28,4.6,0.617875,0.0,1.0,0.0
2025-01-27,division,Rajshahi,Rajshahi,4.0,4.0,3.0,3.0,12.0,10.0,136.0,5.5,20.375,12.0,87.0,4.358898943540689,0.7692307692307693,0.30409356725146197,23.857142857142858,16.828744725921833,1,0.5680647467311558,0.8229838658936564,0.0,0.0,0.0,7.0,4.09,0.0,0.0,0.0,0.005,0.06375,0.0125,0.0,3.14375,18.742857142857144,25.48517857142857,17.76892857142857,16.868392857142858,22.80767857142857,17.27375,18.295892857142857,66.10303571428571,81.22446428571429,76.25392857142857,0.255,3.30625,4.09,4.40480625,1.0,6.0,3.0
2025-01-27,division,Rangpur,Rangpur,0.0,0.0,0.0,3.0,1.0,2.0,28.0,1.0,4.125,3.0,16.0,1.4142135623730627,0.5,0.3902439024390244,24.285714285714285,16.68403182311846,1,0.5680647467311558,0.8229838658936564,0.0,0.0,0.0,7.0,0.32625,0.1325,0.2725,0.0,0.0,0.053750000000000006,0.01625,0.005,0.22125,18.11642857142857,24.738035714285715,17.550714285714285,17.042142857142856,23.428571428571427,16.82875,17.721785714285716,64.62839285714286,78.1882142857143,79.50714285714285,0.07999999999994316,0.23874999999994315,0.7762499999999432,1.3462999999990435,0.0,0.0,0.0
2025-01-27,division,Sylhet,Sylhet,0.0,0.0,1.0,1.0,3.0,1.0,12.0,1.25,2.375,3.0,7.0,1.2583057392117862,0.4444444444444444,0.6666666666666666,24.142857142857142,16.21657018255286,1,0.5680647467311558,0.8229838658936564,0.0,0.0,0.0,7.0,0.17500000000000002,0.0,0.0975,0.0,0.0,0.0575,0.03,0.0075,6.4575000000000005,18.653214285714284,24.436785714285712,18.487857142857145,18.135,24.075714285714287,18.24857142857143,18.795,71.79857142857142,76.69892857142857,78.05892857142858,0.08749999999988631,6.524999999999887,0.27249999999988633,1.5967499999979256,0.0,0.0,0.0
2025-02-03,division,Barishal,Barishal,24.0,24.0,20.0,30.0,30.0,41.0,177.0,26.0,53.375,30.0,141.0,4.898979485566619,0.9259259259259259,0.496551724137931,13.714285714285714,16.02379618021547,2,0.6631226582407952,0.7485107481711011,0.0,0.0,0.0,7.0,3.4333333333333336,0.0,0.013333333333333334,0.02666666666666667,0.0,0.2816666666666667,0.051666666666666666,1.4183333333333332,0.02666666666666667,21.62404761904762,28.338333333333335,19.279285714285717,18.721666666666668,24.425238095238097,19.211190476190477,17.910476190476192,59.921666666666674,75.30499999999999,81.63619047619048,2.5383333333333327,1.5299999999999998,3.6966666666666668,48.76440515873015,30.0,23.0,20.0
2025-02-03,division,Chattogram,Chattogram,26.0,26.0,23.0,31.0,24.0,60.0,324.0,26.0,65.5,31.0,176.0,3.559026084009708,1.0,0.40601503759398494,13.285714285714286,17.31813049167358,2,0.6631226582407952,0.7485107481711011,0.0,0.0,0.0,7.0,0.04090909090909091,0.0009090909090909091,0.00818181818181818,0.024545454545454547,0.0,0.06909090909090909,0.015454545454545455,2.0036363636363634,0.17363636363636364,20.157792207792205,26.622987012987014,18.255584415584416,18.747662337662337,24.423636363636366,19.189999999999998,17.782727272727275,61.914935064935065,75.74649350649351,80.70103896103896,0.7881818181817045,2.2490909090907953,0.9072727272726137,15.125209090906909,22.0,23.0,5.0
2025-02-03,division,Dhaka,Dhaka,44.0,44.0,65.0,89.0,117.0,189.0,1570.0,78.75,249.625,117.0,726.0,31.436443819237333,0.5642633228840125,0.31820448877805485,7.285714285714286,17.604592364757483,2,0.6631226582407952,0.7485107481711011,0.0,0.0,0.0,7.0,0.0,0.0,0.0,0.0015384615384615385,0.0,0.1123076923076923,0.006153846153846154,1.9523076923076925,0.0007692307692307692,20.060000000000002,27.653076923076924,17.944835164835162,18.00758241758242,24.164175824175825,18.127912087912087,16.674945054945056,57.21934065934066,73.60208791208791,82.25868131868131,1.0961538461537892,1.9807692307691742,3.655384615384558,19.8709805579026,37.0,36.0,29.0
2025-02-03,division,Khulna,Khulna,7.0,7.0,4.0,15.0,10.0,13.0,242.0,9.0,27.5,15.0,99.0,4.690415759823361,0.8,0.3508771929824561,16.0,16.659378702207434,2,0.6631226582407952,0.7485107481711011,0.0,0.0,0.0,7.0,0.081,0.0,0.0,0.0,0.0,0.253,0.077,1.905,0.0,20.829428571428572,29.532714285714285,18.572285714285716,17.615857142857145,24.573714285714285,18.291428571428572,16.542714285714286,52.627428571428574,73.03871428571429,81.13728571428571,2.230999999999943,1.9649999999999432,1.066999999999943,40.8081771428561,6.0,1.0,6.0
2025-02-03,division,Mymensingh,Mymensingh,0.0,0.0,0.0,1.0,1.0,5.0,27.0,0.5,6.5,1.0,28.0,0.5773502691914522,0.6666666666666666,0.2,16.571428571428573,16.31903432869183,2,0.6631226582407952,0.7485107481711011,0.0,0.0,0.0,7.0,0.0,0.0,0.0,0.0375,0.0,0.0,0.005,0.07,0.0,19.233214285714283,26.595000000000002,17.259642857142858,17.840357142857144,23.746785714285714,17.972499999999997,16.557142857142857,57.48714285714286,71.53964285714285,79.445,0.0125,0.0925,4.5625,0.22465624999999997,1.0,0.0,0.0
2025-02-03,division,Rajshahi,Rajshahi,1.0,1.0,4.0,3.0,3.0,12.0,87.0,2.75,9.625,4.0,29.0,1.2583057392118426,0.5333333333333333,0.35294117647058826,16.0,16.828744725921833,2,0.6631226582407952,0.7485107481711011,0.0,0.0,0.0,7.0,0.0,0.0,0.0,0.0,0.0,0.005,0.17375000000000002,0.1625,0.0,19.2375,26.82857142857143,17.30607142857143,17.313214285714285,22.89339285714286,17.681607142857143,16.50125,55.89982142857143,74.79017857142857,80.23303571428572,0.24250000000000002,0.17500000000000002,4.09,4.2877897321428575,6.0,2.0,0.0
2025-02-03,division,Rangpur,Rangpur,0.0,0.0,0.0,0.0,3.0,1.0,16.0,0.75,2.125,3.0,8.0,1.4999999999999696,0.5714285714285714,0.56,16.571428571428573,16.68403182311846,2,0.6631226582407952,0.7485107481711011,0.0,0.0,0.0,7.0,0.07875,0.045,0.1325,0.2725,0.0,0.0,0.01,0.0037500000000000003,0.00875,18.276964285714286,26.136964285714285,16.82089285714286,16.900357142857143,22.966964285714283,17.208035714285714,16.22267857142857,58.269285714285715,75.08107142857142,81.40660714285714,0.06374999999994316,0.03374999999994316,0.5824999999999431,1.0970122767847361,0.0,0.0,0.0
2025-02-03,division,Sylhet,Sylhet,0.0,0.0,0.0,1.0,1.0,3.0,7.0,0.5,1.5,1.0,4.0,0.5773502691896137,0.6666666666666666,0.6,16.571428571428573,16.21657018255286,2,0.6631226582407952,0.7485107481711011,0.0,0.0,0.0,7.0,0.0,0.0,0.0,0.0975,0.0,0.0,0.0,0.060000000000000005,0.0,18.89857142857143,25.42214285714286,17.187142857142856,17.970357142857143,23.683214285714286,18.29392857142857,17.190357142857145,63.010357142857146,73.48857142857143,76.50642857142857,0.057499999999886316,0.09749999999988632,0.17499999999988633,1.051900892855063,0.0,0.0,0.0
2025-02-10,division,Barishal,Barishal,30.0,30.0,24.0,20.0,30.0,30.0,141.0,26.0,39.5,30.0,80.0,4.898979485566619,1.1481481481481481,0.6666666666666666,11.142857142857142,16.02379618021547,2,0.7485107481711011,0.6631226582407953,0.0,0.0,0.0,6.0,0.5233333333333333,0.25,0.0,0.013333333333333334,0.02666666666666667,0.0,2.2049999999999996,0.085,0.0,23.31214285714286,29.623809523809523,21.052380952380954,19.052142857142858,25.203333333333333,18.18047619047619,19.093809523809522,62.9647619047619,72.73238095238095,77.4302380952381,2.5133333333333328,1.555,4.206666666666667,45.69359682539681,23.0,11.0,25.0
2025-02-10,division,Chattogram,Chattogram,22.0,22.0,26.0,23.0,31.0,24.0,176.0,25.5,46.25,31.0,104.0,4.041451884326738,0.8679245283018868,0.5608465608465608,10.857142857142858,17.31813049167358,2,0.7485107481711011,0.6631226582407953,0.0,0.0,0.0,6.0,1.3245454545454545,0.8572727272727273,0.0009090909090909091,0.00818181818181818,0.024545454545454547,0.0,0.7036363636363636,0.06090909090909091,0.010909090909090908,21.535844155844156,27.655714285714286,19.81090909090909,19.12142857142857,25.15116883116883,18.248311688311688,19.46090909090909,64.48272727272727,71.8731168831169,77.94389610389611,0.7972727272726136,2.0909090909089767,2.22363636363625,14.54888122786097,23.0,11.0,29.0
2025-02-10,division,Dhaka,Dhaka,37.0,37.0,44.0,65.0,89.0,117.0,726.0,58.75,163.5,89.0,487.0,23.414738947937582,0.6359832635983264,0.36322188449848025,8.285714285714286,17.604592364757483,2,0.7485107481711011,0.6631226582407953,0.0,0.0,0.0,6.0,0.14615384615384613,3.655384615384615,0.0,0.0,0.0015384615384615385,0.0,0.9776923076923076,0.027692307692307697,0.0,21.494835164835163,29.243186813186814,19.799890109890107,18.21197802197802,25.026153846153843,17.676703296703298,17.67912087912088,54.783956043956046,72.18186813186813,77.85846153846154,1.0915384615384047,1.9861538461537895,3.8015384615384042,19.294801521554366,36.0,26.0,51.0
2025-02-10,division,Khulna,Khulna,6.0,6.0,7.0,4.0,15.0,10.0,99.0,8.0,15.875,15.0,54.0,4.8304589153964175,0.7777777777777778,0.5333333333333333,13.571428571428571,16.659378702207434,2,0.7485107481711011,0.6631226582407953,0.0,0.0,0.0,6.0,0.10300000000000001,0.986,0.0,0.0,0.0,0.0,1.9009999999999998,0.06000000000000001,0.0,22.332,31.24457142857143,20.540714285714284,18.182714285714287,25.526714285714284,17.077142857142857,17.600857142857144,50.664857142857144,71.97014285714286,78.78757142857143,2.153999999999943,2.041999999999943,1.169999999999943,36.78416571428474,1.0,3.0,2.0
2025-02-10,division,Mymensingh,Mymensingh,1.0,1.0,0.0,0.0,1.0,1.0,28.0,0.5,3.125,1.0,11.0,0.5773502691914522,1.3333333333333333,0.36363636363636365,14.571428571428571,16.31903432869183,2,0.7485107481711011,0.6631226582407953,0.0,0.0,0.0,6.0,0.1825,4.5625,0.0,0.0,0.0375,0.0,0.0075,0.0225,0.0,19.811785714285712,27.67107142857143,18.71107142857143,18.11285714285714,25.004642857142855,17.861071428571428,17.65357142857143,52.9525,70.25678571428571,76.35964285714286,0.045,0.0975,4.745,0.8037482142857142,0.0,0.0,0.0
2025-02-10,division,Rajshahi,Rajshahi,6.0,6.0,1.0,4.0,3.0,3.0,15.0,3.5,8.5,6.0,29.0,2.081665999466164,1.5555555555555556,0.47368421052631576,14.428571428571429,16.828744725921833,2,0.7485107481711011,0.6631226582407953,0.0,0.0,0.0,6.0,0.0,4.09,0.0,0.0,0.0,0.0,0.06375,0.0125,0.0,19.74232142857143,28.305535714285714,18.742857142857144,17.76892857142857,23.903035714285714,16.868392857142858,17.27375,53.10053571428571,73.16839285714286,79.09517857142858,0.06875,0.34875,4.09,1.1597020089285717,2.0,3.0,1.0
2025-02-10,division,Rangpur,Rangpur,0.0,0.0,0.0,0.0,0.0,3.0,8.0,0.0,1.125,0.0,3.0,0.0,1.0,0.47058823529411764,14.571428571428571,16.68403182311846,2,0.7485107481711011,0.6631226582407953,0.0,0.0,0.0,6.0,0.45249999999999996,0.32625,0.045,0.1325,0.2725,0.0,0.053750000000000006,0.01625,0.005,18.53607142857143,26.752142857142857,18.11642857142857,17.550714285714285,24.134821428571428,17.042142857142856,16.82875,51.35339285714286,71.43160714285715,79.46375,0.3262499999999432,0.03499999999994316,0.902499999999943,5.559999107141889,0.0,0.0,0.0
2025-02-10,division,Sylhet,Sylhet,0.0,0.0,0.0,0.0,1.0,1.0,4.0,0.25,1.0,1.0,3.0,0.4999999999999862,0.8,0.625,14.571428571428571,16.21657018255286,2,0.7485107481711011,0.6631226582407953,0.0,0.0,0.0,6.0,1.1524999999999999,0.17500000000000002,0.0,0.0,0.0975,0.0,0.0575,0.03,0.0075,19.36892857142857,26.439642857142857,18.653214285714284,18.487857142857145,24.585714285714285,18.135,18.24857142857143,61.17892857142857,70.95214285714286,77.12642857142858,0.1549999999998863,0.09749999999988632,1.3274999999998862,2.8109249999979387,0.0,0.0,0.0
2025-02-17,division,Barishal,Barishal,23.0,23.0,30.0,24.0,20.0,30.0,80.0,24.25,32.375,30.0,61.0,4.193248541803348,0.9504950495049505,0.7565543071161048,10.285714285714286,16.02379618021547,2,0.8229838658936564,0.5680647467311559,0.0,0.0,1.0,0.0,4.246666666666667,3.4333333333333336,0.25,0.0,0.013333333333333334,0.02666666666666667,0.2816666666666667,0.051666666666666666,1.4183333333333332,25.30666666666667,31.084761904761905,21.62404761904762,19.279285714285717,25.327142857142857,18.721666666666668,19.211190476190477,66.31738095238096,71.30857142857143,77.29309523809523,0.32166666666666666,3.76,8.453333333333333,6.022136111111111,11.0,20.0,19.0
2025-02-17,division,Chattogram,Chattogram,23.0,23.0,22.0,26.0,23.0,31.0,104.0,23.5,36.125,26.0,80.0,1.732050807567379,0.9795918367346939,0.6599326599326599,11.428571428571429,17.31813049167358,2,0.8229838658936564,0.5680647467311559,0.0,0.0,1.0,0.0,0.7654545454545455,0.04090909090909091,0.8572727272727273,0.0009090909090909091,0.00818181818181818,0.024545454545454547,0.06909090909090909,0.015454545454545455,2.0036363636363634,23.906883116883115,29.939740259740258,20.157792207792205,18.255584415584416,24.30935064935065,18.747662337662337,19.189999999999998,62.95051948051948,72.01207792207792,75.39298701298702,0.10181818181806813,2.7836363636362496,2.9881818181817046,1.908852892559852,11.0,5.0,19.0
2025-02-17,division,Dhaka,Dhaka,36.0,36.0,37.0,44.0,65.0,89.0,487.0,45.5,107.125,65.0,280.0,13.478377746106235,0.7956989247311828,0.4300578034682081,9.285714285714286,17.604592364757483,2,0.8229838658936564,0.5680647467311559,0.0,0.0,1.0,0.0,4.78,0.0,3.655384615384615,0.0,0.0,0.0015384615384615385,0.1123076923076923,0.006153846153846154,1.9523076923076925,24.12923076923077,31.00153846153846,20.060000000000002,17.944835164835162,24.645164835164834,18.00758241758242,18.127912087912087,58.47417582417582,69.78791208791209,75.71736263736264,0.113846153846097,2.963846153846097,8.581538461538404,2.0500939983083595,26.0,29.0,27.0
2025-02-17,division,Khulna,Khulna,1.0,1.0,6.0,7.0,4.0,15.0,54.0,4.5,9.25,7.0,18.0,2.645751311064503,0.36363636363636365,0.5365853658536586,13.714285714285714,16.659378702207434,2,0.8229838658936564,0.5680647467311559,0.0,0.0,1.0,0.0,9.667,0.081,0.986,0.0,0.0,0.0,0.253,0.077,1.905,24.774,32.10471428571428,20.829428571428572,18.572285714285716,26.288142857142855,17.615857142857145,18.291428571428572,60.075,66.38985714285715,77.81985714285715,0.25299999999994316,3.9429999999999428,10.836999999999943,4.456811857141856,3.0,6.0,5.0
2025-02-17,division,Mymensingh,Mymensingh,0.0,0.0,1.0,0.0,0.0,1.0,11.0,0.25,1.75,1.0,6.0,0.500000000002109,0.8,0.45454545454545453,14.428571428571429,16.31903432869183,2,0.8229838658936564,0.5680647467311559,0.0,0.0,1.0,0.0,8.905,0.0,4.5625,0.0,0.0,0.0375,0.0,0.005,0.07,22.61357142857143,29.786428571428573,19.233214285714283,17.259642857142858,23.728214285714287,17.840357142857144,17.972499999999997,54.736428571428576,69.55607142857143,72.71964285714286,0.0375,0.10500000000000001,13.649999999999999,0.6690133928571429,0.0,0.0,3.0
2025-02-17,division,Rajshahi,Rajshahi,2.0,2.0,6.0,1.0,4.0,3.0,29.0,3.25,5.125,6.0,12.0,2.2173557826083745,0.7058823529411765,0.6938775510204082,13.714285714285714,16.828744725921833,2,0.8229838658936564,0.5680647467311559,0.0,0.0,1.0,0.0,11.68375,0.0,4.09,0.0,0.0,0.0,0.005,0.17375000000000002,0.1625,22.443571428571428,29.656964285714285,19.2375,17.30607142857143,23.890714285714285,17.313214285714285,17.681607142857143,60.642321428571435,68.24607142857143,78.67410714285714,0.005,0.41250000000000003,15.77375,0.08656607142857142,3.0,0.0,3.0
2025-02-17,division,Rangpur,Rangpur,0.0,0.0,0.0,0.0,0.0,0.0,3.0,0.0,0.75,0.0,3.0,0.0,1.0,0.5714285714285714,14.571428571428571,16.68403182311846,2,0.8229838658936564,0.5680647467311559,0.0,0.0,1.0,0.0,9.4675,0.07875,0.32625,0.045,0.1325,0.2725,0.0,0.01,0.0037500000000000003,20.799285714285716,27.96142857142857,18.276964285714286,16.82089285714286,23.46107142857143,16.900357142857143,17.208035714285714,58.83928571428571,67.62410714285714,79.17232142857144,0.4049999999999432,0.08374999999994316,10.324999999999942,6.844644642856182,0.0,0.0,0.0
2025-02-17,division,Sylhet,Sylhet,0.0,0.0,0.0,0.0,0.0,1.0,2.0,0.0,0.75,0.0,3.0,0.0,1.0,0.5714285714285714,14.571428571428571,16.21657018255286,2,0.8229838658936564,0.5680647467311559,0.0,0.0,1.0,0.0,3.485,0.0,0.17500000000000002,0.0,0.0,0.0975,0.0,0.0,0.060000000000000005,22.176071428571426,28.795,18.89857142857143,17.187142857142856,23.278928571428573,17.970357142857143,18.29392857142857,60.28142857142858,73.77535714285715,71.72142857142858,0.09749999999988632,0.1474999999998863,4.812499999999886,1.7521098214265285,0.0,0.0,0.0
2025-02-24,division,Barishal,Barishal,11.0,11.0,23.0,30.0,24.0,20.0,61.0,22.0,26.125,30.0,41.0,7.958224257542376,0.5217391304347826,0.847926267281106,8.857142857142858,16.02379618021547,2,0.8854560256532099,0.4647231720437686,0.0,2.0,0.0,0.0,3.3033333333333332,0.5233333333333333,3.4333333333333336,0.25,0.0,0.013333333333333334,0.0,2.2049999999999996,0.085,25.631190476190472,32.25642857142857,23.31214285714286,21.052380952380954,26.556190476190476,19.052142857142858,18.18047619047619,56.95095238095238,72.97404761904762,80.19904761904762,0.04,2.623333333333333,11.506666666666668,0.7620857142857144,20.0,25.0,4.0
2025-02-24,division,Chattogram,Chattogram,11.0,11.0,23.0,22.0,26.0,23.0,80.0,20.5,27.5,26.0,60.0,6.557438524301604,0.5581395348837209,0.7543859649122807,8.857142857142858,17.31813049167358,2,0.8854560256532099,0.4647231720437686,0.0,2.0,0.0,0.0,1.499090909090909,1.3245454545454545,0.04090909090909091,0.8572727272727273,0.0009090909090909091,0.00818181818181818,0.0,0.7036363636363636,0.06090909090909091,23.817012987012983,30.696493506493507,21.535844155844156,19.81090909090909,25.275194805194804,19.12142857142857,18.248311688311688,58.02727272727273,72.19506493506493,81.60623376623377,0.03363636363624995,0.8490909090907954,3.629999999999886,0.6431753246731508,5.0,29.0,17.0
2025-02-24,division,Dhaka,Dhaka,26.0,26.0,36.0,37.0,44.0,65.0,280.0,35.75,75.375,44.0,189.0,7.4105780251429625,0.7346938775510204,0.48117839607201307,7.0,17.604592364757483,2,0.8854560256532099,0.4647231720437686,0.0,2.0,0.0,0.0,0.02,0.14615384615384613,0.0,3.655384615384615,0.0,0.0,0.0,0.9776923076923076,0.027692307692307697,24.264945054945052,32.04978021978022,21.494835164835163,19.799890109890107,26.44032967032967,18.21197802197802,17.676703296703298,53.30439560439561,69.21879120879122,81.70032967032967,0.001538461538404695,1.1238461538460969,4.9461538461537895,0.0280184277250848,29.0,51.0,18.0
2025-02-24,division,Khulna,Khulna,3.0,3.0,1.0,6.0,7.0,4.0,18.0,4.25,7.375,7.0,15.0,2.7537852736429684,0.7619047619047619,0.6268656716417911,12.0,16.659378702207434,2,0.8854560256532099,0.4647231720437686,0.0,2.0,0.0,0.0,0.063,0.10300000000000001,0.081,0.986,0.0,0.0,0.0,1.9009999999999998,0.06000000000000001,25.131285714285717,33.42271428571429,22.332,20.540714285714284,28.020428571428575,18.182714285714287,17.077142857142857,52.249428571428574,65.51214285714286,80.58542857142858,0.0,2.2909999999999426,9.913999999999943,0.0,6.0,2.0,2.0
2025-02-24,division,Mymensingh,Mymensingh,0.0,0.0,0.0,1.0,0.0,0.0,6.0,0.25,1.0,1.0,5.0,0.500000000002109,0.8,0.625,12.142857142857142,16.31903432869183,2,0.8854560256532099,0.4647231720437686,0.0,2.0,0.0,0.0,0.21750000000000003,0.1825,0.0,4.5625,0.0,0.0,0.0,0.0075,0.0225,23.127142857142857,30.84107142857143,19.811785714285712,18.71107142857143,25.354999999999997,18.11285714285714,17.861071428571428,54.09678571428571,67.51785714285714,79.55071428571429,0.0375,0.034999999999999996,9.305,0.6792321428571427,0.0,0.0,0.0
2025-02-24,division,Rajshahi,Rajshahi,3.0,3.0,2.0,6.0,1.0,4.0,10.0,3.0,4.25,6.0,12.0,2.1602468994693167,1.0,0.7619047619047619,11.857142857142858,16.828744725921833,2,0.8854560256532099,0.4647231720437686,0.0,2.0,0.0,0.0,0.765,0.0,0.0,4.09,0.0,0.0,0.0,0.06375,0.0125,23.560714285714287,31.06482142857143,19.74232142857143,18.742857142857144,25.48517857142857,17.76892857142857,16.868392857142858,53.97857142857143,66.10303571428571,81.22446428571429,0.0,0.255,12.44875,0.0,0.0,1.0,0.0
2025-02-24,division,Rangpur,Rangpur,0.0,0.0,0.0,0.0,0.0,0.0,2.0,0.0,0.5,0.0,3.0,0.0,1.0,0.6666666666666666,12.142857142857142,16.68403182311846,2,0.8854560256532099,0.4647231720437686,0.0,2.0,0.0,0.0,4.77625,0.45249999999999996,0.07875,0.32625,0.045,0.1325,0.0,0.053750000000000006,0.01625,22.213571428571427,29.69625,18.53607142857143,18.11642857142857,24.738035714285715,17.550714285714285,17.042142857142856,56.01839285714286,64.62839285714286,78.1882142857143,0.44999999999994317,0.07999999999994316,14.774999999999942,7.897821428570431,0.0,0.0,0.0
2025-02-24,division,Sylhet,Sylhet,0.0,0.0,0.0,0.0,0.0,0.0,1.0,0.0,0.625,0.0,3.0,0.0,1.0,0.6153846153846154,12.142857142857142,16.21657018255286,2,0.8854560256532099,0.4647231720437686,0.0,2.0,0.0,0.0,0.04,1.1524999999999999,0.0,0.17500000000000002,0.0,0.0,0.0,0.0575,0.03,22.527857142857144,29.635357142857146,19.36892857142857,18.653214285714284,24.436785714285712,18.487857142857145,18.135,58.54535714285714,71.79857142857142,76.69892857142857,0.09749999999988632,0.08749999999988631,4.677499999999886,1.8025660714264697,0.0,0.0,0.0
2025-03-03,division,Barishal,Barishal,20.0,20.0,11.0,23.0,30.0,24.0,41.0,21.0,23.5,30.0,30.0,7.874007874011974,0.9545454545454546,0.8979591836734694,6.142857142857143,16.02379618021547,3,0.9350162426854148,0.35460488704253557,0.0,7.0,0.0,0.0,0.0016666666666666668,4.246666666666667,0.5233333333333333,3.4333333333333336,0.25,0.0,0.02666666666666667,0.2816666666666667,0.051666666666666666,26.266666666666666,32.89071428571429,25.30666666666667,21.62404761904762,28.338333333333335,19.279285714285717,18.721666666666668,52.22952380952381,59.921666666666674,75.30499999999999,0.29,2.5383333333333327,8.075000000000001,5.590992857142857,25.0,19.0,37.0
2025-03-03,division,Chattogram,Chattogram,5.0,5.0,11.0,23.0,22.0,26.0,60.0,15.25,20.625,23.0,31.0,8.732124598286193,0.36923076923076925,0.7514450867052023,6.142857142857143,17.31813049167358,3,0.9350162426854148,0.35460488704253557,0.0,7.0,0.0,0.0,0.10727272727272727,0.7654545454545455,1.3245454545454545,0.04090909090909091,0.8572727272727273,0.0009090909090909091,0.024545454545454547,0.06909090909090909,0.015454545454545455,24.84597402597403,31.44181818181818,23.906883116883115,20.157792207792205,26.622987012987014,18.255584415584416,18.747662337662337,51.60142857142857,61.914935064935065,75.74649350649351,0.8909090909089773,0.7881818181817045,3.6963636363635226,16.264066115700405,29.0,19.0,18.0
2025-03-03,division,Dhaka,Dhaka,29.0,29.0,26.0,36.0,37.0,44.0,189.0,32.0,55.375,37.0,117.0,5.354126134742416,0.9090909090909091,0.5853658536585366,4.0,17.604592364757483,3,0.9350162426854148,0.35460488704253557,0.0,7.0,0.0,0.0,0.11923076923076924,4.78,0.14615384615384613,0.0,3.655384615384615,0.0,0.0015384615384615385,0.1123076923076923,0.006153846153846154,24.628131868131867,32.67230769230769,24.12923076923077,20.060000000000002,27.653076923076924,17.944835164835162,18.00758241758242,44.50879120879121,57.21934065934066,73.60208791208791,3.65692307692302,1.0961538461537892,5.065384615384559,65.6228818258654,51.0,27.0,19.0
2025-03-03,division,Khulna,Khulna,6.0,6.0,3.0,1.0,6.0,7.0,13.0,4.0,6.5,6.0,15.0,2.449489742783087,1.4,0.6666666666666666,7.285714285714286,16.659378702207434,3,0.9350162426854148,0.35460488704253557,0.0,7.0,0.0,0.0,0.0,9.667,0.10300000000000001,0.081,0.986,0.0,0.0,0.253,0.077,25.428142857142856,34.09771428571428,24.774,20.829428571428572,29.532714285714285,18.572285714285716,17.615857142857145,41.171571428571426,52.627428571428574,73.03871428571429,0.9859999999999431,2.230999999999943,9.832999999999943,18.31227371428466,2.0,5.0,1.0
2025-03-03,division,Mymensingh,Mymensingh,0.0,0.0,0.0,0.0,1.0,0.0,5.0,0.25,0.375,1.0,1.0,0.500000000002109,0.8,0.9090909090909091,7.714285714285714,16.31903432869183,3,0.9350162426854148,0.35460488704253557,0.0,7.0,0.0,0.0,0.10500000000000001,8.905,0.1825,0.0,4.5625,0.0,0.0375,0.0,0.005,23.3,31.392142857142858,22.61357142857143,19.233214285714283,26.595000000000002,17.259642857142858,17.840357142857144,42.90821428571429,57.48714285714286,71.53964285714285,4.6,0.0125,9.41,79.39435714285713,0.0,3.0,0.0
2025-03-03,division,Rajshahi,Rajshahi,0.0,0.0,3.0,2.0,6.0,1.0,12.0,2.75,2.75,6.0,6.0,2.5000000000000258,0.26666666666666666,1.0,7.285714285714286,16.828744725921833,3,0.9350162426854148,0.35460488704253557,0.0,7.0,0.0,0.0,0.00125,11.68375,0.0,0.0,4.09,0.0,0.0,0.005,0.17375000000000002,23.466964285714283,31.89053571428571,22.443571428571428,19.2375,26.82857142857143,17.30607142857143,17.313214285714285,43.184821428571425,55.89982142857143,74.79017857142857,4.09,0.24250000000000002,12.45,70.78183214285714,1.0,3.0,0.0
2025-03-03,division,Rangpur,Rangpur,0.0,0.0,0.0,0.0,0.0,0.0,1.0,0.0,0.375,0.0,3.0,0.0,1.0,0.7272727272727273,7.714285714285714,16.68403182311846,3,0.9350162426854148,0.35460488704253557,0.0,7.0,0.0,0.0,0.31,9.4675,0.45249999999999996,0.07875,0.32625,0.045,0.2725,0.0,0.01,22.32035714285714,30.619285714285716,20.799285714285716,18.276964285714286,26.136964285714285,16.82089285714286,16.900357142857143,44.89892857142857,58.269285714285715,75.08107142857142,0.7762499999999432,0.06374999999994316,15.006249999999943,13.057218080356188,0.0,0.0,0.0
2025-03-03,division,Sylhet,Sylhet,0.0,0.0,0.0,0.0,0.0,0.0,3.0,0.0,0.25,0.0,1.0,0.0,1.0,0.8,7.714285714285714,16.21657018255286,3,0.9350162426854148,0.35460488704253557,0.0,7.0,0.0,0.0,0.7075,3.485,1.1524999999999999,0.0,0.17500000000000002,0.0,0.0975,0.0,0.0,22.820357142857144,30.339285714285715,22.176071428571426,18.89857142857143,25.42214285714286,17.187142857142856,17.970357142857143,47.50964285714286,63.010357142857146,73.48857142857143,0.27249999999988633,0.057499999999886316,5.384999999999886,4.683496428569475,0.0,0.0,0.0
2025-03-10,division,Barishal,Barishal,25.0,25.0,20.0,11.0,23.0,30.0,30.0,19.75,22.875,25.0,30.0,6.184658438426698,1.2530120481927711,0.8691099476439791,5.714285714285714,16.02379618021547,3,0.970941817426052,0.23931566428755804,0.0,7.0,0.0,0.0,0.11333333333333334,3.3033333333333332,4.246666666666667,0.5233333333333333,3.4333333333333336,0.25,0.013333333333333334,0.0,2.2049999999999996,28.493809523809528,35.27428571428572,25.631190476190472,23.31214285714286,29.623809523809523,21.052380952380954,19.052142857142858,64.16928571428572,62.9647619047619,72.73238095238095,3.6966666666666668,2.5133333333333328,7.665,77.82363492063493,19.0,4.0,60.0
2025-03-10,division,Chattogram,Chattogram,29.0,29.0,5.0,11.0,23.0,22.0,24.0,17.0,21.25,29.0,31.0,10.954451150103086,1.6666666666666667,0.8089887640449438,7.857142857142857,17.31813049167358,3,0.970941817426052,0.23931566428755804,0.0,7.0,0.0,0.0,0.6454545454545454,1.499090909090909,0.7654545454545455,1.3245454545454545,0.04090909090909091,0.8572727272727273,0.00818181818181818,0.0,0.7036363636363636,26.75831168831169,33.57974025974026,23.817012987012983,21.535844155844156,27.655714285714286,19.81090909090909,19.12142857142857,62.89636363636364,64.48272727272727,71.8731168831169,0.9072727272726137,0.7972727272726136,3.017272727272614,17.973897520658905,19.0,17.0,25.0
2025-03-10,division,Dhaka,Dhaka,51.0,51.0,29.0,26.0,36.0,37.0,117.0,35.5,47.125,51.0,89.0,11.150485789121406,1.4246575342465753,0.7584415584415585,4.428571428571429,17.604592364757483,3,0.970941817426052,0.23931566428755804,0.0,7.0,0.0,0.0,2.186923076923077,0.02,4.78,0.14615384615384613,0.0,3.655384615384615,0.0,0.0,0.9776923076923076,28.06956043956044,36.388461538461534,24.264945054945052,21.494835164835163,29.243186813186814,19.799890109890107,18.21197802197802,53.54725274725275,54.783956043956046,72.18186813186813,3.655384615384558,1.0915384615384047,7.10615384615379,72.37621369399717,27.0,18.0,41.0
2025-03-10,division,Khulna,Khulna,2.0,2.0,6.0,3.0,1.0,6.0,10.0,3.0,5.5,6.0,15.0,2.1602468994691923,0.75,0.6153846153846154,7.714285714285714,16.659378702207434,3,0.970941817426052,0.23931566428755804,0.0,7.0,0.0,0.0,0.017,0.063,9.667,0.10300000000000001,0.081,0.986,0.0,0.0,1.9009999999999998,29.021571428571427,38.23657142857142,25.131285714285717,22.332,31.24457142857143,20.540714285714284,18.182714285714287,50.45728571428571,50.664857142857144,71.97014285714286,1.066999999999943,2.153999999999943,9.746999999999943,21.916942142855973,5.0,2.0,4.0
2025-03-10,division,Mymensingh,Mymensingh,0.0,0.0,0.0,0.0,0.0,1.0,1.0,0.0,0.25,0.0,1.0,0.0,1.0,0.8,8.571428571428571,16.31903432869183,3,0.970941817426052,0.23931566428755804,0.0,7.0,0.0,0.0,5.905,0.21750000000000003,8.905,0.1825,0.0,4.5625,0.0,0.0,0.0075,26.536071428571425,34.599999999999994,23.127142857142857,19.811785714285712,27.67107142857143,18.71107142857143,18.11285714285714,51.51464285714286,52.9525,70.25678571428571,4.5625,0.045,15.1325,85.36926339285715,3.0,0.0,3.0
2025-03-10,division,Rajshahi,Rajshahi,1.0,1.0,0.0,3.0,2.0,6.0,3.0,1.5,2.5,3.0,6.0,1.2909944487358538,0.8,0.7142857142857143,8.571428571428571,16.828744725921833,3,0.970941817426052,0.23931566428755804,0.0,7.0,0.0,0.0,0.02625,0.765,11.68375,0.0,0.0,4.09,0.0,0.0,0.06375,27.253035714285716,35.83535714285714,23.560714285714287,19.74232142857143,28.305535714285714,18.742857142857144,17.76892857142857,47.86714285714285,53.10053571428571,73.16839285714286,4.09,0.06875,12.47625,76.65828571428571,3.0,0.0,1.0
2025-03-10,division,Rangpur,Rangpur,0.0,0.0,0.0,0.0,0.0,0.0,3.0,0.0,0.0,0.0,0.0,0.0,1.0,1.0,8.571428571428571,16.68403182311846,3,0.970941817426052,0.23931566428755804,0.0,7.0,0.0,0.0,2.9924999999999997,4.77625,9.4675,0.45249999999999996,0.07875,0.32625,0.1325,0.0,0.053750000000000006,25.392142857142858,33.613749999999996,22.213571428571427,18.53607142857143,26.752142857142857,18.11642857142857,17.550714285714285,51.17482142857143,51.35339285714286,71.43160714285715,0.5824999999999431,0.3262499999999432,17.546249999999944,10.552819642856111,0.0,0.0,0.0
2025-03-10,division,Sylhet,Sylhet,0.0,0.0,0.0,0.0,0.0,0.0,1.0,0.0,0.125,0.0,1.0,0.0,1.0,0.8888888888888888,8.571428571428571,16.21657018255286,3,0.970941817426052,0.23931566428755804,0.0,7.0,0.0,0.0,30.8875,0.04,3.485,1.1524999999999999,0.0,0.17500000000000002,0.0,0.0,0.0575,25.55,32.5775,22.527857142857144,19.36892857142857,26.439642857142857,18.653214285714284,18.487857142857145,60.32035714285714,61.17892857142857,70.95214285714286,0.17499999999988633,0.1549999999998863,35.119999999999884,3.2643124999978794,0.0,0.0,0.0
2025-03-17,division,Barishal,Barishal,19.0,19.0,25.0,20.0,11.0,23.0,30.0,18.75,21.5,25.0,30.0,5.795112883571458,1.0126582278481013,0.8777777777777778,11.857142857142858,16.02379618021547,3,0.992708874098054,0.120536680255323,0.0,6.0,0.0,0.0,4.976666666666667,0.0016666666666666668,3.3033333333333332,4.246666666666667,0.5233333333333333,3.4333333333333336,0.0,0.02666666666666667,0.2816666666666667,28.678571428571427,34.96857142857143,26.266666666666666,25.30666666666667,31.084761904761905,21.62404761904762,19.279285714285717,61.86714285714286,66.31738095238096,71.30857142857143,4.206666666666667,0.32166666666666666,8.395,90.96516031746033,4.0,37.0,70.0
2025-03-17,division,Chattogram,Chattogram,19.0,19.0,29.0,5.0,11.0,23.0,31.0,16.0,19.75,29.0,29.0,10.392304845413014,1.1764705882352942,0.8192771084337349,11.285714285714286,17.31813049167358,3,0.992708874098054,0.120536680255323,0.0,6.0,0.0,0.0,3.0399999999999996,0.10727272727272727,1.499090909090909,0.7654545454545455,1.3245454545454545,0.04090909090909091,0.0009090909090909091,0.024545454545454547,0.06909090909090909,27.249220779220778,33.51168831168831,24.84597402597403,23.906883116883115,29.939740259740258,20.157792207792205,18.255584415584416,63.312077922077926,62.95051948051948,72.01207792207792,2.22363636363625,0.10181818181806813,5.291818181818067,44.82359976387019,17.0,18.0,39.0
2025-03-17,division,Dhaka,Dhaka,27.0,27.0,51.0,29.0,26.0,36.0,89.0,33.25,39.375,51.0,65.0,11.898879499070425,0.8175182481751825,0.848297213622291,8.142857142857142,17.604592364757483,3,0.992708874098054,0.120536680255323,0.0,6.0,0.0,0.0,2.4123076923076923,0.11923076923076924,0.02,4.78,0.14615384615384613,0.0,0.0,0.0015384615384615385,0.1123076923076923,27.85142857142857,34.84197802197802,24.628131868131867,24.12923076923077,31.00153846153846,20.060000000000002,17.944835164835162,54.131098901098895,58.47417582417582,69.78791208791209,3.8015384615384042,0.113846153846097,4.738461538461482,76.2588615384604,18.0,19.0,45.0
2025-03-17,division,Khulna,Khulna,5.0,5.0,2.0,6.0,3.0,1.0,15.0,4.0,4.25,6.0,7.0,1.8257418583504312,1.2,0.9523809523809523,15.142857142857142,16.659378702207434,3,0.992708874098054,0.120536680255323,0.0,6.0,0.0,0.0,5.015,0.0,0.063,9.667,0.10300000000000001,0.081,0.0,0.0,0.253,28.87557142857143,36.678714285714285,25.428142857142856,24.774,32.10471428571428,20.829428571428572,18.572285714285716,50.90728571428571,60.075,66.38985714285715,1.169999999999943,0.25299999999994316,5.094999999999943,24.370431428570242,2.0,1.0,2.0
2025-03-17,division,Mymensingh,Mymensingh,3.0,3.0,0.0,0.0,0.0,0.0,1.0,0.75,0.5,3.0,3.0,1.500000000000703,2.2857142857142856,1.1666666666666667,15.428571428571429,16.31903432869183,3,0.992708874098054,0.120536680255323,0.0,6.0,0.0,0.0,1.8975,0.10500000000000001,0.21750000000000003,8.905,0.1825,0.0,0.0,0.0375,0.0,26.109285714285715,33.38107142857143,23.3,22.61357142857143,29.786428571428573,19.233214285714283,17.259642857142858,52.417857142857144,54.736428571428576,69.55607142857143,4.745,0.0375,8.125000000000002,91.26160178571428,0.0,0.0,0.0
2025-03-17,division,Rajshahi,Rajshahi,3.0,3.0,1.0,0.0,3.0,2.0,3.0,1.75,2.5,3.0,6.0,1.5000000000000415,1.4545454545454546,0.7857142857142857,15.285714285714286,16.828744725921833,3,0.992708874098054,0.120536680255323,0.0,6.0,0.0,0.0,4.07,0.00125,0.765,11.68375,0.0,0.0,0.0,0.0,0.005,26.73125,33.76285714285714,23.466964285714283,22.443571428571428,29.656964285714285,19.2375,17.30607142857143,51.08678571428572,60.642321428571435,68.24607142857143,4.09,0.005,4.862500000000001,78.681375,0.0,0.0,0.0
2025-03-17,division,Rangpur,Rangpur,0.0,0.0,0.0,0.0,0.0,0.0,0.0,0.0,0.0,0.0,0.0,0.0,1.0,1.0,15.428571428571429,16.68403182311846,3,0.992708874098054,0.120536680255323,0.0,6.0,0.0,0.0,2.65125,0.31,4.77625,9.4675,0.45249999999999996,0.07875,0.045,0.2725,0.0,25.563214285714288,33.082142857142856,22.32035714285714,20.799285714285716,27.96142857142857,18.276964285714286,16.82089285714286,46.33410714285714,58.83928571428571,67.62410714285714,0.902499999999943,0.4049999999999432,10.729999999999944,16.4949602678561,0.0,0.0,1.0
2025-03-17,division,Sylhet,Sylhet,0.0,0.0,0.0,0.0,0.0,0.0,1.0,0.0,0.0,0.0,0.0,0.0,1.0,1.0,15.428571428571429,16.21657018255286,3,0.992708874098054,0.120536680255323,0.0,6.0,0.0,0.0,5.635,0.7075,0.04,3.485,1.1524999999999999,0.0,0.0,0.0975,0.0,25.251785714285713,32.00464285714286,22.820357142857144,22.176071428571426,28.795,18.89857142857143,17.187142857142856,60.71857142857143,60.28142857142858,73.77535714285715,1.3274999999998862,0.09749999999988632,37.26999999999989,25.08785357142642,0.0,0.0,0.0
2025-03-24,division,Barishal,Barishal,4.0,4.0,19.0,25.0,20.0,11.0,20.0,17.0,19.5,25.0,30.0,9.055385138137558,0.2777777777777778,0.8780487804878049,8.142857142857142,16.02379618021547,3,1.0,-1.6081226496766366e-16,1.0,7.0,2.0,0.0,3.485,0.11333333333333334,0.0016666666666666668,3.3033333333333332,4.246666666666667,0.5233333333333333,0.25,0.013333333333333334,0.0,29.06571428571429,35.73738095238095,28.493809523809528,25.631190476190472,32.25642857142857,23.31214285714286,21.052380952380954,59.56238095238095,56.95095238095238,72.97404761904762,8.453333333333333,0.04,8.576666666666666,197.0653142857143,37.0,60.0,101.0
2025-03-24,division,Chattogram,Chattogram,17.0,17.0,19.0,29.0,5.0,11.0,23.0,17.5,19.0,29.0,29.0,9.84885780179584,0.972972972972973,0.925,8.142857142857142,17.31813049167358,3,1.0,-1.6081226496766366e-16,1.0,7.0,2.0,0.0,12.748181818181818,0.6454545454545454,0.10727272727272727,1.499090909090909,0.7654545454545455,1.3245454545454545,0.8572727272727273,0.00818181818181818,0.0,27.427272727272726,34.39896103896104,26.75831168831169,23.817012987012983,30.696493506493507,21.535844155844156,19.81090909090909,59.206753246753244,58.02727272727273,72.19506493506493,2.9881818181817046,0.03363636363624995,16.540909090908976,64.35301794568822,18.0,25.0,36.0
2025-03-24,division,Dhaka,Dhaka,18.0,18.0,27.0,51.0,29.0,26.0,65.0,31.25,33.5,51.0,51.0,14.008925726124223,0.5891472868217055,0.9347826086956522,7.0,17.604592364757483,3,1.0,-1.6081226496766366e-16,1.0,7.0,2.0,0.0,0.09,2.186923076923077,0.11923076923076924,0.02,4.78,0.14615384615384613,3.655384615384615,0.0,0.0,28.88197802197802,37.2243956043956,28.06956043956044,24.264945054945052,32.04978021978022,21.494835164835163,19.799890109890107,47.82835164835164,53.30439560439561,69.21879120879122,8.581538461538404,0.001538461538404695,4.808461538461482,184.45875469146114,19.0,41.0,66.0
2025-03-24,division,Khulna,Khulna,2.0,2.0,5.0,2.0,6.0,3.0,4.0,3.75,4.0,6.0,7.0,2.061552812808724,0.631578947368421,0.95,10.142857142857142,16.659378702207434,3,1.0,-1.6081226496766366e-16,1.0,7.0,2.0,0.0,0.026000000000000002,0.017,0.0,0.063,9.667,0.10300000000000001,0.986,0.0,0.0,29.672428571428572,38.624,29.021571428571427,25.131285714285717,33.42271428571429,22.332,20.540714285714284,44.134,52.249428571428574,65.51214285714286,10.836999999999943,0.0,5.057999999999943,242.01188399999873,1.0,4.0,4.0
2025-03-24,division,Mymensingh,Mymensingh,0.0,0.0,3.0,0.0,0.0,0.0,0.0,0.75,0.5,3.0,3.0,1.500000000000703,0.5714285714285714,1.1666666666666667,10.428571428571429,16.31903432869183,3,1.0,-1.6081226496766366e-16,1.0,7.0,2.0,0.0,0.0,5.905,0.10500000000000001,0.21750000000000003,8.905,0.1825,4.5625,0.0,0.0,27.850714285714282,36.28285714285714,26.536071428571425,23.127142857142857,30.84107142857143,19.811785714285712,18.71107142857143,43.56214285714285,54.09678571428571,67.51785714285714,13.649999999999999,0.0375,7.9075000000000015,270.43087499999996,0.0,3.0,3.0
2025-03-24,division,Rajshahi,Rajshahi,0.0,0.0,3.0,1.0,0.0,3.0,4.0,1.0,2.0,3.0,6.0,1.4142135623731387,0.5,0.6666666666666666,10.428571428571429,16.828744725921833,3,1.0,-1.6081226496766366e-16,1.0,7.0,2.0,0.0,0.00125,0.02625,0.00125,0.765,11.68375,0.0,4.09,0.0,0.0,28.53482142857143,37.03767857142857,27.253035714285716,23.560714285714287,31.06482142857143,19.74232142857143,18.742857142857144,38.886250000000004,53.97857142857143,66.10303571428571,15.77375,0.0,4.098750000000001,311.4104426339286,0.0,1.0,0.0
2025-03-24,division,Rangpur,Rangpur,0.0,0.0,0.0,0.0,0.0,0.0,0.0,0.0,0.0,0.0,0.0,0.0,1.0,1.0,10.857142857142858,16.68403182311846,3,1.0,-1.6081226496766366e-16,1.0,7.0,2.0,0.0,0.305,2.9924999999999997,0.31,4.77625,9.4675,0.45249999999999996,0.32625,0.1325,0.0,27.35964285714286,35.76642857142857,25.392142857142858,22.213571428571427,29.69625,18.53607142857143,18.11642857142857,41.78625,56.01839285714286,64.62839285714286,10.324999999999942,0.44999999999994317,6.258749999999943,191.38493749999893,0.0,0.0,0.0
2025-03-24,division,Sylhet,Sylhet,0.0,0.0,0.0,0.0,0.0,0.0,0.0,0.0,0.0,0.0,0.0,0.0,1.0,1.0,10.857142857142858,16.21657018255286,3,1.0,-1.6081226496766366e-16,1.0,7.0,2.0,0.0,0.0275,30.8875,0.7075,0.04,3.485,1.1524999999999999,0.17500000000000002,0.0,0.0,26.968214285714286,34.49785714285714,25.55,22.527857142857144,29.635357142857146,19.36892857142857,18.653214285714284,50.09857142857143,58.54535714285714,71.79857142857142,4.812499999999886,0.09749999999988632,37.25749999999989,93.21296874999778,0.0,0.0,0.0
2025-03-31,division,Barishal,Barishal,37.0,37.0,4.0,19.0,25.0,20.0,24.0,21.25,21.125,37.0,37.0,13.720422734012338,1.7078651685393258,1.0056497175141244,5.285714285714286,16.02379618021547,3,0.992708874098054,-0.12053668025532288,2.0,0.0,2.0,0.0,4.875,4.976666666666667,0.11333333333333334,0.0016666666666666668,3.3033333333333332,4.246666666666667,3.4333333333333336,0.0,0.02666666666666667,29.999523809523808,36.10142857142858,28.678571428571427,26.266666666666666,32.89071428571429,25.30666666666667,21.62404761904762,62.51928571428572,52.22952380952381,59.921666666666674,11.506666666666668,0.29,13.45,291.1953777777778,60.0,70.0,101.0
2025-03-31,division,Chattogram,Chattogram,18.0,18.0,17.0,19.0,29.0,5.0,26.0,20.75,18.0,29.0,29.0,5.560275772536957,0.8735632183908046,1.144736842105263,3.4285714285714284,17.31813049167358,3,0.992708874098054,-0.12053668025532288,2.0,0.0,2.0,0.0,1.2436363636363637,3.0399999999999996,0.6454545454545454,0.10727272727272727,1.499090909090909,0.7654545454545455,0.04090909090909091,0.0009090909090909091,0.024545454545454547,28.81883116883117,35.245714285714286,27.249220779220778,24.84597402597403,31.44181818181818,23.906883116883115,20.157792207792205,62.45077922077922,51.60142857142857,61.914935064935065,3.629999999999886,0.8909090909089773,17.677272727272616,86.78198571428298,25.0,39.0,23.0
2025-03-31,division,Dhaka,Dhaka,19.0,19.0,18.0,27.0,51.0,29.0,44.0,28.75,30.375,51.0,51.0,15.370426148941515,0.6722689075630253,0.9482071713147411,3.2857142857142856,17.604592364757483,3,0.992708874098054,-0.12053668025532288,2.0,0.0,2.0,0.0,14.271538461538462,2.4123076923076923,2.186923076923077,0.11923076923076924,0.02,4.78,0.0,0.0,0.0015384615384615385,30.279340659340658,37.754175824175825,27.85142857142857,24.628131868131867,32.67230769230769,24.12923076923077,20.060000000000002,52.649780219780226,44.50879120879121,57.21934065934066,4.9461538461537895,3.65692307692302,18.960769230769174,119.34688757396313,41.0,45.0,60.0
2025-03-31,division,Khulna,Khulna,1.0,1.0,2.0,5.0,2.0,6.0,7.0,2.5,3.25,5.0,6.0,1.7320508075687648,0.5714285714285714,0.8235294117647058,5.571428571428571,16.659378702207434,3,0.992708874098054,-0.12053668025532288,2.0,0.0,2.0,0.0,37.876,5.015,0.017,0.0,0.063,9.667,0.081,0.0,0.0,30.44457142857143,38.639857142857146,28.87557142857143,25.428142857142856,34.09771428571428,24.774,20.829428571428572,53.63485714285714,41.171571428571426,52.627428571428574,9.913999999999943,0.9859999999999431,42.93399999999994,245.6094359999986,4.0,2.0,3.0
2025-03-31,division,Mymensingh,Mymensingh,0.0,0.0,0.0,3.0,0.0,0.0,0.0,0.75,0.5,3.0,3.0,1.500000000000703,0.5714285714285714,1.1666666666666667,5.857142857142857,16.31903432869183,3,0.992708874098054,-0.12053668025532288,2.0,0.0,2.0,0.0,5.6175,1.8975,5.905,0.10500000000000001,0.21750000000000003,8.905,0.0,0.0,0.0375,29.055714285714288,37.09535714285714,26.109285714285715,23.3,31.392142857142858,22.61357142857143,19.233214285714283,46.2675,42.90821428571429,57.48714285714286,9.305,4.6,13.420000000000002,210.41928214285716,3.0,0.0,1.0
2025-03-31,division,Rajshahi,Rajshahi,0.0,0.0,0.0,3.0,1.0,0.0,1.0,1.0,1.875,3.0,6.0,1.4142135623731387,0.5,0.6956521739130435,5.857142857142857,16.828744725921833,3,0.992708874098054,-0.12053668025532288,2.0,0.0,2.0,0.0,4.052499999999999,4.07,0.02625,0.00125,0.765,11.68375,0.0,0.0,0.0,29.796785714285715,38.59571428571429,26.73125,23.466964285714283,31.89053571428571,22.443571428571428,19.2375,40.300178571428575,43.184821428571425,55.89982142857143,12.44875,4.09,8.149999999999999,279.39440982142855,1.0,0.0,0.0
2025-03-31,division,Rangpur,Rangpur,0.0,0.0,0.0,0.0,0.0,0.0,0.0,0.0,0.0,0.0,0.0,0.0,1.0,1.0,5.857142857142857,16.68403182311846,3,0.992708874098054,-0.12053668025532288,2.0,0.0,2.0,0.0,0.1225,2.65125,2.9924999999999997,0.31,4.77625,9.4675,0.07875,0.045,0.2725,28.57910714285714,37.59642857142857,25.563214285714288,22.32035714285714,30.619285714285716,20.799285714285716,18.276964285714286,34.2225,44.89892857142857,58.269285714285715,14.774999999999942,0.7762499999999432,6.071249999999943,307.30944642857025,0.0,1.0,0.0
2025-03-31,division,Sylhet,Sylhet,0.0,0.0,0.0,0.0,0.0,0.0,0.0,0.0,0.0,0.0,0.0,0.0,1.0,1.0,5.857142857142857,16.21657018255286,3,0.992708874098054,-0.12053668025532288,2.0,0.0,2.0,0.0,33.365,5.635,30.8875,0.7075,0.04,3.485,0.0,0.0,0.0975,27.787857142857142,34.50892857142857,25.251785714285713,22.820357142857144,30.339285714285715,22.176071428571426,18.89857142857143,57.17785714285714,47.50964285714286,63.010357142857146,4.677499999999886,0.27249999999988633,69.91499999999988,103.7285741071403,0.0,0.0,1.0
2025-04-07,division,Barishal,Barishal,60.0,60.0,37.0,4.0,19.0,25.0,30.0,30.0,24.875,60.0,60.0,24.12467616362969,1.967741935483871,1.1980676328502415,5.428571428571429,16.02379618021547,4,0.9709418174260521,-0.2393156642875575,0.0,0.0,0.0,0.0,13.848333333333334,3.485,4.976666666666667,0.11333333333333334,0.0016666666666666668,3.3033333333333332,0.5233333333333333,0.25,0.013333333333333334,29.24904761904762,33.751666666666665,29.06571428571429,28.493809523809528,35.27428571428572,25.631190476190472,23.31214285714286,64.68142857142857,64.16928571428572,62.9647619047619,8.075000000000001,3.6966666666666668,27.185000000000002,206.9718630952381,70.0,101.0,111.0
2025-04-07,division,Chattogram,Chattogram,25.0,25.0,18.0,17.0,19.0,29.0,22.0,19.75,18.375,25.0,29.0,3.5939764421405793,1.2530120481927711,1.070967741935484,8.142857142857142,17.31813049167358,4,0.9709418174260521,-0.2393156642875575,0.0,0.0,0.0,0.0,22.201818181818183,12.748181818181818,3.0399999999999996,0.6454545454545454,0.10727272727272727,1.499090909090909,1.3245454545454545,0.8572727272727273,0.00818181818181818,28.639740259740257,33.56766233766234,27.427272727272726,26.75831168831169,33.57974025974026,23.817012987012983,21.535844155844156,62.80207792207793,62.89636363636364,64.48272727272727,3.6963636363635226,0.9072727272726137,39.23363636363625,88.03634073199255,39.0,36.0,52.0
2025-04-07,division,Dhaka,Dhaka,41.0,41.0,19.0,18.0,27.0,51.0,37.0,26.25,30.875,41.0,51.0,10.626225419533117,1.5412844036697249,0.8549019607843137,8.0,17.604592364757483,4,0.9709418174260521,-0.2393156642875575,0.0,0.0,0.0,0.0,20.45384615384615,0.09,2.4123076923076923,2.186923076923077,0.11923076923076924,0.02,0.14615384615384613,3.655384615384615,0.0,29.384945054945057,34.85362637362637,28.88197802197802,28.06956043956044,36.388461538461534,24.264945054945052,21.494835164835163,58.78681318681319,53.54725274725275,54.783956043956046,5.065384615384559,3.655384615384558,37.22769230769225,122.91127937447031,45.0,66.0,87.0
2025-04-07,division,Khulna,Khulna,4.0,4.0,1.0,2.0,5.0,2.0,6.0,3.0,3.0,5.0,6.0,1.825741858350442,1.25,1.0,10.571428571428571,16.659378702207434,4,0.9709418174260521,-0.2393156642875575,0.0,0.0,0.0,0.0,21.772,0.026000000000000002,5.015,0.017,0.0,0.063,0.10300000000000001,0.986,0.0,29.13742857142857,34.91585714285714,29.672428571428572,29.021571428571427,38.23657142857142,25.131285714285717,22.332,62.60414285714286,50.45728571428571,50.664857142857144,9.832999999999943,1.066999999999943,64.68899999999994,247.11593242857003,2.0,4.0,5.0
2025-04-07,division,Mymensingh,Mymensingh,3.0,3.0,0.0,0.0,3.0,0.0,1.0,1.5,0.75,3.0,3.0,1.732050807569486,1.6,1.4285714285714286,10.714285714285714,16.31903432869183,4,0.9709418174260521,-0.2393156642875575,0.0,0.0,0.0,0.0,42.432500000000005,0.0,1.8975,5.905,0.10500000000000001,0.21750000000000003,0.1825,4.5625,0.0,28.642500000000002,34.02571428571429,27.850714285714282,26.536071428571425,34.599999999999994,23.127142857142857,19.811785714285712,57.020714285714284,51.51464285714286,52.9525,9.41,4.5625,49.947500000000005,217.62641428571428,0.0,3.0,1.0
2025-04-07,division,Rajshahi,Rajshahi,1.0,1.0,0.0,0.0,3.0,1.0,6.0,1.0,1.25,3.0,3.0,1.4142135623731387,1.0,0.8888888888888888,10.714285714285714,16.828744725921833,4,0.9709418174260521,-0.2393156642875575,0.0,0.0,0.0,0.0,44.87375,0.00125,4.07,0.02625,0.00125,0.765,0.0,4.09,0.0,29.060000000000002,34.3475,28.53482142857143,27.253035714285716,35.83535714285714,23.560714285714287,19.74232142857143,57.61160714285714,47.86714285714285,53.10053571428571,12.45,4.09,52.9975,293.3308928571428,0.0,0.0,0.0
2025-04-07,division,Rangpur,Rangpur,0.0,0.0,0.0,0.0,0.0,0.0,0.0,0.0,0.0,0.0,0.0,0.0,1.0,1.0,10.714285714285714,16.68403182311846,4,0.9709418174260521,-0.2393156642875575,0.0,0.0,0.0,0.0,65.575,0.305,2.65125,2.9924999999999997,0.31,4.77625,0.45249999999999996,0.32625,0.1325,27.845357142857143,33.106964285714284,27.35964285714286,25.392142857142858,33.613749999999996,22.213571428571427,18.53607142857143,59.17339285714286,51.17482142857143,51.35339285714286,15.006249999999943,0.5824999999999431,68.65374999999995,333.3424062499987,1.0,0.0,1.0
2025-04-07,division,Sylhet,Sylhet,0.0,0.0,0.0,0.0,0.0,0.0,0.0,0.0,0.0,0.0,0.0,0.0,1.0,1.0,10.714285714285714,16.21657018255286,4,0.9709418174260521,-0.2393156642875575,0.0,0.0,0.0,0.0,55.535,0.0275,5.635,30.8875,0.7075,0.04,1.1524999999999999,0.17500000000000002,0.0,27.940714285714286,32.90785714285714,26.968214285714286,25.55,32.5775,22.527857142857144,19.36892857142857,61.12357142857143,60.32035714285714,61.17892857142857,5.384999999999886,0.17499999999988633,94.56249999999989,121.31251071428315,0.0,0.0,2.0
2025-04-14,division,Barishal,Barishal,70.0,70.0,60.0,37.0,4.0,19.0,23.0,42.75,30.75,70.0,70.0,29.295904150580547,1.6228571428571428,1.3779527559055118,10.571428571428571,16.02379618021547,4,0.9350162426854148,-0.35460488704253545,0.0,0.0,1.0,0.0,115.59166666666665,4.875,3.485,4.976666666666667,0.11333333333333334,0.0016666666666666668,4.246666666666667,3.4333333333333336,0.0,28.468333333333334,32.30761904761905,29.999523809523808,28.678571428571427,34.96857142857143,26.266666666666666,25.30666666666667,75.02857142857142,61.86714285714286,66.31738095238096,7.665,4.206666666666667,137.79999999999998,201.334,101.0,101.0,201.0
2025-04-14,division,Chattogram,Chattogram,39.0,39.0,25.0,18.0,17.0,19.0,23.0,24.75,20.375,39.0,39.0,10.144785195688545,1.5533980582524272,1.2046783625730995,15.571428571428571,17.31813049167358,4,0.9350162426854148,-0.35460488704253545,0.0,0.0,1.0,0.0,108.8281818181818,1.2436363636363637,12.748181818181818,3.0399999999999996,0.6454545454545454,0.10727272727272727,0.7654545454545455,0.04090909090909091,0.0009090909090909091,27.53571428571428,31.69207792207792,28.81883116883117,27.249220779220778,33.51168831168831,24.84597402597403,23.906883116883115,75.1125974025974,63.312077922077926,62.95051948051948,3.017272727272614,2.22363636363625,145.02181818181805,74.96707981109519,36.0,23.0,70.0
2025-04-14,division,Dhaka,Dhaka,45.0,45.0,41.0,19.0,18.0,27.0,36.0,30.75,32.0,45.0,51.0,14.244882121896683,1.4488188976377954,0.9621212121212122,13.285714285714286,17.604592364757483,4,0.9350162426854148,-0.35460488704253545,0.0,0.0,1.0,0.0,63.408461538461545,14.271538461538462,0.09,2.4123076923076923,2.186923076923077,0.11923076923076924,4.78,0.0,0.0,28.330549450549448,33.185164835164834,30.279340659340658,27.85142857142857,34.84197802197802,24.628131868131867,24.12923076923077,69.62505494505494,54.131098901098895,58.47417582417582,7.10615384615379,3.8015384615384042,98.2238461538461,175.011293998308,66.0,60.0,135.0
2025-04-14,division,Khulna,Khulna,2.0,2.0,4.0,1.0,2.0,5.0,1.0,2.25,3.125,4.0,6.0,1.2583057392116406,0.9230769230769231,0.7878787878787878,18.571428571428573,16.659378702207434,4,0.9350162426854148,-0.35460488704253545,0.0,0.0,1.0,0.0,48.669,37.876,0.026000000000000002,5.015,0.017,0.0,9.667,0.081,0.0,28.801571428571428,34.183428571428564,30.44457142857143,28.87557142857143,36.678714285714285,25.428142857142856,24.774,69.67728571428572,50.90728571428571,60.075,9.746999999999943,1.169999999999943,108.34299999999993,247.84810842856996,4.0,3.0,14.0
2025-04-14,division,Mymensingh,Mymensingh,0.0,0.0,3.0,0.0,0.0,3.0,0.0,0.75,0.75,3.0,3.0,1.500000000000703,0.5714285714285714,1.0,18.714285714285715,16.31903432869183,4,0.9350162426854148,-0.35460488704253545,0.0,0.0,1.0,0.0,41.089999999999996,5.6175,0.0,1.8975,5.905,0.10500000000000001,8.905,0.0,0.0,28.048571428571428,33.15,29.055714285714288,26.109285714285715,33.38107142857143,23.3,22.61357142857143,64.76071428571429,52.417857142857144,54.736428571428576,15.1325,4.745,89.14,352.58725000000004,3.0,1.0,5.0
2025-04-14,division,Rajshahi,Rajshahi,0.0,0.0,1.0,0.0,0.0,3.0,2.0,0.25,1.0,1.0,3.0,0.5000000000001216,0.8,0.625,19.0,16.828744725921833,4,0.9350162426854148,-0.35460488704253545,0.0,0.0,1.0,0.0,33.8175,4.052499999999999,0.00125,4.07,0.02625,0.00125,11.68375,0.0,0.0,28.446964285714284,33.63232142857143,29.796785714285715,26.73125,33.76285714285714,23.466964285714283,22.443571428571428,65.53232142857142,51.08678571428572,60.642321428571435,12.47625,4.09,82.745,292.77971316964283,0.0,0.0,0.0
2025-04-14,division,Rangpur,Rangpur,1.0,1.0,0.0,0.0,0.0,0.0,0.0,0.25,0.125,1.0,1.0,0.4999999999999097,1.6,1.1111111111111112,19.142857142857142,16.68403182311846,4,0.9350162426854148,-0.35460488704253545,0.0,0.0,1.0,0.0,36.69375,0.1225,0.305,2.65125,2.9924999999999997,0.31,9.4675,0.07875,0.045,27.579821428571428,32.78232142857143,28.57910714285714,25.563214285714288,33.082142857142856,22.32035714285714,20.799285714285716,64.29160714285715,46.33410714285714,58.83928571428571,17.546249999999944,0.902499999999943,102.69624999999994,391.63856651785585,0.0,0.0,3.0
2025-04-14,division,Sylhet,Sylhet,0.0,0.0,0.0,0.0,0.0,0.0,0.0,0.0,0.0,0.0,0.0,0.0,1.0,1.0,19.142857142857142,16.21657018255286,4,0.9350162426854148,-0.35460488704253545,0.0,0.0,1.0,0.0,52.53,33.365,0.0275,5.635,30.8875,0.7075,3.485,0.0,0.0,27.316071428571426,31.755,27.787857142857142,25.251785714285713,32.00464285714286,22.820357142857144,22.176071428571426,69.28,60.71857142857143,60.28142857142858,35.119999999999884,1.3274999999998862,141.4574999999999,801.4509428571403,0.0,1.0,5.0
2025-04-21,division,Barishal,Barishal,101.0,101.0,70.0,60.0,37.0,4.0,11.0,67.0,42.0,101.0,101.0,26.54555832275278,1.5,1.5813953488372092,12.428571428571429,16.02379618021547,4,0.8854560256532099,-0.4647231720437685,0.0,0.0,0.0,0.0,23.468333333333334,13.848333333333334,4.875,3.485,4.976666666666667,0.11333333333333334,3.3033333333333332,0.5233333333333333,0.25,29.527619047619044,33.658095238095235,29.24904761904762,29.06571428571429,35.73738095238095,28.493809523809528,25.631190476190472,80.9095238095238,59.56238095238095,56.95095238095238,8.395,8.453333333333333,157.7833333333333,239.20553095238097,101.0,111.0,231.0
2025-04-21,division,Chattogram,Chattogram,36.0,36.0,39.0,25.0,18.0,17.0,11.0,29.5,23.5,39.0,39.0,9.746794344808698,1.2131147540983607,1.2448979591836735,16.857142857142858,17.31813049167358,4,0.8854560256532099,-0.4647231720437685,0.0,0.0,0.0,0.0,43.00454545454546,22.201818181818183,1.2436363636363637,12.748181818181818,3.0399999999999996,0.6454545454545454,1.499090909090909,1.3245454545454545,0.8572727272727273,28.55701298701299,32.7712987012987,28.639740259740257,27.427272727272726,34.39896103896104,26.75831168831169,23.817012987012983,81.42194805194805,59.206753246753244,58.02727272727273,5.291818181818067,2.9881818181817046,175.27818181818168,141.6001203069627,23.0,52.0,63.0
2025-04-21,division,Dhaka,Dhaka,66.0,66.0,45.0,41.0,19.0,18.0,26.0,42.75,37.0,66.0,66.0,19.259196937222793,1.5314285714285714,1.1513157894736843,16.0,17.604592364757483,4,0.8854560256532099,-0.4647231720437685,0.0,0.0,0.0,0.0,44.54923076923077,20.45384615384615,14.271538461538462,0.09,2.4123076923076923,2.186923076923077,0.02,0.14615384615384613,3.655384615384615,30.75076923076923,37.354175824175826,29.384945054945057,28.88197802197802,37.2243956043956,28.06956043956044,24.264945054945052,72.06934065934067,47.82835164835164,53.30439560439561,4.738461538461482,8.581538461538404,142.68307692307687,133.0065325443771,60.0,87.0,120.0
2025-04-21,division,Khulna,Khulna,4.0,4.0,2.0,4.0,1.0,2.0,3.0,2.75,3.25,4.0,6.0,1.499999999999867,1.3333333333333333,0.8823529411764706,22.142857142857142,16.659378702207434,4,0.8854560256532099,-0.4647231720437685,0.0,0.0,0.0,0.0,4.6530000000000005,21.772,37.876,0.026000000000000002,5.015,0.017,0.063,0.10300000000000001,0.986,31.964714285714287,39.794285714285714,29.13742857142857,29.672428571428572,38.624,29.021571428571427,25.131285714285717,64.72728571428571,44.134,52.249428571428574,5.094999999999943,10.836999999999943,112.96999999999994,147.86490642856975,3.0,5.0,7.0
2025-04-21,division,Mymensingh,Mymensingh,3.0,3.0,0.0,3.0,0.0,0.0,0.0,1.5,1.125,3.0,3.0,1.732050807569486,1.6,1.1764705882352942,22.428571428571427,16.31903432869183,4,0.8854560256532099,-0.4647231720437685,0.0,0.0,0.0,0.0,113.89999999999999,42.432500000000005,5.6175,0.0,1.8975,5.905,0.21750000000000003,0.1825,4.5625,29.695,36.11964285714286,28.642500000000002,27.850714285714282,36.28285714285714,26.536071428571425,23.127142857142857,73.76571428571428,43.56214285714285,54.09678571428571,8.125000000000002,13.649999999999999,203.04,215.60558035714288,1.0,1.0,4.0
2025-04-21,division,Rajshahi,Rajshahi,0.0,0.0,0.0,1.0,0.0,0.0,3.0,0.25,0.625,1.0,3.0,0.5000000000001216,0.8,0.7692307692307693,22.428571428571427,16.828744725921833,4,0.8854560256532099,-0.4647231720437685,0.0,0.0,0.0,0.0,16.240000000000002,44.87375,4.052499999999999,0.00125,4.07,0.02625,0.765,0.0,4.09,31.65892857142857,39.87607142857143,29.060000000000002,28.53482142857143,37.03767857142857,27.253035714285716,23.560714285714287,58.53892857142857,38.886250000000004,53.97857142857143,4.862500000000001,15.77375,98.98375000000001,132.5178861607143,0.0,0.0,1.0
2025-04-21,division,Rangpur,Rangpur,0.0,0.0,1.0,0.0,0.0,0.0,0.0,0.25,0.125,1.0,1.0,0.4999999999999097,0.8,1.1111111111111112,22.285714285714285,16.68403182311846,4,0.8854560256532099,-0.4647231720437685,0.0,0.0,0.0,0.0,44.43125,65.575,0.1225,0.305,2.65125,2.9924999999999997,4.77625,0.45249999999999996,0.32625,29.458571428571428,36.948035714285716,27.845357142857143,27.35964285714286,35.76642857142857,25.392142857142858,22.213571428571427,59.35017857142857,41.78625,56.01839285714286,10.729999999999944,10.324999999999942,146.82249999999993,272.4576928571414,0.0,1.0,5.0
2025-04-21,division,Sylhet,Sylhet,0.0,0.0,0.0,0.0,0.0,0.0,0.0,0.0,0.0,0.0,0.0,0.0,1.0,1.0,22.428571428571427,16.21657018255286,4,0.8854560256532099,-0.4647231720437685,0.0,0.0,0.0,0.0,207.2825,55.535,33.365,0.0275,5.635,30.8875,0.04,1.1524999999999999,0.17500000000000002,28.237142857142857,33.13107142857143,27.940714285714286,26.968214285714286,34.49785714285714,25.55,22.527857142857144,82.73964285714285,50.09857142857143,58.54535714285714,37.26999999999989,4.812499999999886,348.71249999999986,952.2484999999972,1.0,2.0,2.0
2025-04-28,division,Barishal,Barishal,101.0,101.0,101.0,70.0,60.0,37.0,20.0,83.0,52.125,101.0,101.0,21.181753153756404,1.2142857142857142,1.5811764705882352,15.571428571428571,16.02379618021547,4,0.8229838658936565,-0.5680647467311557,0.0,0.0,1.0,0.0,95.96,115.59166666666665,13.848333333333334,4.875,3.485,4.976666666666667,0.0016666666666666668,4.246666666666667,3.4333333333333336,28.00095238095238,31.504761904761907,28.468333333333334,29.999523809523808,36.10142857142858,28.678571428571427,26.266666666666666,76.26166666666667,62.51928571428572,52.22952380952381,8.576666666666666,11.506666666666668,248.8683333333333,245.9665476190476,111.0,201.0,249.0
2025-04-28,division,Chattogram,Chattogram,23.0,23.0,36.0,39.0,25.0,18.0,5.0,30.75,25.75,39.0,39.0,7.932002689526868,0.7559055118110236,1.1869158878504673,24.857142857142858,17.31813049167358,4,0.8229838658936565,-0.5680647467311557,0.0,0.0,1.0,0.0,71.47,108.8281818181818,22.201818181818183,1.2436363636363637,12.748181818181818,3.0399999999999996,0.10727272727272727,0.7654545454545455,0.04090909090909091,27.332467532467533,31.058701298701298,27.53571428571428,28.81883116883117,35.245714285714286,27.249220779220778,24.84597402597403,76.3135064935065,62.45077922077922,51.60142857142857,16.540909090908976,3.629999999999886,245.5045454545453,450.72688370719874,52.0,70.0,71.0
2025-04-28,division,Dhaka,Dhaka,60.0,60.0,66.0,45.0,41.0,19.0,29.0,53.0,40.875,66.0,66.0,11.916375287815718,1.1296296296296295,1.2895522388059701,20.571428571428573,17.604592364757483,4,0.8229838658936565,-0.5680647467311557,0.0,0.0,1.0,0.0,59.60307692307693,63.408461538461545,20.45384615384615,14.271538461538462,0.09,2.4123076923076923,0.11923076923076924,4.78,0.0,28.17912087912088,32.675054945054946,28.330549450549448,30.279340659340658,37.754175824175825,27.85142857142857,24.628131868131867,70.58208791208791,52.649780219780226,44.50879120879121,4.808461538461482,4.9461538461537895,188.01461538461533,133.9225230769215,87.0,135.0,138.0
2025-04-28,division,Khulna,Khulna,3.0,3.0,4.0,2.0,4.0,1.0,6.0,3.25,2.875,4.0,5.0,0.9574271077561198,0.9411764705882353,1.096774193548387,29.428571428571427,16.659378702207434,4,0.8229838658936565,-0.5680647467311557,0.0,0.0,1.0,0.0,66.897,48.669,21.772,37.876,0.026000000000000002,5.015,0.0,9.667,0.081,28.76642857142857,33.95614285714286,28.801571428571428,30.44457142857143,38.639857142857146,28.87557142857143,25.428142857142856,67.36114285714287,53.63485714285714,41.171571428571426,5.057999999999943,9.913999999999943,141.99099999999993,146.05264028571264,5.0,14.0,8.0
2025-04-28,division,Mymensingh,Mymensingh,1.0,1.0,3.0,0.0,3.0,0.0,0.0,1.75,1.25,3.0,3.0,1.500000000000703,0.7272727272727273,1.2222222222222223,29.571428571428573,16.31903432869183,4,0.8229838658936565,-0.5680647467311557,0.0,0.0,1.0,0.0,50.8925,41.089999999999996,42.432500000000005,5.6175,0.0,1.8975,0.10500000000000001,8.905,0.0,26.876785714285713,31.2125,28.048571428571428,29.055714285714288,37.09535714285714,26.109285714285715,23.3,74.34892857142857,46.2675,42.90821428571429,7.9075000000000015,9.305,248.315,206.45917678571433,1.0,5.0,2.0
2025-04-28,division,Rajshahi,Rajshahi,0.0,0.0,0.0,0.0,1.0,0.0,0.0,0.25,0.625,1.0,3.0,0.5000000000001216,0.8,0.7692307692307693,30.0,16.828744725921833,4,0.8229838658936565,-0.5680647467311557,0.0,0.0,1.0,0.0,29.214999999999996,33.8175,44.87375,4.052499999999999,0.00125,4.07,0.00125,11.68375,0.0,28.482499999999998,33.55321428571428,28.446964285714284,29.796785714285715,38.59571428571429,26.73125,23.466964285714283,64.16428571428571,40.300178571428575,43.184821428571425,4.098750000000001,12.44875,124.14625000000001,109.56471093750002,0.0,0.0,0.0
2025-04-28,division,Rangpur,Rangpur,0.0,0.0,0.0,1.0,0.0,0.0,0.0,0.25,0.125,1.0,1.0,0.4999999999999097,0.8,1.1111111111111112,30.0,16.68403182311846,4,0.8229838658936565,-0.5680647467311557,0.0,0.0,1.0,0.0,38.76625,36.69375,65.575,0.1225,0.305,2.65125,0.31,9.4675,0.07875,26.92482142857143,31.705535714285713,27.579821428571428,28.57910714285714,37.59642857142857,25.563214285714288,22.32035714285714,69.16482142857143,34.2225,44.89892857142857,6.258749999999943,14.774999999999942,185.46624999999995,159.99376741071285,1.0,3.0,2.0
2025-04-28,division,Sylhet,Sylhet,1.0,1.0,0.0,0.0,0.0,0.0,0.0,0.25,0.125,1.0,1.0,0.4999999999999862,1.6,1.1111111111111112,30.0,16.21657018255286,4,0.8229838658936565,-0.5680647467311557,0.0,0.0,1.0,0.0,64.05,52.53,55.535,33.365,0.0275,5.635,0.7075,3.485,0.0,26.3175,30.047857142857143,27.316071428571426,27.787857142857142,34.50892857142857,25.251785714285713,22.820357142857144,78.09785714285714,57.17785714285714,47.50964285714286,37.25749999999989,4.677499999999886,379.39749999999987,940.8184062499971,2.0,5.0,1.0
2025-05-05,division,Barishal,Barishal,111.0,111.0,101.0,101.0,70.0,60.0,25.0,95.75,62.875,111.0,111.0,17.802153427792643,1.1576227390180878,1.5146771037181996,12.571428571428571,16.02379618021547,5,0.7485107481711013,-0.663122658240795,0.0,0.0,0.0,0.0,11.535000000000002,23.468333333333334,115.59166666666665,13.848333333333334,4.875,3.485,0.11333333333333334,3.3033333333333332,0.5233333333333333,29.441904761904762,33.44166666666667,29.527619047619044,29.24904761904762,33.751666666666665,29.06571428571429,28.493809523809528,76.75309523809524,64.68142857142857,64.16928571428572,13.45,8.075000000000001,246.55499999999998,390.93385714285716,201.0,231.0,261.0
2025-05-05,division,Chattogram,Chattogram,52.0,52.0,23.0,36.0,39.0,25.0,29.0,37.5,28.625,52.0,52.0,11.902380714237866,1.3766233766233766,1.2995780590717299,23.714285714285715,17.31813049167358,5,0.7485107481711013,-0.663122658240795,0.0,0.0,0.0,0.0,10.531818181818181,43.00454545454546,108.8281818181818,22.201818181818183,1.2436363636363637,12.748181818181818,0.6454545454545454,1.499090909090909,1.3245454545454545,29.254805194805193,33.497532467532466,28.55701298701299,28.639740259740257,33.56766233766234,27.427272727272726,26.75831168831169,74.84038961038961,62.80207792207793,62.89636363636364,17.677272727272616,3.6963636363635226,233.83454545454532,484.8393801652862,70.0,63.0,46.0
2025-05-05,division,Dhaka,Dhaka,87.0,87.0,60.0,66.0,45.0,41.0,51.0,64.5,45.375,87.0,87.0,17.40689518553108,1.3435114503816794,1.412398921832884,18.428571428571427,17.604592364757483,5,0.7485107481711013,-0.663122658240795,0.0,0.0,0.0,0.0,12.528461538461539,44.54923076923077,63.408461538461545,20.45384615384615,14.271538461538462,0.09,2.186923076923077,0.02,0.14615384615384613,30.765054945054946,36.43,30.75076923076923,29.384945054945057,34.85362637362637,28.88197802197802,28.06956043956044,66.21000000000001,58.78681318681319,53.54725274725275,18.960769230769174,5.065384615384559,180.0892307692307,547.6245202028724,135.0,120.0,117.0
2025-05-05,division,Khulna,Khulna,5.0,5.0,3.0,4.0,2.0,4.0,2.0,3.5,3.25,5.0,5.0,1.29099444873564,1.3333333333333333,1.0588235294117647,26.571428571428573,16.659378702207434,5,0.7485107481711013,-0.663122658240795,0.0,0.0,0.0,0.0,12.265,4.6530000000000005,48.669,21.772,37.876,0.026000000000000002,0.017,0.063,0.10300000000000001,31.158714285714286,37.41271428571429,31.964714285714287,29.13742857142857,34.91585714285714,29.672428571428572,29.021571428571427,63.956999999999994,62.60414285714286,50.45728571428571,42.93399999999994,9.832999999999943,132.48399999999995,1273.9560482857125,14.0,7.0,1.0
2025-05-05,division,Mymensingh,Mymensingh,1.0,1.0,1.0,3.0,0.0,3.0,0.0,1.25,1.375,3.0,3.0,1.2583057392126296,0.8888888888888888,0.9473684210526315,26.857142857142858,16.31903432869183,5,0.7485107481711013,-0.663122658240795,0.0,0.0,0.0,0.0,24.1425,113.89999999999999,41.089999999999996,42.432500000000005,5.6175,0.0,5.905,0.21750000000000003,0.1825,30.115357142857142,35.49928571428572,29.695,28.642500000000002,34.02571428571429,27.850714285714282,26.536071428571425,64.65035714285715,57.020714285714284,51.51464285714286,13.420000000000002,9.41,230.02499999999998,373.75658571428573,5.0,4.0,0.0
2025-05-05,division,Rajshahi,Rajshahi,0.0,0.0,0.0,0.0,0.0,1.0,1.0,0.0,0.5,0.0,3.0,0.0,1.0,0.6666666666666666,27.0,16.828744725921833,5,0.7485107481711013,-0.663122658240795,0.0,0.0,0.0,0.0,18.825,16.240000000000002,33.8175,44.87375,4.052499999999999,0.00125,0.02625,0.765,0.0,31.980892857142855,38.00053571428572,31.65892857142857,29.060000000000002,34.3475,28.53482142857143,27.253035714285716,54.10160714285714,57.61160714285714,47.86714285714285,8.149999999999999,12.45,98.09750000000001,232.55879464285712,0.0,1.0,1.0
2025-05-05,division,Rangpur,Rangpur,1.0,1.0,0.0,0.0,1.0,0.0,0.0,0.5,0.25,1.0,1.0,0.5773502691895472,1.3333333333333333,1.2,27.0,16.68403182311846,5,0.7485107481711013,-0.663122658240795,0.0,0.0,0.0,0.0,32.0875,44.43125,36.69375,65.575,0.1225,0.305,2.9924999999999997,4.77625,0.45249999999999996,29.907857142857143,35.66875,29.458571428571428,27.845357142857143,33.106964285714284,27.35964285714286,25.392142857142858,59.28053571428571,59.17339285714286,51.17482142857143,6.071249999999943,15.006249999999943,151.97874999999993,166.10723169642702,3.0,5.0,1.0
2025-05-05,division,Sylhet,Sylhet,2.0,2.0,1.0,0.0,0.0,0.0,0.0,0.75,0.375,2.0,2.0,0.9574271077563309,1.7142857142857142,1.2727272727272727,26.857142857142858,16.21657018255286,5,0.7485107481711013,-0.663122658240795,0.0,0.0,0.0,0.0,69.6775,207.2825,52.53,55.535,33.365,0.0275,30.8875,0.04,1.1524999999999999,28.756071428571428,33.06107142857143,28.237142857142857,27.940714285714286,32.90785714285714,26.968214285714286,25.55,74.5725,61.12357142857143,60.32035714285714,69.91499999999988,5.384999999999886,393.5399999999999,1885.482701785711,5.0,2.0,2.0
2025-05-12,division,Barishal,Barishal,201.0,201.0,111.0,101.0,101.0,70.0,19.0,128.5,85.625,201.0,201.0,48.56267428111158,1.5598455598455598,1.494949494949495,21.142857142857142,16.02379618021547,5,0.6631226582407952,-0.7485107481711012,0.0,0.0,0.0,0.0,54.61000000000001,95.96,23.468333333333334,115.59166666666665,13.848333333333334,4.875,4.976666666666667,0.0016666666666666668,4.246666666666667,29.51214285714286,32.92,28.00095238095238,28.468333333333334,32.30761904761905,29.999523809523808,28.678571428571427,81.19309523809524,75.02857142857142,61.86714285714286,27.185000000000002,7.665,185.57333333333335,815.5370547619048,231.0,249.0,508.0
2025-05-12,division,Chattogram,Chattogram,70.0,70.0,52.0,23.0,36.0,39.0,19.0,45.25,35.0,70.0,70.0,20.32035104683631,1.5351351351351352,1.2847222222222223,29.571428571428573,17.31813049167358,5,0.6631226582407952,-0.7485107481711012,0.0,0.0,0.0,0.0,113.27636363636363,71.47,43.00454545454546,108.8281818181818,22.201818181818183,1.2436363636363637,3.0399999999999996,0.10727272727272727,0.7654545454545455,28.95246753246753,32.55792207792208,27.332467532467533,27.53571428571428,31.69207792207792,28.81883116883117,27.249220779220778,81.71701298701299,75.1125974025974,63.312077922077926,39.23363636363625,3.017272727272614,238.28272727272713,1130.6675425029484,63.0,71.0,62.0
2025-05-12,division,Dhaka,Dhaka,135.0,135.0,87.0,60.0,66.0,45.0,27.0,87.0,58.875,135.0,135.0,34.02939905434807,1.5454545454545454,1.4697286012526096,24.571428571428573,17.604592364757483,5,0.6631226582407952,-0.7485107481711012,0.0,0.0,0.0,0.0,93.30000000000001,59.60307692307693,44.54923076923077,63.408461538461545,20.45384615384615,14.271538461538462,2.4123076923076923,0.11923076923076924,4.78,30.191318681318684,35.22912087912088,28.17912087912088,28.330549450549448,33.185164835164834,30.279340659340658,27.85142857142857,75.9045054945055,69.62505494505494,54.131098901098895,37.22769230769225,7.10615384615379,209.98076923076917,1127.2299773457294,120.0,138.0,125.0
2025-05-12,division,Khulna,Khulna,14.0,14.0,5.0,3.0,4.0,2.0,5.0,6.5,4.375,14.0,14.0,5.066228051190168,2.0,1.3953488372093024,36.285714285714285,16.659378702207434,5,0.6631226582407952,-0.7485107481711012,0.0,0.0,0.0,0.0,52.032999999999994,66.897,4.6530000000000005,48.669,21.772,37.876,5.015,0.0,9.667,31.349428571428568,37.44414285714286,28.76642857142857,28.801571428571428,34.183428571428564,30.44457142857143,28.87557142857143,69.93057142857143,69.67728571428572,50.90728571428571,64.68899999999994,9.746999999999943,135.84799999999996,1969.4288811428553,7.0,8.0,1.0
2025-05-12,division,Mymensingh,Mymensingh,5.0,5.0,1.0,1.0,3.0,0.0,3.0,2.5,1.625,5.0,5.0,1.9148542155132267,1.7142857142857142,1.3333333333333333,36.857142857142854,16.31903432869183,5,0.6631226582407952,-0.7485107481711012,0.0,0.0,0.0,0.0,158.7275,50.8925,113.89999999999999,41.089999999999996,42.432500000000005,5.6175,1.8975,0.10500000000000001,8.905,29.163214285714282,33.43821428571429,26.876785714285713,28.048571428571428,33.15,29.055714285714288,26.109285714285715,80.29714285714286,64.76071428571429,52.417857142857144,49.947500000000005,15.1325,347.6625,1451.2602892857146,4.0,2.0,2.0
2025-05-12,division,Rajshahi,Rajshahi,0.0,0.0,0.0,0.0,0.0,0.0,3.0,0.0,0.125,0.0,1.0,0.0,1.0,0.8888888888888888,37.0,16.828744725921833,5,0.6631226582407952,-0.7485107481711012,0.0,0.0,0.0,0.0,66.33375,29.214999999999996,16.240000000000002,33.8175,44.87375,4.052499999999999,4.07,0.00125,11.68375,31.805892857142858,37.854107142857146,28.482499999999998,28.446964285714284,33.63232142857143,29.796785714285715,26.73125,65.31660714285715,65.53232142857142,51.08678571428572,52.9975,12.47625,130.61374999999998,1579.1551508928571,1.0,0.0,2.0
2025-05-12,division,Rangpur,Rangpur,3.0,3.0,1.0,0.0,0.0,1.0,0.0,1.0,0.625,3.0,3.0,1.4142135623730627,2.0,1.2307692307692308,36.857142857142854,16.68403182311846,5,0.6631226582407952,-0.7485107481711012,0.0,0.0,0.0,0.0,160.42000000000002,38.76625,44.43125,36.69375,65.575,0.1225,2.65125,0.31,9.4675,28.76267857142857,33.39267857142857,26.92482142857143,27.579821428571428,32.78232142857143,28.57910714285714,25.563214285714288,76.33767857142857,64.29160714285715,46.33410714285714,68.65374999999995,17.546249999999944,275.7049999999999,1962.0628770089268,5.0,2.0,0.0
2025-05-12,division,Sylhet,Sylhet,5.0,5.0,2.0,1.0,0.0,0.0,0.0,2.0,1.0,5.0,5.0,2.1602468994692834,2.0,1.5,36.714285714285715,16.21657018255286,5,0.6631226582407952,-0.7485107481711012,0.0,0.0,0.0,0.0,220.4125,64.05,207.2825,52.53,55.535,33.365,5.635,0.7075,3.485,28.68107142857143,32.128214285714286,26.3175,27.316071428571426,31.755,27.787857142857142,25.251785714285713,83.20428571428572,69.28,60.71857142857143,94.56249999999989,35.119999999999884,561.4224999999999,2627.6892410714254,2.0,1.0,1.0
2025-05-19,division,Barishal,Barishal,231.0,231.0,201.0,111.0,101.0,101.0,4.0,161.0,114.0,231.0,231.0,64.80740698407863,1.4320987654320987,1.4086956521739131,33.142857142857146,16.02379618021547,5,0.5680647467311558,-0.8229838658936564,0.0,0.0,0.0,0.0,143.80833333333334,11.535000000000002,95.96,23.468333333333334,115.59166666666665,13.848333333333334,3.485,0.11333333333333334,3.3033333333333332,28.67238095238095,31.3602380952381,29.441904761904762,29.527619047619044,33.658095238095235,29.24904761904762,29.06571428571429,85.28309523809524,80.9095238095238,59.56238095238095,137.79999999999998,8.395,305.91333333333336,4030.5187619047615,249.0,261.0,708.0
2025-05-19,division,Chattogram,Chattogram,63.0,63.0,70.0,52.0,23.0,36.0,17.0,52.0,40.75,70.0,70.0,20.704266871025922,1.2075471698113207,1.2694610778443114,51.857142857142854,17.31813049167358,5,0.5680647467311558,-0.8229838658936564,0.0,0.0,0.0,0.0,145.4527272727273,10.531818181818181,71.47,43.00454545454546,108.8281818181818,22.201818181818183,12.748181818181818,0.6454545454545454,1.499090909090909,27.948311688311687,30.809610389610388,29.254805194805193,28.55701298701299,32.7712987012987,28.639740259740257,27.427272727272726,86.77792207792207,81.42194805194805,59.206753246753244,145.02181818181805,5.291818181818067,340.730909090909,4153.387204722546,71.0,46.0,258.0
2025-05-19,division,Dhaka,Dhaka,120.0,120.0,135.0,87.0,60.0,66.0,18.0,100.5,71.625,135.0,135.0,33.63034344160145,1.1921182266009853,1.3975903614457832,42.57142857142857,17.604592364757483,5,0.5680647467311558,-0.8229838658936564,0.0,0.0,0.0,0.0,124.93307692307691,12.528461538461539,59.60307692307693,44.54923076923077,63.408461538461545,20.45384615384615,0.09,2.186923076923077,0.02,28.71175824175824,32.27461538461539,30.765054945054946,30.75076923076923,37.354175824175826,29.384945054945057,28.88197802197802,84.19384615384615,72.06934065934067,47.82835164835164,98.2238461538461,4.738461538461482,290.3646153846153,2886.302322316144,138.0,117.0,506.0
2025-05-19,division,Khulna,Khulna,7.0,7.0,14.0,5.0,3.0,4.0,2.0,7.25,5.0,14.0,14.0,4.787135538781632,0.9696969696969697,1.375,59.857142857142854,16.659378702207434,5,0.5680647467311558,-0.8229838658936564,0.0,0.0,0.0,0.0,120.131,12.265,66.897,4.6530000000000005,48.669,21.772,0.026000000000000002,0.017,0.063,28.95885714285714,32.89742857142857,31.158714285714286,31.964714285714287,39.794285714285714,29.13742857142857,29.672428571428572,82.69485714285715,64.72728571428571,44.134,108.34299999999993,5.094999999999943,251.32599999999996,3156.8364237142832,8.0,1.0,40.0
2025-05-19,division,Mymensingh,Mymensingh,4.0,4.0,5.0,1.0,1.0,3.0,0.0,2.75,2.125,5.0,5.0,2.0615528128093414,1.3333333333333333,1.2,61.142857142857146,16.31903432869183,5,0.5680647467311558,-0.8229838658936564,0.0,0.0,0.0,0.0,168.865,24.1425,50.8925,113.89999999999999,41.089999999999996,42.432500000000005,0.0,5.905,0.21750000000000003,28.32892857142857,31.462857142857143,30.115357142857142,29.695,36.11964285714286,28.642500000000002,27.850714285714282,85.21071428571429,73.76571428571428,43.56214285714285,89.14,8.125000000000002,402.6275,2553.19245,2.0,0.0,3.0
2025-05-19,division,Rajshahi,Rajshahi,1.0,1.0,0.0,0.0,0.0,0.0,0.0,0.25,0.25,1.0,1.0,0.5000000000001216,1.6,1.0,61.857142857142854,16.828744725921833,5,0.5680647467311558,-0.8229838658936564,0.0,0.0,0.0,0.0,138.91375,18.825,29.214999999999996,16.240000000000002,33.8175,44.87375,0.00125,0.02625,0.765,29.2075,32.89142857142857,31.980892857142855,31.65892857142857,39.87607142857143,29.060000000000002,28.53482142857143,80.19089285714286,58.53892857142857,38.886250000000004,82.745,4.862500000000001,253.28749999999997,2404.5697000000005,0.0,1.0,62.0
2025-05-19,division,Rangpur,Rangpur,5.0,5.0,3.0,1.0,0.0,0.0,0.0,2.25,1.25,5.0,5.0,2.2173557826083243,1.8461538461538463,1.4444444444444444,61.42857142857143,16.68403182311846,5,0.5680647467311558,-0.8229838658936564,0.0,0.0,0.0,0.0,143.38125,32.0875,38.76625,44.43125,36.69375,65.575,0.305,2.9924999999999997,4.77625,27.923214285714288,31.482857142857142,29.907857142857143,29.458571428571428,36.948035714285716,27.845357142857143,27.35964285714286,82.78714285714285,59.35017857142857,41.78625,102.69624999999994,10.729999999999944,374.655,2859.613758482141,2.0,1.0,3.0
2025-05-19,division,Sylhet,Sylhet,2.0,2.0,5.0,2.0,1.0,0.0,0.0,2.5,1.25,5.0,5.0,1.7320508075688734,0.8571428571428571,1.5555555555555556,61.142857142857146,16.21657018255286,5,0.5680647467311558,-0.8229838658936564,0.0,0.0,0.0,0.0,246.0,69.6775,64.05,207.2825,52.53,55.535,0.0275,30.8875,0.04,28.079642857142858,31.215,28.756071428571428,28.237142857142857,33.13107142857143,27.940714285714286,26.968214285714286,86.64571428571429,82.73964285714285,50.09857142857143,141.4574999999999,37.26999999999989,600.1399999999999,3952.4235910714256,1.0,2.0,0.0
2025-05-26,division,Barishal,Barishal,249.0,249.0,231.0,201.0,111.0,101.0,37.0,198.0,140.5,249.0,249.0,61.28621378417828,1.256281407035176,1.4063604240282686,28.857142857142858,16.02379618021547,5,0.46472317204376906,-0.8854560256532096,0.0,0.0,0.0,0.0,324.255,54.61000000000001,11.535000000000002,95.96,23.468333333333334,115.59166666666665,4.875,4.976666666666667,0.0016666666666666668,28.6547619047619,30.345952380952383,29.51214285714286,28.00095238095238,31.504761904761907,28.468333333333334,29.999523809523808,90.53547619047619,76.26166666666667,62.51928571428572,157.7833333333333,8.576666666666666,534.2083333333334,4491.828527777777,261.0,508.0,724.0
2025-05-26,division,Chattogram,Chattogram,71.0,71.0,63.0,70.0,52.0,23.0,18.0,64.0,47.375,71.0,71.0,8.755950357708839,1.1076923076923078,1.3436692506459949,52.857142857142854,17.31813049167358,5,0.46472317204376906,-0.8854560256532096,0.0,0.0,0.0,0.0,360.9136363636364,113.27636363636363,10.531818181818181,71.47,43.00454545454546,108.8281818181818,1.2436363636363637,3.0399999999999996,0.10727272727272727,28.34272727272727,30.574155844155847,28.95246753246753,27.332467532467533,31.058701298701298,27.53571428571428,28.81883116883117,89.5796103896104,76.3135064935065,62.45077922077922,175.27818181818168,16.540909090908976,630.1745454545453,4826.40993506493,46.0,62.0,295.0
2025-05-26,division,Dhaka,Dhaka,138.0,138.0,120.0,135.0,87.0,60.0,19.0,120.0,86.5,138.0,138.0,23.36664289109724,1.1487603305785123,1.3828571428571428,44.714285714285715,17.604592364757483,5,0.46472317204376906,-0.8854560256532096,0.0,0.0,0.0,0.0,251.47076923076924,93.30000000000001,12.528461538461539,59.60307692307693,44.54923076923077,63.408461538461545,14.271538461538462,2.4123076923076923,0.11923076923076924,28.484945054945054,30.895714285714288,30.191318681318684,28.17912087912088,32.675054945054946,28.330549450549448,30.279340659340658,89.21956043956044,70.58208791208791,52.649780219780226,142.68307692307687,4.808461538461482,482.23230769230764,4042.28996652578,117.0,125.0,656.0
2025-05-26,division,Khulna,Khulna,8.0,8.0,7.0,14.0,5.0,3.0,1.0,8.5,5.875,14.0,14.0,3.872983346207338,0.9473684210526315,1.3818181818181818,60.857142857142854,16.659378702207434,5,0.46472317204376906,-0.8854560256532096,0.0,0.0,0.0,0.0,142.476,52.032999999999994,12.265,66.897,4.6530000000000005,48.669,37.876,5.015,0.0,28.716857142857144,31.715142857142855,31.349428571428568,28.76642857142857,33.95614285714286,28.801571428571428,30.44457142857143,88.07614285714286,67.36114285714287,53.63485714285714,112.96999999999994,5.057999999999943,326.905,3253.7135242857125,1.0,1.0,76.0
2025-05-26,division,Mymensingh,Mymensingh,2.0,2.0,4.0,5.0,1.0,1.0,0.0,3.0,2.375,5.0,5.0,1.825741858351131,0.75,1.1851851851851851,61.285714285714285,16.31903432869183,5,0.46472317204376906,-0.8854560256532096,0.0,0.0,0.0,0.0,295.5,158.7275,24.1425,50.8925,113.89999999999999,41.089999999999996,5.6175,1.8975,0.10500000000000001,27.936785714285712,30.446428571428573,29.163214285714282,26.876785714285713,31.2125,28.048571428571428,29.055714285714288,89.69321428571429,74.34892857142857,46.2675,203.04,7.9075000000000015,647.235,5694.981942857143,0.0,2.0,14.0
2025-05-26,division,Rajshahi,Rajshahi,0.0,0.0,1.0,0.0,0.0,0.0,0.0,0.25,0.25,1.0,1.0,0.5000000000001216,0.8,1.0,61.714285714285715,16.828744725921833,5,0.46472317204376906,-0.8854560256532096,0.0,0.0,0.0,0.0,121.24,66.33375,18.825,29.214999999999996,16.240000000000002,33.8175,4.052499999999999,4.07,0.00125,28.894464285714285,32.315535714285716,31.805892857142858,28.482499999999998,33.55321428571428,28.446964285714284,29.796785714285715,84.19071428571428,64.16428571428571,40.300178571428575,98.98375000000001,4.098750000000001,345.3125,2815.7872011160716,1.0,2.0,153.0
2025-05-26,division,Rangpur,Rangpur,2.0,2.0,5.0,3.0,1.0,0.0,0.0,2.75,1.5,5.0,5.0,1.707825127659906,0.8,1.5,61.142857142857146,16.68403182311846,5,0.46472317204376906,-0.8854560256532096,0.0,0.0,0.0,0.0,121.24625,160.42000000000002,32.0875,38.76625,44.43125,36.69375,0.1225,2.65125,0.31,28.286785714285713,32.00839285714286,28.76267857142857,26.92482142857143,31.705535714285713,27.579821428571428,28.57910714285714,84.78821428571429,69.16482142857143,34.2225,146.82249999999993,6.258749999999943,457.13499999999993,4049.338331696427,1.0,0.0,1.0
2025-05-26,division,Sylhet,Sylhet,1.0,1.0,2.0,5.0,2.0,1.0,0.0,2.5,1.375,5.0,5.0,1.7320508075688734,0.5714285714285714,1.4736842105263157,61.57142857142857,16.21657018255286,5,0.46472317204376906,-0.8854560256532096,0.0,0.0,0.0,0.0,549.95,220.4125,69.6775,64.05,207.2825,52.53,33.365,5.635,0.7075,28.10607142857143,30.651428571428575,28.68107142857143,26.3175,30.047857142857143,27.316071428571426,27.787857142857142,89.09928571428571,78.09785714285714,57.17785714285714,348.71249999999986,37.25749999999989,1086.04,9525.45555803571,2.0,1.0,3.0
2025-06-02,division,Barishal,Barishal,261.0,261.0,249.0,231.0,201.0,111.0,60.0,235.5,165.625,261.0,261.0,26.09597670139985,1.1078224101479917,1.4193548387096775,31.714285714285715,16.02379618021547,6,0.35460488704253584,-0.9350162426854147,3.0,0.0,3.0,0.0,110.18833333333333,143.80833333333334,54.61000000000001,11.535000000000002,95.96,23.468333333333334,13.848333333333334,3.485,0.11333333333333334,29.019523809523808,31.597619047619048,28.67238095238095,29.441904761904762,33.44166666666667,29.527619047619044,29.24904761904762,86.60047619047619,76.75309523809524,64.68142857142857,248.8683333333333,13.45,632.8616666666667,7348.489339682538,508.0,708.0,858.0
2025-06-02,division,Chattogram,Chattogram,46.0,46.0,71.0,63.0,70.0,52.0,25.0,62.5,50.0,71.0,71.0,11.561430130682862,0.7401574803149606,1.2450980392156863,57.142857142857146,17.31813049167358,6,0.35460488704253584,-0.9350162426854147,3.0,0.0,3.0,0.0,146.08545454545455,145.4527272727273,113.27636363636363,10.531818181818181,71.47,43.00454545454546,22.201818181818183,12.748181818181818,0.6454545454545454,28.125194805194806,30.955064935064936,27.948311688311687,29.254805194805193,33.497532467532466,28.55701298701299,28.639740259740257,87.96441558441558,74.84038961038961,62.80207792207793,245.5045454545453,17.677272727272616,765.7281818181817,7010.876492916171,62.0,258.0,237.0
2025-06-02,division,Dhaka,Dhaka,117.0,117.0,138.0,120.0,135.0,87.0,41.0,127.5,96.0,138.0,138.0,10.535653752855833,0.9182879377431906,1.324742268041237,47.57142857142857,17.604592364757483,6,0.35460488704253584,-0.9350162426854147,3.0,0.0,3.0,0.0,124.26461538461538,124.93307692307691,93.30000000000001,12.528461538461539,59.60307692307693,44.54923076923077,20.45384615384615,0.09,2.186923076923077,29.158681318681317,32.53857142857143,28.71175824175824,30.765054945054946,36.43,30.75076923076923,29.384945054945057,83.7689010989011,66.21000000000001,58.78681318681319,188.01461538461533,18.960769230769174,593.9684615384615,5781.59404970414,125.0,506.0,842.0
2025-06-02,division,Khulna,Khulna,1.0,1.0,8.0,7.0,14.0,5.0,4.0,7.5,5.5,14.0,14.0,5.322906474223717,0.23529411764705882,1.3076923076923077,66.14285714285714,16.659378702207434,6,0.35460488704253584,-0.9350162426854147,3.0,0.0,3.0,0.0,72.22999999999999,120.131,52.032999999999994,12.265,66.897,4.6530000000000005,21.772,0.026000000000000002,0.017,29.546285714285716,33.849714285714285,28.95885714285714,31.158714285714286,37.41271428571429,31.964714285714287,29.13742857142857,80.78299999999999,63.956999999999994,62.60414285714286,141.99099999999993,42.93399999999994,386.86999999999995,4538.701746142855,1.0,40.0,74.0
2025-06-02,division,Mymensingh,Mymensingh,0.0,0.0,2.0,4.0,5.0,1.0,3.0,2.75,2.0,5.0,5.0,2.2173557826088204,0.26666666666666666,1.25,67.0,16.31903432869183,6,0.35460488704253584,-0.9350162426854147,3.0,0.0,3.0,0.0,131.9425,168.865,158.7275,24.1425,50.8925,113.89999999999999,42.432500000000005,0.0,5.905,28.935,32.1525,28.32892857142857,30.115357142857142,35.49928571428572,29.695,28.642500000000002,81.86749999999999,64.65035714285715,57.020714285714284,248.315,13.420000000000002,755.035,7373.713925,2.0,3.0,22.0
2025-06-02,division,Rajshahi,Rajshahi,1.0,1.0,0.0,1.0,0.0,0.0,1.0,0.5,0.25,1.0,1.0,0.5773502691897316,1.3333333333333333,1.2,67.28571428571429,16.828744725921833,6,0.35460488704253584,-0.9350162426854147,3.0,0.0,3.0,0.0,78.5975,138.91375,66.33375,18.825,29.214999999999996,16.240000000000002,44.87375,0.00125,0.02625,29.77732142857143,34.00785714285714,29.2075,31.980892857142855,38.00053571428572,31.65892857142857,29.060000000000002,75.42821428571428,54.10160714285714,57.61160714285714,124.14625000000001,8.149999999999999,405.085,3930.3372611607147,2.0,62.0,193.0
2025-06-02,division,Rangpur,Rangpur,1.0,1.0,2.0,5.0,3.0,1.0,0.0,2.75,1.625,5.0,5.0,1.707825127659906,0.5333333333333333,1.4285714285714286,67.0,16.68403182311846,6,0.35460488704253584,-0.9350162426854147,3.0,0.0,3.0,0.0,84.43875,143.38125,160.42000000000002,32.0875,38.76625,44.43125,65.575,0.305,2.9924999999999997,28.814642857142857,32.72678571428571,27.923214285714288,29.907857142857143,35.66875,29.458571428571428,27.845357142857143,78.04767857142858,59.28053571428571,59.17339285714286,185.46624999999995,6.071249999999943,509.4862499999999,5463.570773214284,0.0,3.0,3.0
2025-06-02,division,Sylhet,Sylhet,2.0,2.0,1.0,2.0,5.0,2.0,0.0,2.5,1.625,5.0,5.0,1.7320508075688734,0.8571428571428571,1.3333333333333333,67.14285714285714,16.21657018255286,6,0.35460488704253584,-0.9350162426854147,3.0,0.0,3.0,0.0,167.9475,246.0,220.4125,69.6775,64.05,207.2825,55.535,0.0275,30.8875,28.229642857142856,31.440357142857142,28.079642857142858,28.756071428571428,33.06107142857143,28.237142857142857,27.940714285714286,86.58642857142857,74.5725,61.12357142857143,379.39749999999987,69.91499999999988,1184.31,10713.101407142853,1.0,0.0,2.0
2025-06-09,division,Barishal,Barishal,508.0,508.0,261.0,249.0,231.0,201.0,70.0,312.25,220.375,508.0,508.0,131.08108177765396,1.624900239425379,1.4150197628458498,24.0,16.02379618021547,6,0.23931566428755768,-0.970941817426052,0.0,0.0,0.0,0.0,52.92333333333334,324.255,143.80833333333334,54.61000000000001,11.535000000000002,95.96,115.59166666666665,4.875,4.976666666666667,29.05857142857143,31.437857142857144,28.6547619047619,29.51214285714286,32.92,28.00095238095238,28.468333333333334,85.3809523809524,81.19309523809524,75.02857142857142,246.55499999999998,27.185000000000002,631.1750000000001,6903.774814285714,708.0,724.0,657.0
2025-06-09,division,Chattogram,Chattogram,62.0,62.0,46.0,71.0,63.0,70.0,39.0,60.5,52.875,71.0,71.0,10.472185381603095,1.024390243902439,1.1415313225058004,54.714285714285715,17.31813049167358,6,0.23931566428755768,-0.970941817426052,0.0,0.0,0.0,0.0,81.75090909090909,360.9136363636364,145.4527272727273,113.27636363636363,10.531818181818181,71.47,108.8281818181818,1.2436363636363637,3.0399999999999996,28.43844155844156,31.272337662337666,28.34272727272727,28.95246753246753,32.55792207792208,27.332467532467533,27.53571428571428,86.84974025974026,81.71701298701299,75.1125974025974,233.83454545454532,39.23363636363625,734.2027272727272,6391.275121605663,258.0,295.0,433.0
2025-06-09,division,Dhaka,Dhaka,125.0,125.0,117.0,138.0,120.0,135.0,45.0,125.0,106.0,138.0,138.0,9.273618495499218,1.0,1.1775700934579438,44.57142857142857,17.604592364757483,6,0.23931566428755768,-0.970941817426052,0.0,0.0,0.0,0.0,46.60923076923076,251.47076923076924,124.93307692307691,93.30000000000001,12.528461538461539,59.60307692307693,63.408461538461545,14.271538461538462,2.4123076923076923,29.314505494505493,32.338461538461544,28.484945054945054,30.191318681318684,35.22912087912088,28.17912087912088,28.330549450549448,85.15516483516484,75.9045054945055,69.62505494505494,180.0892307692307,37.22769230769225,547.2776923076922,5074.756202874048,506.0,656.0,865.0
2025-06-09,division,Khulna,Khulna,1.0,1.0,1.0,8.0,7.0,14.0,2.0,4.25,5.375,8.0,14.0,3.7749172176353145,0.38095238095238093,0.8235294117647058,61.142857142857146,16.659378702207434,6,0.23931566428755768,-0.970941817426052,0.0,0.0,0.0,0.0,14.952000000000002,142.476,120.131,52.032999999999994,12.265,66.897,48.669,37.876,5.015,29.583428571428573,33.11985714285714,28.716857142857144,31.349428571428568,37.44414285714286,28.76642857142857,28.801571428571428,82.28842857142857,69.93057142857143,69.67728571428572,132.48399999999995,64.68899999999994,349.78899999999993,3811.091522857141,40.0,76.0,175.0
2025-06-09,division,Mymensingh,Mymensingh,2.0,2.0,0.0,2.0,4.0,5.0,0.0,2.0,2.25,4.0,5.0,1.6329931618560976,1.0,0.9230769230769231,61.285714285714285,16.31903432869183,6,0.23931566428755768,-0.970941817426052,0.0,0.0,0.0,0.0,46.325,295.5,168.865,158.7275,24.1425,50.8925,41.089999999999996,5.6175,1.8975,29.732857142857142,32.59357142857143,27.936785714285712,29.163214285714282,33.43821428571429,26.876785714285713,28.048571428571428,83.74107142857143,80.29714285714286,64.76071428571429,230.02499999999998,49.947500000000005,642.6325,6182.33263392857,3.0,14.0,28.0
2025-06-09,division,Rajshahi,Rajshahi,2.0,2.0,1.0,0.0,1.0,0.0,0.0,1.0,0.5,2.0,2.0,0.8164965809278015,1.5,1.3333333333333333,61.142857142857146,16.828744725921833,6,0.23931566428755768,-0.970941817426052,0.0,0.0,0.0,0.0,12.76625,121.24,138.91375,66.33375,18.825,29.214999999999996,33.8175,4.052499999999999,4.07,30.40625,33.98214285714286,28.894464285714285,31.805892857142858,37.854107142857146,28.482499999999998,28.446964285714284,78.09410714285714,65.31660714285715,65.53232142857142,98.09750000000001,52.9975,351.5175,2794.06204375,62.0,153.0,239.0
2025-06-09,division,Rangpur,Rangpur,0.0,0.0,1.0,2.0,5.0,3.0,1.0,2.0,1.5,5.0,5.0,2.1602468994692656,0.3333333333333333,1.2,61.142857142857146,16.68403182311846,6,0.23931566428755768,-0.970941817426052,0.0,0.0,0.0,0.0,20.55125,121.24625,143.38125,160.42000000000002,32.0875,38.76625,36.69375,0.1225,2.65125,30.51642857142857,34.11017857142857,28.286785714285713,28.76267857142857,33.39267857142857,26.92482142857143,27.579821428571428,78.56035714285714,76.33767857142857,64.29160714285715,151.97874999999993,68.65374999999995,369.61749999999995,4092.0007046874985,3.0,1.0,13.0
2025-06-09,division,Sylhet,Sylhet,1.0,1.0,2.0,1.0,2.0,5.0,0.0,1.5,1.75,2.0,5.0,0.5773502691896137,0.8,0.9090909090909091,61.0,16.21657018255286,6,0.23931566428755768,-0.970941817426052,0.0,0.0,0.0,0.0,49.9625,549.95,246.0,220.4125,69.6775,64.05,52.53,33.365,5.635,29.298571428571428,32.42142857142857,28.10607142857143,28.68107142857143,32.128214285714286,26.3175,27.316071428571426,86.1,83.20428571428572,69.28,393.5399999999999,94.56249999999989,1013.8599999999999,10356.988949999997,0.0,3.0,5.0
2025-06-16,division,Barishal,Barishal,708.0,708.0,508.0,261.0,249.0,231.0,101.0,431.5,296.25,708.0,708.0,219.60646620716798,1.6393063583815028,1.4550042052144658,27.571428571428573,16.02379618021547,6,0.12053668025532308,-0.992708874098054,0.0,0.0,0.0,0.0,280.12,110.18833333333333,324.255,143.80833333333334,54.61000000000001,11.535000000000002,23.468333333333334,13.848333333333334,3.485,28.338333333333335,30.046428571428574,29.019523809523808,28.67238095238095,31.3602380952381,29.441904761904762,29.527619047619044,90.90666666666665,85.28309523809524,80.9095238095238,185.57333333333335,137.79999999999998,767.4866666666667,5463.632406349207,724.0,858.0,665.0
2025-06-16,division,Chattogram,Chattogram,258.0,258.0,62.0,46.0,71.0,63.0,36.0,109.25,80.625,258.0,258.0,99.70414568445317,2.3492063492063493,1.3506891271056662,91.28571428571429,17.31813049167358,6,0.12053668025532308,-0.992708874098054,0.0,0.0,0.0,0.0,231.7118181818182,146.08545454545455,360.9136363636364,145.4527272727273,113.27636363636363,10.531818181818181,43.00454545454546,22.201818181818183,12.748181818181818,27.79051948051948,29.905584415584414,28.125194805194806,27.948311688311687,30.809610389610388,29.254805194805193,28.55701298701299,91.04259740259741,86.77792207792207,81.42194805194805,238.28272727272713,145.02181818181805,820.4618181818181,6970.914767650527,295.0,237.0,319.0
2025-06-16,division,Dhaka,Dhaka,506.0,506.0,125.0,117.0,138.0,120.0,66.0,221.5,161.0,506.0,506.0,189.8639864043031,2.2786516853932586,1.373456790123457,82.28571428571429,17.604592364757483,6,0.12053668025532308,-0.992708874098054,0.0,0.0,0.0,0.0,121.72846153846154,124.26461538461538,251.47076923076924,124.93307692307691,93.30000000000001,12.528461538461539,44.54923076923077,20.45384615384615,0.09,28.35956043956044,30.786263736263738,29.158681318681317,28.71175824175824,32.27461538461539,30.765054945054946,30.75076923076923,90.45450549450548,84.19384615384615,72.06934065934067,209.98076923076917,98.2238461538461,544.0730769230769,6460.069902789516,656.0,842.0,754.0
2025-06-16,division,Khulna,Khulna,40.0,40.0,1.0,1.0,8.0,7.0,4.0,12.5,9.875,40.0,40.0,18.62793601019714,3.037037037037037,1.2413793103448276,100.0,16.659378702207434,6,0.12053668025532308,-0.992708874098054,0.0,0.0,0.0,0.0,142.554,72.22999999999999,142.476,120.131,52.032999999999994,12.265,4.6530000000000005,21.772,0.026000000000000002,28.46485714285714,31.01257142857143,29.546285714285716,28.95885714285714,32.89742857142857,31.158714285714286,31.964714285714287,89.61557142857143,82.69485714285715,64.72728571428571,135.84799999999996,108.34299999999993,372.21199999999993,4232.849018285713,76.0,74.0,141.0
2025-06-16,division,Mymensingh,Mymensingh,3.0,3.0,2.0,0.0,2.0,4.0,3.0,1.75,2.25,3.0,5.0,1.2583057392126293,1.4545454545454546,0.8461538461538461,99.85714285714286,16.31903432869183,6,0.12053668025532308,-0.992708874098054,0.0,0.0,0.0,0.0,105.15,131.9425,295.5,168.865,158.7275,24.1425,113.89999999999999,42.432500000000005,0.0,28.349642857142857,31.022142857142853,28.935,28.32892857142857,31.462857142857143,30.115357142857142,29.695,90.00857142857143,85.21071428571429,73.76571428571428,347.6625,89.14,578.9175,10469.980352678573,14.0,22.0,18.0
2025-06-16,division,Rajshahi,Rajshahi,62.0,62.0,2.0,1.0,0.0,1.0,0.0,16.25,8.25,62.0,62.0,30.510927004381017,3.652173913043478,1.864864864864865,99.85714285714286,16.828744725921833,6,0.12053668025532308,-0.992708874098054,0.0,0.0,0.0,0.0,92.49375,78.5975,121.24,138.91375,66.33375,18.825,16.240000000000002,44.87375,0.00125,28.86232142857143,31.772142857142857,29.77732142857143,29.2075,32.89142857142857,31.980892857142855,31.65892857142857,87.13714285714286,80.19089285714286,58.53892857142857,130.61374999999998,82.745,305.09749999999997,4177.144344419642,153.0,193.0,268.0
2025-06-16,division,Rangpur,Rangpur,3.0,3.0,0.0,1.0,2.0,5.0,0.0,1.5,1.875,3.0,5.0,1.2909944487357703,1.6,0.8695652173913043,100.14285714285714,16.68403182311846,6,0.12053668025532308,-0.992708874098054,0.0,0.0,0.0,0.0,92.19375000000001,84.43875,121.24625,143.38125,160.42000000000002,32.0875,44.43125,65.575,0.305,28.777142857142856,31.79678571428571,28.814642857142857,27.923214285714288,31.482857142857142,29.907857142857143,29.458571428571428,87.08232142857143,82.78714285714285,59.35017857142857,275.7049999999999,102.69624999999994,318.42999999999995,8245.745753571426,1.0,3.0,15.0
2025-06-16,division,Sylhet,Sylhet,0.0,0.0,1.0,2.0,1.0,2.0,0.0,1.0,1.75,2.0,5.0,0.8164965809277175,0.5,0.7272727272727273,100.0,16.21657018255286,6,0.12053668025532308,-0.992708874098054,0.0,0.0,0.0,0.0,139.1725,167.9475,549.95,246.0,220.4125,69.6775,207.2825,55.535,0.0275,28.20214285714286,31.06392857142857,28.229642857142856,28.079642857142858,31.215,28.756071428571428,28.237142857142857,89.71928571428572,86.64571428571429,82.73964285714285,561.4224999999999,141.4574999999999,907.0324999999999,16144.30551160714,3.0,2.0,2.0
2025-06-23,division,Barishal,Barishal,724.0,724.0,708.0,508.0,261.0,249.0,101.0,550.25,374.125,724.0,724.0,216.42916470137138,1.3151927437641724,1.469510163278907,124.57142857142857,16.02379618021547,6,-3.216245299353273e-16,-1.0,0.0,0.0,0.0,0.0,115.87166666666667,52.92333333333334,110.18833333333333,324.255,143.80833333333334,54.61000000000001,95.96,115.59166666666665,4.875,28.202142857142857,29.923809523809524,29.05857142857143,28.6547619047619,30.345952380952383,29.51214285714286,28.00095238095238,90.72404761904761,90.53547619047619,76.26166666666667,305.91333333333336,157.7833333333333,559.1033333333334,9028.157995238096,858.0,657.0,503.0
2025-06-23,division,Chattogram,Chattogram,295.0,295.0,258.0,62.0,46.0,71.0,23.0,165.25,114.625,295.0,295.0,129.51029560103188,1.780451127819549,1.4378378378378378,188.85714285714286,17.31813049167358,6,-3.216245299353273e-16,-1.0,0.0,0.0,0.0,0.0,91.14727272727272,81.75090909090909,146.08545454545455,360.9136363636364,145.4527272727273,113.27636363636363,71.47,108.8281818181818,1.2436363636363637,27.645064935064934,30.175844155844153,28.43844155844156,28.34272727272727,30.574155844155847,28.95246753246753,27.332467532467533,90.43064935064935,89.5796103896104,76.3135064935065,340.730909090909,175.27818181818168,550.6954545454545,9865.000582762688,237.0,433.0,291.0
2025-06-23,division,Dhaka,Dhaka,656.0,656.0,506.0,125.0,117.0,138.0,60.0,351.0,235.5,656.0,656.0,272.5692572540052,1.8664772727272727,1.4883720930232558,153.42857142857142,17.604592364757483,6,-3.216245299353273e-16,-1.0,0.0,0.0,0.0,0.0,57.326153846153844,46.60923076923076,124.26461538461538,251.47076923076924,124.93307692307691,93.30000000000001,59.60307692307693,63.408461538461545,14.271538461538462,28.364615384615384,31.250329670329673,29.314505494505493,28.484945054945054,30.895714285714288,30.191318681318684,28.17912087912088,89.94835164835165,89.21956043956044,70.58208791208791,290.3646153846153,142.68307692307687,349.9284615384615,8766.490636855451,842.0,865.0,892.0
2025-06-23,division,Khulna,Khulna,76.0,76.0,40.0,1.0,1.0,8.0,3.0,29.5,19.0,76.0,76.0,36.041642581880176,2.5245901639344264,1.525,220.0,16.659378702207434,6,-3.216245299353273e-16,-1.0,0.0,0.0,0.0,0.0,65.837,14.952000000000002,72.22999999999999,142.476,120.131,52.032999999999994,66.897,48.669,37.876,28.602000000000004,31.62114285714286,29.583428571428573,28.716857142857144,31.715142857142855,31.349428571428568,28.76642857142857,89.164,88.07614285714286,67.36114285714287,251.32599999999996,112.96999999999994,295.5729999999999,7878.926485142855,74.0,175.0,116.0
2025-06-23,division,Mymensingh,Mymensingh,14.0,14.0,3.0,2.0,0.0,2.0,1.0,4.75,3.875,14.0,14.0,6.291528696059126,2.608695652173913,1.1794871794871795,225.28571428571428,16.31903432869183,6,-3.216245299353273e-16,-1.0,0.0,0.0,0.0,0.0,76.44,46.325,131.9425,295.5,168.865,158.7275,50.8925,41.089999999999996,5.6175,28.310714285714287,31.165,29.732857142857142,27.936785714285712,30.446428571428573,29.163214285714282,26.876785714285713,90.24535714285716,89.69321428571429,74.34892857142857,402.6275,203.04,359.8575,11741.912059821427,22.0,28.0,24.0
2025-06-23,division,Rajshahi,Rajshahi,153.0,153.0,62.0,2.0,1.0,0.0,0.0,54.5,27.375,153.0,153.0,71.5937613669422,2.774774774774775,1.9559471365638768,216.85714285714286,16.828744725921833,6,-3.216245299353273e-16,-1.0,0.0,0.0,0.0,0.0,51.917500000000004,12.76625,78.5975,121.24,138.91375,66.33375,29.214999999999996,33.8175,4.052499999999999,29.058392857142856,32.191428571428574,30.40625,28.894464285714285,32.315535714285716,31.805892857142858,28.482499999999998,86.63875,84.19071428571428,64.16428571428571,253.28749999999997,98.98375000000001,235.77499999999998,8056.03508705357,193.0,239.0,162.0
2025-06-23,division,Rangpur,Rangpur,1.0,1.0,3.0,0.0,1.0,2.0,0.0,1.25,2.0,3.0,5.0,1.2583057392117556,0.8888888888888888,0.75,225.28571428571428,16.68403182311846,6,-3.216245299353273e-16,-1.0,0.0,0.0,0.0,0.0,83.51,20.55125,84.43875,121.24625,143.38125,160.42000000000002,38.76625,36.69375,0.1225,28.96125,31.98857142857143,30.51642857142857,28.286785714285713,32.00839285714286,28.76267857142857,26.92482142857143,86.24607142857143,84.78821428571429,69.16482142857143,374.655,146.82249999999993,280.69374999999997,10776.08134017857,3.0,13.0,29.0
2025-06-23,division,Sylhet,Sylhet,3.0,3.0,0.0,1.0,2.0,1.0,1.0,1.5,2.0,3.0,5.0,1.2909944487358003,1.6,0.8333333333333334,225.71428571428572,16.21657018255286,6,-3.216245299353273e-16,-1.0,0.0,0.0,0.0,0.0,103.42500000000001,49.9625,167.9475,549.95,246.0,220.4125,64.05,52.53,33.365,28.54714285714286,31.792499999999997,29.298571428571428,28.10607142857143,30.651428571428575,28.68107142857143,26.3175,87.95678571428572,89.09928571428571,78.09785714285714,600.1399999999999,348.71249999999986,460.50749999999994,17212.658207142853,2.0,5.0,5.0
2025-06-30,division,Barishal,Barishal,858.0,858.0,724.0,708.0,508.0,261.0,111.0,699.5,467.5,858.0,858.0,144.2994571484361,1.2262669521770164,1.4951974386339382,171.14285714285714,16.02379618021547,6,-0.12053668025532283,-0.992708874098054,0.0,0.0,0.0,0.0,186.92333333333332,280.12,52.92333333333334,110.18833333333333,324.255,143.80833333333334,11.535000000000002,23.468333333333334,13.848333333333334,28.314285714285713,30.317619047619047,28.338333333333335,29.019523809523808,31.597619047619048,28.67238095238095,29.441904761904762,90.24738095238096,86.60047619047619,76.75309523809524,534.2083333333334,248.8683333333333,635.8383333333334,15317.024841269842,657.0,665.0,488.0
2025-06-30,division,Chattogram,Chattogram,237.0,237.0,295.0,258.0,62.0,46.0,52.0,213.0,137.75,295.0,295.0,103.48268776305852,1.1121495327102804,1.5423423423423424,232.42857142857142,17.31813049167358,6,-0.12053668025532283,-0.992708874098054,0.0,0.0,0.0,0.0,133.32090909090908,231.7118181818182,81.75090909090909,146.08545454545455,360.9136363636364,145.4527272727273,10.531818181818181,43.00454545454546,22.201818181818183,27.748571428571427,30.42857142857143,27.79051948051948,28.125194805194806,30.955064935064936,27.948311688311687,29.254805194805193,90.29727272727273,87.96441558441558,74.84038961038961,630.1745454545453,245.5045454545453,537.9309090909089,17612.314614403775,433.0,319.0,303.0
2025-06-30,division,Dhaka,Dhaka,842.0,842.0,656.0,506.0,125.0,117.0,87.0,532.25,329.875,842.0,842.0,304.30289186926905,1.580872011251758,1.6116358141292029,180.85714285714286,17.604592364757483,6,-0.12053668025532283,-0.992708874098054,0.0,0.0,0.0,0.0,82.52076923076923,121.72846153846154,46.60923076923076,124.26461538461538,251.47076923076924,124.93307692307691,12.528461538461539,44.54923076923077,20.45384615384615,28.355164835164835,31.080000000000002,28.35956043956044,29.158681318681317,32.53857142857143,28.71175824175824,30.765054945054946,90.55593406593405,83.7689010989011,66.21000000000001,482.23230769230764,188.01461538461533,308.1846153846153,13845.73743482671,865.0,754.0,743.0
2025-06-30,division,Khulna,Khulna,74.0,74.0,76.0,40.0,1.0,1.0,5.0,47.75,27.625,76.0,76.0,35.27392804891451,1.5384615384615385,1.703056768558952,263.7142857142857,16.659378702207434,6,-0.12053668025532283,-0.992708874098054,0.0,0.0,0.0,0.0,118.69800000000001,142.554,14.952000000000002,72.22999999999999,142.476,120.131,12.265,4.6530000000000005,21.772,28.529285714285713,31.505857142857145,28.46485714285714,29.546285714285716,33.849714285714285,28.95885714285714,31.158714285714286,89.56542857142857,80.78299999999999,63.956999999999994,326.905,141.99099999999993,342.04099999999994,9466.795194285713,175.0,141.0,90.0
2025-06-30,division,Mymensingh,Mymensingh,22.0,22.0,14.0,3.0,2.0,0.0,1.0,10.25,6.5,22.0,22.0,9.535023160258646,2.0444444444444443,1.5,272.57142857142856,16.31903432869183,6,-0.12053668025532283,-0.992708874098054,0.0,0.0,0.0,0.0,60.4025,105.15,46.325,131.9425,295.5,168.865,24.1425,113.89999999999999,42.432500000000005,28.386785714285715,31.322857142857142,28.349642857142857,28.935,32.1525,28.32892857142857,30.115357142857142,90.09392857142856,81.86749999999999,64.65035714285715,647.235,248.315,288.3175,18335.47408392857,28.0,18.0,11.0
2025-06-30,division,Rajshahi,Rajshahi,193.0,193.0,153.0,62.0,2.0,1.0,0.0,102.5,51.5,193.0,193.0,86.56596713874724,1.8743961352657006,1.9714285714285715,252.71428571428572,16.828744725921833,6,-0.12053668025532283,-0.992708874098054,0.0,0.0,0.0,0.0,63.85125,92.49375,12.76625,78.5975,121.24,138.91375,18.825,16.240000000000002,44.87375,29.025357142857143,32.21821428571429,28.86232142857143,29.77732142857143,34.00785714285714,29.2075,31.980892857142855,87.41982142857144,75.42821428571428,54.10160714285714,345.3125,124.14625000000001,221.02875000000003,10085.71484375,239.0,268.0,104.0
2025-06-30,division,Rangpur,Rangpur,3.0,3.0,1.0,3.0,0.0,1.0,1.0,1.75,2.25,3.0,5.0,1.4999999999999694,1.4545454545454546,0.8461538461538461,274.42857142857144,16.68403182311846,6,-0.12053668025532283,-0.992708874098054,0.0,0.0,0.0,0.0,44.18,92.19375000000001,20.55125,84.43875,121.24625,143.38125,32.0875,44.43125,65.575,28.850357142857142,31.697499999999998,28.777142857142856,28.814642857142857,32.72678571428571,27.923214285714288,29.907857142857143,87.18232142857143,78.04767857142858,59.28053571428571,457.13499999999993,185.46624999999995,240.43499999999995,12764.6785625,13.0,15.0,18.0
2025-06-30,division,Sylhet,Sylhet,2.0,2.0,3.0,0.0,1.0,2.0,2.0,1.5,2.0,3.0,5.0,1.2909944487358003,1.2,0.8333333333333334,274.14285714285717,16.21657018255286,6,-0.12053668025532283,-0.992708874098054,0.0,0.0,0.0,0.0,94.5675,139.1725,49.9625,167.9475,549.95,246.0,69.6775,207.2825,55.535,28.560714285714283,31.580714285714286,28.20214285714286,28.229642857142856,31.440357142857142,28.079642857142858,28.756071428571428,88.10321428571429,86.58642857142857,74.5725,1086.04,379.39749999999987,387.12749999999994,30495.615328571428,5.0,2.0,0.0
2025-07-07,division,Barishal,Barishal,657.0,657.0,858.0,724.0,708.0,508.0,201.0,736.75,524.5,858.0,858.0,85.73359901462209,0.8919010504913588,1.4039010466222646,196.14285714285714,16.02379618021547,7,-0.23931566428755743,-0.9709418174260521,0.0,0.0,0.0,0.0,402.95166666666665,115.87166666666667,280.12,52.92333333333334,110.18833333333333,324.255,54.61000000000001,95.96,115.59166666666665,27.80690476190476,29.459285714285716,28.202142857142857,29.05857142857143,31.437857142857144,28.6547619047619,29.51214285714286,91.67476190476191,85.3809523809524,81.19309523809524,632.8616666666667,246.55499999999998,985.8666666666667,18134.500376984124,665.0,503.0,499.0
2025-07-07,division,Chattogram,Chattogram,433.0,433.0,237.0,295.0,258.0,62.0,70.0,305.75,183.125,433.0,433.0,88.15658417459997,1.414832925835371,1.6659877800407332,284.85714285714283,17.31813049167358,7,-0.23931566428755743,-0.9709418174260521,0.0,0.0,0.0,0.0,355.49454545454546,91.14727272727272,231.7118181818182,81.75090909090909,146.08545454545455,360.9136363636364,113.27636363636363,71.47,108.8281818181818,27.380649350649353,29.707922077922078,27.645064935064934,28.43844155844156,31.272337662337666,28.34272727272727,28.95246753246753,90.94844155844156,86.84974025974026,81.71701298701299,765.7281818181817,233.83454545454532,811.6745454545453,21702.825022314046,319.0,291.0,392.0
2025-07-07,division,Dhaka,Dhaka,865.0,865.0,842.0,656.0,506.0,125.0,135.0,717.25,421.125,865.0,865.0,169.08651631635226,1.2057083188304907,1.7015102161681965,198.42857142857142,17.604592364757483,7,-0.23931566428755743,-0.9709418174260521,0.0,0.0,0.0,0.0,211.20076923076925,57.326153846153844,121.72846153846154,46.60923076923076,124.26461538461538,251.47076923076924,93.30000000000001,59.60307692307693,63.408461538461545,27.912417582417582,30.386153846153846,28.364615384615384,29.314505494505493,32.338461538461544,28.484945054945054,30.191318681318684,90.61989010989011,85.15516483516484,75.9045054945055,593.9684615384615,180.0892307692307,472.7761538461538,16919.15899129332,754.0,892.0,1043.0
2025-07-07,division,Khulna,Khulna,175.0,175.0,74.0,76.0,40.0,1.0,14.0,91.25,47.75,175.0,175.0,58.22585336429167,1.9078590785907859,1.8923076923076922,308.14285714285717,16.659378702207434,7,-0.23931566428755743,-0.9709418174260521,0.0,0.0,0.0,0.0,201.012,65.837,142.554,14.952000000000002,72.22999999999999,142.476,52.032999999999994,66.897,48.669,28.031142857142857,30.571285714285715,28.602000000000004,29.583428571428573,33.11985714285714,28.716857142857144,31.349428571428568,91.13671428571429,82.28842857142857,69.93057142857143,386.86999999999995,132.48399999999995,528.1009999999999,11109.690522857141,141.0,116.0,215.0
2025-07-07,division,Mymensingh,Mymensingh,28.0,28.0,22.0,14.0,3.0,2.0,5.0,16.75,9.375,28.0,28.0,10.812801055539161,1.6338028169014085,1.7108433734939759,315.57142857142856,16.31903432869183,7,-0.23931566428755743,-0.9709418174260521,0.0,0.0,0.0,0.0,88.7875,76.44,105.15,46.325,131.9425,295.5,158.7275,50.8925,41.089999999999996,28.07,30.97714285714286,28.310714285714287,29.732857142857142,32.59357142857143,27.936785714285712,29.163214285714282,88.84107142857144,83.74107142857143,80.29714285714286,755.035,230.02499999999998,330.78000000000003,21093.251001785713,18.0,24.0,33.0
2025-07-07,division,Rajshahi,Rajshahi,239.0,239.0,193.0,153.0,62.0,2.0,0.0,161.75,81.375,239.0,239.0,75.21247680183566,1.4746543778801844,1.975720789074355,291.14285714285717,16.828744725921833,7,-0.23931566428755743,-0.9709418174260521,0.0,0.0,0.0,0.0,77.58,51.917500000000004,92.49375,12.76625,78.5975,121.24,66.33375,29.214999999999996,33.8175,28.58214285714286,31.750714285714285,29.058392857142856,30.40625,33.98214285714286,28.894464285714285,31.805892857142858,86.89642857142857,78.09410714285714,65.31660714285715,405.085,98.09750000000001,285.8425,11704.71406517857,268.0,162.0,169.0
2025-07-07,division,Rangpur,Rangpur,13.0,13.0,3.0,1.0,3.0,0.0,3.0,5.0,3.5,13.0,13.0,5.416025603090632,2.3333333333333335,1.3333333333333333,318.2857142857143,16.68403182311846,7,-0.23931566428755743,-0.9709418174260521,0.0,0.0,0.0,0.0,31.8375,83.51,92.19375000000001,20.55125,84.43875,121.24625,160.42000000000002,38.76625,36.69375,28.87517857142857,32.44410714285714,28.96125,30.51642857142857,34.11017857142857,28.286785714285713,28.76267857142857,84.18589285714286,78.56035714285714,76.33767857142857,509.4862499999999,151.97874999999993,251.72124999999994,14411.728378124997,15.0,29.0,31.0
2025-07-07,division,Sylhet,Sylhet,5.0,5.0,2.0,3.0,0.0,1.0,5.0,2.5,2.0,5.0,5.0,2.081665999466129,1.7142857142857142,1.1666666666666667,318.42857142857144,16.21657018255286,7,-0.23931566428755743,-0.9709418174260521,0.0,0.0,0.0,0.0,132.11,103.42500000000001,139.1725,49.9625,167.9475,549.95,220.4125,64.05,52.53,28.111428571428572,31.16,28.54714285714286,29.298571428571428,32.42142857142857,28.10607142857143,28.68107142857143,88.02,86.1,83.20428571428572,1184.31,393.5399999999999,469.275,33286.301453571425,2.0,5.0,8.0
2025-07-14,division,Barishal,Barishal,665.0,665.0,657.0,858.0,724.0,708.0,231.0,726.0,578.75,858.0,858.0,92.93366810078399,0.9160935350756534,1.2539887882708063,251.14285714285714,16.02379618021547,7,-0.3546048870425356,-0.9350162426854148,0.0,0.0,0.0,0.0,128.03666666666666,186.92333333333332,115.87166666666667,280.12,52.92333333333334,110.18833333333333,143.80833333333334,11.535000000000002,23.468333333333334,28.299047619047617,30.38380952380952,28.314285714285713,28.338333333333335,30.046428571428574,29.019523809523808,28.67238095238095,89.77904761904762,90.90666666666665,85.28309523809524,631.1750000000001,185.57333333333335,833.7833333333333,18316.397940476192,503.0,488.0,403.0
2025-07-14,division,Chattogram,Chattogram,319.0,319.0,433.0,237.0,295.0,258.0,63.0,321.0,215.125,433.0,433.0,82.21921916437783,0.9937888198757764,1.4898785425101215,283.14285714285717,17.31813049167358,7,-0.3546048870425356,-0.9350162426854148,0.0,0.0,0.0,0.0,106.32090909090908,133.32090909090908,91.14727272727272,231.7118181818182,81.75090909090909,146.08545454545455,145.4527272727273,10.531818181818181,43.00454545454546,27.891038961038962,30.572987012987014,27.748571428571427,27.79051948051948,29.905584415584414,28.125194805194806,27.948311688311687,89.05870129870131,91.04259740259741,86.77792207792207,734.2027272727272,238.28272727272713,686.2836363636361,20649.594731050765,291.0,303.0,309.0
2025-07-14,division,Dhaka,Dhaka,754.0,754.0,865.0,842.0,656.0,506.0,120.0,779.25,500.375,865.0,865.0,95.07672340448735,0.9676385773790451,1.556220393916729,221.42857142857142,17.604592364757483,7,-0.3546048870425356,-0.9350162426854148,0.0,0.0,0.0,0.0,122.59153846153846,82.52076923076923,57.326153846153844,121.72846153846154,46.60923076923076,124.26461538461538,124.93307692307691,12.528461538461539,44.54923076923077,28.352307692307697,30.934835164835167,28.355164835164835,28.35956043956044,30.786263736263738,29.158681318681317,28.71175824175824,89.8623076923077,90.45450549450548,84.19384615384615,547.2776923076922,209.98076923076917,473.6392307692307,15957.895822823326,892.0,743.0,983.0
2025-07-14,division,Khulna,Khulna,141.0,141.0,175.0,74.0,76.0,40.0,7.0,116.5,64.5,175.0,175.0,49.89655966764304,1.2085106382978723,1.7938931297709924,320.0,16.659378702207434,7,-0.3546048870425356,-0.9350162426854148,0.0,0.0,0.0,0.0,128.26500000000001,118.69800000000001,65.837,142.554,14.952000000000002,72.22999999999999,120.131,12.265,4.6530000000000005,28.365285714285715,31.108714285714285,28.529285714285713,28.46485714285714,31.01257142857143,29.546285714285716,28.95885714285714,90.11385714285714,89.61557142857143,82.69485714285715,349.78899999999993,135.84799999999996,513.812,10334.965733714283,116.0,90.0,152.0
2025-07-14,division,Mymensingh,Mymensingh,18.0,18.0,28.0,22.0,14.0,3.0,4.0,20.5,11.125,28.0,28.0,5.972157622389817,0.8837209302325582,1.7731958762886597,341.0,16.31903432869183,7,-0.3546048870425356,-0.9350162426854148,0.0,0.0,0.0,0.0,177.84,60.4025,76.44,105.15,46.325,131.9425,168.865,24.1425,113.89999999999999,28.38357142857143,31.0875,28.386785714285715,28.349642857142857,31.022142857142853,28.935,28.32892857142857,89.18821428571428,90.00857142857143,85.21071428571429,642.6325,347.6625,403.46999999999997,18594.5713875,24.0,11.0,22.0
2025-07-14,division,Rajshahi,Rajshahi,268.0,268.0,239.0,193.0,153.0,62.0,1.0,213.25,114.75,268.0,268.0,50.66474777068042,1.2555425904317385,1.8509719222462202,310.85714285714283,16.828744725921833,7,-0.3546048870425356,-0.9350162426854148,0.0,0.0,0.0,0.0,145.71375,63.85125,51.917500000000004,92.49375,12.76625,78.5975,138.91375,18.825,16.240000000000002,28.476071428571426,30.929464285714285,29.025357142857143,28.86232142857143,31.772142857142857,29.77732142857143,29.2075,88.44678571428572,87.13714285714286,80.19089285714286,351.5175,130.61374999999998,339.0625,10467.249585267857,162.0,104.0,142.0
2025-07-14,division,Rangpur,Rangpur,15.0,15.0,13.0,3.0,1.0,3.0,5.0,8.0,4.75,15.0,15.0,7.023769168568486,1.7777777777777777,1.565217391304348,343.14285714285717,16.68403182311846,7,-0.3546048870425356,-0.9350162426854148,0.0,0.0,0.0,0.0,147.95125,44.18,83.51,92.19375000000001,20.55125,84.43875,143.38125,32.0875,44.43125,28.54625,31.357321428571428,28.850357142857142,28.777142857142856,31.79678571428571,28.814642857142857,27.923214285714288,87.22785714285715,87.08232142857143,82.78714285714285,369.61749999999995,275.7049999999999,307.47874999999993,10650.396256249998,29.0,18.0,18.0
2025-07-14,division,Sylhet,Sylhet,2.0,2.0,5.0,2.0,3.0,0.0,2.0,3.0,2.0,5.0,5.0,1.41421356237309,0.75,1.3333333333333333,344.2857142857143,16.21657018255286,7,-0.3546048870425356,-0.9350162426854148,0.0,0.0,0.0,0.0,176.845,94.5675,103.42500000000001,139.1725,49.9625,167.9475,246.0,69.6775,207.2825,28.263928571428572,31.094285714285714,28.560714285714283,28.20214285714286,31.06392857142857,28.229642857142856,28.079642857142858,89.27535714285715,89.71928571428572,86.64571428571429,1013.8599999999999,561.4224999999999,506.94749999999993,28620.905707142854,5.0,0.0,10.0
2025-07-21,division,Barishal,Barishal,503.0,503.0,665.0,657.0,858.0,724.0,249.0,670.75,610.5,858.0,858.0,145.40145574695373,0.7502791216970599,1.0985282093213409,216.71428571428572,16.02379618021547,7,-0.46472317204376806,-0.8854560256532101,0.0,0.0,0.0,0.0,188.37166666666667,402.95166666666665,186.92333333333332,115.87166666666667,280.12,52.92333333333334,324.255,54.61000000000001,95.96,28.950952380952383,31.023809523809522,27.80690476190476,28.202142857142857,29.923809523809524,29.05857142857143,28.6547619047619,88.5997619047619,90.72404761904761,90.53547619047619,767.4866666666667,305.91333333333336,906.2833333333333,22302.066123809524,488.0,499.0,389.0
2025-07-21,division,Chattogram,Chattogram,291.0,291.0,319.0,433.0,237.0,295.0,71.0,320.0,242.625,433.0,433.0,82.66397845091494,0.9096573208722741,1.3175987685992816,266.14285714285717,17.31813049167358,7,-0.46472317204376806,-0.8854560256532101,0.0,0.0,0.0,0.0,195.42818181818183,355.49454545454546,133.32090909090908,91.14727272727272,231.7118181818182,81.75090909090909,360.9136363636364,113.27636363636363,71.47,28.531818181818185,31.207662337662338,27.380649350649353,27.645064935064934,30.175844155844153,28.43844155844156,28.34272727272727,88.96727272727273,90.43064935064935,89.5796103896104,820.4618181818181,340.730909090909,790.5645454545453,23332.65546729634,303.0,392.0,389.0
2025-07-21,division,Dhaka,Dhaka,892.0,892.0,754.0,865.0,842.0,656.0,138.0,838.25,594.625,892.0,892.0,59.76830263609681,1.0640452785224903,1.4090241343126968,204.0,17.604592364757483,7,-0.46472317204376806,-0.8854560256532101,0.0,0.0,0.0,0.0,111.77538461538461,211.20076923076925,82.52076923076923,57.326153846153844,121.72846153846154,46.60923076923076,251.47076923076924,93.30000000000001,59.60307692307693,29.165384615384614,31.97098901098901,27.912417582417582,28.364615384615384,31.250329670329673,29.314505494505493,28.484945054945054,88.64923076923077,89.94835164835165,89.21956043956044,544.0730769230769,290.3646153846153,528.0884615384615,15949.233202874047,743.0,1043.0,1063.0
2025-07-21,division,Khulna,Khulna,116.0,116.0,141.0,175.0,74.0,76.0,8.0,126.5,78.0,175.0,175.0,42.54017708786203,0.9176470588235294,1.6139240506329113,291.57142857142856,16.659378702207434,7,-0.46472317204376806,-0.8854560256532101,0.0,0.0,0.0,0.0,89.658,201.012,118.69800000000001,65.837,142.554,14.952000000000002,142.476,52.032999999999994,66.897,29.114142857142856,31.889714285714284,28.031142857142857,28.602000000000004,31.62114285714286,29.583428571428573,28.716857142857144,88.61742857142858,89.164,88.07614285714286,372.21199999999993,251.32599999999996,537.6329999999999,11011.30711542857,90.0,215.0,125.0
2025-07-21,division,Mymensingh,Mymensingh,24.0,24.0,18.0,28.0,22.0,14.0,2.0,23.0,13.875,28.0,28.0,4.16333199893252,1.0416666666666667,1.6134453781512605,309.14285714285717,16.31903432869183,7,-0.46472317204376806,-0.8854560256532101,0.0,0.0,0.0,0.0,105.71000000000001,88.7875,60.4025,76.44,105.15,46.325,295.5,158.7275,50.8925,29.698214285714286,32.88607142857143,28.07,28.310714285714287,31.165,29.732857142857142,27.936785714285712,85.53857142857143,90.24535714285716,89.69321428571429,578.9175,402.6275,432.74,17212.871325,11.0,33.0,22.0
2025-07-21,division,Rajshahi,Rajshahi,162.0,162.0,268.0,239.0,193.0,153.0,0.0,215.5,135.0,268.0,268.0,47.176971783558415,0.7528868360277137,1.5919117647058822,273.42857142857144,16.828744725921833,7,-0.46472317204376806,-0.8854560256532101,0.0,0.0,0.0,0.0,63.23125,77.58,63.85125,51.917500000000004,92.49375,12.76625,121.24,66.33375,29.214999999999996,29.816964285714285,32.79803571428572,28.58214285714286,29.058392857142856,32.191428571428574,30.40625,28.894464285714285,84.6225,86.63875,84.19071428571428,305.09749999999997,253.28749999999997,350.37624999999997,9276.870859375,104.0,169.0,98.0
2025-07-21,division,Rangpur,Rangpur,29.0,29.0,15.0,13.0,3.0,1.0,2.0,15.0,8.125,29.0,29.0,10.708252269472668,1.875,1.7534246575342465,309.57142857142856,16.68403182311846,7,-0.46472317204376806,-0.8854560256532101,0.0,0.0,0.0,0.0,51.480000000000004,31.8375,44.18,83.51,92.19375000000001,20.55125,121.24625,160.42000000000002,38.76625,30.085535714285715,33.39267857142857,28.87517857142857,28.96125,31.98857142857143,30.51642857142857,28.286785714285713,83.45267857142856,86.24607142857143,84.78821428571429,318.42999999999995,374.655,275.44874999999996,9717.346349999998,18.0,31.0,34.0
2025-07-21,division,Sylhet,Sylhet,5.0,5.0,2.0,5.0,2.0,3.0,1.0,3.5,2.5,5.0,5.0,1.7320508075688732,1.3333333333333333,1.2857142857142858,311.42857142857144,16.21657018255286,7,-0.46472317204376806,-0.8854560256532101,0.0,0.0,0.0,0.0,130.6875,132.11,94.5675,103.42500000000001,139.1725,49.9625,549.95,220.4125,64.05,29.47357142857143,32.99107142857143,28.111428571428572,28.54714285714286,31.792499999999997,29.298571428571428,28.10607142857143,86.78678571428571,87.95678571428572,89.09928571428571,907.0324999999999,600.1399999999999,534.2099999999999,26574.75648928571,0.0,8.0,10.0
2025-07-28,division,Barishal,Barishal,488.0,488.0,503.0,665.0,657.0,858.0,261.0,578.25,638.875,665.0,858.0,95.80318366317485,0.8441950798446267,0.9052549326040242,217.0,16.02379618021547,7,-0.5680647467311556,-0.8229838658936566,0.0,0.0,0.0,0.0,240.26833333333332,128.03666666666666,402.95166666666665,186.92333333333332,115.87166666666667,280.12,110.18833333333333,143.80833333333334,11.535000000000002,28.263095238095236,30.06190476190476,28.299047619047617,28.314285714285713,30.317619047619047,28.338333333333335,29.019523809523808,91.25928571428572,90.24738095238096,86.60047619047619,559.1033333333334,534.2083333333334,959.6283333333332,15844.05662777778,499.0,403.0,569.0
2025-07-28,division,Chattogram,Chattogram,303.0,303.0,291.0,319.0,433.0,237.0,46.0,336.5,274.75,433.0,433.0,65.3477875167425,0.9007407407407407,1.2239347234814144,247.28571428571428,17.31813049167358,7,-0.5680647467311556,-0.8229838658936566,0.0,0.0,0.0,0.0,216.14272727272729,106.32090909090908,355.49454545454546,133.32090909090908,91.14727272727272,231.7118181818182,146.08545454545455,145.4527272727273,10.531818181818181,27.599220779220783,29.935454545454547,27.891038961038962,27.748571428571427,30.42857142857143,27.79051948051948,28.125194805194806,91.37441558441559,90.29727272727273,87.96441558441558,550.6954545454545,630.1745454545453,873.3863636363635,15304.112757378984,392.0,309.0,518.0
2025-07-28,division,Dhaka,Dhaka,743.0,743.0,892.0,754.0,865.0,842.0,117.0,813.5,672.875,892.0,892.0,75.99342076785369,0.9134438305709024,1.2086811352253757,161.42857142857142,17.604592364757483,7,-0.5680647467311556,-0.8229838658936566,0.0,0.0,0.0,0.0,150.9223076923077,122.59153846153846,211.20076923076925,82.52076923076923,57.326153846153844,121.72846153846154,124.26461538461538,124.93307692307691,12.528461538461539,28.285384615384615,30.944835164835165,28.352307692307697,28.355164835164835,31.080000000000002,28.35956043956044,29.158681318681317,91.26384615384616,90.55593406593405,83.7689010989011,349.9284615384615,482.23230769230764,596.49,9923.817354522398,1043.0,983.0,1347.0
2025-07-28,division,Khulna,Khulna,90.0,90.0,116.0,141.0,175.0,74.0,1.0,130.5,89.125,175.0,175.0,36.244539818663185,0.6920152091254753,1.4590846047156727,272.2857142857143,16.659378702207434,7,-0.5680647467311556,-0.8229838658936566,0.0,0.0,0.0,0.0,164.518,128.26500000000001,201.012,118.69800000000001,65.837,142.554,72.22999999999999,120.131,12.265,28.25785714285714,30.856857142857145,28.365285714285715,28.529285714285713,31.505857142857145,28.46485714285714,29.546285714285716,91.33485714285715,89.56542857142857,80.78299999999999,295.5729999999999,326.905,583.453,8413.443220285712,215.0,152.0,109.0
2025-07-28,division,Mymensingh,Mymensingh,11.0,11.0,24.0,18.0,28.0,22.0,0.0,20.25,15.25,28.0,28.0,7.410578025138713,0.5647058823529412,1.3076923076923077,285.42857142857144,16.31903432869183,7,-0.5680647467311556,-0.8229838658936566,0.0,0.0,0.0,0.0,163.4325,177.84,88.7875,60.4025,76.44,105.15,131.9425,168.865,24.1425,28.320714285714285,31.226785714285715,28.38357142857143,28.386785714285715,31.322857142857142,28.349642857142857,28.935,90.86785714285713,90.09392857142856,81.86749999999999,359.8575,647.235,535.77,10201.831604464287,33.0,22.0,41.0
2025-07-28,division,Rajshahi,Rajshahi,104.0,104.0,162.0,268.0,239.0,193.0,1.0,193.25,147.875,268.0,268.0,74.43733382293235,0.5405405405405406,1.3047858942065491,265.7142857142857,16.828744725921833,7,-0.5680647467311556,-0.8229838658936566,0.0,0.0,0.0,0.0,164.63625,145.71375,77.58,63.85125,51.917500000000004,92.49375,78.5975,138.91375,18.825,28.621607142857144,31.411428571428573,28.476071428571426,29.025357142857143,32.21821428571429,28.86232142857143,29.77732142857143,89.51625,87.41982142857144,75.42821428571428,235.77499999999998,345.3125,451.16125,6805.013834821429,169.0,142.0,102.0
2025-07-28,division,Rangpur,Rangpur,18.0,18.0,29.0,15.0,13.0,3.0,1.0,18.75,10.25,29.0,29.0,7.135591542869207,0.9620253164556962,1.7555555555555555,284.7142857142857,16.68403182311846,7,-0.5680647467311556,-0.8229838658936566,0.0,0.0,0.0,0.0,147.18374999999997,147.95125,31.8375,44.18,83.51,92.19375000000001,84.43875,143.38125,32.0875,28.59267857142857,31.368214285714284,28.54625,28.850357142857142,31.697499999999998,28.777142857142856,28.814642857142857,88.88553571428571,87.18232142857143,78.04767857142858,280.69374999999997,457.13499999999993,378.45249999999993,8077.564142857142,31.0,18.0,11.0
2025-07-28,division,Sylhet,Sylhet,0.0,0.0,5.0,2.0,5.0,2.0,2.0,3.0,2.25,5.0,5.0,2.449489742783175,0.25,1.2307692307692308,288.14285714285717,16.21657018255286,7,-0.5680647467311556,-0.8229838658936566,0.0,0.0,0.0,0.0,222.65499999999997,176.845,132.11,94.5675,103.42500000000001,139.1725,167.9475,246.0,69.6775,28.141785714285717,31.33142857142857,28.263928571428572,28.560714285714283,31.580714285714286,28.20214285714286,28.229642857142856,90.01035714285715,88.10321428571429,86.58642857142857,460.50749999999994,1086.04,662.2974999999999,12987.298301785713,8.0,10.0,6.0
2025-08-04,division,Barishal,Barishal,499.0,499.0,488.0,503.0,665.0,657.0,508.0,538.75,637.75,665.0,858.0,84.40527234717042,0.9263547938860583,0.8450097847358121,181.28571428571428,16.02379618021547,8,-0.663122658240795,-0.7485107481711013,0.0,0.0,0.0,0.0,155.97833333333332,188.37166666666667,128.03666666666666,402.95166666666665,186.92333333333332,115.87166666666667,52.92333333333334,324.255,54.61000000000001,28.019047619047615,30.057619047619045,28.950952380952383,27.80690476190476,29.459285714285716,28.202142857142857,29.05857142857143,89.39904761904761,91.67476190476191,85.3809523809524,635.8383333333334,632.8616666666667,712.655,17932.003510714287,403.0,389.0,586.0
2025-08-04,division,Chattogram,Chattogram,392.0,392.0,303.0,291.0,319.0,433.0,62.0,326.25,316.0,392.0,433.0,45.30912343741226,1.200916730328495,1.0323343848580442,207.71428571428572,17.31813049167358,8,-0.663122658240795,-0.7485107481711013,0.0,0.0,0.0,0.0,172.17000000000002,195.42818181818183,106.32090909090908,355.49454545454546,133.32090909090908,91.14727272727272,81.75090909090909,360.9136363636364,113.27636363636363,27.42688311688312,29.923896103896105,28.531818181818185,27.380649350649353,29.707922077922078,27.645064935064934,28.43844155844156,89.53285714285715,90.94844155844156,86.84974025974026,537.9309090909089,765.7281818181817,690.0618181818181,14871.134912396688,309.0,389.0,515.0
2025-08-04,division,Dhaka,Dhaka,1043.0,1043.0,743.0,892.0,754.0,865.0,125.0,858.0,787.625,1043.0,1043.0,140.73852824771683,1.2153667054714785,1.0892375970835315,144.85714285714286,17.604592364757483,8,-0.663122658240795,-0.7485107481711013,0.0,0.0,0.0,0.0,137.45,111.77538461538461,122.59153846153846,211.20076923076925,82.52076923076923,57.326153846153844,46.60923076923076,251.47076923076924,93.30000000000001,27.853736263736266,30.395714285714288,29.165384615384614,27.912417582417582,30.386153846153846,28.364615384615384,29.314505494505493,90.79472527472527,90.61989010989011,85.15516483516484,308.1846153846153,593.9684615384615,522.7392307692307,8741.538082840234,983.0,1063.0,1374.0
2025-08-04,division,Khulna,Khulna,215.0,215.0,90.0,116.0,141.0,175.0,1.0,140.5,115.875,215.0,215.0,53.85474290471849,1.5265017667844523,1.2106951871657754,238.14285714285714,16.659378702207434,8,-0.663122658240795,-0.7485107481711013,0.0,0.0,0.0,0.0,83.525,89.658,128.26500000000001,201.012,118.69800000000001,65.837,14.952000000000002,142.476,52.032999999999994,27.855857142857143,30.439142857142855,29.114142857142856,28.031142857142857,30.571285714285715,28.602000000000004,29.583428571428573,91.00628571428571,91.13671428571429,82.28842857142857,342.04099999999994,386.86999999999995,465.966,9783.056682,152.0,125.0,122.0
2025-08-04,division,Mymensingh,Mymensingh,33.0,33.0,11.0,24.0,18.0,28.0,2.0,21.5,19.125,33.0,33.0,9.32737905308893,1.511111111111111,1.1180124223602483,249.42857142857142,16.31903432869183,8,-0.663122658240795,-0.7485107481711013,0.0,0.0,0.0,0.0,176.77,105.71000000000001,177.84,88.7875,60.4025,76.44,46.325,295.5,158.7275,27.84892857142857,30.718214285714286,29.698214285714286,28.07,30.97714285714286,28.310714285714287,29.732857142857142,90.71464285714285,88.84107142857144,83.74107142857143,288.3175,755.035,623.7525,8162.474366071428,22.0,22.0,43.0
2025-08-04,division,Rajshahi,Rajshahi,169.0,169.0,104.0,162.0,268.0,239.0,2.0,175.75,168.75,268.0,268.0,68.05083883881717,0.9618104667609618,1.041237113402062,236.14285714285714,16.828744725921833,8,-0.663122658240795,-0.7485107481711013,0.0,0.0,0.0,0.0,112.10625,63.23125,145.71375,77.58,63.85125,51.917500000000004,12.76625,121.24,66.33375,28.02875,30.720535714285717,29.816964285714285,28.58214285714286,31.750714285714285,29.058392857142856,30.40625,89.73982142857143,86.89642857142857,78.09410714285714,221.02875000000003,405.085,485.6875,6422.740250223215,142.0,98.0,115.0
2025-08-04,division,Rangpur,Rangpur,31.0,31.0,18.0,29.0,15.0,13.0,0.0,23.25,14.125,31.0,31.0,7.932002689527188,1.3195876288659794,1.603305785123967,248.42857142857142,16.68403182311846,8,-0.663122658240795,-0.7485107481711013,0.0,0.0,0.0,0.0,132.79375,51.480000000000004,147.95125,31.8375,44.18,83.51,20.55125,121.24625,160.42000000000002,28.053571428571427,31.106785714285714,30.085535714285715,28.87517857142857,32.44410714285714,28.96125,30.51642857142857,89.3575,84.18589285714286,78.56035714285714,240.43499999999995,509.4862499999999,479.4087499999999,6963.298143749998,18.0,34.0,16.0
2025-08-04,division,Sylhet,Sylhet,8.0,8.0,0.0,5.0,2.0,5.0,1.0,3.75,3.125,8.0,8.0,3.499999999999998,1.894736842105263,1.1515151515151516,251.0,16.21657018255286,8,-0.663122658240795,-0.7485107481711013,0.0,0.0,0.0,0.0,267.395,130.6875,176.845,132.11,94.5675,103.42500000000001,49.9625,549.95,220.4125,27.57392857142857,30.416071428571428,29.47357142857143,28.111428571428572,31.16,28.54714285714286,29.298571428571428,91.14964285714285,88.02,86.1,387.12749999999994,1184.31,797.5824999999999,11051.384046428571,10.0,10.0,8.0
2025-08-11,division,Barishal,Barishal,403.0,403.0,499.0,488.0,503.0,665.0,708.0,473.25,599.625,503.0,858.0,47.26080123456802,0.8518713758566157,0.7895941727367326,270.14285714285717,16.02379618021547,8,-0.7485107481711011,-0.6631226582407952,0.0,0.0,0.0,0.0,59.835,240.26833333333332,188.37166666666667,128.03666666666666,402.95166666666665,186.92333333333332,280.12,110.18833333333333,143.80833333333334,28.374285714285715,30.639761904761908,28.263095238095236,28.299047619047617,30.38380952380952,28.314285714285713,28.338333333333335,87.42571428571428,89.77904761904762,90.90666666666665,985.8666666666667,631.1750000000001,644.4533333333334,27914.110476190475,389.0,569.0,499.0
2025-08-11,division,Chattogram,Chattogram,309.0,309.0,392.0,303.0,291.0,319.0,258.0,323.75,322.375,392.0,433.0,46.11127844681813,0.9545804464973057,1.0042520293776576,285.42857142857144,17.31813049167358,8,-0.7485107481711011,-0.6631226582407952,0.0,0.0,0.0,0.0,89.68181818181819,216.14272727272729,195.42818181818183,106.32090909090908,355.49454545454546,133.32090909090908,231.7118181818182,146.08545454545455,145.4527272727273,27.95896103896104,30.810909090909092,27.599220779220783,27.891038961038962,30.572987012987014,27.748571428571427,27.79051948051948,87.832987012987,89.05870129870131,91.04259740259741,811.6745454545453,734.2027272727272,673.4227272727272,22522.809101298695,389.0,518.0,548.0
2025-08-11,division,Dhaka,Dhaka,983.0,983.0,1043.0,743.0,892.0,754.0,506.0,915.25,847.25,1043.0,1043.0,130.53830855346663,1.0739427012278309,1.080165045682287,192.42857142857142,17.604592364757483,8,-0.7485107481711011,-0.6631226582407952,0.0,0.0,0.0,0.0,68.87384615384616,150.9223076923077,111.77538461538461,122.59153846153846,211.20076923076925,82.52076923076923,121.72846153846154,124.26461538461538,124.93307692307691,28.228021978021978,30.978021978021978,28.285384615384615,28.352307692307697,30.934835164835167,28.355164835164835,28.35956043956044,88.95978021978021,89.8623076923077,90.45450549450548,472.7761538461538,547.2776923076922,469.0215384615384,13405.64577244294,1063.0,1347.0,1478.0
2025-08-11,division,Khulna,Khulna,152.0,152.0,215.0,90.0,116.0,141.0,40.0,143.25,129.875,215.0,215.0,54.16871790987852,1.0606585788561524,1.1021967526265521,310.7142857142857,16.659378702207434,8,-0.7485107481711011,-0.6631226582407952,0.0,0.0,0.0,0.0,46.291000000000004,164.518,89.658,128.26500000000001,201.012,118.69800000000001,142.554,72.22999999999999,120.131,28.20157142857143,31.113428571428575,28.25785714285714,28.365285714285715,31.108714285714285,28.529285714285713,28.46485714285714,89.70914285714285,90.11385714285714,89.61557142857143,528.1009999999999,349.78899999999993,383.992,15066.344314999997,125.0,109.0,95.0
2025-08-11,division,Mymensingh,Mymensingh,22.0,22.0,33.0,11.0,24.0,18.0,3.0,22.5,21.5,33.0,33.0,9.036961141150757,0.9787234042553191,1.0444444444444445,336.7142857142857,16.31903432869183,8,-0.7485107481711011,-0.6631226582407952,0.0,0.0,0.0,0.0,77.715,163.4325,105.71000000000001,177.84,88.7875,60.4025,105.15,131.9425,168.865,28.289285714285715,30.94535714285714,28.320714285714285,28.38357142857143,31.0875,28.386785714285715,28.349642857142857,88.43607142857142,89.18821428571428,90.00857142857143,330.78000000000003,642.6325,523.6275,9389.780978571429,22.0,41.0,26.0
2025-08-11,division,Rajshahi,Rajshahi,142.0,142.0,169.0,104.0,162.0,268.0,62.0,144.25,178.75,169.0,268.0,29.17047594172345,0.9845094664371773,0.808066759388039,317.2857142857143,16.828744725921833,8,-0.7485107481711011,-0.6631226582407952,0.0,0.0,0.0,0.0,63.91,164.63625,63.23125,145.71375,77.58,63.85125,92.49375,78.5975,138.91375,28.453214285714285,31.111428571428572,28.621607142857144,28.476071428571426,30.929464285714285,29.025357142857143,28.86232142857143,88.6,88.44678571428572,87.13714285714286,285.8425,351.5175,403.88375,8296.680649107142,98.0,102.0,99.0
2025-08-11,division,Rangpur,Rangpur,18.0,18.0,31.0,18.0,29.0,15.0,3.0,24.0,16.0,31.0,31.0,6.976149845485442,0.76,1.4705882352941178,337.0,16.68403182311846,8,-0.7485107481711011,-0.6631226582407952,0.0,0.0,0.0,0.0,134.81875,147.18374999999997,51.480000000000004,147.95125,31.8375,44.18,92.19375000000001,84.43875,143.38125,28.62125,31.44910714285714,28.59267857142857,28.54625,31.357321428571428,28.850357142857142,28.777142857142856,87.40410714285714,87.22785714285715,87.08232142857143,251.72124999999994,369.61749999999995,466.2762499999999,7262.247962946427,34.0,11.0,22.0
2025-08-11,division,Sylhet,Sylhet,10.0,10.0,8.0,0.0,5.0,2.0,0.0,5.75,4.375,10.0,10.0,4.349329450233295,1.6296296296296295,1.255813953488372,340.2857142857143,16.21657018255286,8,-0.7485107481711011,-0.6631226582407952,0.0,0.0,0.0,0.0,102.405,222.65499999999997,130.6875,176.845,132.11,94.5675,139.1725,167.9475,246.0,28.21142857142857,30.989285714285714,28.141785714285717,28.263928571428572,31.094285714285714,28.560714285714283,28.20214285714286,87.70321428571428,89.27535714285715,89.71928571428572,469.275,1013.8599999999999,723.1424999999998,13402.829196428569,10.0,6.0,10.0
2025-08-18,division,Barishal,Barishal,389.0,389.0,403.0,499.0,488.0,503.0,724.0,444.75,557.75,499.0,858.0,56.75899341367274,0.8749298934380259,0.7977628635346756,233.71428571428572,16.02379618021547,8,-0.8229838658936564,-0.5680647467311559,0.0,0.0,0.0,0.0,198.78666666666666,155.97833333333332,240.26833333333332,188.37166666666667,128.03666666666666,402.95166666666665,115.87166666666667,52.92333333333334,324.255,27.918809523809525,29.858809523809523,28.019047619047615,28.950952380952383,31.023809523809522,27.80690476190476,28.202142857142857,90.5547619047619,88.5997619047619,90.72404761904761,833.7833333333333,767.4866666666667,654.8683333333333,23184.93374206349,569.0,586.0,
2025-08-18,division,Chattogram,Chattogram,389.0,389.0,309.0,392.0,303.0,291.0,295.0,348.25,334.125,392.0,433.0,48.86290344763937,1.1166785969935575,1.0421484520701232,247.14285714285714,17.31813049167358,8,-0.8229838658936564,-0.5680647467311559,0.0,0.0,0.0,0.0,186.28454545454545,172.17000000000002,216.14272727272729,195.42818181818183,106.32090909090908,355.49454545454546,91.14727272727272,81.75090909090909,360.9136363636364,27.456363636363633,30.111168831168833,27.42688311688312,28.531818181818185,31.207662337662338,27.380649350649353,27.645064935064934,90.35857142857142,88.96727272727273,90.43064935064935,686.2836363636361,820.4618181818181,664.2790909090909,18790.89160236127,518.0,515.0,
2025-08-18,division,Dhaka,Dhaka,1063.0,1063.0,983.0,1043.0,743.0,892.0,656.0,958.0,898.125,1063.0,1063.0,147.30919862656256,1.1094890510948905,1.0665925205060476,150.85714285714286,17.604592364757483,8,-0.8229838658936564,-0.5680647467311559,0.0,0.0,0.0,0.0,93.15461538461538,137.45,150.9223076923077,111.77538461538461,122.59153846153846,211.20076923076925,57.326153846153844,46.60923076923076,251.47076923076924,27.794175824175827,30.693296703296706,27.853736263736266,29.165384615384614,31.97098901098901,27.912417582417582,28.364615384615384,91.4165934065934,88.64923076923077,89.94835164835165,473.6392307692307,544.0730769230769,450.4007692307692,13220.415992645814,1347.0,1374.0,
2025-08-18,division,Khulna,Khulna,125.0,125.0,152.0,215.0,90.0,116.0,76.0,145.5,136.0,215.0,215.0,52.82991576748909,0.8600682593856656,1.0693430656934306,269.57142857142856,16.659378702207434,8,-0.8229838658936564,-0.5680647467311559,0.0,0.0,0.0,0.0,110.098,83.525,164.518,89.658,128.26500000000001,201.012,65.837,14.952000000000002,142.476,27.662285714285712,30.48485714285714,27.855857142857143,29.114142857142856,31.889714285714284,28.031142857142857,28.602000000000004,91.64642857142857,88.61742857142858,89.164,513.812,372.21199999999993,404.432,14402.737573714287,109.0,122.0,
2025-08-18,division,Mymensingh,Mymensingh,22.0,22.0,22.0,33.0,11.0,24.0,14.0,22.0,22.5,33.0,33.0,8.981462390205104,1.0,0.9787234042553191,288.14285714285717,16.31903432869183,8,-0.8229838658936564,-0.5680647467311559,0.0,0.0,0.0,0.0,87.4425,176.77,163.4325,105.71000000000001,177.84,88.7875,76.44,46.325,295.5,27.85892857142857,30.697142857142858,27.84892857142857,29.698214285714286,32.88607142857143,28.07,28.310714285714287,90.85821428571428,85.53857142857143,90.24535714285716,403.46999999999997,578.9175,505.36,11325.4029,41.0,43.0,
2025-08-18,division,Rajshahi,Rajshahi,98.0,98.0,142.0,169.0,104.0,162.0,153.0,128.25,171.875,169.0,268.0,33.430275699331794,0.7659574468085106,0.74765003615329,271.0,16.828744725921833,8,-0.8229838658936564,-0.5680647467311559,0.0,0.0,0.0,0.0,87.73625,112.10625,164.63625,63.23125,145.71375,77.58,51.917500000000004,12.76625,121.24,28.09267857142857,30.953214285714285,28.02875,29.816964285714285,32.79803571428572,28.58214285714286,29.058392857142856,90.00125,84.6225,86.63875,339.0625,305.09749999999997,428.38875,9691.1328125,102.0,115.0,
2025-08-18,division,Rangpur,Rangpur,34.0,34.0,18.0,31.0,18.0,29.0,1.0,25.25,20.125,34.0,34.0,8.46069343099803,1.3333333333333333,1.242603550295858,288.7142857142857,16.68403182311846,8,-0.8229838658936564,-0.5680647467311559,0.0,0.0,0.0,0.0,69.72125,132.79375,147.18374999999997,51.480000000000004,147.95125,31.8375,83.51,20.55125,121.24625,28.276071428571427,31.15267857142857,28.053571428571427,30.085535714285715,33.39267857142857,28.87517857142857,28.96125,88.59267857142856,83.45267857142856,86.24607142857143,307.47874999999993,318.42999999999995,484.5174999999999,8878.50381316964,11.0,16.0,
2025-08-18,division,Sylhet,Sylhet,10.0,10.0,10.0,8.0,0.0,5.0,3.0,7.0,5.25,10.0,10.0,4.7609522856952315,1.375,1.28,289.85714285714283,16.21657018255286,8,-0.8229838658936564,-0.5680647467311559,0.0,0.0,0.0,0.0,148.545,267.395,222.65499999999997,130.6875,176.845,132.11,103.42500000000001,49.9625,549.95,27.87892857142857,31.075357142857143,27.57392857142857,29.47357142857143,32.99107142857143,28.111428571428572,28.54714285714286,90.26035714285715,86.78678571428571,87.95678571428572,506.94749999999993,907.0324999999999,740.9999999999998,14251.018435714284,6.0,8.0,
2025-08-25,division,Barishal,Barishal,569.0,569.0,389.0,403.0,499.0,488.0,858.0,465.0,521.625,569.0,665.0,84.83709880313769,1.2231759656652361,0.8916527146615643,248.71428571428572,16.02379618021547,8,-0.8854560256532096,-0.4647231720437691,0.0,0.0,0.0,0.0,52.86666666666667,59.835,155.97833333333332,240.26833333333332,188.37166666666667,128.03666666666666,186.92333333333332,280.12,110.18833333333333,28.07142857142857,30.49047619047619,28.374285714285715,28.263095238095236,30.06190476190476,28.299047619047617,28.314285714285713,87.73761904761905,91.25928571428572,90.24738095238096,906.2833333333333,559.1033333333334,467.4666666666667,25646.955206349205,586.0,499.0,815.0
2025-08-25,division,Chattogram,Chattogram,518.0,518.0,389.0,309.0,392.0,303.0,237.0,402.0,369.25,518.0,518.0,86.3597128295364,1.2878411910669976,1.088453747467927,248.71428571428572,17.31813049167358,8,-0.8854560256532096,-0.4647231720437691,0.0,0.0,0.0,0.0,49.38272727272727,89.68181818181819,172.17000000000002,216.14272727272729,195.42818181818183,106.32090909090908,133.32090909090908,231.7118181818182,146.08545454545455,27.6948051948052,30.69844155844156,27.95896103896104,27.599220779220783,29.935454545454547,27.891038961038962,27.748571428571427,87.96766233766233,91.37441558441559,90.29727272727273,790.5645454545453,550.6954545454545,497.51909090909083,22049.66653848878,515.0,548.0,604.0
2025-08-25,division,Dhaka,Dhaka,1347.0,1347.0,1063.0,983.0,1043.0,743.0,842.0,1109.0,961.25,1347.0,1347.0,162.26726924018507,1.2144144144144144,1.1535463756819953,152.42857142857142,17.604592364757483,8,-0.8854560256532096,-0.4647231720437691,0.0,0.0,0.0,0.0,59.86923076923077,68.87384615384616,137.45,150.9223076923077,111.77538461538461,122.59153846153846,82.52076923076923,121.72846153846154,124.26461538461538,28.021868131868132,31.04417582417582,28.228021978021978,28.285384615384615,30.944835164835165,28.352307692307697,28.355164835164835,88.72912087912088,91.26384615384616,90.55593406593405,528.0884615384615,349.9284615384615,359.3476923076922,14972.52655029586,1374.0,1478.0,1950.0
2025-08-25,division,Khulna,Khulna,109.0,109.0,125.0,152.0,215.0,90.0,74.0,150.25,140.375,215.0,215.0,46.671725916233186,0.7272727272727273,1.0698496905393458,286.42857142857144,16.659378702207434,8,-0.8854560256532096,-0.4647231720437691,0.0,0.0,0.0,0.0,47.387,46.291000000000004,83.525,164.518,89.658,128.26500000000001,118.69800000000001,142.554,72.22999999999999,28.030142857142856,31.14971428571429,28.20157142857143,28.25785714285714,30.856857142857145,28.365285714285715,28.529285714285713,89.13057142857143,91.33485714285715,89.56542857142857,537.6329999999999,295.5729999999999,287.30099999999993,15250.11365442857,122.0,95.0,205.0
2025-08-25,division,Mymensingh,Mymensingh,41.0,41.0,22.0,22.0,33.0,11.0,22.0,29.5,24.875,41.0,41.0,9.255628917943328,1.3770491803278688,1.178743961352657,301.14285714285717,16.31903432869183,8,-0.8854560256532096,-0.4647231720437691,0.0,0.0,0.0,0.0,72.685,77.715,176.77,163.4325,105.71000000000001,177.84,60.4025,105.15,131.9425,28.1725,30.984285714285715,28.289285714285715,28.320714285714285,31.226785714285715,28.38357142857143,28.386785714285715,87.34285714285714,90.86785714285713,90.09392857142856,432.74,359.8575,414.61249999999995,12282.7067,43.0,26.0,53.0
2025-08-25,division,Rajshahi,Rajshahi,102.0,102.0,98.0,142.0,169.0,104.0,193.0,127.75,160.5,169.0,268.0,33.92516273603808,0.8,0.7972136222910217,290.2857142857143,16.828744725921833,8,-0.8854560256532096,-0.4647231720437691,0.0,0.0,0.0,0.0,39.8125,63.91,112.10625,164.63625,63.23125,145.71375,63.85125,92.49375,78.5975,28.387857142857143,31.202321428571427,28.453214285714285,28.621607142857144,31.411428571428573,28.476071428571426,29.025357142857143,86.92017857142856,89.51625,87.41982142857144,350.37624999999997,235.77499999999998,303.565,9977.339121874998,115.0,99.0,156.0
2025-08-25,division,Rangpur,Rangpur,11.0,11.0,34.0,18.0,31.0,18.0,3.0,23.5,21.125,34.0,34.0,10.847426730181981,0.4897959183673469,1.1073446327683616,299.42857142857144,16.68403182311846,8,-0.8854560256532096,-0.4647231720437691,0.0,0.0,0.0,0.0,61.44375,134.81875,132.79375,147.18374999999997,51.480000000000004,147.95125,44.18,92.19375000000001,84.43875,28.532857142857143,31.688214285714285,28.62125,28.59267857142857,31.368214285714284,28.54625,28.850357142857142,85.86571428571429,88.88553571428571,87.18232142857143,275.44874999999996,280.69374999999997,398.7774999999999,7863.028879687499,16.0,22.0,83.0
2025-08-25,division,Sylhet,Sylhet,6.0,6.0,10.0,10.0,8.0,0.0,2.0,8.5,5.75,10.0,10.0,1.914854215512672,0.7368421052631579,1.4074074074074074,302.85714285714283,16.21657018255286,8,-0.8854560256532096,-0.4647231720437691,0.0,0.0,0.0,0.0,103.96000000000001,102.405,267.395,222.65499999999997,130.6875,176.845,94.5675,139.1725,167.9475,28.002142857142857,31.036785714285713,28.21142857142857,28.141785714285717,31.33142857142857,28.263928571428572,28.560714285714283,88.0675,90.01035714285715,88.10321428571429,534.2099999999999,460.50749999999994,622.3049999999998,15098.873282142855,8.0,10.0,8.0
2025-09-01,division,Barishal,Barishal,586.0,586.0,569.0,389.0,403.0,499.0,657.0,486.75,512.75,586.0,665.0,105.17406207489252,1.203485392106612,0.9493917274939173,304.85714285714283,16.02379618021547,9,-0.9350162426854147,-0.3546048870425359,0.0,0.0,0.0,0.0,44.65833333333333,198.78666666666666,59.835,155.97833333333332,240.26833333333332,188.37166666666667,402.95166666666665,115.87166666666667,52.92333333333334,28.19452380952381,30.52714285714286,27.918809523809525,28.019047619047615,30.057619047619045,28.950952380952383,27.80690476190476,87.8157142857143,89.39904761904761,91.67476190476191,959.6283333333332,635.8383333333334,356.14666666666665,27782.15418174603,499.0,,701.0
2025-09-01,division,Chattogram,Chattogram,515.0,515.0,518.0,389.0,309.0,392.0,433.0,432.75,379.5,518.0,518.0,102.07962578301311,1.1896253602305475,1.1399474375821288,312.14285714285717,17.31813049167358,9,-0.9350162426854147,-0.3546048870425359,0.0,0.0,0.0,0.0,49.622727272727275,186.28454545454545,89.68181818181819,172.17000000000002,216.14272727272729,195.42818181818183,355.49454545454546,91.14727272727272,81.75090909090909,28.071168831168833,31.12194805194805,27.456363636363633,27.42688311688312,29.923896103896105,28.531818181818185,27.380649350649353,87.26272727272728,89.53285714285715,90.94844155844156,873.3863636363635,537.9309090909089,374.9718181818181,24919.300929752066,548.0,,598.0
2025-09-01,division,Dhaka,Dhaka,1374.0,1374.0,1347.0,1063.0,983.0,1043.0,865.0,1191.75,1024.875,1374.0,1374.0,197.88106697374238,1.1527981555229512,1.162666016814914,193.71428571428572,17.604592364757483,9,-0.9350162426854147,-0.3546048870425359,0.0,0.0,0.0,0.0,54.16153846153846,93.15461538461538,68.87384615384616,137.45,150.9223076923077,111.77538461538461,211.20076923076925,57.326153846153844,46.60923076923076,28.37065934065934,31.254945054945054,27.794175824175827,27.853736263736266,30.395714285714288,29.165384615384614,27.912417582417582,88.16186813186813,90.79472527472527,90.61989010989011,596.49,308.1846153846153,276.05923076923074,17396.86026923077,1478.0,,1916.0
2025-09-01,division,Khulna,Khulna,122.0,122.0,109.0,125.0,152.0,215.0,175.0,127.0,133.75,152.0,215.0,18.055470085267636,0.9609375,0.9499072356215214,370.57142857142856,16.659378702207434,9,-0.9350162426854147,-0.3546048870425359,0.0,0.0,0.0,0.0,46.436,110.098,46.291000000000004,83.525,164.518,89.658,201.012,65.837,14.952000000000002,28.176,31.26257142857143,27.662285714285712,27.855857142857143,30.439142857142855,29.114142857142856,28.031142857142857,88.68871428571428,91.00628571428571,91.13671428571429,583.453,342.04099999999994,250.21199999999996,16986.73399242857,95.0,,94.0
2025-09-01,division,Mymensingh,Mymensingh,43.0,43.0,41.0,22.0,22.0,33.0,28.0,32.0,26.75,43.0,43.0,11.575836902790318,1.3333333333333333,1.1891891891891893,380.2857142857143,16.31903432869183,9,-0.9350162426854147,-0.3546048870425359,0.0,0.0,0.0,0.0,54.06,87.4425,77.715,176.77,163.4325,105.71000000000001,88.7875,76.44,46.325,28.537142857142857,31.551785714285714,27.85892857142857,27.84892857142857,30.718214285714286,29.698214285714286,28.07,86.94607142857143,90.71464285714285,88.84107142857144,535.77,288.3175,291.90250000000003,15911.412267857142,26.0,,75.0
2025-09-01,division,Rajshahi,Rajshahi,115.0,115.0,102.0,98.0,142.0,169.0,239.0,114.25,145.0,142.0,268.0,19.872510326243813,1.0065075921908895,0.7893835616438356,371.57142857142856,16.828744725921833,9,-0.9350162426854147,-0.3546048870425359,0.0,0.0,0.0,0.0,37.943749999999994,87.73625,63.91,112.10625,164.63625,63.23125,77.58,51.917500000000004,12.76625,28.689821428571427,31.634464285714287,28.09267857142857,28.02875,30.720535714285717,29.816964285714285,28.58214285714286,86.86017857142858,89.73982142857143,86.89642857142857,451.16125,221.02875000000003,229.4025,13452.258878348213,99.0,,95.0
2025-09-01,division,Rangpur,Rangpur,16.0,16.0,11.0,34.0,18.0,31.0,13.0,19.75,21.5,34.0,34.0,9.945685831890456,0.8192771084337349,0.9222222222222223,384.57142857142856,16.68403182311846,9,-0.9350162426854147,-0.3546048870425359,0.0,0.0,0.0,0.0,30.22375,69.72125,134.81875,132.79375,147.18374999999997,51.480000000000004,31.8375,83.51,20.55125,28.75482142857143,32.057857142857145,28.276071428571427,28.053571428571427,31.106785714285714,30.085535714285715,28.87517857142857,85.65696428571428,89.3575,84.18589285714286,378.45249999999993,240.43499999999995,296.2074999999999,11385.946204910713,22.0,,40.0
2025-09-01,division,Sylhet,Sylhet,8.0,8.0,6.0,10.0,10.0,8.0,5.0,8.5,6.125,10.0,10.0,1.914854215512672,0.9473684210526315,1.3333333333333333,385.2857142857143,16.21657018255286,9,-0.9350162426854147,-0.3546048870425359,0.0,0.0,0.0,0.0,100.21000000000001,148.545,102.405,267.395,222.65499999999997,130.6875,132.11,103.42500000000001,49.9625,28.503571428571426,31.64107142857143,27.87892857142857,27.57392857142857,30.416071428571428,29.47357142857143,28.111428571428572,86.225,91.14964285714285,88.02,662.2974999999999,387.12749999999994,455.1199999999999,19520.272673214284,10.0,,12.0
2025-09-08,division,Barishal,Barishal,499.0,499.0,586.0,569.0,389.0,403.0,665.0,510.75,492.0,586.0,586.0,89.47392543827138,0.9770395701025891,1.0380324543610548,313.2857142857143,16.02379618021547,9,-0.970941817426052,-0.23931566428755774,0.0,0.0,0.0,0.0,93.07,52.86666666666667,198.78666666666666,59.835,155.97833333333332,240.26833333333332,128.03666666666666,186.92333333333332,280.12,28.316666666666666,30.594285714285714,28.07142857142857,28.374285714285715,30.639761904761908,28.263095238095236,28.299047619047617,87.74880952380953,87.42571428571428,89.77904761904762,712.655,985.8666666666667,389.38166666666666,20141.83613690476,,815.0,823.0
2025-09-08,division,Chattogram,Chattogram,548.0,548.0,515.0,518.0,389.0,309.0,319.0,492.5,408.125,548.0,548.0,70.59036761485235,1.1124620060790273,1.2062328139321723,323.42857142857144,17.31813049167358,9,-0.970941817426052,-0.23931566428755774,0.0,0.0,0.0,0.0,137.6809090909091,49.38272727272727,186.28454545454545,89.68181818181819,172.17000000000002,216.14272727272729,106.32090909090908,133.32090909090908,231.7118181818182,27.71090909090909,30.143506493506493,27.6948051948052,27.95896103896104,30.810909090909092,27.599220779220783,27.891038961038962,89.24909090909091,87.832987012987,89.05870129870131,690.0618181818181,811.6745454545453,422.97090909090895,19045.16847131051,,604.0,581.0
2025-09-08,division,Dhaka,Dhaka,1478.0,1478.0,1374.0,1347.0,1063.0,983.0,754.0,1315.5,1115.375,1478.0,1478.0,177.55468641144543,1.1234333459931638,1.1792632403986116,200.71428571428572,17.604592364757483,9,-0.970941817426052,-0.23931566428755774,0.0,0.0,0.0,0.0,73.6276923076923,59.86923076923077,93.15461538461538,68.87384615384616,137.45,150.9223076923077,122.59153846153846,82.52076923076923,121.72846153846154,28.024505494505494,30.611208791208792,28.021868131868132,28.228021978021978,30.978021978021978,28.285384615384615,28.352307692307697,89.40274725274725,88.95978021978021,89.8623076923077,522.7392307692307,472.7761538461538,280.8130769230769,14785.880195857988,,1950.0,2269.0
2025-09-08,division,Khulna,Khulna,95.0,95.0,122.0,109.0,125.0,152.0,141.0,112.75,128.0,125.0,215.0,13.720422734012079,0.843956043956044,0.8817829457364341,379.57142857142856,16.659378702207434,9,-0.970941817426052,-0.23931566428755774,0.0,0.0,0.0,0.0,35.696999999999996,47.387,110.098,46.291000000000004,83.525,164.518,128.26500000000001,118.69800000000001,142.554,28.052285714285716,31.017857142857146,28.030142857142856,28.20157142857143,31.113428571428575,28.25785714285714,28.365285714285715,89.058,89.70914285714285,90.11385714285714,465.966,528.1009999999999,239.61799999999994,13167.200661428571,,205.0,248.0
2025-09-08,division,Mymensingh,Mymensingh,26.0,26.0,43.0,41.0,22.0,22.0,18.0,33.0,27.75,43.0,43.0,10.55146119422971,0.7941176470588235,1.182608695652174,390.85714285714283,16.31903432869183,9,-0.970941817426052,-0.23931566428755774,0.0,0.0,0.0,0.0,108.0875,72.685,87.4425,77.715,176.77,163.4325,177.84,60.4025,105.15,28.02642857142857,30.808571428571426,28.1725,28.289285714285715,30.94535714285714,28.320714285714285,28.38357142857143,89.03035714285714,88.43607142857142,89.18821428571428,623.7525,330.78000000000003,322.275,17665.1163375,,53.0,87.0
2025-09-08,division,Rajshahi,Rajshahi,99.0,99.0,115.0,102.0,98.0,142.0,268.0,103.5,123.875,115.0,169.0,7.852812659593184,0.9569377990430622,0.8368368368368369,380.57142857142856,16.828744725921833,9,-0.970941817426052,-0.23931566428755774,0.0,0.0,0.0,0.0,76.0825,39.8125,87.73625,63.91,112.10625,164.63625,145.71375,63.85125,92.49375,28.17910714285714,31.048035714285714,28.387857142857143,28.453214285714285,31.111428571428572,28.621607142857144,28.476071428571426,88.43732142857144,88.6,88.44678571428572,485.6875,285.8425,241.575,13901.156819196429,,156.0,156.0
2025-09-08,division,Rangpur,Rangpur,22.0,22.0,16.0,11.0,34.0,18.0,15.0,20.75,22.375,34.0,34.0,9.9121138007995,1.0574712643678161,0.93048128342246,394.7142857142857,16.68403182311846,9,-0.970941817426052,-0.23931566428755774,0.0,0.0,0.0,0.0,134.845,61.44375,69.72125,134.81875,132.79375,147.18374999999997,147.95125,44.18,92.19375000000001,28.059642857142858,31.081607142857145,28.532857142857143,28.62125,31.44910714285714,28.59267857142857,28.54625,88.84357142857144,87.40410714285714,87.22785714285715,479.4087499999999,251.72124999999994,296.23374999999993,13707.580293080353,,83.0,82.0
2025-09-08,division,Sylhet,Sylhet,10.0,10.0,8.0,6.0,10.0,10.0,2.0,8.5,7.125,10.0,10.0,1.914854215512672,1.1578947368421053,1.1692307692307693,395.85714285714283,16.21657018255286,9,-0.970941817426052,-0.23931566428755774,0.0,0.0,0.0,0.0,141.8775,103.96000000000001,148.545,102.405,267.395,222.65499999999997,176.845,94.5675,139.1725,27.68107142857143,30.322499999999998,28.002142857142857,28.21142857142857,30.989285714285714,28.141785714285717,28.263928571428572,90.43071428571429,87.70321428571428,89.27535714285715,797.5824999999999,469.275,494.5924999999999,22445.395804464286,,8.0,18.0
2025-11-17,division,Barishal,Barishal,570.0,570.0,746.0,731.0,830.0,817.0,815.0,719.25,755.375,830.0,830.0,108.61974958542307,0.7927802846233947,0.9522392992893737,589.8571428571429,16.02379618021547,11,-0.5680647467311559,0.8229838658936564,0.0,0.0,0.0,0.0,0.028333333333333335,14.121666666666668,38.13666666666666,6.676666666666667,4.596666666666667,158.28666666666666,78.21333333333332,93.07,52.86666666666667,21.736904761904764,26.504761904761907,24.79738095238095,27.544047619047618,30.93166666666667,27.23190476190476,27.941666666666666,77.31261904761904,79.40309523809525,87.93166666666667,380.95000000000005,275.31,52.28666666666669,10373.99411904762,395.0,272.0,147.0
2025-11-17,division,Chattogram,Chattogram,643.0,643.0,823.0,601.0,703.0,716.0,604.0,692.5,669.125,823.0,823.0,96.54532614269836,0.9286229271809661,1.0348815519492631,578.8571428571429,17.31813049167358,11,-0.5680647467311559,0.8229838658936564,0.0,0.0,0.0,0.0,0.0,36.43181818181818,25.481818181818184,5.914545454545455,13.138181818181819,113.0109090909091,91.10363636363637,137.6809090909091,49.38272727272727,22.036883116883118,26.785064935064938,25.295194805194807,27.484155844155847,31.191558441558445,26.928181818181816,27.670259740259738,79.06727272727272,80.58272727272727,88.45233766233765,339.93545454545443,333.7654545454544,61.91363636363625,9153.843726446277,600.0,582.0,283.0
2025-11-17,division,Dhaka,Dhaka,2474.0,2474.0,2710.0,3299.0,3428.0,2990.0,1950.0,2977.75,2725.0,3428.0,3428.0,458.759468567135,0.8308854385228703,1.0927182685253118,309.2857142857143,17.604592364757483,11,-0.5680647467311559,0.8229838658936564,0.0,0.0,0.0,0.0,0.0,7.203076923076923,79.89153846153846,0.2961538461538462,1.5053846153846153,115.98538461538462,79.07384615384616,73.6276923076923,59.86923076923077,20.90021978021978,26.30747252747253,24.134175824175824,26.428241758241754,30.985824175824177,27.08,27.853406593406593,76.36901098901099,80.21791208791208,89.10879120879122,308.5692307692307,274.7246153846153,87.09461538461532,8356.054769230768,2044.0,1630.0,652.0
2025-11-17,division,Khulna,Khulna,206.0,206.0,231.0,239.0,310.0,239.0,205.0,246.5,229.25,310.0,310.0,44.60567975792602,0.8363636363636363,1.0749185667752443,663.4285714285714,16.659378702207434,11,-0.5680647467311559,0.8229838658936564,0.0,0.0,0.0,0.0,0.001,2.6689999999999996,56.009,1.571,0.187,80.43100000000001,52.576,35.696999999999996,47.387,20.619999999999997,26.488,23.28385714285714,26.363142857142854,30.802142857142854,26.878571428571426,27.72942857142857,76.42999999999999,80.10157142857142,89.74928571428572,218.92799999999997,217.88099999999994,58.678999999999945,5884.471885714284,191.0,109.0,58.0
2025-11-17,division,Mymensingh,Mymensingh,87.0,87.0,130.0,104.0,113.0,117.0,53.0,108.5,99.875,130.0,130.0,17.935068069752866,0.8036529680365296,1.0855018587360594,677.8571428571429,16.31903432869183,11,-0.5680647467311559,0.8229838658936564,0.0,0.0,0.0,0.0,0.0,6.64,101.7875,0.14,0.0475,76.80250000000001,28.06,108.0875,72.685,20.685,25.839285714285715,24.123571428571427,26.207857142857144,30.8425,26.91857142857143,28.209285714285713,75.58285714285714,77.97571428571429,87.49571428571429,231.60500000000002,361.62,108.4275,6234.475735714286,72.0,40.0,24.0
2025-11-17,division,Rajshahi,Rajshahi,107.0,107.0,186.0,138.0,190.0,136.0,156.0,155.25,144.25,190.0,190.0,39.91136012048033,0.6912,1.0757314974182444,669.8571428571429,16.828744725921833,11,-0.5680647467311559,0.8229838658936564,0.0,0.0,0.0,0.0,0.0,0.3025,91.96,0.0,0.01875,33.6325,22.033749999999998,76.0825,39.8125,20.44964285714286,25.683035714285715,23.30392857142857,26.296071428571427,30.365357142857142,26.990892857142857,28.37875,76.55053571428572,77.79803571428572,86.7225,186.60875000000001,276.7375,92.26249999999999,5036.736777455358,85.0,92.0,21.0
2025-11-17,division,Rangpur,Rangpur,7.0,7.0,36.0,70.0,50.0,78.0,83.0,40.75,52.5,70.0,82.0,26.474830814693924,0.19161676646706588,0.780373831775701,691.2857142857143,16.68403182311846,11,-0.5680647467311559,0.8229838658936564,0.0,0.0,0.0,0.0,0.185,0.8262499999999999,99.76125,0.043750000000000004,0.00125,14.732499999999998,8.3225,134.845,61.44375,20.13517857142857,25.295357142857142,23.30517857142857,25.804642857142856,29.896071428571428,26.25839285714286,28.76482142857143,80.96517857142857,79.10553571428571,84.37160714285714,175.9424999999999,363.66499999999996,100.77249999999995,4619.967285267855,15.0,19.0,5.0
2025-11-17,division,Sylhet,Sylhet,14.0,14.0,13.0,24.0,19.0,21.0,8.0,17.5,16.875,24.0,24.0,5.066228051190221,0.8108108108108109,1.034965034965035,694.5714285714286,16.21657018255286,11,-0.5680647467311559,0.8229838658936564,0.0,0.0,0.0,0.0,0.0,28.81,66.8825,0.6900000000000001,0.07,107.9625,73.51,141.8775,103.96000000000001,21.409999999999997,26.5475,25.042857142857144,27.10642857142857,31.50714285714286,26.743214285714284,28.344285714285714,76.33714285714285,76.79892857142858,87.34857142857143,294.66249999999985,481.3399999999999,95.69249999999988,7880.222379464281,36.0,14.0,2.0
2025-11-24,division,Barishal,Barishal,395.0,395.0,570.0,746.0,731.0,830.0,701.0,610.5,717.125,746.0,830.0,164.27720474855914,0.6475878986099755,0.8515230635335074,505.42857142857144,16.02379618021547,11,-0.4647231720437684,0.88545602565321,0.0,0.0,0.0,0.0,0.008333333333333333,0.0,14.121666666666668,38.13666666666666,6.676666666666667,4.596666666666667,139.85333333333332,84.715,44.65833333333333,20.55404761904762,25.560952380952383,21.207380952380955,28.047619047619047,30.989285714285714,26.694285714285712,28.25261904761905,77.75142857142856,82.26142857142857,88.91452380952381,309.4133333333333,300.65666666666664,14.158333333333363,8259.567923809522,272.0,257.0,
2025-11-24,division,Chattogram,Chattogram,600.0,600.0,643.0,823.0,601.0,703.0,598.0,666.75,669.375,823.0,823.0,106.07662324942284,0.9000374391613628,0.9960842811859034,495.0,17.31813049167358,11,-0.4647231720437684,0.88545602565321,0.0,0.0,0.0,0.0,0.009090909090909092,0.0,36.43181818181818,25.481818181818184,5.914545454545455,13.138181818181819,122.68272727272728,97.0790909090909,49.622727272727275,20.51909090909091,25.84012987012987,21.983246753246753,27.78649350649351,31.186103896103894,26.953766233766235,27.70753246753247,77.70012987012987,80.78584415584416,89.43181818181819,254.74636363636353,375.48636363636354,36.440909090908974,6866.373934356549,582.0,437.0,
2025-11-24,division,Dhaka,Dhaka,2044.0,2044.0,2474.0,2710.0,3299.0,3428.0,1916.0,2631.75,2741.0,3299.0,3428.0,523.3484339647282,0.776754344316779,0.9601568198395332,233.42857142857142,17.604592364757483,11,-0.4647231720437684,0.88545602565321,0.0,0.0,0.0,0.0,0.0,0.0,7.203076923076923,79.89153846153846,0.2961538461538462,1.5053846153846153,112.00461538461538,87.06615384615384,54.16153846153846,19.72384615384615,25.5389010989011,20.66065934065934,27.145604395604398,30.827142857142857,26.126923076923074,27.733846153846155,78.82296703296703,82.57087912087913,91.1854945054945,229.7915384615384,293.92923076923074,7.203076923076866,6003.745849112424,1630.0,1386.0,
2025-11-24,division,Khulna,Khulna,191.0,191.0,206.0,231.0,239.0,310.0,94.0,216.75,241.375,239.0,310.0,22.18670773233344,0.8817451205510907,0.8984012377514182,557.4285714285714,16.659378702207434,11,-0.4647231720437684,0.88545602565321,0.0,0.0,0.0,0.0,0.0,0.0,2.6689999999999996,56.009,1.571,0.187,85.73400000000001,88.361,46.436,19.252428571428574,25.656571428571432,19.792285714285715,26.899142857142856,30.782142857142855,25.56742857142857,27.752142857142854,80.4827142857143,86.01157142857143,90.885,167.92299999999997,223.06999999999994,2.6699999999999426,4293.359307999999,109.0,147.0,
2025-11-24,division,Mymensingh,Mymensingh,72.0,72.0,87.0,130.0,104.0,113.0,75.0,98.25,99.5,130.0,130.0,24.878035828149066,0.7355163727959698,0.9875621890547264,574.4285714285714,16.31903432869183,11,-0.4647231720437684,0.88545602565321,0.0,0.0,0.0,0.0,0.0,0.0,6.64,101.7875,0.14,0.0475,126.69500000000001,126.7875,54.06,19.805,25.49214285714286,20.936785714285712,26.1575,30.022857142857145,26.21607142857143,27.567500000000003,78.82392857142858,81.77928571428572,90.44035714285714,203.685,316.995,6.64,5339.820508928571,40.0,39.0,
2025-11-24,division,Rajshahi,Rajshahi,85.0,85.0,107.0,186.0,138.0,190.0,95.0,129.0,143.0,186.0,190.0,43.77975178854567,0.6615384615384615,0.9027777777777778,571.5714285714286,16.828744725921833,11,-0.4647231720437684,0.88545602565321,0.0,0.0,0.0,0.0,0.0,0.0,0.3025,91.96,0.0,0.01875,130.92374999999998,122.89875,37.943749999999994,19.35017857142857,25.05892857142857,19.924107142857142,26.19607142857143,29.66125,25.605714285714285,27.708928571428572,81.43589285714286,84.9407142857143,90.17625000000001,164.575,258.95875,0.3025,4214.060428571428,92.0,69.0,
2025-11-24,division,Rangpur,Rangpur,15.0,15.0,7.0,36.0,70.0,50.0,40.0,32.0,49.375,70.0,82.0,28.13064758112286,0.48484848484848486,0.6550868486352357,585.8571428571429,16.68403182311846,11,-0.4647231720437684,0.88545602565321,0.0,0.0,0.0,0.0,0.0,0.0,0.8262499999999999,99.76125,0.043750000000000004,0.00125,152.88625,137.1525,30.22375,19.44982142857143,24.897857142857145,20.08535714285714,24.7025,27.917142857142856,25.536785714285713,27.373035714285713,82.91285714285715,86.95892857142857,88.66071428571429,167.66374999999994,310.54374999999993,1.0112499999999431,4281.593255803569,19.0,8.0,
2025-11-24,division,Sylhet,Sylhet,36.0,36.0,14.0,13.0,24.0,19.0,12.0,21.75,19.875,36.0,36.0,10.719919153924002,1.6263736263736264,1.089820359281437,584.8571428571429,16.21657018255286,11,-0.4647231720437684,0.88545602565321,0.0,0.0,0.0,0.0,0.0,0.0,28.81,66.8825,0.6900000000000001,0.07,113.12,135.2925,100.21000000000001,20.220714285714287,25.831428571428575,21.898571428571426,26.68642857142857,30.602857142857143,27.014285714285712,27.552500000000002,77.03392857142858,80.51428571428572,89.16142857142856,221.8424999999999,450.8899999999999,28.809999999999885,5992.916678571425,14.0,21.0,
2025-12-01,division,Barishal,Barishal,272.0,272.0,395.0,570.0,746.0,731.0,823.0,495.75,648.25,746.0,830.0,206.8435399039574,0.5495722194262708,0.7651135926068541,434.7142857142857,16.02379618021547,12,-0.35460488704253595,0.9350162426854147,0.0,0.0,0.0,0.0,0.0,0.028333333333333335,0.0,14.121666666666668,38.13666666666666,6.676666666666667,158.28666666666666,78.21333333333332,93.07,19.16595238095238,24.37404761904762,21.736904761904764,24.79738095238095,28.51261904761905,27.544047619047618,27.23190476190476,81.11690476190476,83.19785714285713,86.26833333333333,207.6966666666667,395.8516666666667,0.03666666666669509,5720.8068769841275,257.0,147.0,58.0
2025-12-01,division,Chattogram,Chattogram,582.0,582.0,600.0,643.0,823.0,601.0,581.0,662.0,669.5,823.0,823.0,110.34189292074578,0.8793363499245852,0.9888143176733781,405.42857142857144,17.31813049167358,12,-0.35460488704253595,0.9350162426854147,0.0,0.0,0.0,0.0,0.0,0.0,0.0,36.43181818181818,25.481818181818184,5.914545454545455,113.0109090909091,91.10363636363637,137.6809090909091,19.404155844155845,24.637272727272727,22.036883116883118,25.295194805194807,28.9887012987013,27.484155844155847,26.928181818181816,80.49116883116882,85.47545454545455,86.79246753246753,157.54545454545442,448.54636363636354,0.009090909090795405,4330.00382526564,437.0,283.0,169.0
2025-12-01,division,Dhaka,Dhaka,1630.0,1630.0,2044.0,2474.0,2710.0,3299.0,2269.0,2214.5,2661.125,2710.0,3428.0,477.34369169394097,0.7361769352290679,0.8322298915340188,199.14285714285714,17.604592364757483,12,-0.35460488704253595,0.9350162426854147,0.0,0.0,0.0,0.0,0.0,0.0,0.0,7.203076923076923,79.89153846153846,0.2961538461538462,115.98538461538462,79.07384615384616,73.6276923076923,18.184175824175824,24.173186813186813,20.90021978021978,24.134175824175824,28.67054945054945,26.428241758241754,27.08,82.45032967032967,85.61131868131868,85.27274725274725,197.67846153846148,351.77230769230766,0.0,5224.294171935754,1386.0,652.0,246.0
2025-12-01,division,Khulna,Khulna,109.0,109.0,191.0,206.0,231.0,239.0,248.0,184.25,224.0,231.0,310.0,52.81019472286248,0.5937921727395412,0.8233333333333334,463.85714285714283,16.659378702207434,12,-0.35460488704253595,0.9350162426854147,0.0,0.0,0.0,0.0,0.0,0.001,0.0,2.6689999999999996,56.009,1.571,80.43100000000001,52.576,35.696999999999996,17.523142857142858,24.275714285714287,20.619999999999997,23.28385714285714,28.541857142857147,26.363142857142854,26.878571428571426,79.58842857142858,82.64585714285714,86.46942857142857,138.19799999999995,262.36799999999994,0.0009999999999431566,3643.333616571427,147.0,58.0,10.0
2025-12-01,division,Mymensingh,Mymensingh,40.0,40.0,72.0,87.0,130.0,104.0,87.0,82.25,93.625,130.0,130.0,37.384265852539286,0.4924924924924925,0.8797886393659181,480.85714285714283,16.31903432869183,12,-0.35460488704253595,0.9350162426854147,0.0,0.0,0.0,0.0,0.0,0.0,0.0,6.64,101.7875,0.14,76.80250000000001,28.06,108.0875,18.30464285714286,24.330357142857142,20.685,24.123571428571427,29.016785714285717,26.207857142857144,26.91857142857143,81.89821428571429,84.66285714285715,82.2467857142857,178.7775,389.63,0.0,4685.375180357143,39.0,24.0,5.0
2025-12-01,division,Rajshahi,Rajshahi,92.0,92.0,85.0,107.0,186.0,138.0,156.0,117.5,135.0,186.0,190.0,46.579680834744536,0.7848101265822784,0.8713235294117647,479.0,16.828744725921833,12,-0.35460488704253595,0.9350162426854147,0.0,0.0,0.0,0.0,0.0,0.0,0.0,0.3025,91.96,0.0,33.6325,22.033749999999998,76.0825,17.030714285714286,23.247142857142858,20.44964285714286,23.30392857142857,28.33625,26.296071428571427,26.990892857142857,80.97874999999999,82.86089285714286,82.36642857142857,125.61125,351.93875,0.0,3303.0824022321426,69.0,21.0,24.0
2025-12-01,division,Rangpur,Rangpur,19.0,19.0,15.0,7.0,36.0,70.0,82.0,19.25,41.5,36.0,78.0,12.2304265393049,0.9876543209876543,0.4764705882352941,489.0,16.68403182311846,12,-0.35460488704253595,0.9350162426854147,0.0,0.0,0.0,0.0,0.0,0.185,0.0,0.8262499999999999,99.76125,0.043750000000000004,14.732499999999998,8.3225,134.845,17.474464285714287,23.55875,20.13517857142857,23.30517857142857,28.243928571428572,25.804642857142856,26.25839285714286,81.66160714285714,84.30553571428571,84.18410714285714,114.53874999999995,433.2062499999999,0.18499999999994315,2955.63153705357,8.0,5.0,0.0
2025-12-01,division,Sylhet,Sylhet,14.0,14.0,36.0,14.0,13.0,24.0,18.0,19.25,19.375,36.0,36.0,11.176612486199325,0.7407407407407407,0.9938650306748467,486.0,16.21657018255286,12,-0.35460488704253595,0.9350162426854147,0.0,0.0,0.0,0.0,0.0,0.0,0.0,28.81,66.8825,0.6900000000000001,107.9625,73.51,141.8775,19.135714285714286,24.379285714285714,21.409999999999997,25.042857142857144,29.77214285714286,27.10642857142857,26.743214285714284,76.05464285714287,82.12857142857143,85.30607142857143,175.6049999999999,463.7999999999999,0.0,4760.024389285712,21.0,2.0,2.0
2025-12-08,division,Barishal,Barishal,257.0,257.0,272.0,395.0,570.0,746.0,825.0,373.5,577.25,570.0,830.0,144.85510001377244,0.6889185580774366,0.6476437527021185,355.14285714285717,16.02379618021547,12,-0.2393156642875578,0.970941817426052,0.0,0.0,0.0,0.0,0.0,0.008333333333333333,0.028333333333333335,0.0,14.121666666666668,38.13666666666666,4.596666666666667,139.85333333333332,84.715,19.24809523809524,24.87166666666667,20.55404761904762,21.207380952380955,26.17571428571429,28.047619047619047,26.694285714285712,77.76761904761905,79.61357142857143,83.19166666666668,63.531666666666695,461.0683333333333,0.03666666666669509,1781.9119841269849,147.0,,44.0
2025-12-08,division,Chattogram,Chattogram,437.0,437.0,582.0,600.0,643.0,823.0,688.0,565.5,638.125,643.0,823.0,89.40730768045006,0.7731685789938217,0.886368081361236,310.85714285714283,17.31813049167358,12,-0.2393156642875578,0.970941817426052,0.0,0.0,0.0,0.0,0.1590909090909091,0.009090909090909092,0.0,0.0,36.43181818181818,25.481818181818184,13.138181818181819,122.68272727272728,97.0790909090909,19.616623376623377,25.254415584415586,20.51909090909091,21.983246753246753,26.932857142857145,27.78649350649351,26.953766233766235,74.5064935064935,80.75324675324676,83.85909090909091,80.96636363636352,423.8763636363635,0.1681818181817045,2249.7713374262075,283.0,,56.0
2025-12-08,division,Dhaka,Dhaka,1386.0,1386.0,1630.0,2044.0,2474.0,2710.0,2714.0,1883.5,2495.125,2474.0,3428.0,478.26735898100645,0.7360042451578668,0.7549702038159146,161.14285714285714,17.604592364757483,12,-0.2393156642875578,0.970941817426052,0.0,0.0,0.0,0.0,0.0,0.0,0.0,0.0,7.203076923076923,79.89153846153846,1.5053846153846153,112.00461538461538,87.06615384615384,18.518351648351647,24.813736263736264,19.72384615384615,20.66065934065934,26.32648351648352,27.145604395604398,26.126923076923074,77.33384615384615,80.08285714285715,84.34428571428572,88.89615384615378,394.12999999999994,0.0,2413.139824598477,652.0,,129.0
2025-12-08,division,Khulna,Khulna,147.0,147.0,109.0,191.0,206.0,231.0,267.0,163.25,209.0,206.0,310.0,43.98768767128651,0.9010654490106544,0.7821428571428571,378.42857142857144,16.659378702207434,12,-0.2393156642875578,0.970941817426052,0.0,0.0,0.0,0.0,0.0,0.0,0.001,0.0,2.6689999999999996,56.009,0.187,85.73400000000001,88.361,17.652714285714286,24.824571428571428,19.252428571428574,19.792285714285715,26.035571428571426,26.899142857142856,25.56742857142857,78.11585714285715,79.79185714285714,84.242,60.43599999999994,307.102,0.0009999999999431566,1625.676597714284,58.0,,7.0
2025-12-08,division,Mymensingh,Mymensingh,39.0,39.0,40.0,72.0,87.0,130.0,86.0,59.5,87.75,87.0,130.0,23.895606290697078,0.6611570247933884,0.6816901408450704,388.2857142857143,16.31903432869183,12,-0.2393156642875578,0.970941817426052,0.0,0.0,0.0,0.0,0.0,0.0,0.0,0.0,6.64,101.7875,0.0475,126.69500000000001,126.7875,18.75,24.596071428571427,19.805,20.936785714285712,26.515357142857145,26.1575,26.21607142857143,73.72678571428571,78.81035714285713,82.68821428571428,108.615,358.345,0.0,2841.0968624999996,24.0,,6.0
2025-12-08,division,Rajshahi,Rajshahi,69.0,69.0,92.0,85.0,107.0,186.0,146.0,88.25,125.375,107.0,190.0,15.777093099385189,0.7843137254901961,0.7062314540059347,380.85714285714283,16.828744725921833,12,-0.2393156642875578,0.970941817426052,0.0,0.0,0.0,0.0,0.0,0.0,0.0,0.0,0.3025,91.96,0.01875,130.92374999999998,122.89875,17.568392857142857,23.830178571428572,19.35017857142857,19.924107142857142,25.768214285714286,26.19607142857143,25.605714285714285,79.29875,79.14732142857143,82.59071428571428,92.28124999999999,309.48875000000004,0.0,2417.4062165178566,21.0,,8.0
2025-12-08,division,Rangpur,Rangpur,8.0,8.0,19.0,15.0,7.0,36.0,57.0,12.25,35.375,19.0,78.0,5.737304826019531,0.6792452830188679,0.3642611683848797,391.2857142857143,16.68403182311846,12,-0.2393156642875578,0.970941817426052,0.0,0.0,0.0,0.0,0.0,0.0,0.185,0.0,0.8262499999999999,99.76125,0.00125,152.88625,137.1525,17.924107142857142,24.08625,19.44982142857143,20.08535714285714,25.913214285714286,24.7025,25.536785714285713,78.16053571428571,82.20410714285714,81.38107142857143,100.63249999999995,313.09374999999994,0.18499999999994315,2485.8743312499987,5.0,,0.0
2025-12-08,division,Sylhet,Sylhet,21.0,21.0,14.0,36.0,14.0,13.0,14.0,21.25,20.25,36.0,36.0,10.372238588334406,0.9887640449438202,1.0470588235294118,392.0,16.21657018255286,12,-0.2393156642875578,0.970941817426052,0.0,0.0,0.0,0.0,0.0,0.0,0.0,0.0,28.81,66.8825,0.07,113.12,135.2925,18.770714285714284,24.672857142857143,20.220714285714287,21.898571428571426,27.08,26.68642857142857,27.014285714285712,70.28428571428572,74.73285714285714,80.14071428571428,96.45249999999989,429.8849999999999,0.0,2573.9727517857114,2.0,,3.0
2025-12-15,division,Barishal,Barishal,147.0,147.0,257.0,272.0,395.0,570.0,817.0,267.75,493.5,395.0,830.0,101.5000000000001,0.5506976744186046,0.5434782608695652,301.0,16.02379618021547,12,-0.12053668025532363,0.992708874098054,0.0,0.0,1.0,7.0,1.3683333333333332,0.0,0.008333333333333333,0.028333333333333335,0.0,14.121666666666668,6.676666666666667,158.28666666666666,78.21333333333332,19.56547619047619,24.936190476190475,19.16595238095238,21.736904761904764,26.504761904761907,24.79738095238095,27.544047619047618,78.23428571428572,77.31261904761904,79.40309523809525,58.93500000000003,380.95000000000005,1.376666666666695,1461.433646428572,,58.0,
2025-12-15,division,Chattogram,Chattogram,283.0,283.0,437.0,582.0,600.0,643.0,716.0,475.5,584.0,600.0,823.0,147.6267816714388,0.5960125918153201,0.8145299145299145,275.2857142857143,17.31813049167358,12,-0.12053668025532363,0.992708874098054,0.0,0.0,1.0,7.0,10.6,0.0,0.009090909090909092,0.0,0.0,36.43181818181818,5.914545454545455,113.0109090909091,91.10363636363637,19.745064935064935,24.784025974025973,19.404155844155845,22.036883116883118,26.785064935064938,25.295194805194807,27.484155844155847,77.19207792207793,79.06727272727272,80.58272727272727,67.8281818181817,339.93545454545443,10.768181818181704,1715.7270723730787,,169.0,
2025-12-15,division,Dhaka,Dhaka,652.0,652.0,1386.0,1630.0,2044.0,2474.0,2990.0,1428.0,2202.875,2044.0,3428.0,584.2944463196619,0.456962911126662,0.648403380409506,139.71428571428572,17.604592364757483,12,-0.12053668025532363,0.992708874098054,0.0,0.0,1.0,7.0,0.11615384615384615,0.0,0.0,0.0,0.0,7.203076923076923,0.2961538461538462,115.98538461538462,79.07384615384616,18.532967032967033,24.77087912087912,18.184175824175824,20.90021978021978,26.30747252747253,24.134175824175824,26.428241758241754,79.64043956043955,76.36901098901099,80.21791208791208,87.39076923076917,308.5692307692307,0.1161538461537893,2109.1041900253576,,246.0,
2025-12-15,division,Khulna,Khulna,58.0,58.0,147.0,109.0,191.0,206.0,239.0,126.25,186.375,191.0,310.0,56.50589939702448,0.4636542239685658,0.6791194129419613,316.7142857142857,16.659378702207434,12,-0.12053668025532363,0.992708874098054,0.0,0.0,1.0,7.0,0.012,0.0,0.0,0.001,0.0,2.6689999999999996,1.571,80.43100000000001,52.576,17.621142857142857,24.66842857142857,17.523142857142858,20.619999999999997,26.488,23.28385714285714,26.363142857142854,80.63814285714287,76.42999999999999,80.10157142857142,60.248999999999945,218.92799999999997,0.011999999999943157,1402.8291089999987,,10.0,
2025-12-15,division,Mymensingh,Mymensingh,24.0,24.0,39.0,40.0,72.0,87.0,117.0,43.75,76.125,72.0,130.0,20.205197351176796,0.5586592178770949,0.580226904376013,332.14285714285717,16.31903432869183,12,-0.12053668025532363,0.992708874098054,0.0,0.0,1.0,7.0,0.007500000000000001,0.0,0.0,0.0,0.0,6.64,0.14,76.80250000000001,28.06,18.576785714285712,24.65535714285714,18.30464285714286,20.685,25.839285714285715,24.123571428571427,26.207857142857144,76.95142857142858,75.58285714285714,77.97571428571429,108.5675,231.60500000000002,0.007500000000000001,2619.0358410714284,,5.0,
2025-12-15,division,Rajshahi,Rajshahi,21.0,21.0,69.0,92.0,85.0,107.0,136.0,66.75,111.0,92.0,190.0,31.98306843732583,0.3247232472324723,0.6049107142857143,327.85714285714283,16.828744725921833,12,-0.12053668025532363,0.992708874098054,0.0,0.0,1.0,7.0,0.0,0.0,0.0,0.0,0.0,0.3025,0.0,33.6325,22.033749999999998,17.079107142857143,23.35517857142857,17.030714285714286,20.44964285714286,25.683035714285715,23.30392857142857,26.296071428571427,82.33928571428572,76.55053571428572,77.79803571428572,92.26249999999999,186.60875000000001,0.0,2150.078709821428,,24.0,
2025-12-15,division,Rangpur,Rangpur,5.0,5.0,8.0,19.0,15.0,7.0,78.0,11.75,26.25,19.0,70.0,6.396613687465189,0.47058823529411764,0.46788990825688076,336.57142857142856,16.68403182311846,12,-0.12053668025532363,0.992708874098054,0.0,0.0,1.0,7.0,0.0,0.0,0.0,0.185,0.0,0.8262499999999999,0.043750000000000004,14.732499999999998,8.3225,17.459107142857142,23.675714285714285,17.474464285714287,20.13517857142857,25.295357142857142,23.30517857142857,25.804642857142856,78.4232142857143,80.96517857142857,79.10553571428571,100.63124999999995,175.9424999999999,0.0,2345.2292511160704,,0.0,
2025-12-15,division,Sylhet,Sylhet,2.0,2.0,21.0,14.0,36.0,14.0,21.0,18.25,17.875,36.0,36.0,14.198004554631378,0.15584415584415584,1.0198675496688743,334.7142857142857,16.21657018255286,12,-0.12053668025532363,0.992708874098054,0.0,0.0,1.0,7.0,0.04,0.0,0.0,0.0,0.0,28.81,0.6900000000000001,107.9625,73.51,19.011428571428574,24.67964285714286,19.135714285714286,21.409999999999997,26.5475,25.042857142857144,27.10642857142857,74.65535714285714,76.33714285714285,76.79892857142858,96.3824999999999,294.66249999999985,0.039999999999886314,2413.693178571426,,2.0,
2026-04-06,division,Barishal,Barishal,36.0,36.0,57.0,13.0,7.0,21.0,17.0,28.25,23.375,57.0,57.0,22.881943390659647,1.264957264957265,1.2,12.571428571428571,16.02379618021547,4,0.9709418174260521,-0.2393156642875575,0.0,0.0,0.0,0.0,65.73666666666666,6.7683333333333335,47.98,7.026666666666666,0.96,0.7533333333333334,0.0,0.0,3.475,27.210238095238097,32.01333333333333,26.87142857142857,26.884761904761902,31.915238095238095,24.990714285714287,21.11547619047619,73.28357142857142,70.74071428571429,52.38809523809524,1.806666666666695,3.4750000000000285,127.95666666666668,45.14989047619119,50.0,63.0,57.0
2026-04-06,division,Chattogram,Chattogram,22.0,22.0,22.0,19.0,11.0,13.0,26.0,18.5,19.75,22.0,25.0,5.196152422705104,1.1794871794871795,0.9397590361445783,17.571428571428573,17.31813049167358,4,0.9709418174260521,-0.2393156642875575,0.0,0.0,0.0,0.0,49.709090909090904,8.262727272727274,41.73545454545455,13.268181818181818,0.8981818181818183,0.10909090909090911,0.0,0.0,0.38636363636363635,26.375194805194806,31.373116883116882,25.764155844155844,25.83597402597403,31.214935064935062,23.799740259740258,20.045194805194804,70.02324675324675,71.36363636363636,56.32948051948052,2.1681818181817047,0.38636363636352267,120.64999999999989,51.60216410861595,33.0,35.0,38.0
2026-04-06,division,Dhaka,Dhaka,43.0,43.0,48.0,41.0,19.0,38.0,47.0,37.75,35.625,48.0,48.0,12.841988423418647,1.135483870967742,1.0580204778156996,13.857142857142858,17.604592364757483,4,0.9709418174260521,-0.2393156642875575,0.0,0.0,0.0,0.0,56.215384615384615,28.563076923076924,56.51307692307692,16.514615384615386,0.6499999999999999,0.7838461538461539,0.0,0.0,11.526153846153846,26.4089010989011,32.28879120879121,26.223516483516484,27.258241758241756,33.45461538461539,24.163736263736265,20.0789010989011,68.60340659340659,64.96703296703296,52.81417582417582,1.443076923076866,11.52615384615379,175.74692307692303,34.87013017751342,51.0,41.0,39.0
2026-04-06,division,Khulna,Khulna,4.0,4.0,10.0,4.0,2.0,4.0,6.0,5.0,5.125,10.0,12.0,3.4641016151356387,0.8333333333333334,0.9795918367346939,19.285714285714285,16.659378702207434,4,0.9709418174260521,-0.2393156642875575,0.0,0.0,0.0,0.0,66.39099999999999,10.949,38.619,1.834,0.10700000000000001,3.117,0.0,0.0,36.854,27.258428571428574,33.97114285714286,27.327999999999996,28.006142857142855,34.89457142857143,24.239285714285714,20.430285714285716,65.41014285714286,62.02414285714286,47.29128571428571,3.225999999999943,36.85399999999994,130.98999999999995,78.19593571428433,10.0,4.0,12.0
2026-04-06,division,Mymensingh,Mymensingh,6.0,6.0,1.0,1.0,1.0,0.0,1.0,2.25,1.375,6.0,6.0,2.5000000000004206,2.1538461538461537,1.368421052631579,20.571428571428573,16.31903432869183,4,0.9709418174260521,-0.2393156642875575,0.0,0.0,0.0,0.0,34.5725,53.0,64.4375,47.9075,0.2325,0.33,0.0,0.0,0.0125,25.09357142857143,30.854642857142856,24.34642857142857,26.424285714285713,32.308571428571426,23.483571428571427,19.999285714285715,66.96892857142856,64.39678571428571,53.035714285714285,0.5625,0.0125,198.66250000000002,13.209508928571427,0.0,0.0,1.0
2026-04-06,division,Rajshahi,Rajshahi,13.0,13.0,5.0,1.0,0.0,2.0,2.0,4.75,3.125,13.0,13.0,5.909032633745364,2.4347826086956523,1.393939393939394,20.0,16.828744725921833,4,0.9709418174260521,-0.2393156642875575,0.0,0.0,0.0,0.0,28.3125,24.86,40.86,20.37875,0.065,0.41375,0.0,0.0,4.31125,26.6225,33.237857142857145,25.71892857142857,27.076785714285716,33.46910714285714,23.14517857142857,19.490357142857142,57.42839285714286,60.92732142857143,52.55035714285714,0.4875,4.31125,117.08500000000001,11.283274553571427,1.0,2.0,0.0
2026-04-06,division,Rangpur,Rangpur,0.0,0.0,0.0,0.0,0.0,0.0,0.0,0.0,0.0,0.0,0.0,0.0,1.0,1.0,20.714285714285715,16.68403182311846,4,0.9709418174260521,-0.2393156642875575,0.0,0.0,0.0,0.0,26.75625,45.9,54.1725,64.47125,0.335,0.80125,0.0,0.00625,0.0,24.856428571428573,31.408749999999998,23.69107142857143,25.847857142857144,31.735,22.45357142857143,19.520714285714284,62.62678571428572,61.76357142857143,53.388035714285714,1.1362499999999431,0.006249999999943157,159.07249999999993,25.51287053571301,18.0,2.0,1.0
2026-04-06,division,Sylhet,Sylhet,2.0,2.0,2.0,1.0,1.0,1.0,0.0,1.5,0.875,2.0,2.0,0.5773502691895922,1.2,1.3333333333333333,20.428571428571427,16.21657018255286,4,0.9709418174260521,-0.2393156642875575,0.0,0.0,0.0,0.0,37.4925,61.455,114.82,73.5025,0.1975,0.96,0.0,0.0,0.0,23.954285714285717,28.839642857142856,23.35142857142857,25.480357142857144,30.92821428571429,22.90357142857143,19.95642857142857,75.09928571428571,69.45964285714285,56.70035714285714,1.1574999999998863,0.0,307.2399999999999,26.510883928568823,7.0,2.0,0.0
2026-04-13,division,Barishal,Barishal,50.0,50.0,36.0,57.0,13.0,7.0,35.0,39.0,25.25,57.0,57.0,19.407902170680014,1.275,1.5238095238095237,12.857142857142858,16.02379618021547,4,0.9350162426854148,-0.35460488704253545,0.0,0.0,1.0,0.0,4.138333333333333,7.471666666666667,6.7683333333333335,47.98,7.026666666666666,0.96,0.09333333333333332,0.0,0.0,28.988809523809525,34.141666666666666,28.69142857142857,25.353571428571428,29.894523809523808,25.988809523809522,23.725238095238097,75.38357142857143,74.115,48.40904761904761,8.83333333333336,0.0,84.11500000000002,229.56781746031814,63.0,,72.0
2026-04-13,division,Chattogram,Chattogram,33.0,33.0,22.0,22.0,19.0,11.0,22.0,24.0,21.125,33.0,33.0,6.164414002967704,1.36,1.1299435028248588,14.857142857142858,17.31813049167358,4,0.9350162426854148,-0.35460488704253545,0.0,0.0,1.0,0.0,12.102727272727272,20.94272727272727,8.262727272727274,41.73545454545455,13.268181818181818,0.8981818181818183,1.160909090909091,0.0,0.0,28.353766233766237,33.953506493506495,27.518961038961038,24.304675324675326,28.738571428571426,25.04662337662338,23.025584415584415,72.94220779220778,74.50168831168831,50.020129870129864,15.436363636363522,0.0,91.0172727272726,386.62878630460165,35.0,,44.0
2026-04-13,division,Dhaka,Dhaka,51.0,51.0,43.0,48.0,41.0,19.0,36.0,45.75,37.5,51.0,51.0,4.5734742447308,1.1122994652406417,1.2142857142857142,11.857142857142858,17.604592364757483,4,0.9350162426854148,-0.35460488704253545,0.0,0.0,1.0,0.0,41.23923076923077,34.45538461538462,28.563076923076924,56.51307692307692,16.514615384615386,0.6499999999999999,0.009230769230769232,0.0,0.0,28.94197802197802,35.071978021978026,28.55032967032967,24.852967032967033,30.283076923076923,25.647142857142857,22.85087912087912,73.54021978021977,73.36494505494505,49.25054945054945,17.957692307692252,0.0,160.47307692307686,460.56349999999856,41.0,,66.0
2026-04-13,division,Khulna,Khulna,10.0,10.0,4.0,10.0,4.0,2.0,12.0,7.0,4.875,10.0,10.0,3.4641016151356343,1.375,1.3617021276595744,17.428571428571427,16.659378702207434,4,0.9350162426854148,-0.35460488704253545,0.0,0.0,1.0,0.0,7.3549999999999995,15.031,10.949,38.619,1.834,0.10700000000000001,0.002,0.0,0.0,29.988285714285713,37.39928571428571,29.536142857142856,25.60042857142857,31.965142857142858,25.89842857142857,23.03942857142857,68.12342857142858,69.54728571428572,45.56128571428572,5.059999999999943,0.0,99.72599999999994,131.0460485714271,4.0,,13.0
2026-04-13,division,Mymensingh,Mymensingh,0.0,0.0,6.0,1.0,1.0,1.0,2.0,2.0,1.125,6.0,6.0,2.7080128015457086,0.3333333333333333,1.411764705882353,17.142857142857142,16.31903432869183,4,0.9350162426854148,-0.35460488704253545,0.0,0.0,1.0,0.0,127.0225,46.6525,53.0,64.4375,47.9075,0.2325,0.0,0.0,0.0,27.052142857142858,32.167500000000004,26.861071428571428,23.737857142857145,28.759642857142858,25.415714285714287,23.104285714285716,79.44857142857143,76.79392857142857,46.855357142857144,48.47,0.0,261.2475,1231.8996714285715,0.0,,0.0
2026-04-13,division,Rajshahi,Rajshahi,1.0,1.0,13.0,5.0,1.0,0.0,3.0,5.0,2.875,13.0,13.0,5.656854249492469,0.3333333333333333,1.5483870967741935,16.142857142857142,16.828744725921833,4,0.9350162426854148,-0.35460488704253545,0.0,0.0,1.0,0.0,31.17375,23.0525,24.86,40.86,20.37875,0.065,0.00875,0.0,0.0,29.18267857142857,36.23214285714286,28.53910714285714,24.934464285714284,30.869107142857143,25.337142857142858,22.258928571428573,64.32857142857142,69.14232142857144,51.32267857142857,20.86625,0.0,107.39874999999999,528.6911571428572,2.0,,2.0
2026-04-13,division,Rangpur,Rangpur,18.0,18.0,0.0,0.0,0.0,0.0,0.0,4.5,2.25,18.0,18.0,9.000000000000018,3.4545454545454546,1.6923076923076923,18.0,16.68403182311846,4,0.9350162426854148,-0.35460488704253545,0.0,0.0,1.0,0.0,37.03375,32.24375,45.9,54.1725,64.47125,0.335,0.0,0.0,0.0,26.9675,33.285535714285714,26.279464285714287,23.707142857142856,29.446607142857143,24.831785714285715,22.412321428571428,69.70767857142857,69.61196428571428,48.925714285714285,65.60749999999994,0.006249999999943157,141.93374999999995,1629.1513812499986,2.0,,0.0
2026-04-13,division,Sylhet,Sylhet,7.0,7.0,2.0,2.0,1.0,1.0,0.0,3.0,1.75,7.0,7.0,2.7080128015453133,2.0,1.4545454545454546,17.714285714285715,16.21657018255286,4,0.9350162426854148,-0.35460488704253545,0.0,0.0,1.0,0.0,134.075,93.4725,61.455,114.82,73.5025,0.1975,0.0,0.0,0.0,26.45,30.945357142857144,25.799642857142857,22.815714285714286,27.089285714285715,24.914285714285715,22.38714285714286,81.41785714285714,82.20821428571429,51.26107142857143,74.65999999999988,0.0,326.4949999999999,1860.1005714285686,2.0,,1.0
2026-04-20,division,Barishal,Barishal,63.0,63.0,50.0,36.0,57.0,13.0,9.0,51.5,32.0,63.0,63.0,11.618950038623087,1.2190476190476192,1.5909090909090908,17.142857142857142,16.02379618021547,4,0.8854560256532099,-0.4647231720437685,0.0,0.0,0.0,0.0,4.026666666666667,65.73666666666666,7.471666666666667,6.7683333333333335,47.98,7.026666666666666,0.7533333333333334,0.0,0.0,29.33904761904762,34.13357142857143,27.210238095238097,26.87142857142857,32.47833333333333,26.884761904761902,24.990714285714287,77.21619047619048,69.12904761904763,55.458571428571425,56.72000000000003,0.09333333333336175,81.37333333333335,1524.903695238096,,57.0,42.0
2026-04-20,division,Chattogram,Chattogram,35.0,35.0,33.0,22.0,22.0,19.0,24.0,28.0,22.5,35.0,35.0,6.976149845484337,1.2413793103448276,1.2340425531914894,19.571428571428573,17.31813049167358,4,0.8854560256532099,-0.4647231720437685,0.0,0.0,0.0,0.0,6.838181818181818,49.709090909090904,20.94272727272727,8.262727272727274,41.73545454545455,13.268181818181818,0.10909090909090911,0.0,0.0,28.655454545454543,33.556753246753246,26.375194805194806,25.764155844155844,31.525194805194804,25.83597402597403,23.799740259740258,74.7909090909091,65.87220779220779,54.91480519480519,56.01090909090898,1.1609090909089772,89.59272727272716,1447.096392443917,,38.0,29.0
2026-04-20,division,Dhaka,Dhaka,41.0,41.0,51.0,43.0,48.0,41.0,29.0,45.75,39.0,51.0,51.0,4.5734742447308,0.8983957219251337,1.16875,17.0,17.604592364757483,4,0.8854560256532099,-0.4647231720437685,0.0,0.0,0.0,0.0,14.692307692307692,56.215384615384615,34.45538461538462,28.563076923076924,56.51307692307692,16.514615384615386,0.7838461538461539,0.0,0.0,29.882967032967034,36.30175824175824,26.4089010989011,26.223516483516484,32.63461538461539,27.258241758241756,24.163736263736265,71.94340659340659,65.80054945054945,48.393076923076926,74.46153846153841,0.009230769230712388,146.60230769230765,2029.6906170752309,,39.0,54.0
2026-04-20,division,Khulna,Khulna,4.0,4.0,10.0,4.0,10.0,4.0,2.0,7.0,5.125,10.0,10.0,3.4641016151356343,0.625,1.3061224489795917,22.857142857142858,16.659378702207434,4,0.8854560256532099,-0.4647231720437685,0.0,0.0,0.0,0.0,1.8650000000000002,66.39099999999999,15.031,10.949,38.619,1.834,3.117,0.0,0.0,31.233999999999998,39.071999999999996,27.258428571428574,27.327999999999996,34.713142857142856,28.006142857142855,24.239285714285714,64.27785714285714,61.477714285714285,48.37885714285714,43.67699999999994,0.0019999999999431566,90.64199999999994,1223.2243015714268,,12.0,3.0
2026-04-20,division,Mymensingh,Mymensingh,0.0,0.0,0.0,6.0,1.0,1.0,0.0,1.75,1.125,6.0,6.0,2.8722813232693807,0.36363636363636365,1.2941176470588236,24.285714285714285,16.31903432869183,4,0.8854560256532099,-0.4647231720437685,0.0,0.0,0.0,0.0,74.58,34.5725,46.6525,53.0,64.4375,47.9075,0.33,0.0,0.0,27.732499999999998,32.513214285714284,25.09357142857143,24.34642857142857,30.114285714285714,26.424285714285713,23.483571428571427,83.17428571428572,68.46714285714286,45.01642857142857,112.9075,0.0,282.8275,2983.500039285714,,1.0,0.0
2026-04-20,division,Rajshahi,Rajshahi,2.0,2.0,1.0,13.0,5.0,1.0,0.0,5.25,3.125,13.0,13.0,5.439056290693666,0.48,1.5151515151515151,24.142857142857142,16.828744725921833,4,0.8854560256532099,-0.4647231720437685,0.0,0.0,0.0,0.0,19.365,28.3125,23.0525,24.86,40.86,20.37875,0.41375,0.0,0.0,30.81339285714286,38.26446428571429,26.6225,25.71892857142857,32.54875,27.076785714285716,23.14517857142857,61.97071428571428,61.53821428571428,46.558928571428574,61.7175,0.00875,101.90374999999999,1671.1115223214288,,0.0,5.0
2026-04-20,division,Rangpur,Rangpur,2.0,2.0,18.0,0.0,0.0,0.0,0.0,5.0,2.5,18.0,18.0,8.717797887081366,0.5,1.7142857142857142,21.714285714285715,16.68403182311846,4,0.8854560256532099,-0.4647231720437685,0.0,0.0,0.0,0.0,74.6125,26.75625,32.24375,45.9,54.1725,64.47125,0.80125,0.0,0.00625,28.391785714285714,34.604107142857146,24.856428571428573,23.69107142857143,29.63625,25.847857142857144,22.45357142857143,71.13125,66.7675,45.839464285714286,119.77999999999994,0.006249999999943157,170.64624999999992,3096.0563285714275,,1.0,0.0
2026-04-20,division,Sylhet,Sylhet,2.0,2.0,7.0,2.0,2.0,1.0,0.0,3.25,2.0,7.0,7.0,2.499999999999993,0.7058823529411765,1.4166666666666667,23.285714285714285,16.21657018255286,4,0.8854560256532099,-0.4647231720437685,0.0,0.0,0.0,0.0,136.68,37.4925,93.4725,61.455,114.82,73.5025,0.96,0.0,0.0,26.9975,31.195357142857144,23.954285714285717,23.35142857142857,28.411785714285713,25.480357142857144,22.90357142857143,84.93642857142856,74.61892857142857,51.97392857142857,189.47999999999988,0.0,401.7199999999999,4828.018071428569,,0.0,4.0
2026-06-29,division,Barishal,Barishal,242.0,242.0,225.0,171.0,207.0,164.0,57.0,211.25,143.625,242.0,242.0,30.401480227120828,1.1448763250883391,1.467588591184097,81.42857142857143,16.02379618021547,6,-0.12053668025532283,-0.992708874098054,0.0,0.0,0.0,0.0,130.35833333333332,89.35833333333333,142.04166666666666,75.165,114.39,36.82666666666667,37.778333333333336,4.026666666666667,65.73666666666666,28.590238095238096,30.382142857142856,28.640476190476193,29.253333333333334,31.514285714285716,29.638571428571428,27.456666666666667,89.95619047619049,86.40119047619048,80.26380952380951,232.10000000000002,303.33,450.105,6879.1124285714295,,,
2026-06-29,division,Chattogram,Chattogram,159.0,159.0,104.0,93.0,63.0,68.0,38.0,104.75,74.5,159.0,159.0,40.10299240705097,1.5130023640661938,1.400662251655629,98.71428571428571,17.31813049167358,6,-0.12053668025532283,-0.992708874098054,0.0,0.0,0.0,0.0,136.2718181818182,109.63727272727273,145.92636363636365,58.35181818181818,160.98636363636362,73.40090909090908,38.235454545454544,6.838181818181818,49.709090909090904,28.11220779220779,30.516753246753243,27.837012987012987,28.663896103896104,31.43714285714286,28.675844155844153,26.93025974025974,89.91662337662338,86.23051948051948,79.57922077922079,331.1981818181817,304.840909090909,488.0763636363635,9497.387446517116,,,
2026-06-29,division,Dhaka,Dhaka,375.0,375.0,350.0,254.0,114.0,98.0,39.0,273.25,167.875,375.0,375.0,118.28602340654544,1.3710118505013673,1.623982235381199,63.57142857142857,17.604592364757483,6,-0.12053668025532283,-0.992708874098054,0.0,0.0,0.0,0.0,67.82692307692308,93.35230769230769,137.48,59.137692307692305,158.3323076923077,65.76461538461538,56.76538461538462,14.692307692307692,56.215384615384615,28.674065934065933,31.195054945054945,28.35087912087912,28.983516483516482,32.01395604395604,29.448241758241757,27.148791208791206,89.57153846153847,87.00164835164834,79.57417582417582,370.3638461538461,302.6661538461538,369.936923076923,10906.564080050717,,,
2026-06-29,division,Khulna,Khulna,136.0,136.0,91.0,104.0,53.0,139.0,12.0,96.0,67.75,136.0,139.0,34.34142299517183,1.4123711340206186,1.410909090909091,100.57142857142857,16.659378702207434,6,-0.12053668025532283,-0.992708874098054,0.0,0.0,0.0,0.0,61.01700000000001,75.614,152.27100000000002,58.26899999999999,93.683,39.694,48.513999999999996,1.8650000000000002,66.39099999999999,28.704285714285714,31.38085714285714,28.675857142857144,29.738857142857142,33.649857142857144,30.936,27.962571428571426,89.38328571428572,82.06442857142858,75.79628571428572,220.81199999999995,176.11299999999994,333.90399999999994,6831.040031999999,,,
2026-06-29,division,Mymensingh,Mymensingh,24.0,24.0,12.0,8.0,7.0,5.0,1.0,12.75,7.0,24.0,24.0,7.804912982645525,1.8181818181818181,1.71875,111.85714285714286,16.31903432869183,6,-0.12053668025532283,-0.992708874098054,0.0,0.0,0.0,0.0,89.16,128.6475,122.8175,46.8375,171.10500000000002,99.495,72.455,74.58,34.5725,28.514285714285712,31.012857142857143,28.22214285714286,28.902857142857144,31.984999999999996,28.776785714285715,26.365357142857142,89.73321428571428,87.47749999999999,80.99428571428572,477.0525,445.90999999999997,424.21250000000003,13728.037566964287,,,
2026-06-29,division,Rajshahi,Rajshahi,15.0,15.0,10.0,5.0,13.0,11.0,0.0,10.75,7.75,15.0,15.0,4.349329450233411,1.3617021276595744,1.3428571428571427,112.14285714285714,16.828744725921833,6,-0.12053668025532283,-0.992708874098054,0.0,0.0,0.0,0.0,59.01125,59.65,79.6725,46.78625,136.68125,82.73875,70.19375,19.365,28.3125,29.2675,32.129285714285714,29.050714285714285,29.99,33.99392857142857,30.407857142857143,27.56160714285714,86.69892857142857,80.44446428571429,74.14803571428571,368.63125,171.45125,239.20375,11209.286388392858,,,
2026-06-29,division,Rangpur,Rangpur,0.0,0.0,1.0,0.0,0.0,0.0,1.0,0.25,0.125,1.0,1.0,0.5000000000002892,0.8,1.1111111111111112,113.42857142857143,16.68403182311846,6,-0.12053668025532283,-0.992708874098054,0.0,0.0,0.0,0.0,84.00375,118.77250000000001,89.135,42.87125,86.1775,110.57375,61.0525,74.6125,26.75625,29.274464285714284,32.10107142857143,28.82142857142857,29.525,33.25625,28.999821428571426,26.20732142857143,87.49321428571429,82.53017857142858,77.60589285714286,394.36249999999995,268.1762499999999,431.56749999999994,11436.442078124997,,,
2026-06-29,division,Sylhet,Sylhet,2.0,2.0,2.0,7.0,6.0,3.0,0.0,4.25,3.25,7.0,7.0,2.629955639676577,0.5714285714285714,1.2352941176470589,113.28571428571429,16.21657018255286,6,-0.12053668025532283,-0.992708874098054,0.0,0.0,0.0,0.0,117.84750000000001,248.0725,177.5925,91.5475,165.5975,141.2675,65.7875,136.68,37.4925,28.596785714285716,31.255714285714284,27.826071428571428,28.599285714285713,31.715714285714284,28.528928571428573,26.314285714285717,88.39857142857143,87.54642857142858,80.82142857142858,507.3275,595.9199999999998,702.9,14473.510009821428,,,
